effect_id,brand_id,model_ids,effect_name,version,collection,effect_types,tool_types,plugin_formats,plugin_notes,workflow_notes,description,recording_notes,artist_reference,attributes,tags,parent_ids
9ec79edc-6301-4c7e-8aca-cc32bfa9d8ec,acd9f372-74fb-4c7d-b2a3-ea540c5917f2,28520a2b-c5ce-41a2-9193-6dd78a343ad2,1x18 Horn Bass,,Amplitube Collection,,,,1x18 CAB,Acoustic 301 TOP,,,,,"Bass,Modeled",effects:82257eff-56fc-40a1-b9cc-567c68a11861
d643cf57-9bf0-455b-8f27-0d0445f87732,acd9f372-74fb-4c7d-b2a3-ea540c5917f2,6dc55c03-846e-4ed1-a49a-e6ed9a087b38,360Bass Preamp,,Amplitube Collection,,,,,Acoustic 360 ALT (Tone),,,,,"Bass,Modeled",effects:82257eff-56fc-40a1-b9cc-567c68a11861
5ff951ef-004d-45f8-ad4c-a0ab5a4ca1f0,acd9f372-74fb-4c7d-b2a3-ea540c5917f2,6e73d8ea-df5c-4689-b845-b2e98decd025,New York B750,,Amplitube Collection,,,,,Aguilar DB750 ALT (Tone),,,,,"Bass,Modeled",effects:82257eff-56fc-40a1-b9cc-567c68a11861
71c2274e-ac10-4295-9778-aabbd3f678ec,acd9f372-74fb-4c7d-b2a3-ea540c5917f2,231280e7-9bd3-4feb-b3c9-29fc25c3b517,1x15 Bass Vintage,,Amplitube Collection,,,,1x15 CAB,,,,,,"Bass,Modeled",effects:82257eff-56fc-40a1-b9cc-567c68a11861
53bd7f33-5b2f-4206-82c1-530b587cd67f,acd9f372-74fb-4c7d-b2a3-ea540c5917f2,37b9c165-c8d9-4219-9de7-3187b987f2d8,SVX-15N,,Amplitube SVX,,,,,B-15N ALT (Tone),,,,,"Bass,Modeled",effects:82257eff-56fc-40a1-b9cc-567c68a11861
a194bb5e-6618-4cde-8d18-20f37f007c00,acd9f372-74fb-4c7d-b2a3-ea540c5917f2,6a65394c-d82c-4ece-a80a-372cc8fc6b88,SVX-15R,,Amplitube SVX,,,,,B-15R ALT (Tone),,,,,"Bass,Modeled",effects:82257eff-56fc-40a1-b9cc-567c68a11861
cbab1dec-2fa5-45c4-89c7-49530482323b,acd9f372-74fb-4c7d-b2a3-ea540c5917f2,ed19a130-ac1a-4173-8757-f58a091310e0,SVX-500,,Amplitube SVX,,,,2x10,Ampeg BA500 ALT (Tone),,,,,"Bass,Modeled",effects:82257eff-56fc-40a1-b9cc-567c68a11861
393da937-7d80-476c-9f4b-bff566238755,acd9f372-74fb-4c7d-b2a3-ea540c5917f2,9af42de0-ec23-4eab-827e-23edd31235bc,SVX-410B,,Amplitube SVX,,,,,,,,,,"Bass,Modeled",effects:82257eff-56fc-40a1-b9cc-567c68a11861
eca2c44e-e968-4ca9-ae29-e55db5673715,acd9f372-74fb-4c7d-b2a3-ea540c5917f2,95854187-302f-47bb-aad8-3f29695ee0c6,SVX-212H,,Amplitube SVX,,,,,,,,,,"Bass,Modeled",effects:82257eff-56fc-40a1-b9cc-567c68a11861
344ac1d6-156b-4257-97c6-810a20e926e6,acd9f372-74fb-4c7d-b2a3-ea540c5917f2,a746f728-c532-474a-b538-4e721faa5042,SVX-PRO,,Amplitube SVX,,,,,Ampeg SVT-4 Pro ALT (Tone),,,,,"Bass,Modeled",effects:82257eff-56fc-40a1-b9cc-567c68a11861
01c42f69-8d98-4f06-a208-265ef8190b20,acd9f372-74fb-4c7d-b2a3-ea540c5917f2,20ef7c9d-5336-454a-897c-5da03f8f85eb,SVX-VR,,Amplitube SVX,,,,,Ampeg SVT-VR ALT (Tone),,,,,"Bass,Modeled",effects:82257eff-56fc-40a1-b9cc-567c68a11861
afc7a53c-8de9-4cc6-bcf0-f742051eef6f,acd9f372-74fb-4c7d-b2a3-ea540c5917f2,a1e1bf45-0a6f-417d-8253-7637b0eedd54,SVX-212 AV,,Amplitube SVX,,,,2x12,,,,,,"Bass,Modeled",effects:82257eff-56fc-40a1-b9cc-567c68a11861
94630257-dbd0-49a8-aa91-a4b70765c54e,acd9f372-74fb-4c7d-b2a3-ea540c5917f2,deb24d26-0114-4a1e-a7b1-bacee987dbc3,SVX-410S,,Amplitube SVX,,,,4x10,,,,,,"Bass,Modeled",effects:82257eff-56fc-40a1-b9cc-567c68a11861
6e21624f-722f-4b0a-8ad7-8acdbe1f1ebe,acd9f372-74fb-4c7d-b2a3-ea540c5917f2,5f726c28-98c1-4da5-a359-81b579c10a01,SVX-810 AV,,Amplitube SVX,,,,8x10,Ampeg SVT610HLF ALT (Tone),,,,,"Bass,Modeled",effects:82257eff-56fc-40a1-b9cc-567c68a11861
28b80fc8-22b9-42f6-a1fd-694dabfb78f8,acd9f372-74fb-4c7d-b2a3-ea540c5917f2,0fd51081-a4db-4218-a9a9-959fe78b19a7,SVX-810E,,Amplitube SVX,,,,,Ampeg SVT810E ALT (Tone),,,,,"Bass,Modeled",effects:82257eff-56fc-40a1-b9cc-567c68a11861
2474c290-f779-4117-add1-6632d4555eee,acd9f372-74fb-4c7d-b2a3-ea540c5917f2,9da11325-09db-440a-a2c3-31d16ced5904,SVX-4B,,Amplitube SVX,,,,,Ampeg V-4B ALT (Tone),,,,,"Bass,Modeled",effects:82257eff-56fc-40a1-b9cc-567c68a11861
41992a27-5a8d-43ed-95a3-83283b221af3,acd9f372-74fb-4c7d-b2a3-ea540c5917f2,3ab6f15b-f679-4785-905e-cac1469ff063,Tube Overdrive,,Joe Satriani Collection,Harmonic Coloration,,,,B.K. Butler Tube Driver ALT (Tone),,,,,"Guitar,Modeled,Stomp",effects:82257eff-56fc-40a1-b9cc-567c68a11861
36f45473-1bd6-401a-b0bb-85f4416a5850,acd9f372-74fb-4c7d-b2a3-ea540c5917f2,06f8be7e-2221-433b-bac8-f64583754180,Acoustic Sim,,Amplitube Collection,Delay,,,,,,,,,"Guitar,Modeled,Stomp",effects:82257eff-56fc-40a1-b9cc-567c68a11861
2b893b07-adc1-48c2-ba90-bce8fd22126b,acd9f372-74fb-4c7d-b2a3-ea540c5917f2,b4864be2-5ccd-4ba8-a063-75de422b21ec,Analog Chorus,,"Amplitube Collection
Amplitube SVX",Modulation,,,,Boss CE-1 ALT (Tone),,,,,"Guitar,Modeled,Stomp,Bass",effects:82257eff-56fc-40a1-b9cc-567c68a11861
d0511a3e-1068-42f1-b251-481faa8ceb1a,acd9f372-74fb-4c7d-b2a3-ea540c5917f2,b348cdd8-7650-496e-b1fc-f0f05ff7783c,DDelay,,L.A. Rocker Collection,Delay,,,,Boss DD3 ALT (Tone),,,,,"Guitar,Modeled,Stomp",effects:82257eff-56fc-40a1-b9cc-567c68a11861
57524331-9c2f-4e4b-9ad2-fcdcce457e45,acd9f372-74fb-4c7d-b2a3-ea540c5917f2,99f85342-a64b-47fb-87c1-72b130b185c3,TapDelay,,Amplitube Collection,Delay,,,,,,,,,"Guitar,Modeled,Stomp",effects:82257eff-56fc-40a1-b9cc-567c68a11861
1412cece-6cf7-46fa-b353-47950e5bdd07,acd9f372-74fb-4c7d-b2a3-ea540c5917f2,700c67d7-82d6-4695-b0d5-7f9508116760,Feedback,,Amplitube Metal,Harmonic Coloration,,,,,,,,,"Guitar,Modeled,Stomp",effects:82257eff-56fc-40a1-b9cc-567c68a11861
10926f58-4122-465e-907a-444d2de70e8c,acd9f372-74fb-4c7d-b2a3-ea540c5917f2,28398815-1483-4338-9cae-1e5b5fe27d91,Satch Dist,,Joe Satriani Collection,Harmonic Coloration,,,,Boss DS-1 ALT (Tone),,,,,"Guitar,Modeled,Stomp",effects:82257eff-56fc-40a1-b9cc-567c68a11861
e937dff1-bdbe-49a7-80bb-33f91807ec97,acd9f372-74fb-4c7d-b2a3-ea540c5917f2,28398815-1483-4338-9cae-1e5b5fe27d91,X-DRIVE (Orange Setting),,X-Gear (X-DRIVE),Harmonic Coloration,,,,Boss DS-1 ALT (Tone),,,,,"Guitar,Modeled,Stomp",effects:82257eff-56fc-40a1-b9cc-567c68a11861
802b8760-41d9-41c8-b85a-f6570e859bca,acd9f372-74fb-4c7d-b2a3-ea540c5917f2,16cb7912-30df-483d-8867-0e223107d055,7 Band Graphic,,Amplitube Collection,EQ,,,,,,,,,"Guitar,Modeled,Stomp",effects:82257eff-56fc-40a1-b9cc-567c68a11861
6385af4a-6559-45fb-aa5c-a8b7a86ae691,acd9f372-74fb-4c7d-b2a3-ea540c5917f2,8c24e66a-a6cb-455e-a114-dc5c3baa2ff9,Metal Distortion 2,,Amplitube Metal,Harmonic Coloration,,,,Boss HM-2 ALT (Tone),,,,,"Guitar,Modeled,Stomp",effects:82257eff-56fc-40a1-b9cc-567c68a11861
562e6e83-4896-41e5-9914-3485ad09b6a0,acd9f372-74fb-4c7d-b2a3-ea540c5917f2,d42900f8-c1d5-4072-9aa2-1ab62f321454,Metal Distortion,,Amplitube Metal,Harmonic Coloration,,,,Boss MT-2 ALT (Tone),,,,,"Guitar,Modeled,Stomp",effects:82257eff-56fc-40a1-b9cc-567c68a11861
e4c8b399-16c8-4c0b-b31a-b15baef1f6e5,acd9f372-74fb-4c7d-b2a3-ea540c5917f2,d42900f8-c1d5-4072-9aa2-1ab62f321454,X-DRIVE (Metal Setting),,X-Gear (X-DRIVE),Harmonic Coloration,,,,Boss MT-2 ALT (Tone),,,,,"Guitar,Modeled,Stomp",effects:82257eff-56fc-40a1-b9cc-567c68a11861
97bc0444-9848-403b-8265-c3133b824c3b,acd9f372-74fb-4c7d-b2a3-ea540c5917f2,36c3c499-6746-4f62-b5f5-98631fbc4dca,Noise Gate,,Amplitube Collection,Dynamics,,,,,,,,,"Guitar,Modeled,Stomp",effects:82257eff-56fc-40a1-b9cc-567c68a11861
9d527ff2-674a-4fdb-a0cc-7bed5583ce31,acd9f372-74fb-4c7d-b2a3-ea540c5917f2,ef0c872b-fc31-42c4-9934-2039468a54fd,SVX-OCT,,Amplitube SVX,Pitch Tools,,,,Boss OC-2 ALT (Tone),,,,,"Guitar,Modeled,Stomp",effects:82257eff-56fc-40a1-b9cc-567c68a11861
ff7dbfb9-f970-4cba-9a3d-0a18b0bcafd4,acd9f372-74fb-4c7d-b2a3-ea540c5917f2,3814912c-c163-409f-96f6-fb4423419b66,Satch Overdrive,,Joe Satriani Collection,Harmonic Coloration,,,Early '80s Japanese Version,Boss OD-1 TOP,,,,,"Guitar,Modeled,Stomp",effects:82257eff-56fc-40a1-b9cc-567c68a11861
d5a70bb9-6d67-4651-a242-fb0eb07e2615,acd9f372-74fb-4c7d-b2a3-ea540c5917f2,1b168b3a-fb23-4620-85f6-cb31a7d7187a,X-DRIVE (Yellow Setting),,X-Gear (X-DRIVE),Harmonic Coloration,,,,Boss SD-1 ALT (Tone),,,,,"Guitar,Modeled,Stomp",effects:82257eff-56fc-40a1-b9cc-567c68a11861
c7cd98d3-0cb6-42ec-b5b1-4ce28bb9239c,acd9f372-74fb-4c7d-b2a3-ea540c5917f2,4d3dc65d-205b-40bf-93f3-83bcab3416ec,Red Special,,Brian May Collection,Dynamics,,,based on Brian May's Red Special custom guitar,,,,,,"Guitar,Modeled,Stomp",effects:82257eff-56fc-40a1-b9cc-567c68a11861
a297c0a3-6f5a-4441-a601-c91d73f1bfe8,acd9f372-74fb-4c7d-b2a3-ea540c5917f2,399123fa-2bfe-4d5c-b4ba-1583498739d8,Booster,,L.A. Rocker Collection,Harmonic Coloration,,,,,,,,,"Guitar,Modeled,Stomp",effects:82257eff-56fc-40a1-b9cc-567c68a11861
bf46ebb7-6386-4550-9257-c0dc9885ae10,acd9f372-74fb-4c7d-b2a3-ea540c5917f2,526f5a3e-dee6-4b95-bcb8-8be5b7926675,2x12 V3M,,Carvin Collection,,,,2x12 CAB,,,,,,"Guitar,Modeled",effects:82257eff-56fc-40a1-b9cc-567c68a11861
82c86b59-4d34-4588-91c0-b14188a17962,acd9f372-74fb-4c7d-b2a3-ea540c5917f2,99131aec-4bf5-473f-83f5-281aeb25ecfd,CV G12-16,,,,,,1x12 CAB (Speaker),,,,,,"Guitar,Modeled",effects:82257eff-56fc-40a1-b9cc-567c68a11861
1ab1612c-7ab1-4fa9-a431-4dce7c6c4c02,acd9f372-74fb-4c7d-b2a3-ea540c5917f2,ce55f55a-2dd6-4343-a9c3-2957d557dbcc,V3M,,Carvin Collection,,,,(high-gain),,,,,,"Guitar,Modeled",effects:82257eff-56fc-40a1-b9cc-567c68a11861
d49de034-834e-4650-bc5c-337e04d61460,acd9f372-74fb-4c7d-b2a3-ea540c5917f2,b8ecc47a-09d5-4275-8bc2-5e8d9b8a2f8b,Brit Alnico S,,,,,,1x12 CAB (Speaker),,,,,,"Guitar,Modeled",effects:82257eff-56fc-40a1-b9cc-567c68a11861
f84d493e-9155-417a-b158-0add3139a035,acd9f372-74fb-4c7d-b2a3-ea540c5917f2,376cf751-5094-4af0-a67f-b4a282ebaf5d,1x12 Open Vintage,,Amplitube Collection,,,,1x12 CAB,,,,,,"Guitar,Modeled",effects:82257eff-56fc-40a1-b9cc-567c68a11861
923a4b85-a2e6-4113-b6ee-32d9dc0cf51d,acd9f372-74fb-4c7d-b2a3-ea540c5917f2,ddf99b57-5be8-4e9d-86b8-e6055ccd7d7e,Brit Alnico B,,,,,,1x12 CAB (Speaker),,,,,,"Guitar,Modeled",effects:82257eff-56fc-40a1-b9cc-567c68a11861
32d005e6-91fe-4d59-9e4f-40c28d6673d2,acd9f372-74fb-4c7d-b2a3-ea540c5917f2,f2bf00f3-4805-4115-bde2-f931bff96b7d,Brit Darkness,,,,,,(Black Shadow - Tuned for Mesa/Boogie) 1x12 CAB (Speaker),,,,,,"Guitar,Modeled",effects:82257eff-56fc-40a1-b9cc-567c68a11861
8e1a9f78-3110-4c55-a197-f64aabacc50d,acd9f372-74fb-4c7d-b2a3-ea540c5917f2,3227765a-e1e3-47df-8bdd-2ef599751400,Brit 80,,,,,,1x12 CAB (Speaker),,,,,,"Guitar,Modeled",effects:82257eff-56fc-40a1-b9cc-567c68a11861
1ca2886d-2d80-435e-99be-e551ab9195fc,acd9f372-74fb-4c7d-b2a3-ea540c5917f2,b586424c-39d3-42ac-8abd-0acc7375a79c,Brit Anniversary 1,,,,,,1x12 CAB (Speaker); 8 ohm,,,,,,"Guitar,Modeled",effects:82257eff-56fc-40a1-b9cc-567c68a11861
3d45fb14-91eb-474e-babe-ae1ee036d9d4,acd9f372-74fb-4c7d-b2a3-ea540c5917f2,b586424c-39d3-42ac-8abd-0acc7375a79c,Brit Anniversary 2,,,,,,1x12 CAB (Speaker); 16 ohm,,,,,,"Guitar,Modeled",effects:82257eff-56fc-40a1-b9cc-567c68a11861
1e9a41ab-9205-4b72-8c13-1711eaddb4a1,acd9f372-74fb-4c7d-b2a3-ea540c5917f2,1dcc2100-0c2e-4e3f-81ab-428d2efe1ac4,Brit 100,,,,,,1x12 CAB (Speaker),,,,,,"Guitar,Modeled",effects:82257eff-56fc-40a1-b9cc-567c68a11861
1c2f5fc6-0350-489d-9470-0f6906f2ca95,acd9f372-74fb-4c7d-b2a3-ea540c5917f2,81077865-69ac-472c-9e47-82c0b0f1b8fc,Brit Green,,,,,,1x12 CAB (Speaker),,,,,,"Guitar,Modeled",effects:82257eff-56fc-40a1-b9cc-567c68a11861
36ebf3ba-ea54-4bc6-9c20-e2fdb9a1d1cc,acd9f372-74fb-4c7d-b2a3-ea540c5917f2,a1d47dbb-a29e-4d5c-bdc3-33a4c945ef14,Brit 75,,,,,,1x12 CAB (Speaker),,,,,,"Guitar,Modeled",effects:82257eff-56fc-40a1-b9cc-567c68a11861
e1044d66-eded-4e9f-baa3-b27cd5320e55,acd9f372-74fb-4c7d-b2a3-ea540c5917f2,9384ad82-59a3-4c02-b20c-911cdcf6e195,Brit Alnico G,,,,,,1x12 CAB (Speaker),,,,,,"Guitar,Modeled",effects:82257eff-56fc-40a1-b9cc-567c68a11861
5912a959-af2d-4cfd-a8b4-e826092b971a,acd9f372-74fb-4c7d-b2a3-ea540c5917f2,4a51c6ff-4b3c-481e-a923-b80409f3a356,Brit Silver,,,,,,1x12 CAB (Speaker),,,,,,"Guitar,Modeled",effects:82257eff-56fc-40a1-b9cc-567c68a11861
6a657671-d8c3-4938-aa98-169c64003dbe,acd9f372-74fb-4c7d-b2a3-ea540c5917f2,0067e1f5-df2e-400a-af9b-301a3177898f,Brit V1,,,,,,"1x12 CAB (Speaker); 16 ohm, Mesa/Boogie custom",,,,,,"Guitar,Modeled",effects:82257eff-56fc-40a1-b9cc-567c68a11861
82b61a6a-5776-456d-9a93-f598ca2d88a6,acd9f372-74fb-4c7d-b2a3-ea540c5917f2,0067e1f5-df2e-400a-af9b-301a3177898f,Brit V2,,,,,,"1x12 CAB (Speaker); 8 ohm, 60W, Mesa/Boogie custom",,,,,,"Guitar,Modeled",effects:82257eff-56fc-40a1-b9cc-567c68a11861
71ce9989-8d42-4c8f-ab41-07934f7dfbbb,acd9f372-74fb-4c7d-b2a3-ea540c5917f2,0067e1f5-df2e-400a-af9b-301a3177898f,Brit V3,,,,,,1x12 CAB (Speaker); 70W Marshall custom,,,,,,"Guitar,Modeled",effects:82257eff-56fc-40a1-b9cc-567c68a11861
520c5cc8-0766-4284-8321-bf2e11e1e03d,acd9f372-74fb-4c7d-b2a3-ea540c5917f2,0067e1f5-df2e-400a-af9b-301a3177898f,Brit Vintage 16A,,,,,,"1x12 CAB (Speaker); 16 ohm, 60W (Chinese manufature)",,,,,,"Guitar,Modeled",effects:82257eff-56fc-40a1-b9cc-567c68a11861
4bce4157-066f-4fe9-b493-68314ad25013,acd9f372-74fb-4c7d-b2a3-ea540c5917f2,0067e1f5-df2e-400a-af9b-301a3177898f,Brit Vintage 16B,,,,,,"1x12 CAB (Speaker); 16 ohm, 60W (UK manufature)",,,,,,"Guitar,Modeled",effects:82257eff-56fc-40a1-b9cc-567c68a11861
2e7f2d59-e126-4009-8c55-3969781dae63,acd9f372-74fb-4c7d-b2a3-ea540c5917f2,0067e1f5-df2e-400a-af9b-301a3177898f,Brit Vintage 8,,,,,,"1x12 CAB (Speaker); 8 ohm, 60W (Chinese manufature)",,,,,,"Guitar,Modeled",effects:82257eff-56fc-40a1-b9cc-567c68a11861
63c7a1b3-4037-483b-affa-ed3d4acae6e1,acd9f372-74fb-4c7d-b2a3-ea540c5917f2,a12ad6d4-10d4-4704-beb0-4ac24154c8a3,Fuzz Age,,Electric Gypsy Collection,Harmonic Coloration,,,,Dallas Arbiter Fuzz Face ALT (Tone),,,,,"Guitar,Modeled,Stomp",effects:82257eff-56fc-40a1-b9cc-567c68a11861
750a9111-6e94-43c8-bf74-18fd1cc09efe,acd9f372-74fb-4c7d-b2a3-ea540c5917f2,a12ad6d4-10d4-4704-beb0-4ac24154c8a3,Fuzz Age 2,,Electric Gypsy Collection,Harmonic Coloration,,,,Dallas Arbiter Fuzz Face ALT (Tone),,,,,"Guitar,Modeled,Stomp",effects:82257eff-56fc-40a1-b9cc-567c68a11861
f17a2910-e61f-465f-965d-175b46325d67,acd9f372-74fb-4c7d-b2a3-ea540c5917f2,a12ad6d4-10d4-4704-beb0-4ac24154c8a3,X-DRIVE (Fuzzface Setting),,X-Gear (X-DRIVE),Harmonic Coloration,,,,Dallas Arbiter Fuzz Face ALT (Tone),,,,,"Guitar,Modeled,Stomp",effects:82257eff-56fc-40a1-b9cc-567c68a11861
b5dbf4fd-44f5-4146-a466-8bc015d11bae,acd9f372-74fb-4c7d-b2a3-ea540c5917f2,87fcb573-45cc-4dbc-a6ac-6f43e785efdf,VHandcraft 4,,Amplitube Collection,,,,(high-gain),Diezel VH4 ALT (Tone),,,,,"Guitar,Modeled",effects:82257eff-56fc-40a1-b9cc-567c68a11861
ac7a2ebb-bc97-4c69-9db9-0effa88068c7,acd9f372-74fb-4c7d-b2a3-ea540c5917f2,77a4f4e5-0274-4906-9004-ca9545207133,Wharmonator,,Amplitube Metal,Pitch Tools,,,,DigiTech Whammy ALT (Tone),,,,,"Guitar,Modeled,Stomp",effects:82257eff-56fc-40a1-b9cc-567c68a11861
1f905cd1-16fa-499f-8da7-0a47d719c676,acd9f372-74fb-4c7d-b2a3-ea540c5917f2,80bf9d00-86b6-4068-a067-75d7b48418cd,1x12 MAZ 18 Jr.,,Dr. Z Collection,,,,1x12 CAB,,,,,,"Guitar,Modeled",effects:82257eff-56fc-40a1-b9cc-567c68a11861
7521697d-3706-4bb7-876e-0bce6a0d850d,acd9f372-74fb-4c7d-b2a3-ea540c5917f2,80bf9d00-86b6-4068-a067-75d7b48418cd,MAZ 18 Jr,,Dr. Z Collection,,,,(clean),Dr. Z MAZ 18 Jr ALT (Tone),,,,,"Guitar,Modeled",effects:82257eff-56fc-40a1-b9cc-567c68a11861
7879fcba-61ef-4b35-b4e7-04c2f23352b1,acd9f372-74fb-4c7d-b2a3-ea540c5917f2,f5e44cec-1f45-438b-aacf-80fe48db1785,Z Wreck,,Dr. Z Collection,,,,(crunch),Dr. Z Z Wreck ALT (Tone),,,,,"Guitar,Modeled",effects:82257eff-56fc-40a1-b9cc-567c68a11861
94106550-7742-4be9-949b-e45b55109362,acd9f372-74fb-4c7d-b2a3-ea540c5917f2,e569f29c-c24b-4de6-b33a-b66c1e025d7c,2x12 Z Wreck,,Dr. Z Collection,,,,2x12 CAB,,,,,,"Guitar,Modeled",effects:82257eff-56fc-40a1-b9cc-567c68a11861
d6a375c0-a49b-4a63-8d33-3046f237b76b,acd9f372-74fb-4c7d-b2a3-ea540c5917f2,10b1acdd-2360-41a6-b1cb-78d650b01f08,Bass Wah,,Amplitube SVX,Modulation,,,,Dunlop 105Q Cry Baby Bass Wah  ALT (Tone),,,,,"Bass,Modeled,Stomp",effects:82257eff-56fc-40a1-b9cc-567c68a11861
71e14a48-1f44-4c16-b864-a6434ee98da2,acd9f372-74fb-4c7d-b2a3-ea540c5917f2,1177618c-ee94-4d15-be4b-1942cecaf979,Dime Wah,,Dimebag Darrell - CFH,Modulation,,,,,,,,,"Guitar,Modeled,Stomp",effects:82257eff-56fc-40a1-b9cc-567c68a11861
9334d44e-9c4d-47fc-a6b7-f8756bdc5da2,acd9f372-74fb-4c7d-b2a3-ea540c5917f2,c038ddc9-5db1-4d75-9427-2ad1df0929b2,May Wah,,Brian May Collection,Modulation,,,,Dunlop Cry Baby Wah TOP,,,,,"Guitar,Modeled,Stomp",effects:82257eff-56fc-40a1-b9cc-567c68a11861
c3df07a6-dbad-46b7-9dfd-676e73b90197,acd9f372-74fb-4c7d-b2a3-ea540c5917f2,c038ddc9-5db1-4d75-9427-2ad1df0929b2,Wah,,Amplitube Collection,Modulation,,,,Dunlop Cry Baby Wah TOP,,,,,"Guitar,Modeled,Stomp",effects:82257eff-56fc-40a1-b9cc-567c68a11861
82383cba-c38d-44be-b494-7c300605ecf5,acd9f372-74fb-4c7d-b2a3-ea540c5917f2,0bf74c75-a0ce-4daa-9b7a-6a44fbe75c8c,WahDist,,L.A. Rocker Collection,Modulation,,,,,,,,,"Guitar,Modeled,Stomp",effects:82257eff-56fc-40a1-b9cc-567c68a11861
f7e0b4e3-e46e-4ef6-b9ae-836bc0e382d9,acd9f372-74fb-4c7d-b2a3-ea540c5917f2,b42f1bf7-92a3-43aa-be42-4e24c01cb559,TERC,,Fulltone Collection,Modulation,,,,Dytronics CS-5 ALT (Tone),,,,,Modeled,effects:82257eff-56fc-40a1-b9cc-567c68a11861
47113a36-3db2-45c8-b15e-c39a3dcee3c9,acd9f372-74fb-4c7d-b2a3-ea540c5917f2,596a16e7-f970-484c-948d-6a75bf7cfed6,1x6 BM DK,,Brian May Collection,,,,1x6 CAB,,,,,,"Guitar,Modeled",effects:82257eff-56fc-40a1-b9cc-567c68a11861
f0d9f5ed-d0ad-40fe-be29-78bd4eaeb565,acd9f372-74fb-4c7d-b2a3-ea540c5917f2,f9691b9c-6294-4e8e-88b1-a40dad5aef60,BigPig,,Amplitube Metal,"Harmonic Coloration,Dynamics",,,,Electro-Harmonix Big Muff Pi ALT (Tone),,,,,"Guitar,Modeled,Stomp",effects:82257eff-56fc-40a1-b9cc-567c68a11861
5fafea8a-5d42-4c14-93f9-bc0af5cd4548,acd9f372-74fb-4c7d-b2a3-ea540c5917f2,f9691b9c-6294-4e8e-88b1-a40dad5aef60,X-DRIVE (Big Fuzz Setting),,X-Gear (X-DRIVE),"Harmonic Coloration,Dynamics",,,,Electro-Harmonix Big Muff Pi ALT (Tone),,,,,"Guitar,Modeled,Stomp",effects:82257eff-56fc-40a1-b9cc-567c68a11861
b72157ea-e86e-4803-9ae0-f75b3568f4cb,acd9f372-74fb-4c7d-b2a3-ea540c5917f2,f926e1cc-0cc0-4743-baff-a4a43af8735c,Analog Delay,,Amplitube SVX,"Delay,Modulation",,,,Electro-Harmonix Deluxe Memory Man ALT (Tone),,,,,"Bass,Modeled,Stomp",effects:82257eff-56fc-40a1-b9cc-567c68a11861
620358f6-7855-4c79-9797-05efa702d82b,acd9f372-74fb-4c7d-b2a3-ea540c5917f2,f926e1cc-0cc0-4743-baff-a4a43af8735c,EchoMan,,Amplitube Collection,"Delay,Modulation",,,,Electro-Harmonix Deluxe Memory Man ALT (Tone),,,,,"Guitar,Modeled,Stomp",effects:82257eff-56fc-40a1-b9cc-567c68a11861
d489c5a0-b1f2-40c8-aead-1d3b4a04d850,acd9f372-74fb-4c7d-b2a3-ea540c5917f2,a36173ab-55dc-4d6f-ac55-f280f2078a30,Analog Flanger,,Amplitube Metal,Modulation,,,,Electro-Harmonix Electric Mistress ALT (Tone),,,,,"Guitar,Modeled,Stomp",effects:82257eff-56fc-40a1-b9cc-567c68a11861
be829a1a-49ca-4470-896b-f7eaf6ecc5a2,acd9f372-74fb-4c7d-b2a3-ea540c5917f2,5c770702-1563-40f8-ad0b-e36f78b8dab2,Delay,,Amplitube Collection,Delay,,,,,,,,,"Guitar,Modeled,Stomp",effects:82257eff-56fc-40a1-b9cc-567c68a11861
4e93961a-865d-4671-ba5d-9ae9347fee67,acd9f372-74fb-4c7d-b2a3-ea540c5917f2,b4a4341f-029d-42dc-aaa7-3aa99feece7e,SVX Envelope Filter,,Amplitube SVX,Modulation,,,,Electro-Harmonix Q-Tron TOP,,,,,"Guitar,Modeled,Stomp",effects:82257eff-56fc-40a1-b9cc-567c68a11861
3d8a3b5d-09a2-4c23-9766-939bb9827cf2,acd9f372-74fb-4c7d-b2a3-ea540c5917f2,eb464db9-0971-4c8e-922c-f0d876532e1e,Rezo,,Amplitube Collection,Pitch Tools,,,,,,,,,"Guitar,Modeled,Stomp",effects:82257eff-56fc-40a1-b9cc-567c68a11861
7de5d878-a096-4d89-a34c-101ba55536b1,acd9f372-74fb-4c7d-b2a3-ea540c5917f2,c6a39df9-1a61-42f6-b429-05f545286017,EV Darkness,,,,,,1x12 CAB (Speaker),,,,,,"Guitar,Modeled",effects:82257eff-56fc-40a1-b9cc-567c68a11861
1a650d39-4b6b-4a3b-80a0-39cb7f3d49df,acd9f372-74fb-4c7d-b2a3-ea540c5917f2,10cbd4c9-3cf4-46a1-ba8a-3f4096e82867,4x12 E 412 Standard,,Engl Collection,,,,4x12 CAB,Engl E412VGB ALT (Tone),,,,,"Guitar,Modeled",effects:82257eff-56fc-40a1-b9cc-567c68a11861
7bc89be7-9d93-4205-af29-96b76b34a054,acd9f372-74fb-4c7d-b2a3-ea540c5917f2,9cc04c20-1cd2-4968-9363-ba5ddc38fa07,4x12 E 412 PRO XXL,,Engl Collection,,,,4x12 CAB,Engl E412XXL ALT (Tone),,,,,"Guitar,Modeled",effects:82257eff-56fc-40a1-b9cc-567c68a11861
e85fb7ae-b699-4627-b53f-999cf5eacbc3,acd9f372-74fb-4c7d-b2a3-ea540c5917f2,5dba056e-3007-4294-9c5d-fa76d1c248a2,German 34,,Amplitube Collection,,,,(high-gain),Engl E645 Powerball ALT (Tone),,,,,"Guitar,Modeled",effects:82257eff-56fc-40a1-b9cc-567c68a11861
55b0169b-0ac1-4f8b-b679-0d74ac177bb3,acd9f372-74fb-4c7d-b2a3-ea540c5917f2,5dba056e-3007-4294-9c5d-fa76d1c248a2,Powerball,,Engl Collection,,,,(high-gain),Engl E645 Powerball ALT (Tone),,,,,"Guitar,Modeled",effects:82257eff-56fc-40a1-b9cc-567c68a11861
98aa2980-41a2-4985-a58c-f2720e3b18d0,acd9f372-74fb-4c7d-b2a3-ea540c5917f2,4d7adc92-d38d-4369-90d2-bc149ecf11fa,E650,,Engl Collection,,,,,Engl E650 ALT (Tone),,,,,"Guitar,Modeled",effects:82257eff-56fc-40a1-b9cc-567c68a11861
fe82e510-4fbb-496a-a1c3-d26e552e3fea,acd9f372-74fb-4c7d-b2a3-ea540c5917f2,2cf55b7e-2276-4487-bb73-d930649ba973,SVX Volume,,Amplitube SVX,Dynamics,,,,Ernie Ball MVP TOP,,,,,"Bass,Modeled,Stomp",effects:82257eff-56fc-40a1-b9cc-567c68a11861
1acdd519-7140-4c5f-9a85-4e3373dc2c91,acd9f372-74fb-4c7d-b2a3-ea540c5917f2,2cf55b7e-2276-4487-bb73-d930649ba973,Volume,,Amplitube Collection,Dynamics,,,,Ernie Ball MVP TOP,,,,,"Guitar,Modeled,Stomp",effects:82257eff-56fc-40a1-b9cc-567c68a11861
85fe4463-655e-43a2-9f14-b9c38e38976d,acd9f372-74fb-4c7d-b2a3-ea540c5917f2,f93ee00b-7c4c-484e-be9a-2b0b8c3da6ae,Harmonator,,Amplitube Collection,"Delay,Modulation,Pitch Tools,Spatial Processing",,,,,,,,,"Guitar,Stomp,Modeled",effects:82257eff-56fc-40a1-b9cc-567c68a11861
9b74ac7c-5fce-48dc-a461-a052e0295fe5,acd9f372-74fb-4c7d-b2a3-ea540c5917f2,353aeb0d-c1aa-493c-b81c-7fb282bb6e74,1x15 53 Bassman,,Fender Collection,,,,1x15 CAB,,,,,,"Guitar,Modeled",effects:82257eff-56fc-40a1-b9cc-567c68a11861
2c4b22c2-78e7-4da7-88b9-f92698770c76,acd9f372-74fb-4c7d-b2a3-ea540c5917f2,353aeb0d-c1aa-493c-b81c-7fb282bb6e74,53 Bassman,,Fender Collection,,,,(crunch),Fender '53 Bassman ALT (Tone),,,,,"Guitar,Modeled",effects:82257eff-56fc-40a1-b9cc-567c68a11861
8d62d709-c791-49ca-8570-793bb8c05db5,acd9f372-74fb-4c7d-b2a3-ea540c5917f2,5919021f-9929-410f-a610-897fe38d7e2a,57 Bandmaster,,Fender Collection,,,,(crunch),Fender '57 Bandmaster ALT (Tone),,,,,"Guitar,Modeled",effects:82257eff-56fc-40a1-b9cc-567c68a11861
deabcda1-6f83-4aee-a98c-0d56791c4adf,acd9f372-74fb-4c7d-b2a3-ea540c5917f2,5919021f-9929-410f-a610-897fe38d7e2a,3x10 57 Bandmaster,,Fender Collection,,,,3x10 CAB,,,,,,"Guitar,Modeled",effects:82257eff-56fc-40a1-b9cc-567c68a11861
d5af10a0-9fb8-4b4a-8e94-cb0c771a9abe,acd9f372-74fb-4c7d-b2a3-ea540c5917f2,4dbec6df-87d7-42e5-9b4b-6ef59943949a,57 Champ,,Fender Collection,,,,(clean) 1x8,Fender '57 Champ ALT (Tone),,,,,"Guitar,Modeled",effects:82257eff-56fc-40a1-b9cc-567c68a11861
a0262555-f076-4ed0-b40b-40b02d78189d,acd9f372-74fb-4c7d-b2a3-ea540c5917f2,c684af45-4e72-4cb5-a009-79db300674fe,1x8 57 Custom Champ,,Fender Collection,,,,1x8 CAB,,,,,,"Guitar,Modeled",effects:82257eff-56fc-40a1-b9cc-567c68a11861
66212a29-f04a-41f2-9431-fae8e8704b66,acd9f372-74fb-4c7d-b2a3-ea540c5917f2,c684af45-4e72-4cb5-a009-79db300674fe,57 Custom Champ,,Fender Collection,,,,(crunch),,,,,,"Guitar,Modeled",effects:82257eff-56fc-40a1-b9cc-567c68a11861
01afe914-f664-45db-8928-f65ff02b1ed8,acd9f372-74fb-4c7d-b2a3-ea540c5917f2,f3602f4b-0a01-41d0-ae3d-e8f5b7ce5e87,1x12 57 Custom Deluxe,,Fender Collection,,,,1x12 CAB,,,,,,"Guitar,Modeled",effects:82257eff-56fc-40a1-b9cc-567c68a11861
c09f7bbc-5af9-462c-b5c4-1466b8285955,acd9f372-74fb-4c7d-b2a3-ea540c5917f2,f3602f4b-0a01-41d0-ae3d-e8f5b7ce5e87,57 Custom Deluxe,,Fender Collection,,,,(crunch),Fender '57 Custom Deluxe ALT (Tone),,,,,"Guitar,Modeled",effects:82257eff-56fc-40a1-b9cc-567c68a11861
f335b299-5fc4-426b-b7a8-ad443fe7ce84,acd9f372-74fb-4c7d-b2a3-ea540c5917f2,3233774c-0f61-4eac-a7b8-195f709def74,1x15 57 Custom Pro-Amp,,Fender Collection,,,,1x15 CAB,,,,,,"Guitar,Modeled",effects:82257eff-56fc-40a1-b9cc-567c68a11861
d4956a95-0b84-4f8c-a75b-dacae1bd5e5f,acd9f372-74fb-4c7d-b2a3-ea540c5917f2,3233774c-0f61-4eac-a7b8-195f709def74,57 Custom Pro-Amp,,Fender Collection,,,,(crunch),,,,,,"Guitar,Modeled",effects:82257eff-56fc-40a1-b9cc-567c68a11861
ebe051ed-fbeb-433b-93b5-f8bf6cbca7ea,acd9f372-74fb-4c7d-b2a3-ea540c5917f2,920d8541-2100-4be6-a7e9-beb8733b6b91,2x12 57 Custom Twin-Amp,,Fender Collection,,,,2x12 CAB,,,,,,"Guitar,Modeled",effects:82257eff-56fc-40a1-b9cc-567c68a11861
78d34619-d173-4a22-9842-b3962d9e69ab,acd9f372-74fb-4c7d-b2a3-ea540c5917f2,920d8541-2100-4be6-a7e9-beb8733b6b91,57 Custom Twin-Amp,,Fender Collection,,,,(clean),Fender '57 Custom Twin-Amp ALT (Tone),,,,,"Guitar,Modeled",effects:82257eff-56fc-40a1-b9cc-567c68a11861
2682dead-4fcf-4e5f-85e1-6a9fd4084a7f,acd9f372-74fb-4c7d-b2a3-ea540c5917f2,b4b37998-a32e-4dd8-8064-7873b924e2a9,57 Deluxe,,Fender Collection,,,,(crunch) 1x12,Fender '57 Deluxe TOP,,,,,"Guitar,Modeled",effects:82257eff-56fc-40a1-b9cc-567c68a11861
42408a19-3adc-4065-831c-42bd748febd7,acd9f372-74fb-4c7d-b2a3-ea540c5917f2,b4b37998-a32e-4dd8-8064-7873b924e2a9,Tube Vintage Combo,,Amplitube Collection,,,,(crunch),Fender '57 Deluxe TOP,,,,,"Guitar,Modeled",effects:82257eff-56fc-40a1-b9cc-567c68a11861
b8df07cf-473a-4a6c-a9da-b56f1f61a0af,acd9f372-74fb-4c7d-b2a3-ea540c5917f2,ec50ba25-c961-4631-aff1-085b7457d4bf,American Tube Vintage,,Amplitube Collection,,,,(crunch),Fender ’59 Bassman ALT (Tone),,,,,"Guitar,Modeled",effects:82257eff-56fc-40a1-b9cc-567c68a11861
630b80d5-50b8-4c3e-927c-215476bdc98b,acd9f372-74fb-4c7d-b2a3-ea540c5917f2,ec50ba25-c961-4631-aff1-085b7457d4bf,American Vintage B,,Electric Gypsy Collection,,,,(clean),Fender ’59 Bassman ALT (Tone),,,,,"Guitar,Modeled",effects:82257eff-56fc-40a1-b9cc-567c68a11861
5286b887-852a-41d4-8efe-1e810924c807,acd9f372-74fb-4c7d-b2a3-ea540c5917f2,216d951b-384e-4031-b99c-b3c92ce5ff93,59 Bassman LTD,,Fender Collection,,,,(crunch) 4x10,Fender '59 Bassman LTD ALT (Tone),,,,,"Guitar,Modeled",effects:82257eff-56fc-40a1-b9cc-567c68a11861
50503527-8515-4aa9-9c95-569694c2a432,acd9f372-74fb-4c7d-b2a3-ea540c5917f2,a6a488a1-9f66-40e2-8a9e-14bfe295ee92,63 Reverb,,Fender Collection,Reverb&Room,,,,,,,,,Modeled,effects:82257eff-56fc-40a1-b9cc-567c68a11861
6bbfaeb1-6e9c-4f4d-943f-6c840c81d938,acd9f372-74fb-4c7d-b2a3-ea540c5917f2,815cd896-e1c2-4d24-aa86-67e70dd96b6d,64 Vibroverb Custom,,Fender Collection,,,,(clean) 1x15,,,,,,"Guitar,Modeled",effects:82257eff-56fc-40a1-b9cc-567c68a11861
efaae38d-698c-4bbd-b040-52aaf2aabffb,acd9f372-74fb-4c7d-b2a3-ea540c5917f2,381fce48-2ff9-421c-891a-11af645a1f0c,65 Deluxe Reverb,,Fender Collection,,,,(clean) 1x12,Fender '65 Deluxe Reverb ALT (Tone),,,,,"Guitar,Modeled",effects:82257eff-56fc-40a1-b9cc-567c68a11861
8422b77b-309b-41f2-9f26-50318ce0d288,acd9f372-74fb-4c7d-b2a3-ea540c5917f2,381fce48-2ff9-421c-891a-11af645a1f0c,American Tube Clean 2,,Amplitube Collection,,,,(clean),Fender '65 Deluxe Reverb ALT (Tone),,,,,"Guitar,Modeled",effects:82257eff-56fc-40a1-b9cc-567c68a11861
8746bb63-3eab-4e80-8397-37b1fd28630b,acd9f372-74fb-4c7d-b2a3-ea540c5917f2,47934158-a1c1-420e-adae-90c7c0165dad,65 Princeton,,Fender Collection,,,,(clean) 1x10,,,,,,"Guitar,Modeled",effects:82257eff-56fc-40a1-b9cc-567c68a11861
2c94627f-1f94-46dc-bc30-896222d9764a,acd9f372-74fb-4c7d-b2a3-ea540c5917f2,d6888014-2edc-4157-8d80-63731103cce7,4x10 65 Super Reverb,,Fender Collection,,,,4x10 CAB,Fender '65 Super Reverb (CAB) ALT (Tone),,,,,"Guitar,Modeled",effects:82257eff-56fc-40a1-b9cc-567c68a11861
b9115aa5-8ea2-4f31-bdaa-f97f2f85915e,acd9f372-74fb-4c7d-b2a3-ea540c5917f2,d6888014-2edc-4157-8d80-63731103cce7,4x10 Open Vintage,,Amplitube Collection,,,,(1967) 4x10 CAB,Fender '65 Super Reverb (CAB) ALT (Tone),,,,,"Guitar,Modeled",effects:82257eff-56fc-40a1-b9cc-567c68a11861
c9872128-edd4-4457-ab6d-dcd5e9b8b366,acd9f372-74fb-4c7d-b2a3-ea540c5917f2,d6888014-2edc-4157-8d80-63731103cce7,65 SuperReverb,,Fender Collection,,,,(clean),Fender '65 Super Reverb ALT (Tone),,,,,"Guitar,Modeled",effects:82257eff-56fc-40a1-b9cc-567c68a11861
a5d5d756-852d-4e39-9b98-008221327d91,acd9f372-74fb-4c7d-b2a3-ea540c5917f2,9b1831fe-fa8a-46d5-a765-efbed73e83c3,65 Twin Reverb,,Fender Collection,,,,(clean) 2x12,Fender '65 Twin Reverb ALT (Tone),,,,,"Guitar,Modeled",effects:82257eff-56fc-40a1-b9cc-567c68a11861
8b92766f-07ae-4110-92fd-55e61258f7e7,acd9f372-74fb-4c7d-b2a3-ea540c5917f2,9b1831fe-fa8a-46d5-a765-efbed73e83c3,American Tube Clean 1,,Amplitube Collection,,,,(clean),Fender '65 Twin Reverb ALT (Tone),,,,,"Guitar,Modeled",effects:82257eff-56fc-40a1-b9cc-567c68a11861
93133e1e-bbab-46c4-bac7-68d782664fd8,acd9f372-74fb-4c7d-b2a3-ea540c5917f2,ba9eded9-0e7c-45b5-afb4-9bed2c1dd71c,2x12 Open SL,,Electric Gypsy Collection,,,,2x12 CAB,Fender '68 Twin Reverb (CAB) ALT (Tone),,,,,"Guitar,Modeled",effects:82257eff-56fc-40a1-b9cc-567c68a11861
b34fc381-201a-47c9-916c-93082a1c209a,acd9f372-74fb-4c7d-b2a3-ea540c5917f2,ba9eded9-0e7c-45b5-afb4-9bed2c1dd71c,2x12 Open T J120,,Electric Gypsy Collection,,,,2x12 CAB JBL D120F (Factory Upgrade Option),Fender '68 Twin Reverb (CAB) ALT (Tone),,,,,"Guitar,Modeled",effects:82257eff-56fc-40a1-b9cc-567c68a11861
b5758ec9-8524-4d10-9409-ebac69cba9ae,acd9f372-74fb-4c7d-b2a3-ea540c5917f2,78665565-5795-4770-ada4-3ece0d2b1a5f,2x15 Closed B J130,,Electric Gypsy Collection,,,,2x15 CAB JBL D130F,,,,,,"Guitar,Modeled",effects:82257eff-56fc-40a1-b9cc-567c68a11861
6588e928-5521-4745-8b8a-8918520033c7,acd9f372-74fb-4c7d-b2a3-ea540c5917f2,ed8a503a-d4fc-4492-89a6-dae28663c3b5,Blender,,Fender Collection,Harmonic Coloration,,,,Fender Blender ALT (Tone),,,,,"Guitar,Modeled,Stomp",effects:82257eff-56fc-40a1-b9cc-567c68a11861
2692afb4-f7de-4777-8005-5e842524ec66,acd9f372-74fb-4c7d-b2a3-ea540c5917f2,aa10876a-3437-4340-a296-7a379739ecb0,Champion 600,,Fender Collection,,,,(clean),,,,,,"Guitar,Modeled",effects:82257eff-56fc-40a1-b9cc-567c68a11861
f3b9b30f-0928-4795-aeae-255b3d804cb2,acd9f372-74fb-4c7d-b2a3-ea540c5917f2,a1313f5d-b955-4d99-87fe-21327439a4cd,Tape Echo,,Fender Collection,Delay,,,Tape Echo Effect only,,,,,,Modeled,effects:82257eff-56fc-40a1-b9cc-567c68a11861
3218cb65-c37f-48c4-9597-6b996d0d5af8,acd9f372-74fb-4c7d-b2a3-ea540c5917f2,17f271bb-0676-484e-b192-0393439c2cbb,2x15 Closed D J130,,Electric Gypsy Collection,,,,2x15 CAB,Fender Dual Showman (CAB) ALT (Tone),,,,,"Guitar,Modeled",effects:82257eff-56fc-40a1-b9cc-567c68a11861
a2f98e7a-6f48-420e-9548-e5985cf4da02,acd9f372-74fb-4c7d-b2a3-ea540c5917f2,17f271bb-0676-484e-b192-0393439c2cbb,American Vintage D,,Electric Gypsy Collection,,,,(clean),,,,,,"Guitar,Modeled",effects:82257eff-56fc-40a1-b9cc-567c68a11861
915be05f-b214-473d-8294-ba49a27a1f61,acd9f372-74fb-4c7d-b2a3-ea540c5917f2,57811304-368b-4b1f-88a5-2e2ec79a32b5,Fuzz Wah,,Fender Collection,"Harmonic Coloration,Modulation",,,,,,,,,"Guitar,Modeled,Stomp",effects:82257eff-56fc-40a1-b9cc-567c68a11861
7df33545-4edc-421d-bb96-5dde11226d71,acd9f372-74fb-4c7d-b2a3-ea540c5917f2,fee080b8-3d3c-4321-ac83-0199135578cf,Fender Volume,,Fender Collection,Dynamics,,,,,,,,,"Guitar,Modeled,Stomp",effects:82257eff-56fc-40a1-b9cc-567c68a11861
7bdc9092-8189-4433-a844-c555e25d2854,acd9f372-74fb-4c7d-b2a3-ea540c5917f2,16ff2800-70cc-462d-8365-1dd30209e942,Fender Wah,,Fender Collection,Dynamics,,,Outboard listed as 'Wah',,,,,,"Guitar,Modeled,Stomp",effects:82257eff-56fc-40a1-b9cc-567c68a11861
4898373a-340b-4ab2-b239-e7bd02d4bb66,acd9f372-74fb-4c7d-b2a3-ea540c5917f2,5302f006-aa99-4af3-a4e8-44dae7eed3e3,Triangle Chorus,,Fender Collection,Modulation,,,Pedal derived from Fender Cyber-Twin SE,,,,,,"Guitar,Modeled,Stomp",effects:82257eff-56fc-40a1-b9cc-567c68a11861
d018c18e-8843-473c-89d4-424ffad6ec08,acd9f372-74fb-4c7d-b2a3-ea540c5917f2,854498f4-69a9-45a6-8809-0b483ac922bd,Sine Flange,,Fender Collection,Modulation,,,Pedal derived from Fender Cyber-Twin SE,,,,,,"Guitar,Modeled,Stomp",effects:82257eff-56fc-40a1-b9cc-567c68a11861
84f43c6a-69ab-4157-bd3e-1799b28f741d,acd9f372-74fb-4c7d-b2a3-ea540c5917f2,e5ad0e25-3ae2-490d-b5d7-098f6e33f6ed,4x12 Metal F 1,,Amplitube Metal,,,,4x12 CAB,Fender MH-412SL Metalhead TOP,,,,,"Guitar,Modeled",effects:82257eff-56fc-40a1-b9cc-567c68a11861
1a8bf17c-6108-4b40-9247-5c437b37a1f7,acd9f372-74fb-4c7d-b2a3-ea540c5917f2,e5ad0e25-3ae2-490d-b5d7-098f6e33f6ed,MH-412SL,,Fender Collection,,,,4x12 CAB,Fender MH-412SL Metalhead TOP,,,,,"Guitar,Modeled",effects:82257eff-56fc-40a1-b9cc-567c68a11861
eec475bb-0c6d-43f6-a321-9daba7da82aa,acd9f372-74fb-4c7d-b2a3-ea540c5917f2,5170971d-9f76-4f4b-9257-c96a4c9bc159,MH-500 Metalhead,,Fender Collection,,,,(high-gain),,,,,,"Guitar,Modeled",effects:82257eff-56fc-40a1-b9cc-567c68a11861
f2d40b37-4959-4df2-aa84-3a9ba3f6310c,acd9f372-74fb-4c7d-b2a3-ea540c5917f2,abd4eff7-fa98-448e-9d20-94541c0985e6,Pro Junior,,Fender Collection,,,,(clean) 1x10,Fender Pro Junior ALT (Tone),,,,,"Guitar,Modeled",effects:82257eff-56fc-40a1-b9cc-567c68a11861
9ba24d32-965a-4c4e-b75e-5d95d16fe3bc,acd9f372-74fb-4c7d-b2a3-ea540c5917f2,312f566f-ff25-41b9-a1e0-a8b8446bc27e,Custom Fender,,,,,,1x12 CAB (Speaker),,,,,,"Guitar,Modeled",effects:82257eff-56fc-40a1-b9cc-567c68a11861
f2eb888d-6240-4aa6-976f-14bc37c5d702,acd9f372-74fb-4c7d-b2a3-ea540c5917f2,9d267fb9-e239-4a6b-95ef-89ed8f22e618,Bassman 300,,Fender Collection,,,,,Fender Super Bassman 300 ALT (Tone),,,,,"Guitar,Modeled",effects:82257eff-56fc-40a1-b9cc-567c68a11861
24ac8274-ea91-49b7-ba3b-5de62f6d5931,acd9f372-74fb-4c7d-b2a3-ea540c5917f2,c8467109-32a7-4833-aa95-3a5e1f2bd14e,Super-Sonic,,Fender Collection,,,,(crunch) 1x12,Fender Super-Sonic 22 TOP,,,,,"Guitar,Modeled",effects:82257eff-56fc-40a1-b9cc-567c68a11861
7c59b1df-9d49-4192-b768-a70f78bb46e8,acd9f372-74fb-4c7d-b2a3-ea540c5917f2,e8a6c0de-e7df-485d-8a49-09f1e082d0c6,TBP-1,,Fender Collection,,,,,Fender TBP-1 Bass Preamp ALT (Tone),,,,,"Bass,Modeled",effects:82257eff-56fc-40a1-b9cc-567c68a11861
37ac6d68-2f50-4e1b-aace-db88e5650383,acd9f372-74fb-4c7d-b2a3-ea540c5917f2,0283c17c-b776-4f67-b23c-96a5f5be5c79,Fender Compressor,,Fender Collection,Dynamics,,,,,,,,,"Guitar,Modeled,Stomp",effects:82257eff-56fc-40a1-b9cc-567c68a11861
27e625e1-551b-4573-911f-9608dc69945a,acd9f372-74fb-4c7d-b2a3-ea540c5917f2,b35bf3f8-d4fe-4c78-851f-318b506d641e,Pitch Shift,,Fender Collection,Pitch Tools,,,Pedal derived from Fender Cyber-Twin SE,,,,,,"Guitar,Modeled,Stomp",effects:82257eff-56fc-40a1-b9cc-567c68a11861
ece0db86-4b42-42e4-bd2f-5d6282407e46,acd9f372-74fb-4c7d-b2a3-ea540c5917f2,1b6f3aef-53e4-4905-bd53-5aec1130166b,Vibratone,,Fender Collection,,,,,Fender Vibratone ALT (Tone),,,,,"Guitar,Modeled",effects:82257eff-56fc-40a1-b9cc-567c68a11861
cc402780-dcbe-42cb-a09e-561ae27820af,acd9f372-74fb-4c7d-b2a3-ea540c5917f2,f13adbdf-570f-4acb-b8d0-58fbf05322aa,Vibro-King,,Fender Collection,,,,(clean) 3x10,Fender Vibro-King TOP,,,,,"Guitar,Modeled",effects:82257eff-56fc-40a1-b9cc-567c68a11861
9b789ff7-e74a-4dff-8cc7-77e76565e915,acd9f372-74fb-4c7d-b2a3-ea540c5917f2,47488719-a81b-4f8b-92f6-4965c4f4181f,Silver Alnico,,,,,,1x12 CAB (Speaker),,,,,,"Guitar,Modeled",effects:82257eff-56fc-40a1-b9cc-567c68a11861
0e103c3e-f5d3-4cbe-acf4-f6a524b688a1,acd9f372-74fb-4c7d-b2a3-ea540c5917f2,90ed4e72-dccb-4fef-ad6b-32a71201b996,FOX Phaser,,Brian May Collection,Modulation,,,,,,,,,"Guitar,Modeled,Stomp",effects:82257eff-56fc-40a1-b9cc-567c68a11861
9a7ae85f-f069-4400-89ca-e5151957d524,acd9f372-74fb-4c7d-b2a3-ea540c5917f2,939bd7d5-5a2b-475a-9987-20b209e952bb,OCD,,Fulltone Collection,Harmonic Coloration,,,,Fulltone OCD ALT (Tone),,,,,"Guitar,Modeled,Stomp",effects:82257eff-56fc-40a1-b9cc-567c68a11861
55fb03da-67f8-4dfd-bc8f-fbe1fcd2dbab,acd9f372-74fb-4c7d-b2a3-ea540c5917f2,d686d8a0-27ca-4b10-aa78-556c8b130ae7,SSTE,,Fulltone Collection,Delay,,,SSTE = Solid State Tape Echo,,,,,,Modeled,effects:82257eff-56fc-40a1-b9cc-567c68a11861
730bb6c0-24ac-4cde-bdba-7a8ddc54f116,acd9f372-74fb-4c7d-b2a3-ea540c5917f2,dfaed27d-c2b5-4972-a0fd-95bd9471ce43,Satch Octave,,Joe Satriani Collection,Harmonic Coloration,,,,,,,,,"Guitar,Modeled,Stomp",effects:82257eff-56fc-40a1-b9cc-567c68a11861
b5f77069-78a6-4254-89aa-52a24f0228d5,acd9f372-74fb-4c7d-b2a3-ea540c5917f2,a8448e11-5655-4fc5-91fe-a4aa14721756,Pre EQ 3,,Dimebag Darrell - CFH,EQ,,,,,,,,,"Guitar,Modeled",effects:82257eff-56fc-40a1-b9cc-567c68a11861
afa703df-0652-468e-9a56-84d172a6cd2e,acd9f372-74fb-4c7d-b2a3-ea540c5917f2,38d7028b-e3d7-4c95-9155-480e93d2d454,Solid State Bass Preamp,,Amplitube Collection,,,,,Gallien-Krueger 800RB ALT (Tone),,,,,"Bass,Modeled",effects:82257eff-56fc-40a1-b9cc-567c68a11861
bed6ef58-a931-4ec4-beb9-f8261faa7d9e,acd9f372-74fb-4c7d-b2a3-ea540c5917f2,e8cda797-362d-471d-90e2-636433144b94,1x12 MB 150 S,,Galien Krueger Collection,,,,1x12 CAB,,,,,,"Guitar,Modeled",effects:82257eff-56fc-40a1-b9cc-567c68a11861
a74f89b0-6686-4c12-8f80-b9a49aa307ba,acd9f372-74fb-4c7d-b2a3-ea540c5917f2,e8cda797-362d-471d-90e2-636433144b94,MB 150 S,,Galien Krueger Collection,,,,,Gallien-Krueger MB150S ALT (Tone),,,,,"Bass,Modeled",effects:82257eff-56fc-40a1-b9cc-567c68a11861
75406efd-46e6-4670-a8ff-aafdc6422346,acd9f372-74fb-4c7d-b2a3-ea540c5917f2,c8f735c8-12ed-4666-bf5c-e2d302c398f9,4x10 NY410,,Amplitube Collection,,,,4x10 CAB,,,,,,"Bass,Modeled",effects:82257eff-56fc-40a1-b9cc-567c68a11861
af5e415d-173a-48c3-ad7e-7690a4b94ba0,acd9f372-74fb-4c7d-b2a3-ea540c5917f2,513194a9-ed9c-4280-a619-98621cd9147a,HiAmp,,Amplitube Collection,,,,(crunch) Fane Purple Back,Hiwatt DR103 Custom 100 ALT (Tone),,,,,"Guitar,Modeled",effects:82257eff-56fc-40a1-b9cc-567c68a11861
f4b64055-866d-4560-89c7-d99d687733e4,acd9f372-74fb-4c7d-b2a3-ea540c5917f2,aa588b88-05f3-491c-9157-262b921c3011,4x12 HiAmp,,Amplitube Collection,,,,4x12 CAB,Hiwatt SE4123F TOP,,,,,"Guitar,Modeled",effects:82257eff-56fc-40a1-b9cc-567c68a11861
5ed14614-e67e-4635-bb15-78d31699a30b,acd9f372-74fb-4c7d-b2a3-ea540c5917f2,2cc0bdbc-a0a3-4d40-b1f2-9ddbf893052e,Diode Overdrive,,Amplitube Collection,Harmonic Coloration,,,,Ibanez TS808 ALT (Tone),,,,,"Guitar,Modeled,Stomp",effects:82257eff-56fc-40a1-b9cc-567c68a11861
a5fa32cd-5845-408a-8f92-b79de8462e73,acd9f372-74fb-4c7d-b2a3-ea540c5917f2,2cc0bdbc-a0a3-4d40-b1f2-9ddbf893052e,X-DRIVE (Green Setting),,X-Gear (X-DRIVE),Harmonic Coloration,,,,Ibanez TS808 ALT (Tone),,,,,"Guitar,Modeled,Stomp",effects:82257eff-56fc-40a1-b9cc-567c68a11861
1e2bcc8d-d64d-4f42-9575-3d7dc66a9343,acd9f372-74fb-4c7d-b2a3-ea540c5917f2,9fcb82cf-f9e3-4172-984e-08449118e3b5,SVX-OD,,Amplitube SVX,Harmonic Coloration,,,,Ibanez TS9 TOP,,,,,"Guitar,Modeled,Stomp",effects:82257eff-56fc-40a1-b9cc-567c68a11861
e303e288-50b0-408a-9182-384a0198f674,acd9f372-74fb-4c7d-b2a3-ea540c5917f2,b5979244-1944-4cf3-a530-51f7257e3a0c,Wah 10,,Amplitube Collection,Modulation,,,,,,,,,"Guitar,Modeled,Stomp",effects:82257eff-56fc-40a1-b9cc-567c68a11861
0fcc542a-2e4f-4ab6-9b0a-9ea591875235,acd9f372-74fb-4c7d-b2a3-ea540c5917f2,a4a01cf8-0865-4b0a-96fe-2418127b445b,California Red,,,,,,1x12 CAB (Speaker),JBL D120F ALT (Tone),,,,,"Guitar,Modeled",effects:82257eff-56fc-40a1-b9cc-567c68a11861
8403fb08-1706-430a-b127-dc5a1e5f8cd6,acd9f372-74fb-4c7d-b2a3-ea540c5917f2,da7e41ed-c3e2-4b11-8bbf-fe9a518310e9,American J100,,Mesa/Boogie Collection,,,,1x12 CAB (Speaker),,,,,,"Guitar,Modeled",effects:82257eff-56fc-40a1-b9cc-567c68a11861
a275bc9f-2932-42e5-9915-ffd604212b95,acd9f372-74fb-4c7d-b2a3-ea540c5917f2,d3c5c1f2-b4c7-4dd1-87c4-62f9f031af92,American J40,,Mesa/Boogie Collection,,,,1x12 CAB (Speaker),,,,,,"Guitar,Modeled",effects:82257eff-56fc-40a1-b9cc-567c68a11861
7f78d524-058f-4645-9cc1-61e9a076506d,acd9f372-74fb-4c7d-b2a3-ea540c5917f2,ea957337-7661-4b19-b803-6b5fef449489,American 12K,,,,,,1x12 CAB (Speaker),Jensen C12K TOP,,,,,"Guitar,Modeled",effects:82257eff-56fc-40a1-b9cc-567c68a11861
23c19d4c-ff27-4953-89b9-fbb5f412b549,acd9f372-74fb-4c7d-b2a3-ea540c5917f2,1435eabc-0d2d-4295-89b5-41eb6eea65e3,American 12C,,,,,,1x12 CAB (Speaker),,,,,,"Guitar,Modeled",effects:82257eff-56fc-40a1-b9cc-567c68a11861
80631369-1107-4f56-993c-ee31aa215b4f,acd9f372-74fb-4c7d-b2a3-ea540c5917f2,c839d55a-098a-46fa-8020-ebbaf0c0f9a2,American Alnico,,,,,,1x12 CAB (Speaker),,,,,,"Guitar,Modeled",effects:82257eff-56fc-40a1-b9cc-567c68a11861
6995dab1-8d32-4b8b-8875-add8b195e7bb,acd9f372-74fb-4c7d-b2a3-ea540c5917f2,0eeee276-d1de-410b-8827-cf13d1e0df8b,JCA100H,,Jet City Collection,,,,(high-gain),,,,,,"Guitar,Modeled",effects:82257eff-56fc-40a1-b9cc-567c68a11861
c9435906-7f70-484e-97c1-9d39e9c97192,acd9f372-74fb-4c7d-b2a3-ea540c5917f2,8206c3ea-828a-4f03-b3ed-2e2e59e63066,JCA20H,,Jet City Collection,,,,(high-gain),Jet City JCA 20H ALT (Tone),,,,,"Guitar,Modeled",effects:82257eff-56fc-40a1-b9cc-567c68a11861
69fdeb11-8f40-46c2-a2f0-3c228c705e27,acd9f372-74fb-4c7d-b2a3-ea540c5917f2,91357959-eebf-43dc-89f7-a9ee067d4474,BM DK,,Brian May Collection,,,,(crunch),,,,,,"Guitar,Modeled",effects:82257eff-56fc-40a1-b9cc-567c68a11861
35e33109-37e7-4a67-a6b1-b0035f01c6fc,acd9f372-74fb-4c7d-b2a3-ea540c5917f2,91357959-eebf-43dc-89f7-a9ee067d4474,Star Gate,,Brian May Collection,Dynamics,,,Noise Gate Circuit Only,,,,,,"Guitar,Modeled,Stomp",effects:82257eff-56fc-40a1-b9cc-567c68a11861
0c2f03b0-6d77-48f5-af1b-68cf5830c077,acd9f372-74fb-4c7d-b2a3-ea540c5917f2,0103baaa-1710-4e7c-9103-a611287b5a7e,Treble Booster,,Brian May Collection,Harmonic Coloration,,,,,,,,,"Guitar,Modeled,Stomp",effects:82257eff-56fc-40a1-b9cc-567c68a11861
17b3f04b-3ed4-4b9b-8aa1-78c7090e9580,acd9f372-74fb-4c7d-b2a3-ea540c5917f2,1c36172d-b5d1-46f5-b2bd-9c1ed27bda0a,122,,Leslie Collection,Modulation,,,(clean),"Leslie 122 ALT (Tone)
Embedded in Amplitube",,,,,Modeled,effects:82257eff-56fc-40a1-b9cc-567c68a11861
f03e6b7b-1819-4175-8937-a7495b62f38e,acd9f372-74fb-4c7d-b2a3-ea540c5917f2,1c36172d-b5d1-46f5-b2bd-9c1ed27bda0a,122A,,Leslie Collection,Modulation,,,(clean),"Leslie 122 ALT (Tone)
Embedded in Amplitube",,,,,Modeled,effects:82257eff-56fc-40a1-b9cc-567c68a11861
4df06c3d-4d5f-4305-8f49-46e44ecb1ddc,acd9f372-74fb-4c7d-b2a3-ea540c5917f2,b2bd9797-32c3-4b59-bcc8-d7820f67cba9,147,,Leslie Collection,Modulation,,,(clean),"Leslie 147 ALT (Tone)
Embedded in Amplitube",,,,,Modeled,effects:82257eff-56fc-40a1-b9cc-567c68a11861
110d19bb-910b-402b-a00f-a511e53db879,acd9f372-74fb-4c7d-b2a3-ea540c5917f2,0714648e-f707-4e9e-be61-4e113f67a3c0,3300W,,Leslie Collection,Modulation,,,(clean),Leslie 3300w ALT (Tone),,,,,Modeled,effects:82257eff-56fc-40a1-b9cc-567c68a11861
ca0501fa-9cdf-4c8f-bd62-2c5811923662,acd9f372-74fb-4c7d-b2a3-ea540c5917f2,f1701aaf-7f3e-49f2-90ad-63d3668dac22,G37,,Leslie Collection,,,,(speaker),,,,,,Modeled,effects:82257eff-56fc-40a1-b9cc-567c68a11861
41744462-e37d-4d24-8607-624912d6cbfc,acd9f372-74fb-4c7d-b2a3-ea540c5917f2,"f1701aaf-7f3e-49f2-90ad-63d3668dac22,681bb6f2-8962-4138-bed8-0d846f70fb5a",G37 / St12,,Leslie Collection,,,,(clean),"Leslie G37 ALT (Tone)
Leslie Studio 12 ALT (Tone)",,,,,Modeled,effects:82257eff-56fc-40a1-b9cc-567c68a11861
cb0bceb6-8611-44c5-8ace-4c245f63ebb5,acd9f372-74fb-4c7d-b2a3-ea540c5917f2,681bb6f2-8962-4138-bed8-0d846f70fb5a,Studio 12,,Leslie Collection,,,,(speaker only),,,,,,Modeled,effects:82257eff-56fc-40a1-b9cc-567c68a11861
20366dff-8a6c-4156-9c28-795cfe588727,acd9f372-74fb-4c7d-b2a3-ea540c5917f2,cb5c24ee-d657-41e2-a49e-3af4e41451cd,EP Tape Echo,,Electric Gypsy Collection,Delay,,,,Maestro Echoplex EP-3 ALT (Tone),,,,,Modeled,effects:82257eff-56fc-40a1-b9cc-567c68a11861
ae2562b5-7cd5-4059-89fd-c7d937362aff,acd9f372-74fb-4c7d-b2a3-ea540c5917f2,36377344-328d-40cc-8e8c-2fec04366992,FuzzOne,,Electric Gypsy Collection,Harmonic Coloration,,,,Maestro FZ-1 Fuzz Tone TOP,,,,,"Guitar,Modeled,Stomp",effects:82257eff-56fc-40a1-b9cc-567c68a11861
e20b5f02-cde8-45e3-a4eb-404289c2797b,acd9f372-74fb-4c7d-b2a3-ea540c5917f2,df305574-b52f-4149-b352-94b55575523a,2x12 Closed Vintage,,Amplitube Collection,,,,2x12 CAB Celestion G12M Greenbacks,,,,,,"Guitar,Modeled",effects:82257eff-56fc-40a1-b9cc-567c68a11861
fe173e53-575f-4801-b793-0af8256e1fe0,acd9f372-74fb-4c7d-b2a3-ea540c5917f2,9e0e9905-632b-4894-bb94-a3338e4fb1c4,4x12 Brit 30,,Amplitube Collection,,,,4x12 CAB Celestion Vintage 30,Marshall 1960A ALT (Tone),,,,,"Guitar,Modeled",effects:82257eff-56fc-40a1-b9cc-567c68a11861
6920464e-2a97-438c-b8e4-4927a26fbcb7,acd9f372-74fb-4c7d-b2a3-ea540c5917f2,9e0e9905-632b-4894-bb94-a3338e4fb1c4,4x12 Brit 8000,,Amplitube Collection,,,,4x12 CAB Celestion Classic Lead 80,Marshall 1960A ALT (Tone),,,,,"Guitar,Modeled",effects:82257eff-56fc-40a1-b9cc-567c68a11861
f8e74d95-008a-48b6-892b-9083b1cbc144,acd9f372-74fb-4c7d-b2a3-ea540c5917f2,9e0e9905-632b-4894-bb94-a3338e4fb1c4,4x12 Brit 9000,,Amplitube Collection,,,,4x12 CAB,Marshall 1960A ALT (Tone),,,,,"Guitar,Modeled",effects:82257eff-56fc-40a1-b9cc-567c68a11861
ea51e460-24d2-42cd-9382-793b329bede2,acd9f372-74fb-4c7d-b2a3-ea540c5917f2,9e0e9905-632b-4894-bb94-a3338e4fb1c4,4x12 Closed 75 C,,Electric Gypsy Collection,,,,4x12 CAB,Marshall 1960A ALT (Tone),,,,,"Guitar,Modeled",effects:82257eff-56fc-40a1-b9cc-567c68a11861
5190a621-3f8a-417d-a172-895035b5f3fd,acd9f372-74fb-4c7d-b2a3-ea540c5917f2,9e0e9905-632b-4894-bb94-a3338e4fb1c4,4x12 Modern M 1,,Amplitube Metal,,,,4x12 CAB,Marshall 1960A ALT (Tone),,,,,"Guitar,Modeled",effects:82257eff-56fc-40a1-b9cc-567c68a11861
1442fa68-18da-43b2-a09c-bd9427bcb9b4,acd9f372-74fb-4c7d-b2a3-ea540c5917f2,1dd8d18f-cfbc-4536-9ffa-6485cc62de5f,4x12 Closed 25 C,,Electric Gypsy Collection,,,,4x12 CAB,Marshall 1960A Basketweave ALT (Tone),,,,,"Guitar,Modeled",effects:82257eff-56fc-40a1-b9cc-567c68a11861
f4e0f281-b7ec-4e56-a11f-8fad58a9fb11,acd9f372-74fb-4c7d-b2a3-ea540c5917f2,1dd8d18f-cfbc-4536-9ffa-6485cc62de5f,4x12 Closed Vintage,,Amplitube Collection,,,,4x12 CAB,Marshall 1960A Basketweave ALT (Tone),,,,,"Guitar,Modeled",effects:82257eff-56fc-40a1-b9cc-567c68a11861
01980625-8ea7-4b4b-b6d6-1dd79dc3eb00,acd9f372-74fb-4c7d-b2a3-ea540c5917f2,052efd26-95a7-420a-98db-d96f1c7a4dde,4x12 1960AV SL,,L.A. Rocker Collection,,,,4x12 CAB,Marshall 1960AV ALT (Tone),,,,,"Guitar,Modeled",effects:82257eff-56fc-40a1-b9cc-567c68a11861
1f839146-eb34-47e7-b835-f9c16419dca4,acd9f372-74fb-4c7d-b2a3-ea540c5917f2,250a2c8a-1b2b-4c89-aaae-a935efc12b62,4x12 Satch Green,,Joe Satriani Collection,,,,4x12 CAB,Marshall 1960AX TOP,,,,,"Guitar,Modeled",effects:82257eff-56fc-40a1-b9cc-567c68a11861
608b8702-2ffd-4454-a1a8-8fd4929d253f,acd9f372-74fb-4c7d-b2a3-ea540c5917f2,969c3b1d-defa-43c3-a560-79bd0e4cd3a9,4x12 Satch 60,,Joe Satriani Collection,,,,4x12 CAB,Marshall 1960B ALT (Tone),,,,,"Guitar,Modeled",effects:82257eff-56fc-40a1-b9cc-567c68a11861
2a2db6bb-9122-4953-a7ae-90d99cb9b093,acd9f372-74fb-4c7d-b2a3-ea540c5917f2,1ccaba5b-b549-446e-8b19-22ddbbeeb782,4x12 1960BV SL,,L.A. Rocker Collection,,,,4x12 CAB,,,,,,"Guitar,Modeled",effects:82257eff-56fc-40a1-b9cc-567c68a11861
27c86202-11cf-4b8a-849f-b9a4d0c2e030,acd9f372-74fb-4c7d-b2a3-ea540c5917f2,e629e4ce-db08-40c7-a163-dfac623c2406,4x12 Closed J120,,Electric Gypsy Collection,,,,4x12 CAB JBL D120F,Marshall 1982A TOP,,,,,"Guitar,Modeled",effects:82257eff-56fc-40a1-b9cc-567c68a11861
3c996060-4d64-44b0-af3f-6a064d63faed,acd9f372-74fb-4c7d-b2a3-ea540c5917f2,e629e4ce-db08-40c7-a163-dfac623c2406,4x12 Closed Modern,,Amplitube Collection,,,,4x12 CAB,Marshall 1982A TOP,,,,,"Guitar,Modeled",effects:82257eff-56fc-40a1-b9cc-567c68a11861
0fa1acd6-c814-44fc-8137-d37ac02b22d3,acd9f372-74fb-4c7d-b2a3-ea540c5917f2,e629e4ce-db08-40c7-a163-dfac623c2406,4x12 Red Pig,,Amplitube Collection,,,,4x12 CAB Celestion G25H-T75,Marshall 1982A TOP,,,,,"Guitar,Modeled",effects:82257eff-56fc-40a1-b9cc-567c68a11861
49f496ad-3fa5-4e5a-86f6-6776dd2f96c3,acd9f372-74fb-4c7d-b2a3-ea540c5917f2,c86d2a91-b83d-4439-8198-08995f03516b,MiniPlex 20,,Amplitube Collection,,,,(high-gain),,,,,,"Guitar,Modeled",effects:82257eff-56fc-40a1-b9cc-567c68a11861
8184f08d-7bc6-4086-8054-2a6b730590e1,acd9f372-74fb-4c7d-b2a3-ea540c5917f2,3c50215e-9066-402c-92da-e1b6020e1d78,4x12 Brit Silver,,Amplitube Collection,,,,4x12 CAB,,,,,,"Guitar,Modeled",effects:82257eff-56fc-40a1-b9cc-567c68a11861
f4b5ecba-be31-43cb-9ebd-7ef30041160e,acd9f372-74fb-4c7d-b2a3-ea540c5917f2,30572e46-2660-4f97-b378-eeb9103bce97,AFD 100,,,,,,(high-gain),Marshall AFD100 ALT (Tone),,,,,"Guitar,Modeled",effects:82257eff-56fc-40a1-b9cc-567c68a11861
a9c9eb21-fe68-4639-b319-46f68d7483e1,acd9f372-74fb-4c7d-b2a3-ea540c5917f2,30572e46-2660-4f97-b378-eeb9103bce97,Brit 100 Mod 34/36,,L.A. Rocker Collection,,,,,Marshall AFD100 ALT (Tone),,,,,"Guitar,Modeled",effects:82257eff-56fc-40a1-b9cc-567c68a11861
ca307c1c-95a9-4e40-bccd-bf7b2303b564,acd9f372-74fb-4c7d-b2a3-ea540c5917f2,9e533515-3451-49b4-af62-12b41c69d042,X-DRIVE (Blue Setting),,X-Gear (X-DRIVE),Harmonic Coloration,,,,Marshall Bluesbreaker 1962 ALT (Tone),,,,,"Guitar,Modeled,Stomp",effects:82257eff-56fc-40a1-b9cc-567c68a11861
82aab635-22dc-48c7-a5fe-0c222d1e2e1d,acd9f372-74fb-4c7d-b2a3-ea540c5917f2,8374eb40-5ccf-4479-b90b-d55ef200ed4b,JCM Slash,,,,,,(high-gain),Marshall 2555 Silver Jubilee TOP,,Based on 1987 Silver Jubilee that Slash preferred,,,"Guitar,Modeled",effects:82257eff-56fc-40a1-b9cc-567c68a11861
bdd57421-bc9f-4f6f-8368-bcab4c574445,acd9f372-74fb-4c7d-b2a3-ea540c5917f2,8374eb40-5ccf-4479-b90b-d55ef200ed4b,Brit L.A. Gold,,L.A. Rocker Collection,,,,,Marshall 2555 Silver Jubilee TOP,,,,,"Guitar,Modeled",effects:82257eff-56fc-40a1-b9cc-567c68a11861
e2337ba2-085b-4f56-9cca-ead08090855e,acd9f372-74fb-4c7d-b2a3-ea540c5917f2,8374eb40-5ccf-4479-b90b-d55ef200ed4b,Brit Silver,,Amplitube Collection,,,,(high-gain),Marshall 2555 Silver Jubilee TOP,,,,,"Guitar,Modeled",effects:82257eff-56fc-40a1-b9cc-567c68a11861
aa697760-62cf-4134-b7c2-cd7b3104d7fc,acd9f372-74fb-4c7d-b2a3-ea540c5917f2,c2f2d7d4-2d47-4fad-b822-60dc7ffd7a4e,Brit 8000,,Amplitube Collection,,,,(high-gain),Marshall JCM800 ALT (Tone),,,,,"Guitar,Modeled",effects:82257eff-56fc-40a1-b9cc-567c68a11861
fb093a76-2d01-4158-a162-be10db16cafa,acd9f372-74fb-4c7d-b2a3-ea540c5917f2,c2f2d7d4-2d47-4fad-b822-60dc7ffd7a4e,British Tube Lead 1,,Amplitube Collection,,,,(high-gain),Marshall JCM800 ALT (Tone),,,,,"Guitar,Modeled",effects:82257eff-56fc-40a1-b9cc-567c68a11861
d773fbca-9719-48b3-8d35-81cfb8833d72,acd9f372-74fb-4c7d-b2a3-ea540c5917f2,b15a229a-cfb3-4c7f-b131-b1ad647f6fc4,Brit 9000,,Amplitube Collection,,,,(high-gain),Marshall JCM900 ALT  (Tone),,,,,"Guitar,Modeled",effects:82257eff-56fc-40a1-b9cc-567c68a11861
ce0074ed-20e4-4713-996a-3a021bb6eece,acd9f372-74fb-4c7d-b2a3-ea540c5917f2,78623742-ca56-452e-9a93-471c8f14ef7b,Vintage Metal Lead,,Amplitube Metal,,,,(high-gain),Marshall JMP 2203  ALT (Tone),,,,,"Guitar,Modeled",effects:82257eff-56fc-40a1-b9cc-567c68a11861
a4598c7e-172b-4499-8d9e-b868b28c6194,acd9f372-74fb-4c7d-b2a3-ea540c5917f2,8d1d744f-9f66-4828-9aa5-aca45ff3f109,Brit Valve Pre,,Amplitube Collection,,,,(high-gain),Marshall JMP-1 TOP,,,,,"Guitar,Modeled",effects:82257eff-56fc-40a1-b9cc-567c68a11861
f56caca9-7f91-4381-88b5-5763ee368470,acd9f372-74fb-4c7d-b2a3-ea540c5917f2,7e4b4ea4-912e-45ea-bc91-0fc536a3428f,JH Gold,,Electric Gypsy Collection,,,,(crunch),Marshall JTM45 2245 ALT (Tone),,,,,"Guitar,Modeled",effects:82257eff-56fc-40a1-b9cc-567c68a11861
51c315bd-2202-4424-a379-67dbbef836ae,acd9f372-74fb-4c7d-b2a3-ea540c5917f2,4d4cc36c-b218-4233-ad38-46810dc8c485,British Lead S100,,Electric Gypsy Collection,,,,(crunch),Marshall JTM45/100 Super 100 TOP,,,,,"Guitar,Modeled",effects:82257eff-56fc-40a1-b9cc-567c68a11861
abc85478-df8a-4d7c-8283-358d74a49d6b,acd9f372-74fb-4c7d-b2a3-ea540c5917f2,fc4ddd05-a715-45c6-bfcd-ee6649f03fc2,Satch VM,,Joe Satriani Collection,,,,(high-gain),Marshall JVM 410H JS ALT (Tone),,,,,"Guitar,Modeled",effects:82257eff-56fc-40a1-b9cc-567c68a11861
b0515708-75e1-4d3e-be91-24e3b8c2c170,acd9f372-74fb-4c7d-b2a3-ea540c5917f2,defbfa75-a4bb-4300-911f-47947410ae0f,Red Pig,,Amplitube Collection,,,,(crunch),,,,,,"Guitar,Modeled",effects:82257eff-56fc-40a1-b9cc-567c68a11861
b98268a8-67cd-4e38-8647-24a02d67c71c,acd9f372-74fb-4c7d-b2a3-ea540c5917f2,458f8b5d-2624-4e2e-bdc5-c3e72b5e6f0f,The Ambass'dor,,Amplitube Collection,Harmonic Coloration,,,,Marshall The Guv'nor ALT (Tone),,,,,"Guitar,Modeled,Stomp",effects:82257eff-56fc-40a1-b9cc-567c68a11861
9fe08c51-274b-4d85-ad86-52936c7db3a5,acd9f372-74fb-4c7d-b2a3-ea540c5917f2,458f8b5d-2624-4e2e-bdc5-c3e72b5e6f0f,X-DRIVE (Monarch Setting),,X-Gear (X-DRIVE),Harmonic Coloration,,,,Marshall The Guv'nor ALT (Tone),,,,,"Guitar,Modeled,Stomp",effects:82257eff-56fc-40a1-b9cc-567c68a11861
7d9a6737-eec9-4fd1-ad86-d013059bf4dd,acd9f372-74fb-4c7d-b2a3-ea540c5917f2,ee872ab7-a868-4a6d-a9cc-512cfcc08241,1x12 Combo,,Amplitube Collection,,,,1x12 CAB,,,,,,"Guitar,Modeled",effects:82257eff-56fc-40a1-b9cc-567c68a11861
8a78fa2d-b979-4976-9077-e196d9ad0b32,acd9f372-74fb-4c7d-b2a3-ea540c5917f2,ee872ab7-a868-4a6d-a9cc-512cfcc08241,Brit T12G,,,,,,1x12 CAB Combo Celestion G12T-75,,,,,,"Guitar,Modeled",effects:82257eff-56fc-40a1-b9cc-567c68a11861
ae4a148b-5ac5-42f5-a09d-515e33921137,acd9f372-74fb-4c7d-b2a3-ea540c5917f2,3bed60fe-e0dd-473a-b830-534307238318,1x12 California Tweed,,Mesa/Boogie Collection,,,,1x12 CAB,,,,,,"Guitar,Modeled",effects:82257eff-56fc-40a1-b9cc-567c68a11861
50ea1dc0-08b6-4372-9a2c-f76182b9c3b8,acd9f372-74fb-4c7d-b2a3-ea540c5917f2,c1672aa8-bda5-4d57-ae83-c94312ca23d9,2x12 California Tweed,,Mesa/Boogie Collection,,,,2x12 CAB,,,,,,"Guitar,Modeled",effects:82257eff-56fc-40a1-b9cc-567c68a11861
14748d07-3617-422f-b1a7-6e2387a9adc3,acd9f372-74fb-4c7d-b2a3-ea540c5917f2,c23f6202-4efc-4f03-b7a0-23d55a7e8548,2x12 Rectifier Horizontal,,Mesa/Boogie Collection,,,,2x12 CAB,,,,,,"Guitar,Modeled",effects:82257eff-56fc-40a1-b9cc-567c68a11861
819d658a-4c43-412e-86de-e015efce0a67,acd9f372-74fb-4c7d-b2a3-ea540c5917f2,f3324edf-ed08-42d6-81bd-b09b91d99b86,4x12 Metal T 1,,Amplitube Metal,,,,4x12 CAB,Mesa/Boogie 4x12 Rectifier Standard Slant ALT (Tone),,,,,"Guitar,Modeled",effects:82257eff-56fc-40a1-b9cc-567c68a11861
4e128907-4a20-4679-b2ae-21045b1fdaa4,acd9f372-74fb-4c7d-b2a3-ea540c5917f2,be9e8d19-06df-4c82-9c39-87d5ee8ebf8c,4x12 Recto Traditional Slant,,Mesa/Boogie Collection,,,,4x12 CAB,,,,,,"Guitar,Modeled",effects:82257eff-56fc-40a1-b9cc-567c68a11861
03296361-c9de-4c43-8ed4-1fc78879a28d,acd9f372-74fb-4c7d-b2a3-ea540c5917f2,e6c61829-95d5-4c3e-86b0-0dfc45b69e16,California Tweed,,Mesa/Boogie Collection,,,,(crunch),,,,,,"Guitar,Modeled",effects:82257eff-56fc-40a1-b9cc-567c68a11861
6bd23e44-320b-437e-b37d-4479f78e575b,acd9f372-74fb-4c7d-b2a3-ea540c5917f2,b9a1d9c3-3cfc-4d49-8712-dd5711c9b1db,Dual Rectifier,,Mesa/Boogie Collection,,,,(high-gain),Mesa/Boogie Dual Rectifier ALT (Tone),,,,,"Guitar,Modeled",effects:82257eff-56fc-40a1-b9cc-567c68a11861
d4e98862-490e-4893-8a8d-f9510fab2967,acd9f372-74fb-4c7d-b2a3-ea540c5917f2,9064905c-dc42-40af-89e6-03e909056907,1x12 MB II,,Amplitube Collection,,,,1x12 CAB,,,,,,"Guitar,Modeled",effects:82257eff-56fc-40a1-b9cc-567c68a11861
1290b666-c533-47f1-bebc-dc0463aedf63,acd9f372-74fb-4c7d-b2a3-ea540c5917f2,9064905c-dc42-40af-89e6-03e909056907,Mark IIC+,,Mesa/Boogie Collection,,,,(high-gain),Mesa/Boogie Mark IIC+ ALT (Tone),,,,,"Guitar,Modeled",effects:82257eff-56fc-40a1-b9cc-567c68a11861
967dfda0-2706-4a96-bd01-19db6aeae6c7,acd9f372-74fb-4c7d-b2a3-ea540c5917f2,42f87e8a-ffc7-47c8-be89-c6c6a9d0ff10,1x12 Mark III,,Mesa/Boogie Collection,,,,1x12 CAB,Mesa/Boogie Mark III (CAB) TOP,,,,,"Guitar,Modeled",effects:82257eff-56fc-40a1-b9cc-567c68a11861
994a34c5-c7ce-49e3-b3de-35102073d596,acd9f372-74fb-4c7d-b2a3-ea540c5917f2,42f87e8a-ffc7-47c8-be89-c6c6a9d0ff10,1x12 MB III,,Amplitube Collection,,,,1x12 CAB,Mesa/Boogie Mark III (CAB) TOP,,,,,"Guitar,Modeled",effects:82257eff-56fc-40a1-b9cc-567c68a11861
ed2ff48b-51a3-4790-a729-ca55451169d2,acd9f372-74fb-4c7d-b2a3-ea540c5917f2,42f87e8a-ffc7-47c8-be89-c6c6a9d0ff10,American Clean MKIII,,Amplitube Collection,,,,(clean),Mesa/Boogie Mark III ALT (Tone),,,,,"Guitar,Modeled",effects:82257eff-56fc-40a1-b9cc-567c68a11861
4249fdab-cd26-4e99-a3ec-102407fb7980,acd9f372-74fb-4c7d-b2a3-ea540c5917f2,42f87e8a-ffc7-47c8-be89-c6c6a9d0ff10,American Lead MKIII,,Amplitube Collection,,,,(high-gain),Mesa/Boogie Mark III ALT (Tone),,,,,"Guitar,Modeled",effects:82257eff-56fc-40a1-b9cc-567c68a11861
78ef2e85-5d52-49dc-a836-f87e09d7706e,acd9f372-74fb-4c7d-b2a3-ea540c5917f2,42f87e8a-ffc7-47c8-be89-c6c6a9d0ff10,Mark III,,Mesa/Boogie Collection,,,,(high-gain),Mesa/Boogie Mark III ALT (Tone),,,,,"Guitar,Modeled",effects:82257eff-56fc-40a1-b9cc-567c68a11861
671ad53b-4238-44e5-be41-592fd60dfd02,acd9f372-74fb-4c7d-b2a3-ea540c5917f2,e9194049-5efa-4dc5-b253-26769d05e9d7,1x12 Mark IV,,,,,,1x12 CAB,Mesa/Boogie Mark IV A (CAB) ALT (Tone),,,,,"Guitar,Modeled",effects:82257eff-56fc-40a1-b9cc-567c68a11861
a7ac5abc-2cb8-4b9e-8c6c-0fceadc3aa60,acd9f372-74fb-4c7d-b2a3-ea540c5917f2,e9194049-5efa-4dc5-b253-26769d05e9d7,Mark IV,,Mesa/Boogie Collection,,,,(high-gain),Mesa/Boogie Mark IV A ALT (Tone),,,,,"Guitar,Modeled",effects:82257eff-56fc-40a1-b9cc-567c68a11861
3e588fe0-6ec2-4253-9080-6b39c8c0c6e5,acd9f372-74fb-4c7d-b2a3-ea540c5917f2,6a1aa1a2-cece-4ed6-9e2b-628d0ad2367e,Mark V,,Mesa/Boogie Collection,,,,(high-gain),Mesa/Boogie Mark V ALT (Tone),,,,,"Guitar,Modeled",effects:82257eff-56fc-40a1-b9cc-567c68a11861
85164b59-68e5-4ff8-aab1-39c2c32659f5,acd9f372-74fb-4c7d-b2a3-ea540c5917f2,da050f2e-f689-4fd9-898b-9bc3ca3adb11,2x12 Road King,,Mesa/Boogie Collection,,,,2x12 CAB (Combo),,,,,,"Guitar,Modeled",effects:82257eff-56fc-40a1-b9cc-567c68a11861
10f6f11d-1d41-4154-a81f-abf7fad3e772,acd9f372-74fb-4c7d-b2a3-ea540c5917f2,2581071c-f858-46dd-af78-f7a4b55b225f,4x12 Road King Black,,Mesa/Boogie Collection,,,,4x12 CAB Celestion Vintage 30s,Mesa/Boogie Road King 4x12 Slant TOP,,,,,"Guitar,Modeled",effects:82257eff-56fc-40a1-b9cc-567c68a11861
a0bba28c-21e9-4b7c-9dfd-7c4e21ce4695,acd9f372-74fb-4c7d-b2a3-ea540c5917f2,2581071c-f858-46dd-af78-f7a4b55b225f,4x12 Road King Vintage,,Mesa/Boogie Collection,,,,4x12 CAB Electro-Voice EVM12L,Mesa/Boogie Road King 4x12 Slant TOP,,,,,"Guitar,Modeled",effects:82257eff-56fc-40a1-b9cc-567c68a11861
f702bc14-4155-4e44-be9a-82c5757e842d,acd9f372-74fb-4c7d-b2a3-ea540c5917f2,2521682b-d86e-4a7b-af2e-273ecaf9660e,2x12 TransAtlantic TA-30,,Mesa/Boogie Collection,,,,2x12 CAB (Combo),,,,,,"Guitar,Modeled",effects:82257eff-56fc-40a1-b9cc-567c68a11861
55e029ae-7b54-48c8-b539-8714dc888c15,acd9f372-74fb-4c7d-b2a3-ea540c5917f2,2521682b-d86e-4a7b-af2e-273ecaf9660e,TransAtlantic TA-30,,Mesa/Boogie Collection,,,,(crunch),,,,,,"Guitar,Modeled",effects:82257eff-56fc-40a1-b9cc-567c68a11861
5830bf3e-bbfc-425d-b2a6-bc51a5436f01,acd9f372-74fb-4c7d-b2a3-ea540c5917f2,e649c171-2651-410d-8e11-faa8d16b1fda,Triple Crown,,Mesa/Boogie Collection,,,,(high-gain),Mesa/Boogie Triple Crown TC-100 ALT (Tone),,,,,"Guitar,Modeled",effects:82257eff-56fc-40a1-b9cc-567c68a11861
3878f730-6a52-4a1e-a539-5659168649d1,acd9f372-74fb-4c7d-b2a3-ea540c5917f2,ca3c3312-104d-432d-825e-eed5b761a2be,Metal Clean T,,Amplitube Metal,,,,(clean) (Green Channel),Mesa/Boogie Triple Rectifier ALT (Tone),,,,,"Guitar,Modeled",effects:82257eff-56fc-40a1-b9cc-567c68a11861
2ca65a24-0c84-44ff-87cf-86638900ec75,acd9f372-74fb-4c7d-b2a3-ea540c5917f2,ca3c3312-104d-432d-825e-eed5b761a2be,Metal Lead T,,Amplitube Metal,,,,(high-gain) (Red channel),Mesa/Boogie Triple Rectifier ALT (Tone),,,,,"Guitar,Modeled",effects:82257eff-56fc-40a1-b9cc-567c68a11861
de14b8df-5c06-4b30-8244-6947a22b4fcb,acd9f372-74fb-4c7d-b2a3-ea540c5917f2,ca3c3312-104d-432d-825e-eed5b761a2be,Triple Rectifier,,Mesa/Boogie Collection,,,,(high-gain),Mesa/Boogie Triple Rectifier ALT (Tone),,,,,"Guitar,Modeled",effects:82257eff-56fc-40a1-b9cc-567c68a11861
972b5188-815b-4236-903e-310bfac6b41f,acd9f372-74fb-4c7d-b2a3-ea540c5917f2,8b17fd43-e589-4c69-9701-cf0605dbf96d,Contour Wah,,Morley Collection,Modulation,,,(Morley Collection),,,,,,"Guitar,Modeled,Stomp",effects:82257eff-56fc-40a1-b9cc-567c68a11861
70427ca0-6a55-4b84-876d-3edddb07bf70,acd9f372-74fb-4c7d-b2a3-ea540c5917f2,f90f191e-1405-4377-8f7f-c7e7c10c82c3,Oil Can Delay,,Morley Collection,Delay,,,(Morley Collection),,,,,,"Guitar,Modeled,Stomp",effects:82257eff-56fc-40a1-b9cc-567c68a11861
a37f0a5f-c343-46b7-9fac-de6214f44e8c,acd9f372-74fb-4c7d-b2a3-ea540c5917f2,081f7c28-99ec-4331-a7db-79e2a8187592,Power Wah Fuzz,,Morley Collection,"Harmonic Coloration,Modulation",,,(Morley Collection),,,,,,"Guitar,Modeled,Stomp",effects:82257eff-56fc-40a1-b9cc-567c68a11861
157a838f-20aa-411b-ac0c-f9f6d9f39c4b,acd9f372-74fb-4c7d-b2a3-ea540c5917f2,367bbd82-dc02-4aac-a4af-6606a43a5926,RightFuzz,,Electric Gypsy Collection,Harmonic Coloration,,,,Mosrite Fuzzrite ALT (Tone),,,,,"Guitar,Modeled,Stomp",effects:82257eff-56fc-40a1-b9cc-567c68a11861
262ee6e9-89ad-4694-8d63-c9088103adca,acd9f372-74fb-4c7d-b2a3-ea540c5917f2,b35f5f50-4f8f-45bb-aaac-61b0f4ee9f3f,Nu-Tron III,,Amplitube Collection,Modulation,,,,Musitronics Mu-Tron III ALT (Tone),,,,,"Guitar,Modeled,Stomp",effects:82257eff-56fc-40a1-b9cc-567c68a11861
2ff429e0-6e38-4e7b-9b3c-b8f7734bbbc8,acd9f372-74fb-4c7d-b2a3-ea540c5917f2,9570ec6a-c59e-496a-a4a5-89e22c8e267a,OctoBlue,,L.A. Rocker Collection,Harmonic Coloration,,,,MXR Blue Box Octave Fuzz TOP,,,,,"Guitar,Modeled,Stomp",effects:82257eff-56fc-40a1-b9cc-567c68a11861
36c7ebce-b0cd-4dde-9f60-afb3988b4fd4,acd9f372-74fb-4c7d-b2a3-ea540c5917f2,9570ec6a-c59e-496a-a4a5-89e22c8e267a,X-DRIVE (OctoFuzz Setting),,X-Gear (X-DRIVE),Harmonic Coloration,,,,MXR Blue Box Octave Fuzz TOP,,,,,"Guitar,Modeled,Stomp",effects:82257eff-56fc-40a1-b9cc-567c68a11861
a421aa74-4a79-424c-a7e7-ef5a233bbfec,acd9f372-74fb-4c7d-b2a3-ea540c5917f2,9898da8e-d92d-49ab-a79f-f1227c6d8df7,VariDiode+,,Amplitube Collection,Harmonic Coloration,,,,MXR Distortion+  ALT (Tone),,,,,"Guitar,Modeled,Stomp",effects:82257eff-56fc-40a1-b9cc-567c68a11861
71a3feee-d645-4f3f-af72-7a6ef4e719c6,acd9f372-74fb-4c7d-b2a3-ea540c5917f2,9898da8e-d92d-49ab-a79f-f1227c6d8df7,X-DRIVE (Diode Setting),,X-Gear (X-DRIVE),Harmonic Coloration,,,,MXR Distortion+  ALT (Tone),,,,,"Guitar,Modeled,Stomp",effects:82257eff-56fc-40a1-b9cc-567c68a11861
88b16644-c5b8-4fce-a3da-c9ac3e244cd3,acd9f372-74fb-4c7d-b2a3-ea540c5917f2,8a4fb42d-c8d7-4755-8be0-da9ebafdccbb,Dcomp,,Amplitube Collection,Dynamics,,,,MXR Dyna Comp ALT (Tone),,,,,"Guitar,Modeled,Stomp",effects:82257eff-56fc-40a1-b9cc-567c68a11861
332e005e-2e6e-4e92-b9e7-b2b7ec72775a,acd9f372-74fb-4c7d-b2a3-ea540c5917f2,8a4fb42d-c8d7-4755-8be0-da9ebafdccbb,SVX Compressor,,Amplitube SVX,Dynamics,,,,MXR Dyna Comp ALT (Tone),,,,,"Bass,Modeled,Stomp",effects:82257eff-56fc-40a1-b9cc-567c68a11861
407d0a27-0746-4c93-b0e4-da7b69005c21,acd9f372-74fb-4c7d-b2a3-ea540c5917f2,267c9c83-8f62-490a-9ce7-226d54c02e88,Metal Flanger,,Amplitube Metal,Modulation,,,,MXR Flanger ALT (Tone),,,,,"Guitar,Modeled,Stomp",effects:82257eff-56fc-40a1-b9cc-567c68a11861
72c060c0-1c66-4b00-87cc-4e062971d5b2,acd9f372-74fb-4c7d-b2a3-ea540c5917f2,b6235521-bbb2-46cc-ba1c-cde79303a31a,Flanger Doubler,,Dimebag Darrell - CFH,Modulation,,,,MXR Model 126 Flanger/Doubler ALT (Tone),,,,,Modeled,effects:82257eff-56fc-40a1-b9cc-567c68a11861
6403001a-874b-4112-9415-9ce06a5279a2,acd9f372-74fb-4c7d-b2a3-ea540c5917f2,8d5a6ad7-64ad-4ec2-9560-bb4df050cd3e,Phazer 10,,Amplitube Collection,Modulation,,,,,,,,,"Guitar,Modeled,Stomp",effects:82257eff-56fc-40a1-b9cc-567c68a11861
3c01bbf8-f6ac-4a13-933d-e4b94004605f,acd9f372-74fb-4c7d-b2a3-ea540c5917f2,d957ebad-2823-42e4-9f73-df2f5a2606a0,Phaze Nine,,Amplitube Metal,Modulation,,,,MXR Phase 90 ALT (Tone),,,,,"Guitar,Modeled,Stomp",effects:82257eff-56fc-40a1-b9cc-567c68a11861
6be2c9a6-86fc-4550-879c-16689864be71,acd9f372-74fb-4c7d-b2a3-ea540c5917f2,3d365502-4660-4742-8fbb-ec9e0e93f043,6 Band EQ,,Dimebag Darrell - CFH,EQ,,,,MXR Six Band EQ ALT (Tone),,,,,"Guitar,Modeled,Stomp",effects:82257eff-56fc-40a1-b9cc-567c68a11861
8fa9aeb7-fa1e-4e37-8383-b391529122ce,acd9f372-74fb-4c7d-b2a3-ea540c5917f2,3cee3b8a-7c88-45c7-9716-ea904dcb5dc3,Gate,,L.A. Rocker Collection,Dynamics,,,,MXR Smart Gate TOP,,,,,"Guitar,Modeled,Stomp",effects:82257eff-56fc-40a1-b9cc-567c68a11861
ed320d17-c414-4e96-94ed-6d492f894649,acd9f372-74fb-4c7d-b2a3-ea540c5917f2,1007cb7d-5eed-496c-b6de-b2fe7a7143bc,X-Chorus,,L.A. Rocker Collection,Modulation,,,,MXR Stereo Chorus ALT (Tone),,,,,"Guitar,Modeled,Stomp",effects:82257eff-56fc-40a1-b9cc-567c68a11861
b8be6c6f-2e4d-4559-ad90-8dc3f2b15f6c,acd9f372-74fb-4c7d-b2a3-ea540c5917f2,887ddb64-0dbe-4b14-83d4-d317c3a30b21,10 Band Graphic,,Amplitube Collection,EQ,,,,MXR Ten Band EQ ALT (Tone),,,,,"Guitar,Modeled,Stomp",effects:82257eff-56fc-40a1-b9cc-567c68a11861
ed353614-356d-4f23-a4e7-1d91c6b905f6,acd9f372-74fb-4c7d-b2a3-ea540c5917f2,f112a239-2846-4773-a279-03ca0b72dff6,Condenser 84,,,Microphone,,,,Embedded in Amplitube,,,,,Modeled,effects:82257eff-56fc-40a1-b9cc-567c68a11861
53efe586-7d3f-4265-86e7-cec720148cc4,acd9f372-74fb-4c7d-b2a3-ea540c5917f2,6cbae72f-7104-4c64-8962-e47f428e4b84,AD 200,,Orange Collection,,,,(Orange Collection),Orange AD200 ALT (Tone),,,,,"Bass,Modeled",effects:82257eff-56fc-40a1-b9cc-567c68a11861
29443bf3-43b7-4d54-9f5e-abcbc060a3dd,acd9f372-74fb-4c7d-b2a3-ea540c5917f2,eeefe31a-4c3c-4453-b22d-4a7c4f6f3b71,2x12 AD 30,,Orange Collection,,,,2x12 CAB,,,,,,"Guitar,Modeled",effects:82257eff-56fc-40a1-b9cc-567c68a11861
4295d545-5b05-4568-8a15-11812ea670eb,acd9f372-74fb-4c7d-b2a3-ea540c5917f2,eeefe31a-4c3c-4453-b22d-4a7c4f6f3b71,2x12 PPC OB,,Orange Collection,,,,2x12 CAB (Combo),,,,,,"Guitar,Modeled",effects:82257eff-56fc-40a1-b9cc-567c68a11861
2e5de886-8da5-431f-aeef-d2f54de3e275,acd9f372-74fb-4c7d-b2a3-ea540c5917f2,eeefe31a-4c3c-4453-b22d-4a7c4f6f3b71,AD 30,,Orange Collection,,,,(crunch),Orange AD30 ALT (Tone),,,,,"Guitar,Modeled",effects:82257eff-56fc-40a1-b9cc-567c68a11861
49ae54b2-6427-4b0d-93d5-b0f845311c9b,acd9f372-74fb-4c7d-b2a3-ea540c5917f2,358e0388-1fe0-41b4-9008-906fb13203cf,Dual Terror,,Orange Collection,,,,(crunch),Orange Dual Terror ALT (Tone),,,,,"Guitar,Modeled",effects:82257eff-56fc-40a1-b9cc-567c68a11861
c0bd40cc-3088-46db-957d-6daafac70fbd,acd9f372-74fb-4c7d-b2a3-ea540c5917f2,afdbc48f-6ea4-4dbb-a598-3cca3b9cd771,1x15 OBC 115,,Orange Collection,,,,1x15 CAB,,,,,,"Bass,Modeled",effects:82257eff-56fc-40a1-b9cc-567c68a11861
8c1dd958-bd45-45a0-851f-3fbda2f6ad5c,acd9f372-74fb-4c7d-b2a3-ea540c5917f2,37c5616c-5114-43e6-b138-4a99c82126ae,4x10 OBC 410,,Orange Collection,,,,4x10 CAB,,,,,,Bass,effects:82257eff-56fc-40a1-b9cc-567c68a11861
5ea4a1eb-6e19-40aa-9889-1b2248dba438,acd9f372-74fb-4c7d-b2a3-ea540c5917f2,658bdf77-6232-42f8-84a4-7acc680c064f,8x10 OBC810,,Orange Collection,,,,8x10 CAB,,,,,,"Bass,Modeled",effects:82257eff-56fc-40a1-b9cc-567c68a11861
9d0c2925-e90c-4fa1-a519-8462d70cbfc7,acd9f372-74fb-4c7d-b2a3-ea540c5917f2,8bd81a60-8adf-4e82-8d6e-2c8e21b511c7,OR-120,,Orange Collection,,,,(crunch),Orange OR120 ALT (Tone),,,,,"Guitar,Modeled",effects:82257eff-56fc-40a1-b9cc-567c68a11861
508e2c04-7e01-4c76-88c3-42b6d084813c,acd9f372-74fb-4c7d-b2a3-ea540c5917f2,68ca3262-0cb7-4e44-80ab-814b77d79a42,OR 50,,Orange Collection,,,,(crunch),Orange OR50 ALT (Tone),,,,,"Guitar,Modeled",effects:82257eff-56fc-40a1-b9cc-567c68a11861
da7769d5-8ad1-476f-8b43-9b3f28f9aaab,acd9f372-74fb-4c7d-b2a3-ea540c5917f2,bc4b690b-297d-42a2-8714-26a4063a6673,1x12 PPC 112,,Orange Collection,,,,1x12 CAB,,,,,,"Guitar,Modeled",effects:82257eff-56fc-40a1-b9cc-567c68a11861
19054e86-28dd-45d6-9e45-75c108c2f2c6,acd9f372-74fb-4c7d-b2a3-ea540c5917f2,df34cd44-ccaf-4c2e-a21b-9e2ff0b4ea38,2x12 PPC 212,,Orange Collection,,,,2x12 CAB,Orange PPC212 ALT(Tone),,,,,"Guitar,Modeled",effects:82257eff-56fc-40a1-b9cc-567c68a11861
32e58a60-67c2-4662-a3a5-451dc9d55c21,acd9f372-74fb-4c7d-b2a3-ea540c5917f2,b287b35d-ee85-4976-88df-d43f6040220c,4x12 PPC 412,,Orange Collection,,,,4x12 CAB,Orange PPC412 ALT(Tone),,,,,Guitar,effects:82257eff-56fc-40a1-b9cc-567c68a11861
daa77986-36bd-40ea-9213-9aa174d15d10,acd9f372-74fb-4c7d-b2a3-ea540c5917f2,ef351240-f642-46d9-8834-83df9b1ce096,RockerVerb 50,,Orange Collection,,,,(high-gain),Orange Rockerverb 50 TOP,,,,,"Guitar,Modeled",effects:82257eff-56fc-40a1-b9cc-567c68a11861
621bbb35-d868-41f4-9afa-09ad03194e5e,acd9f372-74fb-4c7d-b2a3-ea540c5917f2,3972be04-fdd2-4801-a035-104a76f802ed,Thunderverb 200,,Orange Collection,,,,(high-gain),Orange Thunderverb 200 ALT (Tone),,,,,"Guitar,Modeled",effects:82257eff-56fc-40a1-b9cc-567c68a11861
4ee82013-5938-44e9-9600-9a4c73a181f9,acd9f372-74fb-4c7d-b2a3-ea540c5917f2,8c47cca4-4042-40c6-b11a-fbd78ea4072b,1x12 Tiny Terror,,Orange Collection,,,,1x12 CAB,,,,,,"Guitar,Modeled",effects:82257eff-56fc-40a1-b9cc-567c68a11861
2356bae9-933e-46c2-9bed-98214763f885,acd9f372-74fb-4c7d-b2a3-ea540c5917f2,8c47cca4-4042-40c6-b11a-fbd78ea4072b,Tiny Terror,,Orange Collection,,,,(crunch),Orange Tiny Terror ALT (Tone),,,,,"Guitar,Modeled",effects:82257eff-56fc-40a1-b9cc-567c68a11861
7a08415a-feed-4192-9583-e4849633c67b,acd9f372-74fb-4c7d-b2a3-ea540c5917f2,be3e14fd-a028-4948-9b3d-c3634d99e443,Metal Lead V,,Amplitube Metal,,,,(high-gain),Peavey 5150 ALT (Tone),,,,,"Guitar,Modeled",effects:82257eff-56fc-40a1-b9cc-567c68a11861
3fb59a38-c672-44d8-b1af-af31ce3608e4,acd9f372-74fb-4c7d-b2a3-ea540c5917f2,be3e14fd-a028-4948-9b3d-c3634d99e443,SJ50,,Joe Satriani Collection,,,,(high-gain),Peavey 5150 ALT (Tone),,,,,"Guitar,Modeled",effects:82257eff-56fc-40a1-b9cc-567c68a11861
1d1f50ca-34bb-48e8-b3a5-2ec44e23deff,acd9f372-74fb-4c7d-b2a3-ea540c5917f2,f242670a-14ae-40c8-a568-aeb48c606399,4x12 Metal V 1,,Amplitube Metal,,,,4x12 CAB,,,,,,"Guitar,Modeled",effects:82257eff-56fc-40a1-b9cc-567c68a11861
c4b6b651-116d-44a3-bac8-11916553b0a6,acd9f372-74fb-4c7d-b2a3-ea540c5917f2,6b4d81ec-6460-4456-baa7-0ece39efced9,Metal V 1200,,,,,,16 ohm 75W version; 1x12 CAB (Speaker),,,,,,"Guitar,Modeled",effects:82257eff-56fc-40a1-b9cc-567c68a11861
231e460e-4b5c-4664-950e-2d112a595050,acd9f372-74fb-4c7d-b2a3-ea540c5917f2,5a1297bd-4bab-4a1a-b551-7856537656a8,PROdrive,,Amplitube Metal,Harmonic Coloration,,,,ProCo Rat ALT (Tone),,,,,"Guitar,Modeled,Stomp",effects:82257eff-56fc-40a1-b9cc-567c68a11861
01552573-fca3-4668-ab63-3fb5137c1df7,acd9f372-74fb-4c7d-b2a3-ea540c5917f2,5a1297bd-4bab-4a1a-b551-7856537656a8,X-DRIVE (Cat Setting),,X-Gear (X-DRIVE),Harmonic Coloration,,,,ProCo Rat ALT (Tone),,,,,"Guitar,Modeled,Stomp",effects:82257eff-56fc-40a1-b9cc-567c68a11861
230ad136-f406-416c-b916-8a9aa086641e,acd9f372-74fb-4c7d-b2a3-ea540c5917f2,ebc47132-009e-4e53-a978-bbddc3ca55a3,SilverPlate 50,,Amplitube Collection,,,,(high-gain),PRS Archon 50 ALT (Tone),,,,,"Guitar,Modeled",effects:82257eff-56fc-40a1-b9cc-567c68a11861
89b5e8ae-46b3-4dcd-bfdb-0dbbd964980a,acd9f372-74fb-4c7d-b2a3-ea540c5917f2,aedd74e3-e232-4921-b8cd-b75f37547a7c,4x12 Darrell 412,,Dimebag Darrell - CFH,,,,4x12 CAB,,,,,,"Guitar,Modeled",effects:82257eff-56fc-40a1-b9cc-567c68a11861
8ab05568-ca68-4228-bcc3-a9b299a52775,acd9f372-74fb-4c7d-b2a3-ea540c5917f2,20e81a9f-636b-467a-825d-c4d3eec7760d,Darrell Panther,,,,,,1x12 CAB (Speaker),,,,,,"Guitar,Modeled",effects:82257eff-56fc-40a1-b9cc-567c68a11861
bb1957df-1902-41e8-948a-92c180c34cdf,acd9f372-74fb-4c7d-b2a3-ea540c5917f2,3e1ffc51-1d83-4d8d-8182-b6c9cb98b15f,Darrell 100,,Dimebag Darrell - CFH,,,,(high-gain),,,,,,"Guitar,Modeled",effects:82257eff-56fc-40a1-b9cc-567c68a11861
9039d5fe-f31e-45d2-8f9a-20f1efc8ac51,acd9f372-74fb-4c7d-b2a3-ea540c5917f2,8fa13536-db2f-428d-95b3-5a80c15f7061,Metal Lead W,,Amplitube Metal,,,,(high-gain),Randall Warhead WH300 ALT (Tone),,,,,"Guitar,Modeled",effects:82257eff-56fc-40a1-b9cc-567c68a11861
d1d21b1d-3b98-4dd7-a718-c31cb31c4140,acd9f372-74fb-4c7d-b2a3-ea540c5917f2,c8bd1699-55fb-4fe9-86ef-c7befb7e9201,Dime Noise Gate,,Dimebag Darrell - CFH,Dynamics,,,,,,,,,"Guitar,Modeled,Stomp",effects:82257eff-56fc-40a1-b9cc-567c68a11861
268f230f-a92d-4cc8-a698-f6fc1a0e04ff,acd9f372-74fb-4c7d-b2a3-ea540c5917f2,e9ecf3fb-e98e-4a08-b80e-6b6faa3f9e97,XS Fuzz,,Electric Gypsy Collection,Harmonic Coloration,,,,,,,,,"Guitar,Modeled,Stomp",effects:82257eff-56fc-40a1-b9cc-567c68a11861
bef7fe83-43ea-4a01-ae7a-05c809eb93a0,acd9f372-74fb-4c7d-b2a3-ea540c5917f2,bbd3109b-dd4e-443f-8152-871cafe98281,Class Fuzz,,Electric Gypsy Collection,Harmonic Coloration,,,,Roger Mayer Classic Fuzz ALT (Tone),,,,,"Guitar,Modeled,Stomp",effects:82257eff-56fc-40a1-b9cc-567c68a11861
9ef10e6c-0835-49a9-9cd3-e74ed9082d8e,acd9f372-74fb-4c7d-b2a3-ea540c5917f2,b09ef8b7-1845-42a2-a4a0-1ba7ad42c41e,Octa-V,,Electric Gypsy Collection,Harmonic Coloration,,,,Roger Mayer Octavia TOP,,,,,"Guitar,Modeled,Stomp",effects:82257eff-56fc-40a1-b9cc-567c68a11861
187a6a5d-f1fc-4557-a35f-f8321de065c1,acd9f372-74fb-4c7d-b2a3-ea540c5917f2,b09ef8b7-1845-42a2-a4a0-1ba7ad42c41e,Octav,,Amplitube Collection,Harmonic Coloration,,,,Roger Mayer Octavia TOP,,,,,"Guitar,Modeled,Stomp",effects:82257eff-56fc-40a1-b9cc-567c68a11861
8ca95810-92ee-4464-8f3d-bd51bca3430a,acd9f372-74fb-4c7d-b2a3-ea540c5917f2,b09ef8b7-1845-42a2-a4a0-1ba7ad42c41e,X-DRIVE (Purple Setting),,X-Gear (X-DRIVE),Harmonic Coloration,,,,Roger Mayer Octavia TOP,,,,,"Guitar,Modeled,Stomp",effects:82257eff-56fc-40a1-b9cc-567c68a11861
0ec24f3f-ea8b-4610-be4d-18078e447469,acd9f372-74fb-4c7d-b2a3-ea540c5917f2,b6496468-8d49-4bdd-af12-0e5ee03662d0,2x12 JP Jazz,,Amplitube Collection,,,,2x12 CAB,Roland JC-120 (CAB) ALT (Tone),,,,,"Guitar,Modeled",effects:82257eff-56fc-40a1-b9cc-567c68a11861
60958e4c-65c5-424e-b6a7-c75e947845c5,acd9f372-74fb-4c7d-b2a3-ea540c5917f2,b6496468-8d49-4bdd-af12-0e5ee03662d0,2x12 JP Jazz CFH,,Dimebag Darrell - CFH,,,,2x12 CAB,Roland JC-120 (CAB) ALT (Tone),,,,,"Guitar,Modeled",effects:82257eff-56fc-40a1-b9cc-567c68a11861
1d9843e7-c3bf-4adf-9043-294e0c9e904c,acd9f372-74fb-4c7d-b2a3-ea540c5917f2,b6496468-8d49-4bdd-af12-0e5ee03662d0,Jazz 12,,,,,,1x12 CAB (Speaker),,,,,,"Guitar,Modeled",effects:82257eff-56fc-40a1-b9cc-567c68a11861
2a0ab6bd-1cce-40c2-9d51-fb6e478b0df9,acd9f372-74fb-4c7d-b2a3-ea540c5917f2,b6496468-8d49-4bdd-af12-0e5ee03662d0,Jazz Amp 120 CFH,,Dimebag Darrell - CFH,,,,(1986 - clean),Roland JC-120 ALT (Tone),,,,,"Guitar,Modeled",effects:82257eff-56fc-40a1-b9cc-567c68a11861
f3d9d662-dd36-4f3d-896f-570f46f98813,acd9f372-74fb-4c7d-b2a3-ea540c5917f2,61682a93-b096-48a2-8ee0-29c8ea2ef405,Boston 100,,Joe Satriani Collection,,,,(crunch),,,,,,"Guitar,Modeled",effects:82257eff-56fc-40a1-b9cc-567c68a11861
88a7e345-1499-4c7b-b112-db2baa8589a0,acd9f372-74fb-4c7d-b2a3-ea540c5917f2,61682a93-b096-48a2-8ee0-29c8ea2ef405,Boston Cab Sim,,Joe Satriani Collection,,,,4x12 CAB,,,,,,"Guitar,Modeled",effects:82257eff-56fc-40a1-b9cc-567c68a11861
86e452bb-74a8-48a4-9ee9-900ebdf155d0,acd9f372-74fb-4c7d-b2a3-ea540c5917f2,87d81657-ecd1-405a-96a4-13d2146f163a,Power Grid,,Seymour Duncan Collection,Harmonic Coloration,,,,Seymour Duncan SFX-08 Power Grid TOPALT (Tone),,,,,"Guitar,Modeled,Stomp",effects:82257eff-56fc-40a1-b9cc-567c68a11861
1f179073-6935-4e9d-917c-b57b0fa36d15,acd9f372-74fb-4c7d-b2a3-ea540c5917f2,9261d502-e8ff-4c2a-8b38-9d8bc9e46142,Shape Shifter,,Seymour Duncan Collection,Modulation,,,,,,,,,"Guitar,Modeled,Stomp",effects:82257eff-56fc-40a1-b9cc-567c68a11861
4cedc490-7bcc-4472-80ed-ab4b8915cbf0,acd9f372-74fb-4c7d-b2a3-ea540c5917f2,63ea55bf-308b-43ff-8301-706fa026b33e,SilverTwelve,,Electric Gypsy Collection,,,,(clean),Silvertone Twin Twelve 1484 ALT (Tone),,,,,"Guitar,Modeled",effects:82257eff-56fc-40a1-b9cc-567c68a11861
641fa7d4-a24a-4d75-9bd8-76d2659075d8,acd9f372-74fb-4c7d-b2a3-ea540c5917f2,fa5ebb67-737a-481d-9416-3ba3992e41f4,SLD 100,,Amplitube Collection,,,,(high-gain),Soldano SLO-100 ALT (Tone),,,,,"Guitar,Modeled",effects:82257eff-56fc-40a1-b9cc-567c68a11861
74641221-dd22-46b6-9389-43a7afb08a73,acd9f372-74fb-4c7d-b2a3-ea540c5917f2,988781a5-20dc-46a5-a34c-bbee5938b0cc,Tape Wobble,,,"Delay,Reverb&Room",,,,,,,,,"Guitar,Modeled,Stomp",effects:82257eff-56fc-40a1-b9cc-567c68a11861
8ea0b25f-5008-49e5-ade2-d814c9a653e5,acd9f372-74fb-4c7d-b2a3-ea540c5917f2,69b91736-b1bd-444d-8fa4-412e46bbe313,JH 1200,,Electric Gypsy Collection,,,,(clean),,,,,,"Guitar,Modeled",effects:82257eff-56fc-40a1-b9cc-567c68a11861
70199e65-b280-4fa2-b3fa-2630a1e6a019,acd9f372-74fb-4c7d-b2a3-ea540c5917f2,60743fec-fa1b-4aa9-9de6-f9b946286e0d,4x10+tw Bass,,Amplitube Collection,,,,4x10 CAB,,,,,,"Bass,Modeled",effects:82257eff-56fc-40a1-b9cc-567c68a11861
9c8f71e3-1374-4f48-846f-68438aba6079,acd9f372-74fb-4c7d-b2a3-ea540c5917f2,d6de2f9a-dace-4c56-aa01-08dc065244e0,Moller,,T-Rex Collection,Harmonic Coloration,,,,T-Rex Moller ALT (Tone),,,,,"Guitar,Modeled,Stomp",effects:82257eff-56fc-40a1-b9cc-567c68a11861
3961b5c8-0612-4f06-80b7-627438ca33c2,acd9f372-74fb-4c7d-b2a3-ea540c5917f2,27d878c6-a05c-45eb-8ea1-772091748a2a,Mudhoney,,T-Rex Collection,Harmonic Coloration,,,,T-Rex Mudhoney ALT (Tone),,,,,"Guitar,Modeled,Stomp",effects:82257eff-56fc-40a1-b9cc-567c68a11861
a59369d1-4cac-4555-afe8-5e2304f42f05,acd9f372-74fb-4c7d-b2a3-ea540c5917f2,6da266b9-ab79-49e5-93b8-8264e7bc8aa0,Replica,,T-Rex Collection,Delay,,,,,,,,,"Guitar,Modeled,Stomp",effects:82257eff-56fc-40a1-b9cc-567c68a11861
a69a0445-2668-4194-bb52-94812b253a2f,acd9f372-74fb-4c7d-b2a3-ea540c5917f2,d7b9bc08-7df7-46c9-b0be-b716cbdbde23,Bi-Valve,,THD Collection,,,,(crunch),THD Bi-Valve 30 ALT (Tone),,,,,"Guitar,Modeled",effects:82257eff-56fc-40a1-b9cc-567c68a11861
105b84b0-9c75-4216-8e47-62c1fa20f824,acd9f372-74fb-4c7d-b2a3-ea540c5917f2,b0a4db81-5e50-4ee7-96f6-f19cbf87bab7,4x10+tw TE Bass,,Amplitube Collection,,,,4x10 CAB,,,,,,"Bass,Modeled",effects:82257eff-56fc-40a1-b9cc-567c68a11861
89e6a6d6-3ae3-42e9-a74d-a25840d57f47,acd9f372-74fb-4c7d-b2a3-ea540c5917f2,5392e917-136d-4111-b4af-2a67b46cab7f,Green BA250,,Amplitube Collection,,,,,,,,,,"Bass,Modeled",effects:82257eff-56fc-40a1-b9cc-567c68a11861
12c9874a-cb11-4905-8178-be2e34d4769d,acd9f372-74fb-4c7d-b2a3-ea540c5917f2,def9323f-1661-4725-aa8f-b9805438d3b6,American Bulldog,,,,,,1x12 CAB (Speaker),,,,,,"Guitar,Modeled",effects:82257eff-56fc-40a1-b9cc-567c68a11861
ecf64673-e383-4b45-8a25-2a64f352053b,acd9f372-74fb-4c7d-b2a3-ea540c5917f2,c3d9c841-f557-4f6f-84cb-5c51dc56cd22,1x12 Open Modern,,Amplitube Collection,,,,1x12 CAB (Combo),,,,,,"Guitar,Modeled",effects:82257eff-56fc-40a1-b9cc-567c68a11861
3860a2ce-0a5f-473d-b45c-20a8a970f043,acd9f372-74fb-4c7d-b2a3-ea540c5917f2,33f59ecf-e723-4d75-94b2-2ca5d08b3d3b,Wah 46,,Electric Gypsy Collection,Modulation,,,,Vox 846 Wah ALT (Tone),,,,,"Guitar,Modeled,Stomp",effects:82257eff-56fc-40a1-b9cc-567c68a11861
d5f266d1-2225-4460-a689-3cf815f7d7a7,acd9f372-74fb-4c7d-b2a3-ea540c5917f2,50d88147-f141-4cac-be05-055cccb0ed32,2x12 BM 30 Blue,,Brian May Collection,,,,2x12 CAB Celestion Blue,Vox AC30 (CAB) ALT (Tone),,Triple Cabinets (3 AC30 cabs in a wet-dry-wet configuration),,,"Guitar,Modeled",effects:82257eff-56fc-40a1-b9cc-567c68a11861
2b345a2d-846d-433d-beed-69f1524b6ff7,acd9f372-74fb-4c7d-b2a3-ea540c5917f2,50d88147-f141-4cac-be05-055cccb0ed32,2x12 BM 30 H70,,Brian May Collection,,,,2x12 CAB Celestion G12H Anniversary,Vox AC30 (CAB) ALT (Tone),,Triple Cabinets (3 AC30 cabs in a wet-dry-wet configuration),,,"Guitar,Modeled",effects:82257eff-56fc-40a1-b9cc-567c68a11861
9f5f57bc-7954-4712-8e42-4669f245e926,acd9f372-74fb-4c7d-b2a3-ea540c5917f2,50d88147-f141-4cac-be05-055cccb0ed32,BM 30,,Brian May Collection,,,,(crunch),Vox AC30 ALT (Tone),,Triple Cabinets (3 AC30 cabs in a wet-dry-wet configuration),,,"Guitar,Modeled",effects:82257eff-56fc-40a1-b9cc-567c68a11861
d060cce3-56f4-4c96-b3a4-07e946231fab,acd9f372-74fb-4c7d-b2a3-ea540c5917f2,50d88147-f141-4cac-be05-055cccb0ed32,2x12 Gry British Vint,,Amplitube Collection,,,,2x12 CAB Celestion Silver Bulldogs,Vox AC30 (CAB) ALT (Tone),,,,,"Guitar,Modeled",effects:82257eff-56fc-40a1-b9cc-567c68a11861
068e7e90-738e-432c-be2e-7d70b9ab92a4,acd9f372-74fb-4c7d-b2a3-ea540c5917f2,50d88147-f141-4cac-be05-055cccb0ed32,2x12 Open Vintage,,Amplitube Collection,,,,2x12 CAB Jensen C12N,Vox AC30 (CAB) ALT (Tone),,,,,"Guitar,Modeled",effects:82257eff-56fc-40a1-b9cc-567c68a11861
37c8f899-9371-4160-b5e4-fe08d3180ea0,acd9f372-74fb-4c7d-b2a3-ea540c5917f2,50d88147-f141-4cac-be05-055cccb0ed32,British Blue Tube 30TB,,Amplitube Collection,,,,(crunch),Vox AC30 ALT (Tone),,,,,"Guitar,Modeled",effects:82257eff-56fc-40a1-b9cc-567c68a11861
1d394380-cf8d-4f56-8c7b-1db934fbffe6,acd9f372-74fb-4c7d-b2a3-ea540c5917f2,50d88147-f141-4cac-be05-055cccb0ed32,British Copper 30TB,,Amplitube Collection,,,,(crunch),Vox AC30 ALT (Tone),,,,,"Guitar,Modeled",effects:82257eff-56fc-40a1-b9cc-567c68a11861
3229151f-9a5a-4178-ae79-b9cfa5d23e8f,acd9f372-74fb-4c7d-b2a3-ea540c5917f2,c8f3694c-9e0c-4aec-aa7f-1ae32778af40,Satch Wah,,Joe Satriani Collection,Modulation,,,,,,,,,"Guitar,Modeled,Stomp",effects:82257eff-56fc-40a1-b9cc-567c68a11861
8934db3e-ca76-46d4-a5ee-e12a51db13aa,acd9f372-74fb-4c7d-b2a3-ea540c5917f2,ba1c7dec-a241-46a7-9277-7d6287d7bd15,Nirvana,,Wampler Collection,Modulation,,,,,,,,,"Guitar,Modeled,Stomp",effects:82257eff-56fc-40a1-b9cc-567c68a11861
444bff63-9337-4caa-ba44-ba3f52fe7217,acd9f372-74fb-4c7d-b2a3-ea540c5917f2,628d90be-81ea-4f39-8e9b-d9522246a720,Pinnacle Deluxe,,Wampler Collection,Harmonic Coloration,,,,,,,,,"Guitar,Modeled,Stomp",effects:82257eff-56fc-40a1-b9cc-567c68a11861
80fa3c9c-b370-4d9e-a398-55e4977a41ae,acd9f372-74fb-4c7d-b2a3-ea540c5917f2,fa09e899-1548-4cc5-a8ba-0a2d0dbb2fc4,Seek Trem,,Z. Vex Collection,Modulation,,,,,,,,,"Guitar,Modeled,Stomp",effects:82257eff-56fc-40a1-b9cc-567c68a11861
6621108a-8a71-47ac-a3f3-20b4e96c26db,acd9f372-74fb-4c7d-b2a3-ea540c5917f2,15adc374-d956-423f-99fe-2595d17aca0d,Seek Wah,,Z. Vex Collection,Modulation,,,,Z Vex Seek Wah TOP,,,,,"Guitar,Modeled,Stomp",effects:82257eff-56fc-40a1-b9cc-567c68a11861
3900f2fb-1c1a-4736-b250-74ff5f8f4732,acd9f372-74fb-4c7d-b2a3-ea540c5917f2,,4x12  Vintage M 1,,Amplitube Metal,,,,,,,,,,Guitar,effects:82257eff-56fc-40a1-b9cc-567c68a11861
64a4b67f-9534-4f5d-9880-2b4cad264444,acd9f372-74fb-4c7d-b2a3-ea540c5917f2,,Bass 810 Pro,,Fender Collection,,,,8x10,,,,,,,effects:82257eff-56fc-40a1-b9cc-567c68a11861
8e5a98ae-cec3-4af6-bfdd-876302dc3e0c,acd9f372-74fb-4c7d-b2a3-ea540c5917f2,,Custom Modern Hi-Gain,,Amplitube Collection,,,,(high-gain),,,,,,Guitar,effects:82257eff-56fc-40a1-b9cc-567c68a11861
716f249e-93b0-4359-9b0a-55438a83907e,acd9f372-74fb-4c7d-b2a3-ea540c5917f2,,Custom Solid State Clean,,Amplitube Collection,,,,(clean),,,,,,Guitar,effects:82257eff-56fc-40a1-b9cc-567c68a11861
ffbd343f-966e-4d3d-a794-6d186a9d4c32,acd9f372-74fb-4c7d-b2a3-ea540c5917f2,,Custom Solid State Fuzz,,Amplitube Collection,,,,(crunch),,,,,,Guitar,effects:82257eff-56fc-40a1-b9cc-567c68a11861
71d0780d-da0e-4138-9ac0-62ba62b2e798,acd9f372-74fb-4c7d-b2a3-ea540c5917f2,,Custom Solid State Lead,,Amplitube Collection,,,,(high-gain),,,,,,Guitar,effects:82257eff-56fc-40a1-b9cc-567c68a11861
a31bcbcd-436d-4e6d-ac8e-6b276b214365,acd9f372-74fb-4c7d-b2a3-ea540c5917f2,,X-TIME,,X-Gear (X-TIME),Delay,,,16 original settings,,,,,,Stomp,effects:82257eff-56fc-40a1-b9cc-567c68a11861
78fff640-9532-4fdf-8bbe-25ffa54c406b,acd9f372-74fb-4c7d-b2a3-ea540c5917f2,,Swell,,Amplitube Collection,Dynamics,,,,,,,,,"Guitar,Stomp",effects:82257eff-56fc-40a1-b9cc-567c68a11861
06022d45-1069-424e-8358-b6d5f4456ae0,acd9f372-74fb-4c7d-b2a3-ea540c5917f2,,Tube Compressor,,Amplitube Collection,Dynamics,,,,,,,,,,effects:82257eff-56fc-40a1-b9cc-567c68a11861
b089cc30-d80d-4205-b201-743aa12e7a2a,acd9f372-74fb-4c7d-b2a3-ea540c5917f2,,Graphic EQ,,Amplitube Collection,EQ,,,,,,,,,,effects:82257eff-56fc-40a1-b9cc-567c68a11861
ce7ab64f-eb5c-42fc-8031-fd2a437bf6a0,acd9f372-74fb-4c7d-b2a3-ea540c5917f2,,Parametric EQ 3,,Amplitube Collection,EQ,,,,,,,,,,effects:82257eff-56fc-40a1-b9cc-567c68a11861
4d1aad64-992c-4449-a996-bdd7c86f9029,acd9f372-74fb-4c7d-b2a3-ea540c5917f2,,AmpLess,,Amplitube Collection,Harmonic Coloration,,,,,,,,,"Guitar,Stomp",effects:82257eff-56fc-40a1-b9cc-567c68a11861
35332749-1bf7-4334-8cf0-83d06da4eaf5,acd9f372-74fb-4c7d-b2a3-ea540c5917f2,,X-DRIVE,,X-Gear (X-DRIVE),Harmonic Coloration,,,4 original settings,,,,,,Stomp,effects:82257eff-56fc-40a1-b9cc-567c68a11861
35136fe4-c55d-49c7-9515-9b8fc4339646,acd9f372-74fb-4c7d-b2a3-ea540c5917f2,,Digital Chorus,,Amplitube Collection,Modulation,,,,,,,,,,effects:82257eff-56fc-40a1-b9cc-567c68a11861
0129485e-b28d-4b35-b2ae-74353854456c,acd9f372-74fb-4c7d-b2a3-ea540c5917f2,,Digital Flanger,,Amplitube Collection,Modulation,,,,,,,,,,effects:82257eff-56fc-40a1-b9cc-567c68a11861
76ea8bda-ac69-4c8e-918a-3f1f30c9ad23,acd9f372-74fb-4c7d-b2a3-ea540c5917f2,,Step Filter,,Amplitube Collection,Modulation,,,,,,,,,"Guitar,Stomp",effects:82257eff-56fc-40a1-b9cc-567c68a11861
b5458b66-ba4b-4187-9b45-f77e4542a522,acd9f372-74fb-4c7d-b2a3-ea540c5917f2,,Pitch Shifter,,Amplitube Collection,Pitch Tools,,,,,,,,,"Guitar,Stomp",effects:82257eff-56fc-40a1-b9cc-567c68a11861
18faaf48-ec9d-4c5d-9ff3-807989b79aa5,acd9f372-74fb-4c7d-b2a3-ea540c5917f2,,X-VIBE,,X-Gear (X-VIBE),Pitch Tools,,,16 original settings,,,,,,Stomp,effects:82257eff-56fc-40a1-b9cc-567c68a11861
757d34df-aef0-4ba9-97f3-87a25c598355,acd9f372-74fb-4c7d-b2a3-ea540c5917f2,,Amp Closet,,Amplitube Room,Reverb&Room,,,,,,,,,,effects:82257eff-56fc-40a1-b9cc-567c68a11861
0dea4cf7-c578-42a9-87bc-147f857474bc,acd9f372-74fb-4c7d-b2a3-ea540c5917f2,,Bathroom,,Amplitube Room,Reverb&Room,,,,,,,,,,effects:82257eff-56fc-40a1-b9cc-567c68a11861
827164d4-f077-4529-a669-bfdcd5e95545,acd9f372-74fb-4c7d-b2a3-ea540c5917f2,,Garage,,Amplitube Room,Reverb&Room,,,,,,,,,,effects:82257eff-56fc-40a1-b9cc-567c68a11861
80d83b53-6642-483a-ab39-6d318d608192,acd9f372-74fb-4c7d-b2a3-ea540c5917f2,,Hall,,Amplitube Room,Reverb&Room,,,,,,,,,,effects:82257eff-56fc-40a1-b9cc-567c68a11861
b048866e-cc68-4933-bd75-a9e20172c64d,acd9f372-74fb-4c7d-b2a3-ea540c5917f2,,Large Studio,,Amplitube Room,Reverb&Room,,,,,,,,,,effects:82257eff-56fc-40a1-b9cc-567c68a11861
4e877dd4-8797-4708-bd28-2ad09314d2ca,acd9f372-74fb-4c7d-b2a3-ea540c5917f2,,Mid Studio,,Amplitube Room,Reverb&Room,,,,,,,,,,effects:82257eff-56fc-40a1-b9cc-567c68a11861
19e21062-bf6f-4176-8302-99d76ce76eef,acd9f372-74fb-4c7d-b2a3-ea540c5917f2,,Shimmer Reverb,,Amplitube Collection,Reverb&Room,,,,,,,,,,effects:82257eff-56fc-40a1-b9cc-567c68a11861
b77a02cb-d223-49d9-9f32-72a75adf370c,acd9f372-74fb-4c7d-b2a3-ea540c5917f2,,Small Studio,,Amplitube Room,Reverb&Room,,,,,,,,,,effects:82257eff-56fc-40a1-b9cc-567c68a11861
7f270ddc-b165-4fce-8630-0a15636f8bc5,acd9f372-74fb-4c7d-b2a3-ea540c5917f2,,Subway,,Amplitube Room,Reverb&Room,,,,,,,,,,effects:82257eff-56fc-40a1-b9cc-567c68a11861
f56cefdd-2638-4118-966b-21147fc5fab1,acd9f372-74fb-4c7d-b2a3-ea540c5917f2,,X-SPACE,,X-Gear (X-SPACE),Reverb&Room,,,16 original settings,,,,,,"Guitar,Stomp",effects:82257eff-56fc-40a1-b9cc-567c68a11861
37eb7472-0f45-441e-9c7b-1b4feccc2b87,acd9f372-74fb-4c7d-b2a3-ea540c5917f2,,Stereo Enhancer,,Amplitube Collection,Spatial Processing,,,,Only use this if I'm working in Amplitube,,,,,,effects:82257eff-56fc-40a1-b9cc-567c68a11861
155a7ed9-b17c-47be-b256-bc52c20df901,acd9f372-74fb-4c7d-b2a3-ea540c5917f2,29b93ab2-6e7d-45af-bb18-f5e1281d3e1a,Condenser 12,,,Microphone,,,Standalone Mic / Overhead Pair / Amplitube Room,"AKG C12 DNU 
Embedded in Amplitube",,,,,Modeled,"effects:82257eff-56fc-40a1-b9cc-567c68a11861,effects:f3124776-1500-420e-996e-9d4e27744245"
cedffb76-366e-4f7e-b236-a6be3e5a3368,acd9f372-74fb-4c7d-b2a3-ea540c5917f2,5b562401-5db1-4f74-ab9a-b3c142f4cc6c,Vintage Dynamic 20,,,Microphone,,,,"AKG D20 TOP
Embedded in Amplitube",,,,,Modeled,"effects:82257eff-56fc-40a1-b9cc-567c68a11861,effects:f3124776-1500-420e-996e-9d4e27744245"
9ba0cebb-8133-4feb-a08e-1a80ceb29d25,acd9f372-74fb-4c7d-b2a3-ea540c5917f2,11b07f9e-f95f-4b9c-b7f9-fbe6b6fa10df,Ribbon 160,,,Microphone,,,,Beyerdynamic M160 ALT (Tone),,,,,Modeled,"effects:82257eff-56fc-40a1-b9cc-567c68a11861,effects:f3124776-1500-420e-996e-9d4e27744245"
3aaa5a20-c134-4596-a232-6da73e4191ba,acd9f372-74fb-4c7d-b2a3-ea540c5917f2,ee9d0cd3-2467-4d96-a412-c7fc0b339063,Tube VM,,,Microphone,,,,Brauner VM1 ALT (Tone),,,,,Modeled,"effects:82257eff-56fc-40a1-b9cc-567c68a11861,effects:f3124776-1500-420e-996e-9d4e27744245"
4f5474a1-6230-4c7a-9e69-ac031b317b90,acd9f372-74fb-4c7d-b2a3-ea540c5917f2,ea997eeb-dbbc-4195-9ab7-ba340575d571,Dynamic 20,,,Microphone,,,,Electro-Voice RE20 ALT(Tone),,,,,Modeled,"effects:82257eff-56fc-40a1-b9cc-567c68a11861,effects:f3124776-1500-420e-996e-9d4e27744245"
1aacf002-0092-49c5-8507-90e5598fef0a,acd9f372-74fb-4c7d-b2a3-ea540c5917f2,e6dc2362-8bd1-4c56-b1f6-3e8af0fbd460,MD1b,,,Microphone,,,,,,,,,Modeled,"effects:82257eff-56fc-40a1-b9cc-567c68a11861,effects:f3124776-1500-420e-996e-9d4e27744245"
2ded2ecb-4242-4ece-a651-3fe92e9b8c0b,acd9f372-74fb-4c7d-b2a3-ea540c5917f2,e6dc2362-8bd1-4c56-b1f6-3e8af0fbd460,MD1b-FET,,,Microphone,,,,,,,,,Modeled,"effects:82257eff-56fc-40a1-b9cc-567c68a11861,effects:f3124776-1500-420e-996e-9d4e27744245"
9929ae99-819f-45fd-a84a-7f99b9abdb6d,acd9f372-74fb-4c7d-b2a3-ea540c5917f2,eeb0f21b-aa69-4fd3-801c-aa61dbcb655d,Velo-8,,,Microphone,,,,,,,,,Modeled,"effects:82257eff-56fc-40a1-b9cc-567c68a11861,effects:f3124776-1500-420e-996e-9d4e27744245"
d88f0252-60b5-429a-ac4e-1ac33f1be156,acd9f372-74fb-4c7d-b2a3-ea540c5917f2,eab21592-9d28-4b24-8734-54d64ae69ac3,Bottle 563,,,Microphone,,,,,,,,,Modeled,"effects:82257eff-56fc-40a1-b9cc-567c68a11861,effects:f3124776-1500-420e-996e-9d4e27744245"
f8b74705-fac1-4133-9da2-49ee3ea9ffc4,acd9f372-74fb-4c7d-b2a3-ea540c5917f2,afc83862-f4bb-4b05-8740-bca414075583,Condenser 170,,,Microphone,,,Standalone Mic / Overhead Pair / Amplitube Room,,,,,,Modeled,"effects:82257eff-56fc-40a1-b9cc-567c68a11861,effects:f3124776-1500-420e-996e-9d4e27744245"
36abe6fe-ce01-43d0-89a2-ba834536edc1,acd9f372-74fb-4c7d-b2a3-ea540c5917f2,4b9f69ac-efbc-490c-8509-49ef51dd8983,Condenser 67,,,Microphone,,,,"Neumann U67 ALT (Tone)
Embedded in AmpliTube",,,,,Modeled,"effects:82257eff-56fc-40a1-b9cc-567c68a11861,effects:f3124776-1500-420e-996e-9d4e27744245"
385794cd-f328-464e-ac90-e92fc2d78922,acd9f372-74fb-4c7d-b2a3-ea540c5917f2,851fbdce-1ba8-480f-bc5a-5911742f3072,Condenser 87,,,Microphone,,,Standalone Mic / Overhead Pair / Amplitube Room,"Neumann U87 ALT (Tone)
Embedded in AmpliTube",,,,,Modeled,"effects:82257eff-56fc-40a1-b9cc-567c68a11861,effects:f3124776-1500-420e-996e-9d4e27744245"
32f6c4e9-c87b-4202-9be8-705c353ac718,acd9f372-74fb-4c7d-b2a3-ea540c5917f2,0ad2770c-712f-444f-9736-16c6440c2f73,Ribbon 121,,,Microphone,,,,"Royer R121 ALT (Tone)
Embedded in Amplitube",,,,,Modeled,"effects:82257eff-56fc-40a1-b9cc-567c68a11861,effects:f3124776-1500-420e-996e-9d4e27744245"
b09e204a-ca5a-46db-8dab-c045699be799,acd9f372-74fb-4c7d-b2a3-ea540c5917f2,2a833bc8-ccbd-4153-bbf1-eb210aa8c81f,Dynamic 609,,,Microphone,,,,"Sennheiser e609 TOP
Embedded in Amplitube",,,,,Modeled,"effects:82257eff-56fc-40a1-b9cc-567c68a11861,effects:f3124776-1500-420e-996e-9d4e27744245"
179e5bd4-2c1c-4155-bd21-f5fb338abdb9,acd9f372-74fb-4c7d-b2a3-ea540c5917f2,23136b4f-7a6c-4002-91cf-e8eeddbd7886,Dynamic 421,,,Microphone,,,,"Sennheiser MD421 ALT (None)
Embedded in Amplitube",,,,,Modeled,"effects:82257eff-56fc-40a1-b9cc-567c68a11861,effects:f3124776-1500-420e-996e-9d4e27744245"
322f8d43-b5ed-4be3-97f0-326a35305f4d,acd9f372-74fb-4c7d-b2a3-ea540c5917f2,d9a78bee-a323-40f7-b84c-61cb41b25635,Dynamic 441,,,Microphone,,,,"Sennheiser MD441 ALT (None)
Embedded in Amplitube",,,,,Modeled,"effects:82257eff-56fc-40a1-b9cc-567c68a11861,effects:f3124776-1500-420e-996e-9d4e27744245"
4d601425-2bcb-42ed-9906-c59ed7f5ae9d,acd9f372-74fb-4c7d-b2a3-ea540c5917f2,79814379-1425-4319-be7b-f74f7f55b17f,Condenser 414,,,Microphone,,,Standalone Mic / Overhead Pair / Amplitube Room,"AKG C414 EB ALT (Tone)
Embedded in Amplitube & TONEX",,,,,Modeled,"effects:82257eff-56fc-40a1-b9cc-567c68a11861,effects:f3124776-1500-420e-996e-9d4e27744245,effects:560887e9-8a5f-42c5-b8fd-ffd183041b33"
3b21d1bf-6c25-498f-8eef-4f012ef0867d,acd9f372-74fb-4c7d-b2a3-ea540c5917f2,549bb580-b01e-49b8-90ac-406c42939502,Dynamic 57,,,Microphone,,,,"Shure SM57 ALT (None)
Embedded in Amplitube and TONEX",,,,,Modeled,"effects:82257eff-56fc-40a1-b9cc-567c68a11861,effects:f3124776-1500-420e-996e-9d4e27744245,effects:560887e9-8a5f-42c5-b8fd-ffd183041b33"
6cbd9e15-a870-4272-a125-7b2355d45360,acd9f372-74fb-4c7d-b2a3-ea540c5917f2,304defe8-d9d4-4bc2-be04-9be44c83fc97,SVX-CL,,Amplitube SVX,,,,,Ampeg SVT-CL ALT (Tone),,,,,"Bass,Modeled","effects:82257eff-56fc-40a1-b9cc-567c68a11861,effects:010d8f6b-1a96-43d6-852b-2722899cd2f6"
d726d702-cbc1-4a4b-835e-47262fcd9dd7,acd9f372-74fb-4c7d-b2a3-ea540c5917f2,304defe8-d9d4-4bc2-be04-9be44c83fc97,SVT Classic (MixBox),,Amplitube SVX,,,,,Ampeg SVT-CL ALT (Tone),,,,,"Bass,Modeled","effects:82257eff-56fc-40a1-b9cc-567c68a11861,effects:010d8f6b-1a96-43d6-852b-2722899cd2f6"
fd75813b-9870-4015-ac43-da2f3f3aadcf,acd9f372-74fb-4c7d-b2a3-ea540c5917f2,12f9c9d3-404d-454c-8d20-6ea7770957a3,EQ-PG,6.3.0,"Amplitube Collection
T-Racks",EQ,Plugin,"AU,VST3",,Standalone; Embedded in Amplitube and MixBox.,,,,,Modeled,"effects:82257eff-56fc-40a1-b9cc-567c68a11861,effects:010d8f6b-1a96-43d6-852b-2722899cd2f6"
ad9ad617-7247-4eaf-b96d-02b9700e8a48,acd9f372-74fb-4c7d-b2a3-ea540c5917f2,b4864be2-5ccd-4ba8-a063-75de422b21ec,Chorus-1,,Amplitube Collection,Modulation,,,,Boss CE-1 ALT (Tone),,,,,"Guitar,Modeled,Stomp","effects:82257eff-56fc-40a1-b9cc-567c68a11861,effects:010d8f6b-1a96-43d6-852b-2722899cd2f6"
74fdef22-7168-483d-a036-24d778eab3d4,acd9f372-74fb-4c7d-b2a3-ea540c5917f2,b4864be2-5ccd-4ba8-a063-75de422b21ec,Chorus C1 (Mixbox),,Amplitube Collection,Modulation,,,,Boss CE-1 ALT (Tone),,,,,"Guitar,Modeled,Stomp","effects:82257eff-56fc-40a1-b9cc-567c68a11861,effects:010d8f6b-1a96-43d6-852b-2722899cd2f6"
39e09496-30c4-439c-95c1-cb527a7a1412,acd9f372-74fb-4c7d-b2a3-ea540c5917f2,02542601-4afa-49c0-b4a7-1676dbf802f0,Chorus,,Amplitube Collection,Modulation,,,,Boss CE-2 ALT (Tone),,,,,"Guitar,Modeled,Stomp","effects:82257eff-56fc-40a1-b9cc-567c68a11861,effects:010d8f6b-1a96-43d6-852b-2722899cd2f6"
499afcfb-b75a-44a2-9275-3e8ee3bf4630,acd9f372-74fb-4c7d-b2a3-ea540c5917f2,28398815-1483-4338-9cae-1e5b5fe27d91,Distortion,,Amplitube Metal,Harmonic Coloration,,,,Boss DS-1 ALT (Tone),,,,,"Guitar,Modeled,Stomp","effects:82257eff-56fc-40a1-b9cc-567c68a11861,effects:010d8f6b-1a96-43d6-852b-2722899cd2f6"
d8aee25c-1cb6-404a-b47c-f39a96b6c9f7,acd9f372-74fb-4c7d-b2a3-ea540c5917f2,53b722c7-12ec-43bf-8e55-aa3ea4b71800,Slicer,,Amplitube Collection,Modulation,,,,,,,,,"Guitar,Modeled,Stomp","effects:82257eff-56fc-40a1-b9cc-567c68a11861,effects:010d8f6b-1a96-43d6-852b-2722899cd2f6"
56d6e407-5027-4895-af09-4ca3bff42bf4,acd9f372-74fb-4c7d-b2a3-ea540c5917f2,53b722c7-12ec-43bf-8e55-aa3ea4b71800,Step Slicer,,Amplitube Collection,Modulation,,,,,,,,,"Guitar,Modeled,Stomp","effects:82257eff-56fc-40a1-b9cc-567c68a11861,effects:010d8f6b-1a96-43d6-852b-2722899cd2f6"
3657e6b7-4081-4c6c-bb67-26c25251f04f,acd9f372-74fb-4c7d-b2a3-ea540c5917f2,d882713b-cf17-4e88-a0de-55b6265299a6,Filter-C,,Amplitube Collection,Modulation,,,,,,,,,"Guitar,Modeled,Stomp","effects:82257eff-56fc-40a1-b9cc-567c68a11861,effects:010d8f6b-1a96-43d6-852b-2722899cd2f6"
c8651258-b1b9-476d-b46f-0df08c0504a9,acd9f372-74fb-4c7d-b2a3-ea540c5917f2,a36173ab-55dc-4d6f-ac55-f280f2078a30,Electric Flanger,,Amplitube Collection,Modulation,,,,Electro-Harmonix Electric Mistress ALT (Tone),,,,,"Guitar,Modeled,Stomp","effects:82257eff-56fc-40a1-b9cc-567c68a11861,effects:010d8f6b-1a96-43d6-852b-2722899cd2f6"
115bd5d0-47e2-4eb2-a330-3c8111166220,acd9f372-74fb-4c7d-b2a3-ea540c5917f2,b4a4341f-029d-42dc-aaa7-3aa99feece7e,Envelope Filter,,,Modulation,,,,Electro-Harmonix Q-Tron TOP,,,,,"Guitar,Modeled,Stomp","effects:82257eff-56fc-40a1-b9cc-567c68a11861,effects:010d8f6b-1a96-43d6-852b-2722899cd2f6"
3262aae2-313f-4d1a-ae93-d145a9510989,acd9f372-74fb-4c7d-b2a3-ea540c5917f2,e32acd81-83db-40ae-86e0-7e884a27c013,Filter Phaser,,Amplitube Collection,Modulation,,,,Electro-Harmonix Small Stone ALT (Tone),,,,,"Guitar,Modeled,Stomp","effects:82257eff-56fc-40a1-b9cc-567c68a11861,effects:010d8f6b-1a96-43d6-852b-2722899cd2f6"
17212c23-3d9b-4bdf-925a-e61225cd8670,acd9f372-74fb-4c7d-b2a3-ea540c5917f2,e32acd81-83db-40ae-86e0-7e884a27c013,Small Phazer,,Amplitube Collection,Modulation,,,,Electro-Harmonix Small Stone ALT (Tone),,,,,"Guitar,Modeled,Stomp","effects:82257eff-56fc-40a1-b9cc-567c68a11861,effects:010d8f6b-1a96-43d6-852b-2722899cd2f6"
dc7d9488-88e4-4ae6-9217-a0c02b729557,acd9f372-74fb-4c7d-b2a3-ea540c5917f2,fd4cabf5-332d-4201-8afb-5a1f9756df55,VC-670,6.3.0,"Amplitube Collection
T-Racks",Dynamics,Plugin,"AU,VST3",,"Fairchild 670 ALT (Tone)
Embedded in AmpliTube / MixBox; Standalone",,,,,"Mastering,Modeled","effects:82257eff-56fc-40a1-b9cc-567c68a11861,effects:010d8f6b-1a96-43d6-852b-2722899cd2f6"
caaed957-380a-4e2f-bac8-9e0d3cbc7856,acd9f372-74fb-4c7d-b2a3-ea540c5917f2,fd4cabf5-332d-4201-8afb-5a1f9756df55,Model 670 (AmpliTube / MixBox),6.3.0,"Amplitube Collection
T-Racks",Dynamics,Plugin,"AU,VST3",,"Fairchild 670 ALT (Tone)
Embedded in AmpliTube / MixBox; Standalone",,,,,"Mastering,Modeled","effects:82257eff-56fc-40a1-b9cc-567c68a11861,effects:010d8f6b-1a96-43d6-852b-2722899cd2f6"
8101fbd1-f004-4ae6-82f3-5c95f1ea7893,acd9f372-74fb-4c7d-b2a3-ea540c5917f2,3fcec5f5-e8ae-47ec-b4d7-ceb4118fbdcb,Opto Tremolo,,Amplitube Collection,Modulation,,,Optical Tremolo Circuit only,Fender Opto Trem ALT (Tone),,,,,"Guitar,Modeled","effects:82257eff-56fc-40a1-b9cc-567c68a11861,effects:010d8f6b-1a96-43d6-852b-2722899cd2f6"
994da859-8bbc-4dcf-beab-4ea0e9ee8358,acd9f372-74fb-4c7d-b2a3-ea540c5917f2,3fcec5f5-e8ae-47ec-b4d7-ceb4118fbdcb,Tremolo,,Fender Collection,Modulation,,,Optical Tremolo Circuit only,Fender Opto Trem ALT (Tone),,,,,Modeled,"effects:82257eff-56fc-40a1-b9cc-567c68a11861,effects:010d8f6b-1a96-43d6-852b-2722899cd2f6"
e28e6b61-1762-408d-aac7-1846dc4ad546,acd9f372-74fb-4c7d-b2a3-ea540c5917f2,ba9eded9-0e7c-45b5-afb4-9bed2c1dd71c,American Vintage T,,Electric Gypsy Collection,,,,(1968) (clean) 2x12 JBL D120F w/ spring reverb,Fender 68 Twin Reverb ALT (Tone),,,,,"Guitar,Modeled","effects:82257eff-56fc-40a1-b9cc-567c68a11861,effects:010d8f6b-1a96-43d6-852b-2722899cd2f6"
08f919b4-9eb7-4038-808a-467271b35304,acd9f372-74fb-4c7d-b2a3-ea540c5917f2,4dac94fe-9985-4381-ae97-947323ab9092,Phaser,,Fender Collection,Modulation,,,,,,,,,"Guitar,Modeled,Stomp","effects:82257eff-56fc-40a1-b9cc-567c68a11861,effects:010d8f6b-1a96-43d6-852b-2722899cd2f6"
c957c111-c358-4b4a-8737-7b0c1b8b40c0,acd9f372-74fb-4c7d-b2a3-ea540c5917f2,2cc0bdbc-a0a3-4d40-b1f2-9ddbf893052e,OverScream,,Amplitube Collection,Harmonic Coloration,,,,Ibanez TS808 ALT (Tone),,,,,"Guitar,Modeled,Stomp","effects:82257eff-56fc-40a1-b9cc-567c68a11861,effects:010d8f6b-1a96-43d6-852b-2722899cd2f6"
4f5ec900-a347-4ed1-914d-fbf8ac1e72fc,acd9f372-74fb-4c7d-b2a3-ea540c5917f2,9fcb82cf-f9e3-4172-984e-08449118e3b5,Overdrive,,Amplitube Collection,Harmonic Coloration,,,,Ibanez TS9 TOP,,,,,"Guitar,Modeled,Stomp","effects:82257eff-56fc-40a1-b9cc-567c68a11861,effects:010d8f6b-1a96-43d6-852b-2722899cd2f6"
d3dce2bd-0a2e-4b3c-93c0-b96b2b6e020e,acd9f372-74fb-4c7d-b2a3-ea540c5917f2,"1c36172d-b5d1-46f5-b2bd-9c1ed27bda0a,b2bd9797-32c3-4b59-bcc8-d7820f67cba9",Rotary Speaker,,Amplitube Collection,Modulation,,,,"Leslie 122 ALT (Tone)
Leslie 147 ALT (Tone)",,,,,Modeled,"effects:82257eff-56fc-40a1-b9cc-567c68a11861,effects:010d8f6b-1a96-43d6-852b-2722899cd2f6"
4634b52f-6b6d-4e6c-b808-0feae2e34f54,acd9f372-74fb-4c7d-b2a3-ea540c5917f2,b15a229a-cfb3-4c7f-b131-b1ad647f6fc4,British Tube Lead,,Amplitube Collection,,,,(high-gain),Marshall JCM900 ALT  (Tone),,,,,"Guitar,Modeled","effects:82257eff-56fc-40a1-b9cc-567c68a11861,effects:010d8f6b-1a96-43d6-852b-2722899cd2f6"
d82c0513-57af-435c-939b-6005fc2b6c40,acd9f372-74fb-4c7d-b2a3-ea540c5917f2,b15a229a-cfb3-4c7f-b131-b1ad647f6fc4,British Tube Lead 2,,Amplitube Collection,,,,(high-gain),Marshall JCM900 ALT  (Tone),,,,,"Guitar,Modeled","effects:82257eff-56fc-40a1-b9cc-567c68a11861,effects:010d8f6b-1a96-43d6-852b-2722899cd2f6"
908cbf0e-b7d5-4dfc-83ae-ae58ff6cbe87,acd9f372-74fb-4c7d-b2a3-ea540c5917f2,b9a1d9c3-3cfc-4d49-8712-dd5711c9b1db,Modern Tube Lead,,Amplitube Collection,,,,(high-gain),Mesa/Boogie Dual Rectifier ALT (Tone),,,,,"Guitar,Modeled","effects:82257eff-56fc-40a1-b9cc-567c68a11861,effects:010d8f6b-1a96-43d6-852b-2722899cd2f6"
4fa19fab-bda3-4506-a57f-48f3ced52902,acd9f372-74fb-4c7d-b2a3-ea540c5917f2,e4d25488-692d-4d17-84c0-3dc038fd53e9,Filter-M,,Amplitube Collection,Modulation,,,,"Moog MF-101 TOP
Embedded in Amplitube and MixBox",,,,,"Guitar,Modeled,Stomp","effects:82257eff-56fc-40a1-b9cc-567c68a11861,effects:010d8f6b-1a96-43d6-852b-2722899cd2f6"
485fa776-b2ec-4183-8c3d-960dc6316c7c,acd9f372-74fb-4c7d-b2a3-ea540c5917f2,e4d25488-692d-4d17-84c0-3dc038fd53e9,LFO Filter,,Amplitube Collection,Modulation,,,,"Moog MF-101 TOP
Embedded in Amplitube and MixBox",,,,,"Guitar,Modeled,Stomp","effects:82257eff-56fc-40a1-b9cc-567c68a11861,effects:010d8f6b-1a96-43d6-852b-2722899cd2f6"
fd9fe583-5360-4519-8f24-6031e908d73c,acd9f372-74fb-4c7d-b2a3-ea540c5917f2,8a4fb42d-c8d7-4755-8be0-da9ebafdccbb,Compressor,,Amplitube Collection,Dynamics,,,,MXR Dyna Comp ALT (Tone),,,,,"Guitar,Modeled,Stomp","effects:82257eff-56fc-40a1-b9cc-567c68a11861,effects:010d8f6b-1a96-43d6-852b-2722899cd2f6"
c3bc5aa5-4904-481d-8045-54de3850fe8c,acd9f372-74fb-4c7d-b2a3-ea540c5917f2,267c9c83-8f62-490a-9ce7-226d54c02e88,Flanger,,Amplitube Collection,Modulation,,,,MXR Flanger ALT (Tone),,,,,"Guitar,Modeled,Stomp","effects:82257eff-56fc-40a1-b9cc-567c68a11861,effects:010d8f6b-1a96-43d6-852b-2722899cd2f6"
7af62966-6ee4-487f-9752-b8b69426e629,acd9f372-74fb-4c7d-b2a3-ea540c5917f2,e2f223eb-d44e-47fa-82a6-d3b15fb984d9,EQ-81,6.3.0,"Amplitube Collection
T-Racks",EQ,Plugin,"AU,VST3",,"Neve 1081 ALT (Tone)
Standalone; Embedded in Amplitube and MixBox",,,,,Modeled,"effects:82257eff-56fc-40a1-b9cc-567c68a11861,effects:010d8f6b-1a96-43d6-852b-2722899cd2f6"
9d461645-e2db-4a0d-a715-3196ce229ecf,acd9f372-74fb-4c7d-b2a3-ea540c5917f2,f52e00fd-5253-494e-8925-b684d4a0802f,Filter-O,,Amplitube Collection,Modulation,,,,,,models the sound of the iconic Oberheim state variable filter (Oberheim SEM),,,"Guitar,Modeled,Stomp","effects:82257eff-56fc-40a1-b9cc-567c68a11861,effects:010d8f6b-1a96-43d6-852b-2722899cd2f6"
bad2ce02-c086-4fc5-931a-2482df9bfa83,acd9f372-74fb-4c7d-b2a3-ea540c5917f2,1ef57c13-1347-46c8-851c-94ff8711268c,Vintage EQ1-A,,Amplitube Collection,EQ,,,,Embedded in Amplitube and MixBox,,,,,Modeled,"effects:82257eff-56fc-40a1-b9cc-567c68a11861,effects:010d8f6b-1a96-43d6-852b-2722899cd2f6"
75032fa3-6fea-40c5-a767-bd184d854b9d,acd9f372-74fb-4c7d-b2a3-ea540c5917f2,de1aad9e-d5fe-4384-b91a-eb841f417bb5,Filter-R,,Amplitube Collection,Modulation,,,,,,,,,"Guitar,Modeled,Stomp","effects:82257eff-56fc-40a1-b9cc-567c68a11861,effects:010d8f6b-1a96-43d6-852b-2722899cd2f6"
84d7ccff-cd04-4e22-a6ac-bd88f62bf804,acd9f372-74fb-4c7d-b2a3-ea540c5917f2,b6496468-8d49-4bdd-af12-0e5ee03662d0,Jazz Amp 120,,Amplitube Collection,,,,(clean),Roland JC-120 ALT (Tone),,,,,"Guitar,Modeled","effects:82257eff-56fc-40a1-b9cc-567c68a11861,effects:010d8f6b-1a96-43d6-852b-2722899cd2f6"
fa5955a9-2f43-43af-97cb-0b4090dea83d,acd9f372-74fb-4c7d-b2a3-ea540c5917f2,d285c26f-ab38-4541-bf33-b8f8d4c87fd6,Uni-V,,Electric Gypsy Collection,Modulation,,,,Shin-ei Uni-Vibe ALT (Tone),,,,,"Guitar,Modeled,Stomp","effects:82257eff-56fc-40a1-b9cc-567c68a11861,effects:010d8f6b-1a96-43d6-852b-2722899cd2f6"
f31c9b2c-3754-4976-8ff4-96524bfd5078,acd9f372-74fb-4c7d-b2a3-ea540c5917f2,2356038c-2255-4bd3-b2c8-1d552de0551d,Tape Cassette,,Amplitube Collection,Harmonic Coloration,,,,Standalone; Embedded in Amplitube and MixBox.,,,,,Modeled,"effects:82257eff-56fc-40a1-b9cc-567c68a11861,effects:010d8f6b-1a96-43d6-852b-2722899cd2f6"
8da72845-6e09-4534-93b7-ff2338e8c013,acd9f372-74fb-4c7d-b2a3-ea540c5917f2,15418602-13b7-444d-b651-740180bc63e4,White 2A,6.3.0,"Amplitube Collection
T-Racks",Dynamics,Plugin,"AU,VST3",,"Teletronix LA-2A ALT (Tone)
Embedded in Amplitube and MixBox",,,,,Modeled,"effects:82257eff-56fc-40a1-b9cc-567c68a11861,effects:010d8f6b-1a96-43d6-852b-2722899cd2f6"
11de7489-dedb-414e-9052-8369f9cea00c,acd9f372-74fb-4c7d-b2a3-ea540c5917f2,e834df33-7018-4575-8ace-400e9f6457f8,Black 76,6.3.0,T-Racks,Dynamics,Plugin,"AU,VST3",,"UREI 1176 LN Rev E ALT (Tone)
Embedded in Amplitube and MixBox",,,,,Modeled,"effects:82257eff-56fc-40a1-b9cc-567c68a11861,effects:010d8f6b-1a96-43d6-852b-2722899cd2f6"
3ba46461-ca23-4c2e-9511-3dd50f8555a9,acd9f372-74fb-4c7d-b2a3-ea540c5917f2,5ed0ab79-b776-453a-9426-3a4bcf7fb67a,Wah 47,,Amplitube Metal,Modulation,,,,Vox 847 Wah ALT (Tone),,,,,"Guitar,Modeled,Stomp","effects:82257eff-56fc-40a1-b9cc-567c68a11861,effects:010d8f6b-1a96-43d6-852b-2722899cd2f6"
c6d45617-ac90-49b8-89f9-861912b19228,acd9f372-74fb-4c7d-b2a3-ea540c5917f2,a2d977e8-093e-4bff-a9b9-1022fd45dff4,Crusher,,Amplitube Collection,Harmonic Coloration,,,,Z Vex Fuzz Factory ALT (Tone),,,,,"Guitar,Modeled,Stomp","effects:82257eff-56fc-40a1-b9cc-567c68a11861,effects:010d8f6b-1a96-43d6-852b-2722899cd2f6"
23676f45-81d1-4971-9e5e-ce64142c30c9,acd9f372-74fb-4c7d-b2a3-ea540c5917f2,,Parametric EQ,,Amplitube Collection,EQ,,,,,,,,,,"effects:82257eff-56fc-40a1-b9cc-567c68a11861,effects:010d8f6b-1a96-43d6-852b-2722899cd2f6"
546cfa2b-c44e-435f-963c-fa0b936df927,acd9f372-74fb-4c7d-b2a3-ea540c5917f2,,Saturator X,6.3.0,"Amplitube Collection
T-Racks",Harmonic Coloration,Plugin,"AU,VST3","10 categories of distortion / saturation [2 analog tape emulators, 2 RMS peak (soft) distortions, tube + solid state push pull (odd harmonics); tube + solid state Class A (asymmetrical ""halo"" distortion; iron / steel core transformer distortion (balanced harmonics) ] w/ brickwall limiter at end of chain",Standalone; Embedded in Amplitube and MixBox.,,,,,,"effects:82257eff-56fc-40a1-b9cc-567c68a11861,effects:010d8f6b-1a96-43d6-852b-2722899cd2f6"
c0cb4e07-a8c7-447e-919a-1537a4de2537,acd9f372-74fb-4c7d-b2a3-ea540c5917f2,,Filter Formant,,Amplitube Collection,Modulation,,,,,,generates the resonances of the human vocal tract for vocal-like timbres.,,,,"effects:82257eff-56fc-40a1-b9cc-567c68a11861,effects:010d8f6b-1a96-43d6-852b-2722899cd2f6"
5adf1ad0-111f-44a9-a8c1-8e0ecd856fd7,acd9f372-74fb-4c7d-b2a3-ea540c5917f2,,AM Modulator,,Amplitube Collection,Modulation,,,,,,,,,,"effects:82257eff-56fc-40a1-b9cc-567c68a11861,effects:010d8f6b-1a96-43d6-852b-2722899cd2f6"
b830f3e1-b573-4f5f-a6d7-32b0379f1076,acd9f372-74fb-4c7d-b2a3-ea540c5917f2,,Auto Pan,,Amplitube Collection,Modulation,,,,,,,,,,"effects:82257eff-56fc-40a1-b9cc-567c68a11861,effects:010d8f6b-1a96-43d6-852b-2722899cd2f6"
eeedf4fd-70a6-4349-8954-60c3e15e7048,acd9f372-74fb-4c7d-b2a3-ea540c5917f2,,FM Modulator,,Amplitube Collection,Modulation,,,,,,,,,,"effects:82257eff-56fc-40a1-b9cc-567c68a11861,effects:010d8f6b-1a96-43d6-852b-2722899cd2f6"
fe145288-6c07-4e97-8a88-f1e6528b56c7,acd9f372-74fb-4c7d-b2a3-ea540c5917f2,,Digital Reverb,,Amplitube Collection,Reverb&Room,,,,,,,,,,"effects:82257eff-56fc-40a1-b9cc-567c68a11861,effects:010d8f6b-1a96-43d6-852b-2722899cd2f6"
cd2a278c-7ba2-4b4e-84b0-e24f8bd54faf,acd9f372-74fb-4c7d-b2a3-ea540c5917f2,,Hall Reverb,,Amplitube Collection,Reverb&Room,,,,,,,,,,"effects:82257eff-56fc-40a1-b9cc-567c68a11861,effects:010d8f6b-1a96-43d6-852b-2722899cd2f6"
52b92f75-3db6-4a0f-8fa7-bd32845c0e88,acd9f372-74fb-4c7d-b2a3-ea540c5917f2,,Inverse Reverb,,Amplitube Collection,Reverb&Room,,,,,,,,,,"effects:82257eff-56fc-40a1-b9cc-567c68a11861,effects:010d8f6b-1a96-43d6-852b-2722899cd2f6"
e72921a9-44c6-47fb-a011-eb35a5033bd5,acd9f372-74fb-4c7d-b2a3-ea540c5917f2,,Plate Reverb,,Amplitube Collection,Reverb&Room,,,,,,,,,,"effects:82257eff-56fc-40a1-b9cc-567c68a11861,effects:010d8f6b-1a96-43d6-852b-2722899cd2f6"
9e0fecd9-e039-4233-b8a5-046291107f65,acd9f372-74fb-4c7d-b2a3-ea540c5917f2,,Room Reverb,,Amplitube Collection,Reverb&Room,,,,,,,,,,"effects:82257eff-56fc-40a1-b9cc-567c68a11861,effects:010d8f6b-1a96-43d6-852b-2722899cd2f6"
9522dcf1-a34c-4c7a-8e7e-77f1c2eb08b5,d7fc8458-8d70-47c6-b4d0-90defac39616,231280e7-9bd3-4feb-b3c9-29fc25c3b517,B15,,,,,,8x10 Bass Super,Ampeg B-15 ALT (Tone),,,,,"Bass,Modeled",effects:2b9250b0-3442-4f2b-8f4c-069a233ad6ee
10a5404d-cba9-40f0-87d4-6c89458bbb37,d7fc8458-8d70-47c6-b4d0-90defac39616,aca21b8c-9312-4981-989e-8227e6454048,Heritage B15,,,,,,6x10 Bass Blue,Ampeg B-15 (Heritage) ALT (Tone),,,,,"Bass,Modeled",effects:2b9250b0-3442-4f2b-8f4c-069a233ad6ee
38c332c5-7c4b-44e8-ada4-d4e9fec09799,d7fc8458-8d70-47c6-b4d0-90defac39616,c2156785-d382-45b8-92d7-7c51833ca7de,American Bass,,,,,,(Blues) 4x12 Tweed Bass,Deprecated by Bias X,,,,,"Bass,Deprecated,Modeled",effects:2b9250b0-3442-4f2b-8f4c-069a233ad6ee
2658453f-a785-4996-a4cb-d68866d72635,d7fc8458-8d70-47c6-b4d0-90defac39616,c2156785-d382-45b8-92d7-7c51833ca7de,American Bass v2,,,,,,(Blues) 4x12 Tweed Bass,Deprecated by Bias X,,,,,"Bass,Deprecated,Modeled",effects:2b9250b0-3442-4f2b-8f4c-069a233ad6ee
165c0096-5d83-4b96-aab8-8f431c71bc0e,d7fc8458-8d70-47c6-b4d0-90defac39616,36ed8377-4e56-45d5-ac31-7073737fe9da,SVT II,,,,,,8x10 Bass Superb Eight,,,,,,"Bass,Modeled",effects:2b9250b0-3442-4f2b-8f4c-069a233ad6ee
f854de12-a08f-4f95-af76-030db8167ab4,d7fc8458-8d70-47c6-b4d0-90defac39616,9bf74e7d-f3ef-4de1-9cf9-a33084a80404,Red,,,,,,2x10 Bass Pro,Ampeg SVT-2 Pro ALT (Tone),,,,,"Bass,Modeled",effects:2b9250b0-3442-4f2b-8f4c-069a233ad6ee
e76843ca-275b-46ae-b5cc-8fed24a8b09b,d7fc8458-8d70-47c6-b4d0-90defac39616,9f0b65c2-8cf2-46aa-89d4-af6ac7a3f09b,Power Place,,,,,,(Insane) 4x12 Treadplate,Deprecated by BIAS X,,,,,"Deprecated,Guitar,Modeled",effects:2b9250b0-3442-4f2b-8f4c-069a233ad6ee
4b94d392-6f6b-4f60-973d-f60c3717f776,d7fc8458-8d70-47c6-b4d0-90defac39616,9f0b65c2-8cf2-46aa-89d4-af6ac7a3f09b,Power Place v2,,,,,,(Insane) 4x12 Treadplate,Deprecated by BIAS X,,,,,"Deprecated,Guitar,Modeled",effects:2b9250b0-3442-4f2b-8f4c-069a233ad6ee
4302516b-c664-4980-aca2-1fb15e582b82,d7fc8458-8d70-47c6-b4d0-90defac39616,d66254df-de0d-4807-bd92-3135cb9212d4,RB 101B,,,,,,(Hi-gain) 4x12 Celestion G12-75s,Bogner Uberschall ALT (Tone),,,,,"Guitar,Modeled",effects:2b9250b0-3442-4f2b-8f4c-069a233ad6ee
409eb385-4ad3-4c04-88e9-b285b2932042,d7fc8458-8d70-47c6-b4d0-90defac39616,d66254df-de0d-4807-bd92-3135cb9212d4,RB 101B v2,,,,,,(Hi-gain) 4x12 Celestion G12-75s,Bogner Uberschall ALT (Tone),,,,,"Guitar,Modeled",effects:2b9250b0-3442-4f2b-8f4c-069a233ad6ee
62fb5ee0-dc94-4fbf-8bd8-b6b9a9c4ef30,d7fc8458-8d70-47c6-b4d0-90defac39616,d66254df-de0d-4807-bd92-3135cb9212d4,RB Uber,,,,,,(Insane) 4x12 Celestion G12-75s,Bogner Uberschall ALT (Tone),,,,,"Guitar,Modeled",effects:2b9250b0-3442-4f2b-8f4c-069a233ad6ee
22851a1b-a28e-40c6-b99b-ae27e2b099a3,d7fc8458-8d70-47c6-b4d0-90defac39616,d66254df-de0d-4807-bd92-3135cb9212d4,Ubershall,,,,,,(Channel 2 only) (Metal) 4x12 G12M Greenbacks,Bogner Uberschall ALT (Tone),,,,,"Guitar,Modeled",effects:2b9250b0-3442-4f2b-8f4c-069a233ad6ee
ed23882b-3271-4425-aa73-2782e538e901,d7fc8458-8d70-47c6-b4d0-90defac39616,966bf316-f88b-498f-bcb7-0ea625c9c299,Herbert,,,,,,(Insane) 4x12 Thrasher,Diezel Herbert ALT (Tone),,,,,"Guitar,Modeled",effects:2b9250b0-3442-4f2b-8f4c-069a233ad6ee
feae8931-7a7a-464b-90ca-d87717e187c3,d7fc8458-8d70-47c6-b4d0-90defac39616,87fcb573-45cc-4dbc-a6ac-6f43e785efdf,92 VH4,,Legacy Series - HIGH GAIN,,,,4x12 OR V-30s,Diezel VH4 ALT (Tone),,,,,"Guitar,Modeled",effects:2b9250b0-3442-4f2b-8f4c-069a233ad6ee
05a5f0b4-78b6-43c3-ab0f-541c78fdbcfa,d7fc8458-8d70-47c6-b4d0-90defac39616,87fcb573-45cc-4dbc-a6ac-6f43e785efdf,Monster VH4,,Legacy Series - HIGH GAIN,,,,4x12 OR V-30s,Diezel VH4 ALT (Tone),,,,,"Guitar,Modeled",effects:2b9250b0-3442-4f2b-8f4c-069a233ad6ee
ec13bf3b-d2a1-4d2c-bdfd-e4b60f514a4a,d7fc8458-8d70-47c6-b4d0-90defac39616,87fcb573-45cc-4dbc-a6ac-6f43e785efdf,Monster VH4 v2,,Legacy Series - HIGH GAIN,,,,4x12 OR V-30s,Diezel VH4 ALT (Tone),,,,,"Guitar,Modeled",effects:2b9250b0-3442-4f2b-8f4c-069a233ad6ee
5a939391-6d51-42d6-8648-54ee3cac4f81,d7fc8458-8d70-47c6-b4d0-90defac39616,87fcb573-45cc-4dbc-a6ac-6f43e785efdf,VH4,,,,,,(Channel 3) (Metal) 4x12 G12M Greenbacks,Diezel VH4 ALT (Tone),,,,,"Guitar,Modeled",effects:2b9250b0-3442-4f2b-8f4c-069a233ad6ee
9a55676a-06e4-4501-8207-a18f34363731,d7fc8458-8d70-47c6-b4d0-90defac39616,ab01b84e-c280-4f4e-a605-121012a911e7,ODS 50 BS,,,,,,(Blues) 1x12 Tweed Lux,,,,,,"Guitar,Modeled",effects:2b9250b0-3442-4f2b-8f4c-069a233ad6ee
2fa85d09-0a13-45fb-b022-2ca0e6bdbb78,d7fc8458-8d70-47c6-b4d0-90defac39616,ab01b84e-c280-4f4e-a605-121012a911e7,ODS 50 CN,,,,,,(Clean) 2x12 Jazz Clean,,,,,,"Guitar,Modeled",effects:2b9250b0-3442-4f2b-8f4c-069a233ad6ee
136d66b6-d5f7-470d-9076-cd101d49cd99,d7fc8458-8d70-47c6-b4d0-90defac39616,5dba056e-3007-4294-9c5d-fa76d1c248a2,Power Ball,,,,,,"(Channel 4) (Insane)
4x12 Green 25s",Engl E645 Powerball ALT (Tone),,,,,"Guitar,Modeled",effects:2b9250b0-3442-4f2b-8f4c-069a233ad6ee
65e43318-f34d-46ea-be15-4a439a671740,d7fc8458-8d70-47c6-b4d0-90defac39616,a43d416a-96ad-4238-9b37-abc82f264909,Bassman 1962 CH,,,,,,(Crunch) 4x12 Celestion V30s,,,Recorded w/ Ibanez TS808,,,"Guitar,Modeled",effects:2b9250b0-3442-4f2b-8f4c-069a233ad6ee
dfbcb0d5-a28a-44f6-a3ac-1bcd5e9f32e3,d7fc8458-8d70-47c6-b4d0-90defac39616,a43d416a-96ad-4238-9b37-abc82f264909,Bassman 1962,,,,,,6x10 Bass Blue,,,,,,"Guitar,Modeled",effects:2b9250b0-3442-4f2b-8f4c-069a233ad6ee
497b51c8-ae71-4959-991e-077709c9b51d,d7fc8458-8d70-47c6-b4d0-90defac39616,a43d416a-96ad-4238-9b37-abc82f264909,Bassman 1962 GY,,,,,,(Glassy) 2x12 Black Duo,,,,,,"Guitar,Modeled",effects:2b9250b0-3442-4f2b-8f4c-069a233ad6ee
a36bf5d0-d843-4c2c-a18f-2fd51d80f883,d7fc8458-8d70-47c6-b4d0-90defac39616,3fcec5f5-e8ae-47ec-b4d7-ceb4118fbdcb,Deluxe Reverb GY,,,,,,(Glassy) 2x12 Black Duo,Fender '64 Custom Deluxe Reverb ALT (Tone),,,,,"Guitar,Modeled",effects:2b9250b0-3442-4f2b-8f4c-069a233ad6ee
83ff89fd-9425-42da-8750-fe7a601657e8,d7fc8458-8d70-47c6-b4d0-90defac39616,381fce48-2ff9-421c-891a-11af645a1f0c,Deluxe Reverb CH,,Legacy Series - CRUNCH,,,,(Crunch) 4x12 Celestion V30s,Fender '65 Deluxe Reverb ALT (Tone),,Recorded w/ Ibanez TS808,,,"Guitar,Modeled,Deprecated",effects:2b9250b0-3442-4f2b-8f4c-069a233ad6ee
02fd243e-389f-4930-bf84-dc3c145ec816,d7fc8458-8d70-47c6-b4d0-90defac39616,381fce48-2ff9-421c-891a-11af645a1f0c,Overdriven Deluxe,,Legacy Series - CRUNCH,,,,(Crunch) 4x12 Celestion V30s,Fender '65 Deluxe Reverb ALT (Tone),,Recorded w/ Ibanez TS808,,,"Guitar,Modeled,Deprecated",effects:2b9250b0-3442-4f2b-8f4c-069a233ad6ee
bca50c4d-2e68-4166-a870-5b7f27ab145c,d7fc8458-8d70-47c6-b4d0-90defac39616,381fce48-2ff9-421c-891a-11af645a1f0c,Overdriven Lux Verb,,Legacy Series - CRUNCH,,,,(Crunch) 4x12 Celestion V30s,Fender '65 Deluxe Reverb ALT (Tone),,Recorded w/ Ibanez TS808,,,"Guitar,Modeled,Deprecated",effects:2b9250b0-3442-4f2b-8f4c-069a233ad6ee
fce74080-0f87-41c5-8715-3dad6e60e10a,d7fc8458-8d70-47c6-b4d0-90defac39616,381fce48-2ff9-421c-891a-11af645a1f0c,65 American Lux,,,,,,(Glassy) 1x12 C-12K,Fender '65 Deluxe Reverb ALT (Tone),,,,,"Guitar,Modeled,Deprecated",effects:2b9250b0-3442-4f2b-8f4c-069a233ad6ee
7d8cc16b-e0eb-48b9-b66d-5dd181fb1b0a,d7fc8458-8d70-47c6-b4d0-90defac39616,d6888014-2edc-4157-8d80-63731103cce7,Super Reverb CH,,,,,,(Crunch) 4x12 Celestion V30s,Fender '65 Super Reverb ALT (Tone),,Recorded w/ Ibanez TS808,,,"Guitar,Modeled",effects:2b9250b0-3442-4f2b-8f4c-069a233ad6ee
e50f8af4-98f6-45a6-8a14-2f44a334806b,d7fc8458-8d70-47c6-b4d0-90defac39616,9b1831fe-fa8a-46d5-a765-efbed73e83c3,67 Blackface Duo,,,,,,(1967) (Glassy) 2x12 Black Duo,Fender '65 Twin Reverb ALT (Tone),,,,,"Guitar,Modeled",effects:2b9250b0-3442-4f2b-8f4c-069a233ad6ee
4391763d-32df-4b45-b9b8-aed62ae7ae4d,d7fc8458-8d70-47c6-b4d0-90defac39616,9b1831fe-fa8a-46d5-a765-efbed73e83c3,67 Blackface Duo v2,,,,,,(1967) (Glassy) 2x12 Black Duo,Fender '65 Twin Reverb ALT (Tone),,,,,"Guitar,Modeled",effects:2b9250b0-3442-4f2b-8f4c-069a233ad6ee
ef31ba67-ef10-4b27-b825-5a3415514291,d7fc8458-8d70-47c6-b4d0-90defac39616,9b1831fe-fa8a-46d5-a765-efbed73e83c3,69 Duo Verb V2,,Legacy Series - LOW GAIN,,,,(Clean) 2x12 Jazz Clean,Fender '65 Twin Reverb ALT (Tone),,,,,"Guitar,Modeled",effects:2b9250b0-3442-4f2b-8f4c-069a233ad6ee
b15ee4a1-07ad-45f3-abd8-ef6106b84e4e,d7fc8458-8d70-47c6-b4d0-90defac39616,9b1831fe-fa8a-46d5-a765-efbed73e83c3,Twin Reverb,,Legacy Series - LOW GAIN,,,,(Clean) 2x12 Jazz Clean,Fender '65 Twin Reverb ALT (Tone),,,,,"Guitar,Modeled",effects:2b9250b0-3442-4f2b-8f4c-069a233ad6ee
11de042e-8016-42f9-b709-4358fccd4999,d7fc8458-8d70-47c6-b4d0-90defac39616,21e84016-868e-4318-9fb5-ada98969338a,65 Blackface Vibro,,,,,,(Glassy) 2x12 Black Duo,Fender '65 Vibrolux Reverb TOP,,,,,"Guitar,Modeled",effects:2b9250b0-3442-4f2b-8f4c-069a233ad6ee
2c529568-39d3-47f9-82e3-60df767fa893,d7fc8458-8d70-47c6-b4d0-90defac39616,21e84016-868e-4318-9fb5-ada98969338a,65 Blackface Vibro v2,,,,,,(Glassy) 2x12 Black Duo,Fender '65 Vibrolux Reverb TOP,,,,,"Guitar,Modeled",effects:2b9250b0-3442-4f2b-8f4c-069a233ad6ee
b4822c46-183e-4084-ad67-d7419f743f5a,d7fc8458-8d70-47c6-b4d0-90defac39616,31106afd-a609-4bc8-bbd9-806465b64cea,66 Bass,,,,,,(Glassy) 4x10 P10Q,,,,,,"Guitar,Modeled",effects:2b9250b0-3442-4f2b-8f4c-069a233ad6ee
71c967c7-4813-4d32-b206-336e80681c8e,d7fc8458-8d70-47c6-b4d0-90defac39616,dc06d96a-e121-48a3-827d-b658deaff90c,Vibro Queen,,,,,,(Glassy) 2x12 Vibro,Fender '68 Vibrolux Reverb ALT (Tone),,,,,"Guitar,Modeled",effects:2b9250b0-3442-4f2b-8f4c-069a233ad6ee
da2b3f62-e85b-49e9-9618-1eefb1daf5ef,d7fc8458-8d70-47c6-b4d0-90defac39616,a56d805d-ce9f-4469-a374-c4c7a818aa6f,Bassman 100,,,,,,6x10 Bass Blue,Fender Bassman 100 Silverface ALT (Tone),,,,,"Guitar,Modeled",effects:2b9250b0-3442-4f2b-8f4c-069a233ad6ee
f9337268-6eaa-41c0-91a4-0c2c1e9ee488,d7fc8458-8d70-47c6-b4d0-90defac39616,5f4ee01c-3a94-46da-8943-ae008a1e47d6,5150 III MT,,,,,,(Red Channel) (Metal) 4x12 Green 25s,"Fender EVH 5150 III 100W (6L6) ALT (Tone)
Deprecated by BIAS X",,,,,"Guitar,Modeled",effects:2b9250b0-3442-4f2b-8f4c-069a233ad6ee
73df3b5a-7284-4b57-a18b-c1b926a032f3,d7fc8458-8d70-47c6-b4d0-90defac39616,5f4ee01c-3a94-46da-8943-ae008a1e47d6,5153 MK II V2,,,,,,(Red Channel) (Metal) 4x12 Green 25s,"Fender EVH 5150 III 100W (6L6) ALT (Tone)
Deprecated by BIAS X",,,,,"Guitar,Modeled",effects:2b9250b0-3442-4f2b-8f4c-069a233ad6ee
48b418c5-a1aa-4248-a603-b7471c4762ae,d7fc8458-8d70-47c6-b4d0-90defac39616,cf93541f-a80c-4527-8e61-31d4b110581d,Mini Duo Reverb,,,,,,(Blues) 1x12 Black Lux,,,,,,"Guitar,Modeled",effects:2b9250b0-3442-4f2b-8f4c-069a233ad6ee
e1635a9b-7a06-4d08-aa2d-bf7286eadbc2,d7fc8458-8d70-47c6-b4d0-90defac39616,cf93541f-a80c-4527-8e61-31d4b110581d,Mini Duo Reverb v2,,,,,,(Blues) 1x12 Black Lux,,,,,,"Guitar,Modeled",effects:2b9250b0-3442-4f2b-8f4c-069a233ad6ee
d302b7cf-d095-4146-9350-af9c5eafd430,d7fc8458-8d70-47c6-b4d0-90defac39616,76de0e39-c441-4c56-b7a0-8894cee694a9,Vibroverb BS,,,,,,(Blues) 1x12 Tweed Lux,Fender Vibroverb TOP,,,,,"Guitar,Modeled",effects:2b9250b0-3442-4f2b-8f4c-069a233ad6ee
cbee2fdb-5dfd-4771-82ef-7091420e7ccc,d7fc8458-8d70-47c6-b4d0-90defac39616,dc5e14e4-4ce4-497e-a08a-b28cb1079e4c,BE100 HG,,,,,,(Channel 2) (Hi Gain) 4x12 OR V-30s,Friedman BE100 ALT (Tone),,,,,"Guitar,Modeled",effects:2b9250b0-3442-4f2b-8f4c-069a233ad6ee
b51c5e83-7205-46c5-8f63-9be4d3b93787,d7fc8458-8d70-47c6-b4d0-90defac39616,dc5e14e4-4ce4-497e-a08a-b28cb1079e4c,BE100 MT,,,,,,(Channel 2) (Metal) 4x12 Green 25s,Friedman BE100 ALT (Tone),,,,,"Guitar,Modeled",effects:2b9250b0-3442-4f2b-8f4c-069a233ad6ee
1edb650f-35d2-4885-a400-477363445226,d7fc8458-8d70-47c6-b4d0-90defac39616,b27a1503-69c0-4f83-96fa-e65b294eda88,The Backline,,,,,,2x12 Bass NEO,,,,,,"Bass,Modeled",effects:2b9250b0-3442-4f2b-8f4c-069a233ad6ee
46f87010-0caa-4aff-97e1-82bfcbebc269,d7fc8458-8d70-47c6-b4d0-90defac39616,4351b9f3-6f4e-410f-b158-791203ecd7ad,GA-18,,,,,,(Crunch) 1x12 C-12K,,,,,,"Guitar,Modeled",effects:2b9250b0-3442-4f2b-8f4c-069a233ad6ee
23b71377-1554-4219-819f-609a18b7b37e,d7fc8458-8d70-47c6-b4d0-90defac39616,fd761c4a-ea40-4746-af89-e35dd39de2be,H35 Bass,,,,,,1x18 Big Bass,,,,,,"Bass,Modeled",effects:2b9250b0-3442-4f2b-8f4c-069a233ad6ee
b6c269ce-1a32-488c-9918-3d50693e9e8d,d7fc8458-8d70-47c6-b4d0-90defac39616,513194a9-ed9c-4280-a619-98621cd9147a,DR103 BS,,,,,,(Brilliant Channel) (Blues) 1x12 Tweed Lux,Hiwatt DR103 Custom 100 ALT (Tone),,,,,"Guitar,Modeled",effects:2b9250b0-3442-4f2b-8f4c-069a233ad6ee
1c5f193f-b588-4997-b1d5-977ca35b8a28,d7fc8458-8d70-47c6-b4d0-90defac39616,513194a9-ed9c-4280-a619-98621cd9147a,DR103 CH,,,,,,(Brilliant Channel) (Crunch) 4x12 Celestion V30s,Hiwatt DR103 Custom 100 ALT (Tone),,,,,"Guitar,Modeled",effects:2b9250b0-3442-4f2b-8f4c-069a233ad6ee
f9ac3d3b-3e52-4006-9e68-d2ae544d42a6,d7fc8458-8d70-47c6-b4d0-90defac39616,513194a9-ed9c-4280-a619-98621cd9147a,DR103 GY,,,,,,(Normal Channel) (Glassy) 2x12 Black Duo,Hiwatt DR103 Custom 100 ALT (Tone),,,,,"Guitar,Modeled",effects:2b9250b0-3442-4f2b-8f4c-069a233ad6ee
d88bf493-fe3d-4e3b-aba8-7ec97a73e05f,d7fc8458-8d70-47c6-b4d0-90defac39616,513194a9-ed9c-4280-a619-98621cd9147a,Hiway 103 Clean,,,,,,(Clean) 4x12 Hiway 4123,Hiwatt DR103 Custom 100 ALT (Tone),,,,,"Guitar,Modeled",effects:2b9250b0-3442-4f2b-8f4c-069a233ad6ee
a1a00177-6cb1-455a-a85f-37697c1d602a,d7fc8458-8d70-47c6-b4d0-90defac39616,513194a9-ed9c-4280-a619-98621cd9147a,Hiway 103 Clean v2,,,,,,(Clean) 4x12 Hiway 4123,Hiwatt DR103 Custom 100 ALT (Tone),,,,,"Guitar,Modeled",effects:2b9250b0-3442-4f2b-8f4c-069a233ad6ee
fc79cb22-26dc-4878-a457-92bc620e0000,d7fc8458-8d70-47c6-b4d0-90defac39616,9a266ace-a890-4d7d-9509-ee20c01168df,British Rock 50,,,,,,(Hi Gain) 4x12 OR V-30s,,,,,,"Guitar,Modeled",effects:2b9250b0-3442-4f2b-8f4c-069a233ad6ee
33c42d76-8700-48d8-8611-049a7731702b,d7fc8458-8d70-47c6-b4d0-90defac39616,9a266ace-a890-4d7d-9509-ee20c01168df,British Rock 50 v2,,,,,,(Hi Gain) 4x12 OR V-30s,,,,,,"Guitar,Modeled",effects:2b9250b0-3442-4f2b-8f4c-069a233ad6ee
a40f3455-2bdb-49d1-847f-67a389e26cc9,d7fc8458-8d70-47c6-b4d0-90defac39616,6053d934-58a0-4959-a892-b52b0c0b9a90,GH50,,,,,,(Insane) 4x12 Celest T-75s,,,,,,"Guitar,Modeled",effects:2b9250b0-3442-4f2b-8f4c-069a233ad6ee
589bf079-39df-4eb9-a9c4-365cd0b53789,d7fc8458-8d70-47c6-b4d0-90defac39616,84469da7-3501-4604-91f1-1c4498db9a58,Mini Mark II,,,,,,2x10 Bass Super Duo,Deprecated by BIAS X,,,,,"Bass,Modeled,Deprecated",effects:2b9250b0-3442-4f2b-8f4c-069a233ad6ee
8af2432a-4567-49f1-9b7f-a8af5e46888c,d7fc8458-8d70-47c6-b4d0-90defac39616,ab750d11-4a37-4f40-9658-57d977bad3b8,Super 100JH,,,,,,(Blues) 1x12 Tweed Lux,,,,,,"Guitar,Modeled",effects:2b9250b0-3442-4f2b-8f4c-069a233ad6ee
c1b9f222-d890-465f-872b-5464d7cc7932,d7fc8458-8d70-47c6-b4d0-90defac39616,4e6d9491-ede6-4b91-a696-c8975907b9b2,1968 Crunch,,Legacy Series - CRUNCH,,,,(1969) (Crunch) 4x12 Green 25s,Marshall 1959 SLP ALT (Tone),,,,,"Guitar,Modeled",effects:2b9250b0-3442-4f2b-8f4c-069a233ad6ee
51cd909e-f0f6-40f1-8498-a4344f7c8f64,d7fc8458-8d70-47c6-b4d0-90defac39616,4e6d9491-ede6-4b91-a696-c8975907b9b2,69 Plexiglas V2,,Legacy Series - CRUNCH,,,,(1969) (Crunch) 4x12 Green 25s,Marshall 1959 SLP ALT (Tone),,,,,"Guitar,Modeled",effects:2b9250b0-3442-4f2b-8f4c-069a233ad6ee
47ba41d2-4431-4b20-832f-17353ff4edbf,d7fc8458-8d70-47c6-b4d0-90defac39616,4e6d9491-ede6-4b91-a696-c8975907b9b2,69 Super Lead,,Legacy Series - CRUNCH,,,,(1969) (Crunch) 4x12 Green 25s,Marshall 1959 SLP ALT (Tone),,,,,"Guitar,Modeled",effects:2b9250b0-3442-4f2b-8f4c-069a233ad6ee
0393ad52-e096-4401-8b6c-2694d54b95e8,d7fc8458-8d70-47c6-b4d0-90defac39616,4e6d9491-ede6-4b91-a696-c8975907b9b2,69 Super Lead v2,,Legacy Series - CRUNCH,,,,(1969) (Crunch) 4x12 Green 25s,Marshall 1959 SLP ALT (Tone),,,,,"Guitar,Modeled",effects:2b9250b0-3442-4f2b-8f4c-069a233ad6ee
3517aff7-f089-4cf9-b679-0fbbf7a849e7,d7fc8458-8d70-47c6-b4d0-90defac39616,4e6d9491-ede6-4b91-a696-c8975907b9b2,Plexi 1968 CH,,,,,,(Crunch) 4x12 Celestion V30s,Marshall 1959 SLP ALT (Tone),,,,,"Guitar,Modeled",effects:2b9250b0-3442-4f2b-8f4c-069a233ad6ee
59b43321-0d14-4ddc-bf71-8ff354980380,d7fc8458-8d70-47c6-b4d0-90defac39616,4e6d9491-ede6-4b91-a696-c8975907b9b2,Plexi 1968 HG,,,,,,(Hi Gain) 4x12 OR V-30s,Marshall 1959 SLP ALT (Tone),,,,,"Guitar,Modeled",effects:2b9250b0-3442-4f2b-8f4c-069a233ad6ee
f38a269f-7182-458a-9ebf-8774df9cab36,d7fc8458-8d70-47c6-b4d0-90defac39616,4e6d9491-ede6-4b91-a696-c8975907b9b2,Plexi 1974 CH,,,,,,(Crunch) 4x12 Celestion V30s,Marshall 1959 SLP ALT (Tone),,,,,"Guitar,Modeled",effects:2b9250b0-3442-4f2b-8f4c-069a233ad6ee
cd375d0f-83be-448e-abf9-e1ac9ff09da3,d7fc8458-8d70-47c6-b4d0-90defac39616,4e6d9491-ede6-4b91-a696-c8975907b9b2,Plexi 1974 HG,,,,,,(Hi Gain) 4x12 OR V-30s,Marshall 1959 SLP ALT (Tone),,,,,"Guitar,Modeled",effects:2b9250b0-3442-4f2b-8f4c-069a233ad6ee
1c89777e-b9b5-4228-8c8c-fe9ea07c2e5f,d7fc8458-8d70-47c6-b4d0-90defac39616,95a8965a-17d2-41ee-9860-5b8fece6d8e7,Standard 18,,,,,,(Crunch) 2x12 Chrome,,,,,,"Guitar,Modeled",effects:2b9250b0-3442-4f2b-8f4c-069a233ad6ee
f109863c-7824-4f0d-bf77-4dbf35782ca6,d7fc8458-8d70-47c6-b4d0-90defac39616,e44c96cc-1fa1-4446-a814-bb7061abb9b6,British Plexi 50W,,,,,,(Crunch) 4x12 Green 25s,Marshall 1987 SLP ALT (Tone),,,,,"Guitar,Modeled",effects:2b9250b0-3442-4f2b-8f4c-069a233ad6ee
46006c2a-6e55-4b89-b73d-edb8ccb8ec76,d7fc8458-8d70-47c6-b4d0-90defac39616,e44c96cc-1fa1-4446-a814-bb7061abb9b6,British Plexi 50W v2,,,,,,(Crunch) 4x12 Green 25s,Marshall 1987 SLP ALT (Tone),,,,,"Guitar,Modeled",effects:2b9250b0-3442-4f2b-8f4c-069a233ad6ee
e3aa167a-6a61-497a-b784-8c54b5756445,d7fc8458-8d70-47c6-b4d0-90defac39616,e44c96cc-1fa1-4446-a814-bb7061abb9b6,Plexi 1987 BS,,,,,,(Blues) 1x12 Tweed Lux,Marshall 1987 SLP ALT (Tone),,,,,"Guitar,Modeled",effects:2b9250b0-3442-4f2b-8f4c-069a233ad6ee
c3caa9af-0e0c-469a-9f2f-2bef8cbe4ed2,d7fc8458-8d70-47c6-b4d0-90defac39616,728fb8bd-72b8-46cc-979c-8f9e3b3429d1,Super Bass,,,,,,8x10 Bass Super,Marshall 1992 SBP ALT (Tone),,,,,"Guitar,Modeled",effects:2b9250b0-3442-4f2b-8f4c-069a233ad6ee
966520e1-67b8-4b73-8c54-174d9dba289d,d7fc8458-8d70-47c6-b4d0-90defac39616,89aa5a34-59e4-48db-bfa2-6c90e9c0e4d0,Bluesbreaker CH,,,,,,(Crunch) 4x12 Celestion V30s,Marshall Bluesbreaker 1962 ALT (Tone),,,,,"Guitar,Modeled",effects:2b9250b0-3442-4f2b-8f4c-069a233ad6ee
93ded633-ea15-48a1-a53a-564e75b44513,d7fc8458-8d70-47c6-b4d0-90defac39616,89aa5a34-59e4-48db-bfa2-6c90e9c0e4d0,Bluesbreaker GY,,,,,,(Glassy) 2x12 Black Duo,Marshall Bluesbreaker 1962 ALT (Tone),,,,,"Guitar,Modeled",effects:2b9250b0-3442-4f2b-8f4c-069a233ad6ee
23c14207-fc57-4c1b-8cef-5956a728b333,d7fc8458-8d70-47c6-b4d0-90defac39616,8374eb40-5ccf-4479-b90b-d55ef200ed4b,Jubilee 1987 CH,,,,,,(Crunch) 4x12 Celestion V30s,Marshall 2555 Silver Jubilee ALT (Tone),,,,,"Guitar,Modeled",effects:2b9250b0-3442-4f2b-8f4c-069a233ad6ee
d4c0db4b-cd47-4519-9342-9c3779ca8ba1,d7fc8458-8d70-47c6-b4d0-90defac39616,8374eb40-5ccf-4479-b90b-d55ef200ed4b,Jubilee 1987 HG,,,,,,(Hi Gain) 4x12 OR V-30s,Marshall 2555 Silver Jubilee ALT (Tone),,,,,"Guitar,Modeled",effects:2b9250b0-3442-4f2b-8f4c-069a233ad6ee
0caf971b-520d-404c-ba41-0ef2175030af,d7fc8458-8d70-47c6-b4d0-90defac39616,c2f2d7d4-2d47-4fad-b822-60dc7ffd7a4e,JCM800 MT,,,,,,(Metal) 4x12 Green 25s,Marshall JCM800 ALT (Tone),,Recorded w/ Ibanez TS808,,,"Guitar,Modeled",effects:2b9250b0-3442-4f2b-8f4c-069a233ad6ee
c42d1a5b-79f2-452c-a1c2-679a11d6deb5,d7fc8458-8d70-47c6-b4d0-90defac39616,c2f2d7d4-2d47-4fad-b822-60dc7ffd7a4e,British Lead 800,,Legacy Series - CRUNCH,,,,(Crunch) 4x12 Celestion V30s,Marshall JCM800 ALT (Tone),,,,,"Guitar,Modeled",effects:2b9250b0-3442-4f2b-8f4c-069a233ad6ee
ac36d6da-f757-44e9-91dd-2ae25e303d34,d7fc8458-8d70-47c6-b4d0-90defac39616,c2f2d7d4-2d47-4fad-b822-60dc7ffd7a4e,British Lead 800 v2,,Legacy Series - CRUNCH,,,,(Crunch) 4x12 Celestion V30s,Marshall JCM800 ALT (Tone),,,,,"Guitar,Modeled",effects:2b9250b0-3442-4f2b-8f4c-069a233ad6ee
575c63cb-ba51-40ab-94bf-6233c3420da7,d7fc8458-8d70-47c6-b4d0-90defac39616,c2f2d7d4-2d47-4fad-b822-60dc7ffd7a4e,JCM800 CH,,,,,,(Crunch) 4x12 Celestion V30s,Marshall JCM800 ALT (Tone),,,,,"Guitar,Modeled",effects:2b9250b0-3442-4f2b-8f4c-069a233ad6ee
bf7d2b64-ea7b-4196-a385-8e8d62ef4b4f,d7fc8458-8d70-47c6-b4d0-90defac39616,b15a229a-cfb3-4c7f-b131-b1ad647f6fc4,British 900 Clean,,,,,,(Clean) 4x12 Celestion T-75s,Marshall JCM900 ALT  (Tone),,,,,"Guitar,Modeled",effects:2b9250b0-3442-4f2b-8f4c-069a233ad6ee
fe3e6bfe-c7e5-4e7c-bad0-c46ddc30eab5,d7fc8458-8d70-47c6-b4d0-90defac39616,b15a229a-cfb3-4c7f-b131-b1ad647f6fc4,British 900 Clean v2,,,,,,(Clean) 4x12 Celestion T-75s,Marshall JCM900 ALT  (Tone),,,,,"Guitar,Modeled",effects:2b9250b0-3442-4f2b-8f4c-069a233ad6ee
ef341e76-5d1b-407e-a3d0-d95f87b2034d,d7fc8458-8d70-47c6-b4d0-90defac39616,b15a229a-cfb3-4c7f-b131-b1ad647f6fc4,British Lead 900,,,,,,(Crunch) 4x12 1965A,Marshall JCM900 ALT (Tone),,,,,"Guitar,Modeled",effects:2b9250b0-3442-4f2b-8f4c-069a233ad6ee
e894b25a-8aa4-4e2c-b974-3ace7b992a95,d7fc8458-8d70-47c6-b4d0-90defac39616,f76d8124-fc9d-42a0-ab7d-b78bbbe9efe8,65 Plexi,,,,,,(Crunch) 4x12 1965A,Marshall JTM 45/50 Mk II ALT (Tone),,,,,"Guitar,Modeled",effects:2b9250b0-3442-4f2b-8f4c-069a233ad6ee
ae7305fd-6b18-416c-b837-50a796b24a1b,d7fc8458-8d70-47c6-b4d0-90defac39616,7e4b4ea4-912e-45ea-bc91-0fc536a3428f,63 British J45,,,,,,(Blues) 4x12 Green 25s,Marshall JTM45 2245 ALT (Tone),,,,,"Guitar,Modeled",effects:2b9250b0-3442-4f2b-8f4c-069a233ad6ee
c6f3888c-fca7-4d37-adfb-3f28f201a7cc,d7fc8458-8d70-47c6-b4d0-90defac39616,7e4b4ea4-912e-45ea-bc91-0fc536a3428f,63 British J45 v2,,,,,,(Blues) 4x12 Green 25s,Marshall JTM45 2245 ALT (Tone),,,,,"Guitar,Modeled",effects:2b9250b0-3442-4f2b-8f4c-069a233ad6ee
aba111db-5f77-46fd-be30-37b033be3bba,d7fc8458-8d70-47c6-b4d0-90defac39616,7e4b4ea4-912e-45ea-bc91-0fc536a3428f,JTM45 BS,,,,,,(Blues) 1x12 Tweed Lux,Marshall JTM45 2245 ALT (Tone),,,,,"Guitar,Modeled",effects:2b9250b0-3442-4f2b-8f4c-069a233ad6ee
e7bb68a8-dbaa-4731-a644-69357153cc09,d7fc8458-8d70-47c6-b4d0-90defac39616,7e4b4ea4-912e-45ea-bc91-0fc536a3428f,JTM45 GY,,,,,,(Glassy) 2x12 Black Duo,Marshall JTM45 2245 ALT (Tone),,,,,"Guitar,Modeled",effects:2b9250b0-3442-4f2b-8f4c-069a233ad6ee
e1bff320-5e4a-40f3-944f-55b33679211a,d7fc8458-8d70-47c6-b4d0-90defac39616,b9a1d9c3-3cfc-4d49-8712-dd5711c9b1db,Dynamic Master,,,,,,(Blues) 2x12 Green,Mesa/Boogie Dual Rectifier ALT (Tone),,,,,"Guitar,Modeled",effects:2b9250b0-3442-4f2b-8f4c-069a233ad6ee
4f2c4d27-d362-4416-9357-57a70e9dd779,d7fc8458-8d70-47c6-b4d0-90defac39616,9064905c-dc42-40af-89e6-03e909056907,Mark IIc+,,,,,,(Metal) 4x12 Treadplate,Mesa/Boogie Mark IIC+ ALT (Tone),,,,,"Guitar,Modeled",effects:2b9250b0-3442-4f2b-8f4c-069a233ad6ee
0e3458a8-c273-49c8-91c5-03b764d67b01,d7fc8458-8d70-47c6-b4d0-90defac39616,9064905c-dc42-40af-89e6-03e909056907,Mark IIc+ v2,,,,,,(Metal) 4x12 Treadplate,Mesa/Boogie Mark IIC+ ALT (Tone),,,,,"Guitar,Modeled",effects:2b9250b0-3442-4f2b-8f4c-069a233ad6ee
86d83c68-a0ad-4866-bfe7-890f9a9f87ec,d7fc8458-8d70-47c6-b4d0-90defac39616,6a1aa1a2-cece-4ed6-9e2b-628d0ad2367e,Mark V GY,,,,,,(Channel 1) (Tweed) (Glassy) 2x12 Black Duo,Mesa/Boogie Mark V ALT (Tone),,,,,"Guitar,Modeled",effects:2b9250b0-3442-4f2b-8f4c-069a233ad6ee
6df39ac2-9994-4f80-be05-a597021ffdaa,d7fc8458-8d70-47c6-b4d0-90defac39616,6a1aa1a2-cece-4ed6-9e2b-628d0ad2367e,Mark V IS,,,,,,(Channel 3) (Mark IIC+) (Insane) 4x12 Green 25s,Mesa/Boogie Mark V ALT (Tone),,,,,"Guitar,Modeled",effects:2b9250b0-3442-4f2b-8f4c-069a233ad6ee
a75975ee-ef2e-46b1-8f85-5a1e5b30f626,d7fc8458-8d70-47c6-b4d0-90defac39616,3751a210-86e5-4f67-aca8-b3e3ae6dc711,Metal Bass,,Legacy Series - BASS,,,,2x10 Bass Super Duo,,,,,,"Guitar,Modeled",effects:2b9250b0-3442-4f2b-8f4c-069a233ad6ee
29fb3d15-2475-4545-8ebb-4acccad12e11,d7fc8458-8d70-47c6-b4d0-90defac39616,ca3c3312-104d-432d-825e-eed5b761a2be,Triple Rectifier,,,,,,(Channel 3) (Metal) 4x12 Green 25s,"Mesa/Boogie Triple Rectifier ALT (Tone)
Deprecated by BIAS X",,,,,"Guitar,Modeled",effects:2b9250b0-3442-4f2b-8f4c-069a233ad6ee
f74da249-f62c-460b-b76b-c40bda52609d,d7fc8458-8d70-47c6-b4d0-90defac39616,eeefe31a-4c3c-4453-b22d-4a7c4f6f3b71,AD30 BS,,,,,,(Channel 2) (Blues) 1x12 Tweed Lux,"Orange AD30 ALT (Tone)
Deprecated by BIAS X",,,,,"Guitar,Modeled",effects:2b9250b0-3442-4f2b-8f4c-069a233ad6ee
d9408317-92dd-4e6f-94a4-a8b5c6d8d7ee,d7fc8458-8d70-47c6-b4d0-90defac39616,eeefe31a-4c3c-4453-b22d-4a7c4f6f3b71,AD30 GY,,,,,,(Channel 1) (Glassy) 2x12 Black Duo,"Orange AD30 ALT (Tone)
Deprecated by BIAS X",,,,,"Guitar,Modeled",effects:2b9250b0-3442-4f2b-8f4c-069a233ad6ee
96693a30-8874-4912-88db-36557294c57e,d7fc8458-8d70-47c6-b4d0-90defac39616,eeefe31a-4c3c-4453-b22d-4a7c4f6f3b71,AD30 HG,,,,,,(Channel 2) (Hi Gain) 4x12 OR V-30s,"Orange AD30 ALT (Tone)
Deprecated by BIAS X",,,,,"Guitar,Modeled",effects:2b9250b0-3442-4f2b-8f4c-069a233ad6ee
32c3a371-695f-41c0-ac5c-abe7fcdb2003,d7fc8458-8d70-47c6-b4d0-90defac39616,eeefe31a-4c3c-4453-b22d-4a7c4f6f3b71,British AD 20,,,,,,6x10 Bass Blue,"Orange AD30 ALT (Tone)
Deprecated by BIAS X",,,,,"Guitar,Modeled",effects:2b9250b0-3442-4f2b-8f4c-069a233ad6ee
79f97bbd-607a-4e99-9b09-6e4820b00827,d7fc8458-8d70-47c6-b4d0-90defac39616,eeefe31a-4c3c-4453-b22d-4a7c4f6f3b71,British OR 30,,,,,,(Crunch) 2x12 Orange,"Orange AD30 ALT (Tone)
Deprecated by BIAS X",,,,,"Guitar,Modeled",effects:2b9250b0-3442-4f2b-8f4c-069a233ad6ee
ea7fff3a-b3ef-4975-a4bc-bf09e6bd226b,d7fc8458-8d70-47c6-b4d0-90defac39616,eeefe31a-4c3c-4453-b22d-4a7c4f6f3b71,British OR30,,Legacy Series - CRUNCH,,,,(Blues) 4x12 OR V-30s,"Orange AD30 ALT (Tone)
Deprecated by BIAS X",,,,,"Guitar,Modeled",effects:2b9250b0-3442-4f2b-8f4c-069a233ad6ee
52a63dd6-04de-4fb7-8127-872c906c3750,d7fc8458-8d70-47c6-b4d0-90defac39616,eeefe31a-4c3c-4453-b22d-4a7c4f6f3b71,British OR30 V2,,Legacy Series - CRUNCH,,,,(Blues) 4x12 OR V-30s,"Orange AD30 ALT (Tone)
Deprecated by BIAS X",,,,,"Guitar,Modeled",effects:2b9250b0-3442-4f2b-8f4c-069a233ad6ee
2cf31caa-9ec8-4c6c-abae-251b2d8f3fdf,d7fc8458-8d70-47c6-b4d0-90defac39616,ce8c314e-5578-4bb5-94c9-c4221ab12260,Rockerverb,,,,,,(Channel 2) (Hi Gain) 4x12 OR V-30s,"Orange Rockerverb 100 ALT (Tone)
Deprecated by BIAS X",,,,,"Guitar,Modeled",effects:2b9250b0-3442-4f2b-8f4c-069a233ad6ee
afd55830-293d-4080-ad4d-38327ead7953,d7fc8458-8d70-47c6-b4d0-90defac39616,4d391e59-87de-4d83-b8e5-93fc55ccfb51,5150 III IS,,,,,,(Lead Channel) (Insane) 4x12 Green 25s,,,,,,"Guitar,Modeled",effects:2b9250b0-3442-4f2b-8f4c-069a233ad6ee
03324a1b-2029-4934-a4ba-18010af7654e,d7fc8458-8d70-47c6-b4d0-90defac39616,0d6ebd2b-5f07-4d15-ab37-3986ab96cc6f,Insane 5153 v2,,,,,,(Insane) 4x12 Green 25s,Peavey 6505 TOP,,,,,"Guitar,Modeled",effects:2b9250b0-3442-4f2b-8f4c-069a233ad6ee
fcb3d6f9-3dc6-4b1b-801e-9043ecd0cf64,d7fc8458-8d70-47c6-b4d0-90defac39616,0d6ebd2b-5f07-4d15-ab37-3986ab96cc6f,Insane 6503,,,,,,(Insane) 4x12 Green 25s,Peavey 6505 TOP,,,,,"Guitar,Modeled",effects:2b9250b0-3442-4f2b-8f4c-069a233ad6ee
f7d3bd81-cefd-4026-9fd5-d6c23d40f96e,d7fc8458-8d70-47c6-b4d0-90defac39616,a1ba0d4f-2f6c-4372-a651-ef221a5ad46c,6503 MK II,,,,,,(Metal) 2x12 Green 25,Peavey 6505+ TOP,,,,,"Guitar,Modeled",effects:2b9250b0-3442-4f2b-8f4c-069a233ad6ee
d53fd546-e4ba-4139-9e71-4402c1e60e76,d7fc8458-8d70-47c6-b4d0-90defac39616,a1ba0d4f-2f6c-4372-a651-ef221a5ad46c,6505+,,,,,,(Lead Channel) (Insane) 4x12 Green 25s,Peavey 6505+ TOP,,,,,"Guitar,Modeled",effects:2b9250b0-3442-4f2b-8f4c-069a233ad6ee
381c2a82-55ec-4cca-80f2-f47587a28199,d7fc8458-8d70-47c6-b4d0-90defac39616,13850780-f185-417b-b0d6-659e6c43f0e7,Thrasher,,,,,,(Insane) 4x12 Thrasher,,,,,,"Guitar,Modeled",effects:2b9250b0-3442-4f2b-8f4c-069a233ad6ee
b9557f37-9029-41aa-80ad-893b736ebb01,d7fc8458-8d70-47c6-b4d0-90defac39616,b6496468-8d49-4bdd-af12-0e5ee03662d0,76 RC-120,,,,,,(1976) (Clean) 2x12 Jazz Clean,"Roland JC-120 ALT (Tone)
Deprecated by BIAS X",,,,,"Guitar,Modeled",effects:2b9250b0-3442-4f2b-8f4c-069a233ad6ee
3a907d95-8836-4ec8-9493-1031f7ef4ccc,d7fc8458-8d70-47c6-b4d0-90defac39616,b6496468-8d49-4bdd-af12-0e5ee03662d0,76 RC-120 v2,,,,,,(1976) (Clean) 2x12 Jazz Clean,"Roland JC-120 ALT (Tone)
Deprecated by BIAS X",,,,,"Guitar,Modeled",effects:2b9250b0-3442-4f2b-8f4c-069a233ad6ee
ef2982a1-4e99-4d53-9a08-5720289b75a7,d7fc8458-8d70-47c6-b4d0-90defac39616,fa5ebb67-737a-481d-9416-3ba3992e41f4,SLO 100,,,,,,(Hi Gain) 4x12 Green 25s,Deprecated by BIAS X,,,,,"Guitar,Modeled",effects:2b9250b0-3442-4f2b-8f4c-069a233ad6ee
a0d27d10-18c7-407f-b9f1-2e7d42ec3d3b,d7fc8458-8d70-47c6-b4d0-90defac39616,fa5ebb67-737a-481d-9416-3ba3992e41f4,SLO 100 v2,,,,,,(Hi Gain) 4x12 Green 25s,Deprecated by BIAS X,,,,,"Guitar,Modeled",effects:2b9250b0-3442-4f2b-8f4c-069a233ad6ee
52c9298c-4654-455f-ab5a-d4092fc3e893,d7fc8458-8d70-47c6-b4d0-90defac39616,fa5ebb67-737a-481d-9416-3ba3992e41f4,SLO100 CH,,,,,,(Crunch) 4x12 Celestion V30s,Deprecated by BIAS X,,,,,"Guitar,Modeled",effects:2b9250b0-3442-4f2b-8f4c-069a233ad6ee
12fe0b1b-9bb8-46e2-bd74-1d617f30f5e5,d7fc8458-8d70-47c6-b4d0-90defac39616,fa5ebb67-737a-481d-9416-3ba3992e41f4,SLO100 GY,,,,,,(Glassy) 2x12 Black Duo,Deprecated by BIAS X,,,,,"Guitar,Modeled",effects:2b9250b0-3442-4f2b-8f4c-069a233ad6ee
9bed97e8-46a0-4d93-a83e-473459d140f5,d7fc8458-8d70-47c6-b4d0-90defac39616,fa5ebb67-737a-481d-9416-3ba3992e41f4,SLO100 HG,,,,,,"(Hi Gain) 
(ch1) 4x12 OR V-30s
(ch2) Orange PPC412",Deprecated by BIAS X,,,,,"Guitar,Modeled",effects:2b9250b0-3442-4f2b-8f4c-069a233ad6ee
58515c4e-d6aa-48f6-b157-3208abb884fa,d7fc8458-8d70-47c6-b4d0-90defac39616,fa5ebb67-737a-481d-9416-3ba3992e41f4,SLO100 MT,,,,,,(Channel 2) (Metal) 4x12 Green 25s,Deprecated by BIAS X,,,,,"Guitar,Modeled",effects:2b9250b0-3442-4f2b-8f4c-069a233ad6ee
fffcad41-c031-4ab5-8325-d44429f11ff1,d7fc8458-8d70-47c6-b4d0-90defac39616,d162e932-2bdb-471b-b9c8-19dac1cf1167,Studio PRO 50 BS,,,,,,(Blues) 1x12 Tweed Lux,"Two Rock Studio Pro 50 ALT (Tone)
Deprecated by BIAS X",,,,,"Guitar,Modeled",effects:2b9250b0-3442-4f2b-8f4c-069a233ad6ee
dfe7fd2c-1a41-4f44-b716-424fb5fb0816,d7fc8458-8d70-47c6-b4d0-90defac39616,d162e932-2bdb-471b-b9c8-19dac1cf1167,Studio Pro 50 CN,,,,,,(Clean) 2x12 Jazz Clean,"Two Rock Studio Pro 50 ALT (Tone)
Deprecated by BIAS X",,,,,"Guitar,Modeled",effects:2b9250b0-3442-4f2b-8f4c-069a233ad6ee
4c9327ab-5478-40b9-98d4-24b9f6345830,d7fc8458-8d70-47c6-b4d0-90defac39616,50d88147-f141-4cac-be05-055cccb0ed32,66 British TB 30,,,,,,(1966) (Glassy) 2x12 Alnico Blue,"Vox AC30 ALT (Tone)
Deprecated by BIAS X",,,,,"Guitar,Modeled",effects:2b9250b0-3442-4f2b-8f4c-069a233ad6ee
5c58b03d-b388-4ccb-859e-2ba7e7d39ce4,d7fc8458-8d70-47c6-b4d0-90defac39616,50d88147-f141-4cac-be05-055cccb0ed32,66 British TB 30 v2,,,,,,(1966) (Glassy) 2x12 Alnico Blue,"Vox AC30 ALT (Tone)
Deprecated by BIAS X",,,,,"Guitar,Modeled",effects:2b9250b0-3442-4f2b-8f4c-069a233ad6ee
235ed25a-f513-43ad-9be2-a68bcb038bf2,d7fc8458-8d70-47c6-b4d0-90defac39616,50d88147-f141-4cac-be05-055cccb0ed32,AC30 CN,,,,,,(Clean) 2x12 Jazz Clean,"Vox AC30 ALT (Tone)
Deprecated by BIAS X",,,,,"Guitar,Modeled",effects:2b9250b0-3442-4f2b-8f4c-069a233ad6ee
c966e785-2986-4303-9502-555fbaae52b7,d7fc8458-8d70-47c6-b4d0-90defac39616,0f6e8a89-76da-4455-8853-e3ec1cdb8bbc,AC30 HW GY,,,,,,(Glassy) 2x12 Black Duo,,,,,,"Guitar,Modeled",effects:2b9250b0-3442-4f2b-8f4c-069a233ad6ee
cd1b7126-4d1a-4e4d-af6e-0c79063b72a6,d7fc8458-8d70-47c6-b4d0-90defac39616,9886b4ec-4f14-42bc-ab5a-8c318704f661,AC30 Hand Wired HG,,,,,,(Hi Gain) 4x12 OR V-30s,,,,,,"Guitar,Modeled",effects:2b9250b0-3442-4f2b-8f4c-069a233ad6ee
361c5b57-c8a0-4ed9-91e7-276f2286d7e5,d7fc8458-8d70-47c6-b4d0-90defac39616,9886b4ec-4f14-42bc-ab5a-8c318704f661,AC30HW CH,,,,,,(Crunch) 4x12 Celestion V30s,,,,,,"Guitar,Modeled",effects:2b9250b0-3442-4f2b-8f4c-069a233ad6ee
fbf428b4-421d-45d3-b151-436bd0873911,d7fc8458-8d70-47c6-b4d0-90defac39616,617d42cc-7baa-4c0d-9352-400567373f65,AC30 HW BS,,,,,,(Blues) 1x12 Tweed Lux,,,,,,"Guitar,Modeled",effects:2b9250b0-3442-4f2b-8f4c-069a233ad6ee
a937ccaf-7c2f-499a-b76c-85901ec7fef0,d7fc8458-8d70-47c6-b4d0-90defac39616,,Grid Crunch,,,,,,(Crunch) 2x12 Orange,,,,,,Guitar,effects:2b9250b0-3442-4f2b-8f4c-069a233ad6ee
1b8e00b8-700a-47fc-9c18-c10d86aa28b5,d7fc8458-8d70-47c6-b4d0-90defac39616,,Grid Metal,,,,,,(Insane) 4x12 Legend,,,,,,Guitar,effects:2b9250b0-3442-4f2b-8f4c-069a233ad6ee
7e9a231d-e2a0-40be-afca-7ae5a185582b,d7fc8458-8d70-47c6-b4d0-90defac39616,,Positive Insane,,,,,,(Insane) 4x12 Treadplate,,,,,,Guitar,effects:2b9250b0-3442-4f2b-8f4c-069a233ad6ee
663fdc45-380a-4b1c-8357-da9b4ad7bb3a,d7fc8458-8d70-47c6-b4d0-90defac39616,,Positive Insane v2,,,,,,(Insane) 4x12 Treadplate,,,,,,Guitar,effects:2b9250b0-3442-4f2b-8f4c-069a233ad6ee
fe85a00f-52f3-4353-afe1-d712f79d317f,d7fc8458-8d70-47c6-b4d0-90defac39616,,Vocal Amp,,,,,,(Acoustic) 2x10 Bass Pro,,,,,,,effects:2b9250b0-3442-4f2b-8f4c-069a233ad6ee
cc33bf37-3b0c-47a4-9c83-9aa13316d637,d7fc8458-8d70-47c6-b4d0-90defac39616,28520a2b-c5ce-41a2-9193-6dd78a343ad2,Big Bass 1x18,,Legacy Series - CAB,,,,1x18 CAB,Acoustic 301 ALT (Tone),,,,,"Bass,Modeled","effects:2b9250b0-3442-4f2b-8f4c-069a233ad6ee,effects:a7d5f05c-23fb-4866-a37a-4755c1782d26"
3868f11d-294c-4171-b0bd-b111950be3cb,d7fc8458-8d70-47c6-b4d0-90defac39616,6dc55c03-846e-4ed1-a49a-e6ed9a087b38,Bass 360,,Legacy Series - BASS,,,,6x10 Bass Blue,Acoustic 360 ALT (Tone),,,,,"Bass,Modeled","effects:2b9250b0-3442-4f2b-8f4c-069a233ad6ee,effects:a7d5f05c-23fb-4866-a37a-4755c1782d26"
c9b8c632-02c3-449a-ab7b-ca6d897fc3b8,d7fc8458-8d70-47c6-b4d0-90defac39616,6dc55c03-846e-4ed1-a49a-e6ed9a087b38,Bass 360 V2,,Legacy Series - BASS,,,,6x10 Bass Blue,Acoustic 360 ALT (Tone),,,,,"Bass,Modeled","effects:2b9250b0-3442-4f2b-8f4c-069a233ad6ee,effects:a7d5f05c-23fb-4866-a37a-4755c1782d26"
879f2d14-1523-46d4-9de7-76303cda73fd,d7fc8458-8d70-47c6-b4d0-90defac39616,21500571-983d-42dc-a1c3-c2ac769c9876,Hammer 500,,Legacy Series - BASS,,,,6x10 Bass Blue (preamp out),"Aguilar Tone Hammer ALT (Tone)
Deprecated by BIAS X",,,,,"Bass,Deprecated,Modeled","effects:2b9250b0-3442-4f2b-8f4c-069a233ad6ee,effects:a7d5f05c-23fb-4866-a37a-4755c1782d26"
10c2a665-245b-4906-9cc5-5b4e03fa4a23,d7fc8458-8d70-47c6-b4d0-90defac39616,21500571-983d-42dc-a1c3-c2ac769c9876,Tone Hammer 500,,Legacy Series - BASS,,,,6x10 Bass Blue (preamp out),"Aguilar Tone Hammer ALT (Tone)
Deprecated by BIAS X",,,,,"Bass,Deprecated,Modeled","effects:2b9250b0-3442-4f2b-8f4c-069a233ad6ee,effects:a7d5f05c-23fb-4866-a37a-4755c1782d26"
baa4605e-aee0-4b13-b372-87675adb9839,d7fc8458-8d70-47c6-b4d0-90defac39616,a8d74586-6c6a-4e48-875c-42754c0221ac,67 T-15,,Legacy Series - BASS,,,,2x10 Bass Super Duo,,,,,,"Bass,Modeled","effects:2b9250b0-3442-4f2b-8f4c-069a233ad6ee,effects:a7d5f05c-23fb-4866-a37a-4755c1782d26"
df4a4300-1fdf-467f-842a-d99234a47a76,d7fc8458-8d70-47c6-b4d0-90defac39616,c2156785-d382-45b8-92d7-7c51833ca7de,Blue Line,,Legacy Series - BASS,,,,6x10 Bass Blue,Deprecated by Bias X,,,,,"Bass,Deprecated,Modeled","effects:2b9250b0-3442-4f2b-8f4c-069a233ad6ee,effects:a7d5f05c-23fb-4866-a37a-4755c1782d26"
b798a8ec-9375-4cab-b772-472013c95614,d7fc8458-8d70-47c6-b4d0-90defac39616,c2156785-d382-45b8-92d7-7c51833ca7de,69 Blue Line V2,,Legacy Series - BASS,,,,6x10 Bass Blue,Deprecated by Bias X,,,,,"Bass,Deprecated,Modeled","effects:2b9250b0-3442-4f2b-8f4c-069a233ad6ee,effects:a7d5f05c-23fb-4866-a37a-4755c1782d26"
184bb4ac-360d-489b-986f-2f5a3664f37b,d7fc8458-8d70-47c6-b4d0-90defac39616,a95d2b41-30d2-49a1-9701-094fdc9cca5f,400T,,Legacy Series - BASS,,,,6x10 Bass Blue (preamp out),,,,,,"Bass,Modeled","effects:2b9250b0-3442-4f2b-8f4c-069a233ad6ee,effects:a7d5f05c-23fb-4866-a37a-4755c1782d26"
d452099e-4232-4f57-9ab3-c7cf32efe832,d7fc8458-8d70-47c6-b4d0-90defac39616,a95d2b41-30d2-49a1-9701-094fdc9cca5f,SVT 400T,,Legacy Series - BASS,,,,6x10 Bass Blue (preamp out),,,,,,"Bass,Modeled","effects:2b9250b0-3442-4f2b-8f4c-069a233ad6ee,effects:a7d5f05c-23fb-4866-a37a-4755c1782d26"
c6c07960-d22c-43c8-a91d-eb1fce88c9ce,d7fc8458-8d70-47c6-b4d0-90defac39616,11ea03de-cb7a-48ba-bd05-c566834e6bb7,Bass Super Duo 2x10,,Legacy Series - CAB,,,,2x10 CAB,,,,,,"Bass,Modeled","effects:2b9250b0-3442-4f2b-8f4c-069a233ad6ee,effects:a7d5f05c-23fb-4866-a37a-4755c1782d26"
c9831911-dce7-4d7c-837f-3b0ea8386d91,d7fc8458-8d70-47c6-b4d0-90defac39616,2dea8e05-5260-438d-9085-a5d561ab6b99,Bass Pro 2x10,,Legacy Series - CAB,,,,2x10 CAB,,,,,,"Bass,Modeled","effects:2b9250b0-3442-4f2b-8f4c-069a233ad6ee,effects:a7d5f05c-23fb-4866-a37a-4755c1782d26"
6188a5bf-60d1-46f1-8af2-de9b0d886707,d7fc8458-8d70-47c6-b4d0-90defac39616,f95a304d-49b4-4092-a937-c7332b67f1c8,Bass Blue 6x10,,Legacy Series - CAB,,,,6x10 CAB,Ampeg SVT610HLF TOP,,,,,"Bass,Modeled","effects:2b9250b0-3442-4f2b-8f4c-069a233ad6ee,effects:a7d5f05c-23fb-4866-a37a-4755c1782d26"
5b94915a-500e-4be2-a4e7-ff4b855a0e9a,d7fc8458-8d70-47c6-b4d0-90defac39616,f95a304d-49b4-4092-a937-c7332b67f1c8,Bass Superb Six 6x10,,Legacy Series - CAB,,,,6x10 CAB,Ampeg SVT610HLF TOP,,,,,"Bass,Modeled","effects:2b9250b0-3442-4f2b-8f4c-069a233ad6ee,effects:a7d5f05c-23fb-4866-a37a-4755c1782d26"
c670e2e6-ae4d-4284-b374-e595a8b9ef30,d7fc8458-8d70-47c6-b4d0-90defac39616,5f726c28-98c1-4da5-a359-81b579c10a01,Bass Superb Eight 8x10,,Legacy Series - CAB,,,,8x10 CAB,,,,,,"Bass,Modeled","effects:2b9250b0-3442-4f2b-8f4c-069a233ad6ee,effects:a7d5f05c-23fb-4866-a37a-4755c1782d26"
320428f9-4d21-40ed-9988-5e626368b5d0,d7fc8458-8d70-47c6-b4d0-90defac39616,0fd51081-a4db-4218-a9a9-959fe78b19a7,Bass Super 8x10,,Legacy Series - CAB,,,,8x10 CAB,Ampeg SVT810E ALT (Tone),,,,,"Bass,Modeled","effects:2b9250b0-3442-4f2b-8f4c-069a233ad6ee,effects:a7d5f05c-23fb-4866-a37a-4755c1782d26"
0d2f2f8a-d35f-4909-adb9-8edcf6578074,d7fc8458-8d70-47c6-b4d0-90defac39616,9f0b65c2-8cf2-46aa-89d4-af6ac7a3f09b,Ecstasy 100,,Legacy Series - HIGH GAIN,,,,(Red Channel) (Metal) 4x12 Green 25s,Deprecated by BIAS X,,,,,"Deprecated,Guitar,Modeled","effects:2b9250b0-3442-4f2b-8f4c-069a233ad6ee,effects:a7d5f05c-23fb-4866-a37a-4755c1782d26"
d57a6d3e-b0d9-420d-8efa-420f8fd22aa0,d7fc8458-8d70-47c6-b4d0-90defac39616,9f0b65c2-8cf2-46aa-89d4-af6ac7a3f09b,Ecstasy 101 V2,,Legacy Series - HIGH GAIN,,,,(Red Channel) (Metal) 4x12 Green 25s,Deprecated by BIAS X,,,,,"Deprecated,Guitar,Modeled","effects:2b9250b0-3442-4f2b-8f4c-069a233ad6ee,effects:a7d5f05c-23fb-4866-a37a-4755c1782d26"
659daab6-027b-48c6-a141-cdeb74673e22,d7fc8458-8d70-47c6-b4d0-90defac39616,3220e8b4-17f1-4b9a-bf08-14bbb767ecc9,A-Type,,Celestion - Modern Vintage,,,,"1x12, 2x12, 4x12 CABs",,,,,,"Guitar,Modeled","effects:2b9250b0-3442-4f2b-8f4c-069a233ad6ee,effects:a7d5f05c-23fb-4866-a37a-4755c1782d26"
c838066e-f3d2-4c6d-818f-dab0185ff7d4,d7fc8458-8d70-47c6-b4d0-90defac39616,376cf751-5094-4af0-a67f-b4a282ebaf5d,Celestion Blue,,Celestion - Classic,,,,"1x12, 2x12, 4x12 CABs",,,,,,"Guitar,Modeled","effects:2b9250b0-3442-4f2b-8f4c-069a233ad6ee,effects:a7d5f05c-23fb-4866-a37a-4755c1782d26"
bc02a32a-152b-4ca4-be6a-f09ea78cdbe1,d7fc8458-8d70-47c6-b4d0-90defac39616,8c3d65ce-82a2-479a-97a6-4b325e0b753e,G12-65,,Celestion - Classic,,,,"1x12, 2x12, 4x12 CABs",,,,,,"Guitar,Modeled","effects:2b9250b0-3442-4f2b-8f4c-069a233ad6ee,effects:a7d5f05c-23fb-4866-a37a-4755c1782d26"
101b410b-1fff-47dc-8b36-b27886f55d73,d7fc8458-8d70-47c6-b4d0-90defac39616,b586424c-39d3-42ac-8abd-0acc7375a79c,G12H Anniversary,,Celestion - Classic,,,,"1x12, 2x12, 4x12 CABs",,,,,,"Guitar,Modeled","effects:2b9250b0-3442-4f2b-8f4c-069a233ad6ee,effects:a7d5f05c-23fb-4866-a37a-4755c1782d26"
fa8cdb52-7240-48b6-9782-c54c383713c2,d7fc8458-8d70-47c6-b4d0-90defac39616,d5e5c9ac-0914-4b0a-95ef-ef6be9ed89a9,G12H-150 Redback,,Celestion - Modern Vintage,,,,"1x12, 2x12, 4x12 CABs",,,,,,"Guitar,Modeled","effects:2b9250b0-3442-4f2b-8f4c-069a233ad6ee,effects:a7d5f05c-23fb-4866-a37a-4755c1782d26"
7324217b-3240-4d4f-9b59-27ec4543630b,d7fc8458-8d70-47c6-b4d0-90defac39616,23b37dbb-c2c6-48ce-ae1a-a0dd7158a396,G12H-75 Creamback,,Celestion - Modern Vintage,,,,"1x12, 2x12, 4x12 CABs",,,,,,"Guitar,Modeled","effects:2b9250b0-3442-4f2b-8f4c-069a233ad6ee,effects:a7d5f05c-23fb-4866-a37a-4755c1782d26"
5551a268-dcca-4ff0-82a7-8ca91de8b93c,d7fc8458-8d70-47c6-b4d0-90defac39616,81077865-69ac-472c-9e47-82c0b0f1b8fc,Celest G12M25 2x12,,Remaster Series - CAB,,,,2x12 CAB,,,,,,"Guitar,Modeled","effects:2b9250b0-3442-4f2b-8f4c-069a233ad6ee,effects:a7d5f05c-23fb-4866-a37a-4755c1782d26"
6b98267b-8f9b-4e3f-a82e-75b33edb821f,d7fc8458-8d70-47c6-b4d0-90defac39616,81077865-69ac-472c-9e47-82c0b0f1b8fc,4x12 Green 25s,,Legacy Series - CAB,,,,4x12 CAB,,,,,,"Guitar,Modeled","effects:2b9250b0-3442-4f2b-8f4c-069a233ad6ee,effects:a7d5f05c-23fb-4866-a37a-4755c1782d26"
5f5fe4dc-2b5d-4e19-ac0d-fbcc2fcd3813,d7fc8458-8d70-47c6-b4d0-90defac39616,81077865-69ac-472c-9e47-82c0b0f1b8fc,G12M Greenback,,Celestion - Classic,,,,"1x12, 2x12, 4x12 CABs",,,,,,"Guitar,Modeled","effects:2b9250b0-3442-4f2b-8f4c-069a233ad6ee,effects:a7d5f05c-23fb-4866-a37a-4755c1782d26"
85e54d71-e066-4eb5-a1ec-32d973cc2c66,d7fc8458-8d70-47c6-b4d0-90defac39616,81077865-69ac-472c-9e47-82c0b0f1b8fc,Green25 2x12,,Legacy Series - CAB,,,,2x12 CAB,,,,,,"Guitar,Modeled","effects:2b9250b0-3442-4f2b-8f4c-069a233ad6ee,effects:a7d5f05c-23fb-4866-a37a-4755c1782d26"
31fa9867-3253-4af6-b30a-0d6414e2d4d9,d7fc8458-8d70-47c6-b4d0-90defac39616,f4b4c17a-2e7a-47e6-8331-3725f1bc5027,G12M-65 Creamback,,Celestion - Modern Vintage,,,,"1x12, 2x12, 4x12 CABs",,,,,,"Guitar,Modeled","effects:2b9250b0-3442-4f2b-8f4c-069a233ad6ee,effects:a7d5f05c-23fb-4866-a37a-4755c1782d26"
eb68c1fb-b2f3-4ad3-95ff-2f4d492c95ac,d7fc8458-8d70-47c6-b4d0-90defac39616,a1d47dbb-a29e-4d5c-bdc3-33a4c945ef14,Celest G12T75 4x12,,Remaster Series - CAB,,,,4x12,,,,,,"Guitar,Modeled","effects:2b9250b0-3442-4f2b-8f4c-069a233ad6ee,effects:a7d5f05c-23fb-4866-a37a-4755c1782d26"
6411fbce-e59d-470a-83c0-851d639c1c2b,d7fc8458-8d70-47c6-b4d0-90defac39616,a1d47dbb-a29e-4d5c-bdc3-33a4c945ef14,Celest T-75s 4x12,,Legacy Series - CAB,,,,4x12 CAB,,,,,,"Guitar,Modeled","effects:2b9250b0-3442-4f2b-8f4c-069a233ad6ee,effects:a7d5f05c-23fb-4866-a37a-4755c1782d26"
bbc823da-f427-4856-97e0-4fb8b467770f,d7fc8458-8d70-47c6-b4d0-90defac39616,e72de810-8888-4d60-9528-4d76dcca2954,Neo Creamback,,Celestion - Modern Vintage,,,,"1x12, 2x12, 4x12 CABs",,,,,,"Guitar,Modeled","effects:2b9250b0-3442-4f2b-8f4c-069a233ad6ee,effects:a7d5f05c-23fb-4866-a37a-4755c1782d26"
6966c9d1-a6e8-480f-9fcc-1b25182b7e6c,d7fc8458-8d70-47c6-b4d0-90defac39616,0067e1f5-df2e-400a-af9b-301a3177898f,Celest V-30s 4x12,,Legacy Series - CAB,,,,4x12 CAB,,,,,,"Guitar,Modeled","effects:2b9250b0-3442-4f2b-8f4c-069a233ad6ee,effects:a7d5f05c-23fb-4866-a37a-4755c1782d26"
0edbc8f0-ad60-40b5-a8bc-90345b471a6a,d7fc8458-8d70-47c6-b4d0-90defac39616,0067e1f5-df2e-400a-af9b-301a3177898f,Celest V30 4x12,,Remaster Series - CAB,,,,4x12,,,,,,"Guitar,Modeled","effects:2b9250b0-3442-4f2b-8f4c-069a233ad6ee,effects:a7d5f05c-23fb-4866-a37a-4755c1782d26"
59b8a80c-9531-4da6-b0e9-af3c3e8c4f15,d7fc8458-8d70-47c6-b4d0-90defac39616,0067e1f5-df2e-400a-af9b-301a3177898f,Vintage 30,,Celestion - Classic,,,,"1x12, 2x12, 4x12 CABs",,,,,,"Guitar,Modeled","effects:2b9250b0-3442-4f2b-8f4c-069a233ad6ee,effects:a7d5f05c-23fb-4866-a37a-4755c1782d26"
706823df-a939-4dce-85ef-9dd590245905,d7fc8458-8d70-47c6-b4d0-90defac39616,d214cb4c-0615-4918-a396-12d367a4009f,Hargen,,Legacy Series - HIGH GAIN,,,,(Channel 3) (Metal) 4x12 Green 25s,,,,,,"Guitar,Modeled","effects:2b9250b0-3442-4f2b-8f4c-069a233ad6ee,effects:a7d5f05c-23fb-4866-a37a-4755c1782d26"
f5adb192-4dde-4894-9fc8-7fe3e778e2d1,d7fc8458-8d70-47c6-b4d0-90defac39616,d214cb4c-0615-4918-a396-12d367a4009f,Insane Hargen,,Legacy Series - HIGH GAIN,,,,(Channel 3) (Metal) 4x12 Green 25s,,,,,,"Guitar,Modeled","effects:2b9250b0-3442-4f2b-8f4c-069a233ad6ee,effects:a7d5f05c-23fb-4866-a37a-4755c1782d26"
96e061e7-edc4-4c64-b916-291742d0bffd,d7fc8458-8d70-47c6-b4d0-90defac39616,d62950a5-b67d-497e-93f7-7d53d1ab751f,D13 FTR,,Legacy Series - CRUNCH,,,,(Blues) 1x12 Tweed Lux,,,,,,"Guitar,Modeled","effects:2b9250b0-3442-4f2b-8f4c-069a233ad6ee,effects:a7d5f05c-23fb-4866-a37a-4755c1782d26"
4c4c1ac0-11a2-484c-a6b9-cace7298f2fd,d7fc8458-8d70-47c6-b4d0-90defac39616,d62950a5-b67d-497e-93f7-7d53d1ab751f,FTR37,,Legacy Series - CRUNCH,,,,(Blues) 1x12 Tweed Lux,,,,,,"Guitar,Modeled","effects:2b9250b0-3442-4f2b-8f4c-069a233ad6ee,effects:a7d5f05c-23fb-4866-a37a-4755c1782d26"
08205bbd-ab77-455a-80f3-33849ae47878,d7fc8458-8d70-47c6-b4d0-90defac39616,9b8bf222-7d40-455c-bfd4-d644442f4d06,Maz 18,,Legacy Series - CRUNCH,,,,(Blues) 1x12 Tweed Lux,,,,,,"Guitar,Modeled","effects:2b9250b0-3442-4f2b-8f4c-069a233ad6ee,effects:a7d5f05c-23fb-4866-a37a-4755c1782d26"
16e5e800-cb5a-41b4-aadf-d95070688b1e,d7fc8458-8d70-47c6-b4d0-90defac39616,9b8bf222-7d40-455c-bfd4-d644442f4d06,PhD 18,,Legacy Series - CRUNCH,,,,(Blues) 1x12 Tweed Lux,,,,,,"Guitar,Modeled","effects:2b9250b0-3442-4f2b-8f4c-069a233ad6ee,effects:a7d5f05c-23fb-4866-a37a-4755c1782d26"
b87f7445-e3f7-4608-a9bf-d6e3774839ab,d7fc8458-8d70-47c6-b4d0-90defac39616,bb72cb72-bd47-4b4b-b659-f0e850da62d8,PhDz,,Legacy Series - LOW GAIN,,,,(Blues) 2x12 Black Duo,Dr. Z Route 66 ALT (Tone),,,,,"Guitar,Modeled,Deprecated","effects:2b9250b0-3442-4f2b-8f4c-069a233ad6ee,effects:a7d5f05c-23fb-4866-a37a-4755c1782d26"
3edbc19a-aa79-4211-aa4b-6efee3acd403,d7fc8458-8d70-47c6-b4d0-90defac39616,bb72cb72-bd47-4b4b-b659-f0e850da62d8,PhD Z V2,,Legacy Series - LOW GAIN,,,,(Blues) 2x12 Black Duo,Dr. Z Route 66 ALT (Tone),,,,,"Guitar,Modeled,Deprecated","effects:2b9250b0-3442-4f2b-8f4c-069a233ad6ee,effects:a7d5f05c-23fb-4866-a37a-4755c1782d26"
3f4405e6-e492-4aaa-856d-c7163719e8f2,d7fc8458-8d70-47c6-b4d0-90defac39616,f5e44cec-1f45-438b-aacf-80fe48db1785,PhD W,,Legacy Series - LOW GAIN,,,,(Clean) 2x12 Jazz Clean,Dr. Z Z Wreck ALT (Tone),,,,,"Guitar,Modeled","effects:2b9250b0-3442-4f2b-8f4c-069a233ad6ee,effects:a7d5f05c-23fb-4866-a37a-4755c1782d26"
7150c595-94ec-4bc5-aca9-03a57ad35017,d7fc8458-8d70-47c6-b4d0-90defac39616,f5e44cec-1f45-438b-aacf-80fe48db1785,Z Wreck,,Legacy Series - LOW GAIN,,,,(Clean) 2x12 Jazz Clean,Dr. Z Z Wreck ALT (Tone),,,,,"Guitar,Modeled","effects:2b9250b0-3442-4f2b-8f4c-069a233ad6ee,effects:a7d5f05c-23fb-4866-a37a-4755c1782d26"
78abb5a6-34c0-4408-81e2-fef3e8286713,d7fc8458-8d70-47c6-b4d0-90defac39616,7246262d-861c-4b24-a3b7-5858ada5d6fb,PhD Lux,,Legacy Series - CRUNCH,,,,(Blues) 1x12 Tweed Lux,,,,,,"Guitar,Modeled","effects:2b9250b0-3442-4f2b-8f4c-069a233ad6ee,effects:a7d5f05c-23fb-4866-a37a-4755c1782d26"
a488f0d6-7e24-43c0-b2f1-b4e651e55fa7,d7fc8458-8d70-47c6-b4d0-90defac39616,7246262d-861c-4b24-a3b7-5858ada5d6fb,Z-Lux,,Legacy Series - CRUNCH,,,,(Blues) 1x12 Tweed Lux,,,,,,"Guitar,Modeled","effects:2b9250b0-3442-4f2b-8f4c-069a233ad6ee,effects:a7d5f05c-23fb-4866-a37a-4755c1782d26"
0c0329ce-783f-4d6f-aa63-19ee05e17d5b,d7fc8458-8d70-47c6-b4d0-90defac39616,20ad200f-fcac-4f86-bb67-d33e19121f75,Chrome 2x12,,Legacy Series - CAB,,,,2x12 CAB Electro-Voice EVM2L,,,,,,"Guitar,Modeled","effects:2b9250b0-3442-4f2b-8f4c-069a233ad6ee,effects:a7d5f05c-23fb-4866-a37a-4755c1782d26"
f934b2ff-812c-4e9b-a4e7-938698e01eba,d7fc8458-8d70-47c6-b4d0-90defac39616,a1c67bd0-c3fa-4fe7-a131-5c0db9e347c5,67 Dumble Clean,,Legacy Series - LOW GAIN,,,,(Glassy) 2x12 Green 25,,,,,,"Guitar,Modeled","effects:2b9250b0-3442-4f2b-8f4c-069a233ad6ee,effects:a7d5f05c-23fb-4866-a37a-4755c1782d26"
19dcb8ab-6e56-4448-b172-b9effb547804,d7fc8458-8d70-47c6-b4d0-90defac39616,a1c67bd0-c3fa-4fe7-a131-5c0db9e347c5,67 Dumble Clean v2,,Legacy Series - LOW GAIN,,,,(Glassy) 2x12 Green 25,,,,,,"Guitar,Modeled","effects:2b9250b0-3442-4f2b-8f4c-069a233ad6ee,effects:a7d5f05c-23fb-4866-a37a-4755c1782d26"
b125dc59-02e4-41a6-9dce-c4a14284b150,d7fc8458-8d70-47c6-b4d0-90defac39616,13df157e-d65f-499c-96ce-814efa4059c5,W600,,Legacy Series - BASS,,,,6x10 Bass Blue,,,,,,"Bass,Modeled","effects:2b9250b0-3442-4f2b-8f4c-069a233ad6ee,effects:a7d5f05c-23fb-4866-a37a-4755c1782d26"
74f63a27-9463-4a0b-9cce-e5260b0691b0,d7fc8458-8d70-47c6-b4d0-90defac39616,13df157e-d65f-499c-96ce-814efa4059c5,WTP 600,,Legacy Series - BASS,,,,6x10 Bass Blue,,,,,,"Bass,Modeled","effects:2b9250b0-3442-4f2b-8f4c-069a233ad6ee,effects:a7d5f05c-23fb-4866-a37a-4755c1782d26"
003a931a-2a05-4fa9-af8f-122cfe7de217,d7fc8458-8d70-47c6-b4d0-90defac39616,10cbd4c9-3cf4-46a1-ba8a-3f4096e82867,ENG 4x12,,Legacy Series - CAB,,,,4x12 CAB,Engl E412VGB ALT (Tone),,,,,"Guitar,Modeled","effects:2b9250b0-3442-4f2b-8f4c-069a233ad6ee,effects:a7d5f05c-23fb-4866-a37a-4755c1782d26"
285edb4d-9a1e-4a0b-95f6-00adfc133a04,d7fc8458-8d70-47c6-b4d0-90defac39616,a03cfd4d-baa9-4e6f-ba40-a270b16bfc5f,Fire,,Legacy Series - HIGH GAIN,,,,(Insane) 4x12 Treadplate,Engl E635 Fireball 100 ALT (Tone),,,,,"Guitar,Modeled","effects:2b9250b0-3442-4f2b-8f4c-069a233ad6ee,effects:a7d5f05c-23fb-4866-a37a-4755c1782d26"
e5af53f9-8078-4cdb-9cf1-b099aee83c88,d7fc8458-8d70-47c6-b4d0-90defac39616,a03cfd4d-baa9-4e6f-ba40-a270b16bfc5f,Fire v2,,Legacy Series - HIGH GAIN,,,,(Insane) 4x12 Treadplate,Engl E635 Fireball 100 ALT (Tone),,,,,"Guitar,Modeled","effects:2b9250b0-3442-4f2b-8f4c-069a233ad6ee,effects:a7d5f05c-23fb-4866-a37a-4755c1782d26"
d28a61c4-be9f-4527-a50e-fa7bf3b8d47a,d7fc8458-8d70-47c6-b4d0-90defac39616,a03cfd4d-baa9-4e6f-ba40-a270b16bfc5f,German Fire V2,,Legacy Series - HIGH GAIN,,,,(Insane) 4x12 Treadplate,Engl E635 Fireball 100 ALT (Tone),,,,,"Guitar,Modeled","effects:2b9250b0-3442-4f2b-8f4c-069a233ad6ee,effects:a7d5f05c-23fb-4866-a37a-4755c1782d26"
95c22c2f-f205-4192-8549-297eb51c1ac4,d7fc8458-8d70-47c6-b4d0-90defac39616,ffc73509-7b20-43d4-a4e6-63d757244db3,Invader,,Legacy Series - HIGH GAIN,,,,(Channel 3) (Metal) 4x12 Green 25s,Engl E642 Invader 100 ALT (Tone),,,,,"Guitar,Modeled","effects:2b9250b0-3442-4f2b-8f4c-069a233ad6ee,effects:a7d5f05c-23fb-4866-a37a-4755c1782d26"
e97ab9cd-2337-4128-824b-94073a3f4aa9,d7fc8458-8d70-47c6-b4d0-90defac39616,4d7adc92-d38d-4369-90d2-bc149ecf11fa,Black 100,,Legacy Series - HIGH GAIN,,,,(Channel 2) (Insane) 4x12 Green 25s,Engl E650 ALT (Tone),,,,,"Guitar,Modeled","effects:2b9250b0-3442-4f2b-8f4c-069a233ad6ee,effects:a7d5f05c-23fb-4866-a37a-4755c1782d26"
cb62a855-f5c5-4fa7-b371-1ec55caa0510,d7fc8458-8d70-47c6-b4d0-90defac39616,4d7adc92-d38d-4369-90d2-bc149ecf11fa,RB100,,Legacy Series - HIGH GAIN,,,,(Channel 2) (Insane) 4x12 Green 25s,Engl E650 ALT (Tone),,,,,"Guitar,Modeled","effects:2b9250b0-3442-4f2b-8f4c-069a233ad6ee,effects:a7d5f05c-23fb-4866-a37a-4755c1782d26"
5d00451c-e5ad-4c99-8238-f6d42822fb15,d7fc8458-8d70-47c6-b4d0-90defac39616,7d2b41c7-0314-4bd7-bbd6-84329f383667,59 Tweed Lux V2,,Legacy Series - LOW GAIN,,,,(Blues) 1x12 Tweed Lux,Fender '55 Tweed Deluxe ALT (Tone),,,,,"Guitar,Modeled","effects:2b9250b0-3442-4f2b-8f4c-069a233ad6ee,effects:a7d5f05c-23fb-4866-a37a-4755c1782d26"
5edaa6eb-6973-4c6f-833a-c48dbfc1335d,d7fc8458-8d70-47c6-b4d0-90defac39616,7d2b41c7-0314-4bd7-bbd6-84329f383667,Tweed Lux,,Legacy Series - LOW GAIN,,,,(Blues) 1x12 Tweed Lux,Fender '55 Tweed Deluxe ALT (Tone),,,,,"Guitar,Modeled","effects:2b9250b0-3442-4f2b-8f4c-069a233ad6ee,effects:a7d5f05c-23fb-4866-a37a-4755c1782d26"
6a6f9033-9640-40cc-b14f-2ea92bde90f7,d7fc8458-8d70-47c6-b4d0-90defac39616,7d2b41c7-0314-4bd7-bbd6-84329f383667,Tweed Lux v2,,Legacy Series - LOW GAIN,,,,(Blues) 1x12 Tweed Lux,Fender '55 Tweed Deluxe ALT (Tone),,,,,"Guitar,Modeled","effects:2b9250b0-3442-4f2b-8f4c-069a233ad6ee,effects:a7d5f05c-23fb-4866-a37a-4755c1782d26"
3bd728e0-a46e-461b-aa20-10af09be33ed,d7fc8458-8d70-47c6-b4d0-90defac39616,7d2b41c7-0314-4bd7-bbd6-84329f383667,Tweed Lux 1x12 (Cab),,Legacy Series - LOW GAIN,,,,(Blues) 1x12 Tweed Lux,Fender '55 Tweed Deluxe ALT (Tone),,,,,"Guitar,Modeled","effects:2b9250b0-3442-4f2b-8f4c-069a233ad6ee,effects:a7d5f05c-23fb-4866-a37a-4755c1782d26"
2115c94c-3d45-4b9b-a7be-4ca954f9dff9,d7fc8458-8d70-47c6-b4d0-90defac39616,b4b37998-a32e-4dd8-8064-7873b924e2a9,Blues Lux 1x12,,Legacy Series - CAB,,,,1x12 CAB,Fender '57 Deluxe ALT (Tone),,,,,"Guitar,Modeled","effects:2b9250b0-3442-4f2b-8f4c-069a233ad6ee,effects:a7d5f05c-23fb-4866-a37a-4755c1782d26"
d2e6a93a-95bd-47b0-946c-93900440b243,d7fc8458-8d70-47c6-b4d0-90defac39616,ec50ba25-c961-4631-aff1-085b7457d4bf,Tweed Bass 4x12,,Legacy Series - CAB,,,,"4x12 CAB
[NOTE: Fender Bassman was a 4x10]",Deprecated by BIAS X,,,,,"Guitar,Modeled,Deprecated","effects:2b9250b0-3442-4f2b-8f4c-069a233ad6ee,effects:a7d5f05c-23fb-4866-a37a-4755c1782d26"
b633a32d-eb4c-4409-9e71-45622aa5c222,d7fc8458-8d70-47c6-b4d0-90defac39616,381fce48-2ff9-421c-891a-11af645a1f0c,Black 1x12,,Legacy Series - CAB,,,,1x12 CAB,Fender '65 Deluxe Reverb ALT (Tone),,,,,"Guitar,Modeled,Deprecated","effects:2b9250b0-3442-4f2b-8f4c-069a233ad6ee,effects:a7d5f05c-23fb-4866-a37a-4755c1782d26"
d66d0e34-4c7b-4aef-bfe0-07af2e5d100f,d7fc8458-8d70-47c6-b4d0-90defac39616,381fce48-2ff9-421c-891a-11af645a1f0c,Black Lux 1x12,,Legacy Series - CAB,,,,1x12 CAB,Fender '65 Deluxe Reverb ALT (Tone),,,,,"Guitar,Modeled,Deprecated","effects:2b9250b0-3442-4f2b-8f4c-069a233ad6ee,effects:a7d5f05c-23fb-4866-a37a-4755c1782d26"
76b1af79-9630-4825-8573-5b6b003af57b,d7fc8458-8d70-47c6-b4d0-90defac39616,d6888014-2edc-4157-8d80-63731103cce7,Super Reverb,,Legacy Series - LOW GAIN,,,,(Clean) 2x12 Jazz Clean,Fender '65 Super Reverb ALT (Tone),,,,,"Guitar,Modeled","effects:2b9250b0-3442-4f2b-8f4c-069a233ad6ee,effects:a7d5f05c-23fb-4866-a37a-4755c1782d26"
a5d5201e-ac9d-4af1-8295-324cf50bb1fe,d7fc8458-8d70-47c6-b4d0-90defac39616,d6888014-2edc-4157-8d80-63731103cce7,Super Reverb CN,,Legacy Series - LOW GAIN,,,,(Clean) 2x12 Jazz Clean,Fender '65 Super Reverb ALT (Tone),,,,,"Guitar,Modeled","effects:2b9250b0-3442-4f2b-8f4c-069a233ad6ee,effects:a7d5f05c-23fb-4866-a37a-4755c1782d26"
d4e5cb73-de72-49ac-80e4-4e6700c61385,d7fc8458-8d70-47c6-b4d0-90defac39616,9b1831fe-fa8a-46d5-a765-efbed73e83c3,Black Duo 2x12,,Legacy Series - CAB,,,,2x12 CAB,Fender '65 Twin Reverb (CAB) ALT (Tone),,,,,"Guitar,Modeled","effects:2b9250b0-3442-4f2b-8f4c-069a233ad6ee,effects:a7d5f05c-23fb-4866-a37a-4755c1782d26"
c17af4bf-0724-4be9-b90a-9965742970d2,d7fc8458-8d70-47c6-b4d0-90defac39616,233946d6-6e33-41ff-9fde-02d42f64ce84,Super Amp,,Legacy Series - LOW GAIN,,,,(Glassy) 2x12 Black Duo,,,,,,"Guitar,Modeled","effects:2b9250b0-3442-4f2b-8f4c-069a233ad6ee,effects:a7d5f05c-23fb-4866-a37a-4755c1782d26"
3c566377-6d0a-4677-a09b-374a7ee66146,d7fc8458-8d70-47c6-b4d0-90defac39616,233946d6-6e33-41ff-9fde-02d42f64ce84,Super Amp 1950,,Legacy Series - LOW GAIN,,,,(Glassy) 2x12 Black Duo,,,,,,"Guitar,Modeled","effects:2b9250b0-3442-4f2b-8f4c-069a233ad6ee,effects:a7d5f05c-23fb-4866-a37a-4755c1782d26"
b5eaf061-f4a2-42e0-bb90-8656e7d30e9f,d7fc8458-8d70-47c6-b4d0-90defac39616,fcd88973-64c0-4fed-b713-98d2b6162566,Vibro Lux 1x12,,Legacy Series - CAB,,,,1x12 CAB,,,,,,"Guitar,Modeled","effects:2b9250b0-3442-4f2b-8f4c-069a233ad6ee,effects:a7d5f05c-23fb-4866-a37a-4755c1782d26"
8ca49bd7-b7a1-44ff-aeb8-ad828d0d099a,d7fc8458-8d70-47c6-b4d0-90defac39616,0649680f-f0af-4d9b-8453-9af3f6ac287f,Insane 4x12,,Remaster Series - CAB,,,,,,,,,,"Guitar,Modeled","effects:2b9250b0-3442-4f2b-8f4c-069a233ad6ee,effects:a7d5f05c-23fb-4866-a37a-4755c1782d26"
044c71ac-0a1a-4cad-bdb5-467ee73c542f,d7fc8458-8d70-47c6-b4d0-90defac39616,363cfad2-d09d-4f9e-beef-5c00428b18d2,Hot Rod 1x12,,Legacy Series - CAB,,,,1x12 CAB,,,,,,"Guitar,Modeled","effects:2b9250b0-3442-4f2b-8f4c-069a233ad6ee,effects:a7d5f05c-23fb-4866-a37a-4755c1782d26"
0d041a15-bdae-47bf-8cd8-d06fbd203920,d7fc8458-8d70-47c6-b4d0-90defac39616,c8467109-32a7-4833-aa95-3a5e1f2bd14e,Super Sonic,,Legacy Series - CRUNCH,,,,(Channel 2) (Blues) 1x12 Tweed Lux,Fender Super-Sonic 22 ALT (Tone),,,,,"Guitar,Modeled","effects:2b9250b0-3442-4f2b-8f4c-069a233ad6ee,effects:a7d5f05c-23fb-4866-a37a-4755c1782d26"
33a82d19-08dc-4ab7-953e-a84f1501e26f,d7fc8458-8d70-47c6-b4d0-90defac39616,c8467109-32a7-4833-aa95-3a5e1f2bd14e,Super Sonic V2,,Legacy Series - CRUNCH,,,,(Channel 2) (Blues) 1x12 Tweed Lux,Fender Super-Sonic 22 ALT (Tone),,,,,"Guitar,Modeled","effects:2b9250b0-3442-4f2b-8f4c-069a233ad6ee,effects:a7d5f05c-23fb-4866-a37a-4755c1782d26"
8bcf0b22-e722-4f9b-93b1-2ab5625a666f,d7fc8458-8d70-47c6-b4d0-90defac39616,3287cce7-d412-4931-9ae2-8ef1a0955c8d,Dual Rev,,Legacy Series - CRUNCH,,,,(Channel 2) (Crunch) 4x12 Celestion V30s,,,,,,"Guitar,Modeled","effects:2b9250b0-3442-4f2b-8f4c-069a233ad6ee,effects:a7d5f05c-23fb-4866-a37a-4755c1782d26"
1dbd5c8a-f32a-4439-b0c5-8f476d7f3a6c,d7fc8458-8d70-47c6-b4d0-90defac39616,3287cce7-d412-4931-9ae2-8ef1a0955c8d,The Twin,,Legacy Series - CRUNCH,,,,(Channel 2) (Crunch) 4x12 Celestion V30s,,,,,,"Guitar,Modeled","effects:2b9250b0-3442-4f2b-8f4c-069a233ad6ee,effects:a7d5f05c-23fb-4866-a37a-4755c1782d26"
4dea68ce-9228-4e04-a1cf-cdfaef6e416a,d7fc8458-8d70-47c6-b4d0-90defac39616,f3c85daa-3255-4eb8-a331-cd0603821aca,FR 2x12,,Remaster Series - CAB,,,,2x12 CAB,,,,,,"Guitar,Modeled","effects:2b9250b0-3442-4f2b-8f4c-069a233ad6ee,effects:a7d5f05c-23fb-4866-a37a-4755c1782d26"
18c25da2-99ee-4a4f-90b1-67c9d5e75524,d7fc8458-8d70-47c6-b4d0-90defac39616,f13adbdf-570f-4acb-b8d0-58fbf05322aa,Vibro 2x12,,Legacy Series - CAB,,,,2x12 CAB,Fender Vibro-King ALT (Tone),,,,,"Guitar,Modeled","effects:2b9250b0-3442-4f2b-8f4c-069a233ad6ee,effects:a7d5f05c-23fb-4866-a37a-4755c1782d26"
75abd129-83dc-4315-af09-4359c692f27c,d7fc8458-8d70-47c6-b4d0-90defac39616,76de0e39-c441-4c56-b7a0-8894cee694a9,Overdriven Vibro,,Legacy Series - CRUNCH,,,,(Crunch) 4x12 Celestion V30s,Fender Vibroverb TOP,,Recorderd w/ Ibanez TS808,,,"Guitar,Modeled","effects:2b9250b0-3442-4f2b-8f4c-069a233ad6ee,effects:a7d5f05c-23fb-4866-a37a-4755c1782d26"
f0bc31e5-3010-4321-88ab-312f27aa0df1,d7fc8458-8d70-47c6-b4d0-90defac39616,76de0e39-c441-4c56-b7a0-8894cee694a9,Vibroverb CH,,Legacy Series - CRUNCH,,,,(Crunch) 4x12 Celestion V30s,Fender Vibroverb TOP,,Recorderd w/ Ibanez TS808,,,"Guitar,Modeled","effects:2b9250b0-3442-4f2b-8f4c-069a233ad6ee,effects:a7d5f05c-23fb-4866-a37a-4755c1782d26"
f26d5b6e-8502-45fd-a495-e98e1c89dc86,d7fc8458-8d70-47c6-b4d0-90defac39616,941574af-079a-4523-8f97-7a144f95ac4a,Cobra,,Legacy Series - HIGH GAIN,,,,(Lead Channel) (Insane) 4x12 Green 25s,,,,,,"Guitar,Modeled","effects:2b9250b0-3442-4f2b-8f4c-069a233ad6ee,effects:a7d5f05c-23fb-4866-a37a-4755c1782d26"
becdaf4d-84ff-45c1-b3ac-0cfaf6f8884f,d7fc8458-8d70-47c6-b4d0-90defac39616,87669113-f378-4cc0-b87d-a6cbefdae17b,BE 4x12,,Remaster Series - CAB,,,,4x12 CAB,Friedman 412 ALT (Tone),,,,,"Guitar,Modeled","effects:2b9250b0-3442-4f2b-8f4c-069a233ad6ee,effects:a7d5f05c-23fb-4866-a37a-4755c1782d26"
858979ca-86a8-496b-a64b-a393bcc7bdc2,d7fc8458-8d70-47c6-b4d0-90defac39616,b694b4a5-e47a-4682-b558-a3fc3c004f44,Overdrive Supreme,,Legacy Series - LOW GAIN,,,,(Clean) 2x12 Jazz Clean,Fuchs Overdrive Supreme ALT (Tone),,Dumble clone,,,"Guitar,Modeled","effects:2b9250b0-3442-4f2b-8f4c-069a233ad6ee,effects:a7d5f05c-23fb-4866-a37a-4755c1782d26"
4a2fd564-7b0c-48f5-9454-b795ed0c6eae,d7fc8458-8d70-47c6-b4d0-90defac39616,b694b4a5-e47a-4682-b558-a3fc3c004f44,Supreme Clean,,Legacy Series - LOW GAIN,,,,(Clean) 2x12 Jazz Clean,Fuchs Overdrive Supreme ALT (Tone),,Dumble clone,,,"Guitar,Modeled","effects:2b9250b0-3442-4f2b-8f4c-069a233ad6ee,effects:a7d5f05c-23fb-4866-a37a-4755c1782d26"
693593d2-ccbf-4738-8889-873d3253c613,d7fc8458-8d70-47c6-b4d0-90defac39616,032037d1-c094-4d1a-9e3e-f9ec6bff1cf5,Bass GK 4x10,,Legacy Series - CAB,,,,4x10 CAB,,,,,,"Bass,Modeled","effects:2b9250b0-3442-4f2b-8f4c-069a233ad6ee,effects:a7d5f05c-23fb-4866-a37a-4755c1782d26"
5c689db9-514a-4e69-bf2a-10619e6404c4,d7fc8458-8d70-47c6-b4d0-90defac39616,3b34ff6c-2624-445f-a270-72b3e04f702d,RB 700,,Legacy Series - BASS,,,,4x10 Bass GK,,,,,,"Bass,Modeled","effects:2b9250b0-3442-4f2b-8f4c-069a233ad6ee,effects:a7d5f05c-23fb-4866-a37a-4755c1782d26"
5e1aa483-4094-44d4-a7d1-4f97eedb756c,d7fc8458-8d70-47c6-b4d0-90defac39616,3b34ff6c-2624-445f-a270-72b3e04f702d,700 RB V2,,Legacy Series - BASS,,,,4x10 Bass GK,,,,,,"Bass,Modeled","effects:2b9250b0-3442-4f2b-8f4c-069a233ad6ee,effects:a7d5f05c-23fb-4866-a37a-4755c1782d26"
3be2383e-a96e-4594-bf35-2566dff9b85a,d7fc8458-8d70-47c6-b4d0-90defac39616,e457a9cd-ae2a-4144-95a2-11e773647056,Bass CX10 2x10,,Legacy Series - CAB,,,,2x10 CAB,,,,,,"Bass,Modeled","effects:2b9250b0-3442-4f2b-8f4c-069a233ad6ee,effects:a7d5f05c-23fb-4866-a37a-4755c1782d26"
9d174136-1dde-482e-9cea-f563cae41c32,d7fc8458-8d70-47c6-b4d0-90defac39616,591cb0bd-1fe4-49de-b4e1-b15ae1054f1a,Bass NEO 2x12,,Legacy Series - CAB,,,,2x12 CAB,,,,,,"Bass,Modeled","effects:2b9250b0-3442-4f2b-8f4c-069a233ad6ee,effects:a7d5f05c-23fb-4866-a37a-4755c1782d26"
d77eb925-0301-4e7e-9a74-5eddac561552,d7fc8458-8d70-47c6-b4d0-90defac39616,1807c1cc-2d54-4c12-b77c-a15d96b14083,Gret 6156,,Legacy Series - LOW GAIN,,,,(Glassy) 1x12,,,,,,"Guitar,Modeled","effects:2b9250b0-3442-4f2b-8f4c-069a233ad6ee,effects:a7d5f05c-23fb-4866-a37a-4755c1782d26"
e69b5caa-b437-4bce-ba76-3a112e60f116,d7fc8458-8d70-47c6-b4d0-90defac39616,0071df00-986d-4016-9705-4c1f3866dbb7,GA 930,,Legacy Series - CRUNCH,,,,(Blues) 1x12 Tweed Lux,,,,,,"Guitar,Modeled","effects:2b9250b0-3442-4f2b-8f4c-069a233ad6ee,effects:a7d5f05c-23fb-4866-a37a-4755c1782d26"
69b74895-817f-4569-a0f5-011e18e83e46,d7fc8458-8d70-47c6-b4d0-90defac39616,0071df00-986d-4016-9705-4c1f3866dbb7,Vintage Crunch,,Legacy Series - CRUNCH,,,,(Blues) 1x12 Tweed Lux,,,,,,"Guitar,Modeled","effects:2b9250b0-3442-4f2b-8f4c-069a233ad6ee,effects:a7d5f05c-23fb-4866-a37a-4755c1782d26"
b890d8eb-77e6-43fc-8bf5-4239f54ca309,d7fc8458-8d70-47c6-b4d0-90defac39616,978b449a-fa82-4a47-b297-3a73ac366dda,H5000 Bass,,Legacy Series - BASS,,,,2x10 Bass CX-10,,,,,,"Bass,Modeled","effects:2b9250b0-3442-4f2b-8f4c-069a233ad6ee,effects:a7d5f05c-23fb-4866-a37a-4755c1782d26"
776ef241-5640-46b0-8747-9ee2d6f27339,d7fc8458-8d70-47c6-b4d0-90defac39616,978b449a-fa82-4a47-b297-3a73ac366dda,H5001,,Legacy Series - BASS,,,,2x10 Bass CX-10,,,,,,"Bass,Modeled","effects:2b9250b0-3442-4f2b-8f4c-069a233ad6ee,effects:a7d5f05c-23fb-4866-a37a-4755c1782d26"
9d29cfc0-a810-46df-8a6e-34522c1c815b,d7fc8458-8d70-47c6-b4d0-90defac39616,513194a9-ed9c-4280-a619-98621cd9147a,Hiway DR103,,Legacy Series - CRUNCH,,,,(Crunch) 4x12 Hiway 4123,Hiwatt DR103 Custom 100 ALT (Tone),,,,,"Guitar,Modeled","effects:2b9250b0-3442-4f2b-8f4c-069a233ad6ee,effects:a7d5f05c-23fb-4866-a37a-4755c1782d26"
aecbc3b5-79cf-4342-afa7-4d2d4f05018f,d7fc8458-8d70-47c6-b4d0-90defac39616,513194a9-ed9c-4280-a619-98621cd9147a,Hiway DR103 v2,,Legacy Series - CRUNCH,,,,(Crunch) 4x12 Hiway 4123,Hiwatt DR103 Custom 100 ALT (Tone),,,,,"Guitar,Modeled","effects:2b9250b0-3442-4f2b-8f4c-069a233ad6ee,effects:a7d5f05c-23fb-4866-a37a-4755c1782d26"
dd918f4b-a3b1-4a85-98c9-74d2af014794,d7fc8458-8d70-47c6-b4d0-90defac39616,b0eda313-91b7-4d04-a2ed-f7972d1d8e28,DR201 Custom,,Legacy Series - BASS,,,,6x10 Bass Blue,,,,,,"Bass,Modeled","effects:2b9250b0-3442-4f2b-8f4c-069a233ad6ee,effects:a7d5f05c-23fb-4866-a37a-4755c1782d26"
18cce89a-e34d-4ddc-af9b-f907a1b727e1,d7fc8458-8d70-47c6-b4d0-90defac39616,8933b1d5-7021-41c5-90d8-42ff61da9a58,Hiway Fane 2x12,,Legacy Series - CAB,,,,2x12 CAB,,,,,,"Guitar,Modeled","effects:2b9250b0-3442-4f2b-8f4c-069a233ad6ee,effects:a7d5f05c-23fb-4866-a37a-4755c1782d26"
94e59603-1ae6-4212-b3ee-993dc81276e4,d7fc8458-8d70-47c6-b4d0-90defac39616,aa588b88-05f3-491c-9157-262b921c3011,Hiway 4123 4x12,,Legacy Series - CAB,,,,4x12 CAB,Hiwatt SE4123F ALT (Tone),,,,,"Guitar,Modeled","effects:2b9250b0-3442-4f2b-8f4c-069a233ad6ee,effects:a7d5f05c-23fb-4866-a37a-4755c1782d26"
1dc8815e-7e4d-4366-a39e-78480d106f07,d7fc8458-8d70-47c6-b4d0-90defac39616,1e9e07c2-bc52-4a97-a7c2-18ab0cf3ebba,Switch Blade,,Legacy Series - HIGH GAIN,,,,(Lead Channel) (Insane) 4x12 Green 25s,,,,,,"Guitar,Modeled","effects:2b9250b0-3442-4f2b-8f4c-069a233ad6ee,effects:a7d5f05c-23fb-4866-a37a-4755c1782d26"
6b489c3b-bbf5-464d-8bd3-8ad7e899287c,d7fc8458-8d70-47c6-b4d0-90defac39616,1e9e07c2-bc52-4a97-a7c2-18ab0cf3ebba,SwitchAxe Lead,,Legacy Series - HIGH GAIN,,,,(Lead Channel) (Insane) 4x12 Green 25s,,,,,,"Guitar,Modeled","effects:2b9250b0-3442-4f2b-8f4c-069a233ad6ee,effects:a7d5f05c-23fb-4866-a37a-4755c1782d26"
a04d85e1-f6db-4fd1-8674-72074bc3470f,d7fc8458-8d70-47c6-b4d0-90defac39616,ea957337-7661-4b19-b803-6b5fef449489,C-12K 1x12,,Legacy Series - CAB,,,,1x12 CAB (Speaker),Jensen C12K ALT (Tone),,,,,"Guitar,Modeled","effects:2b9250b0-3442-4f2b-8f4c-069a233ad6ee,effects:a7d5f05c-23fb-4866-a37a-4755c1782d26"
aa9c18a2-e2ec-4479-b620-5be11a74dc03,d7fc8458-8d70-47c6-b4d0-90defac39616,06d0eabd-92fa-4e70-8eda-c5119081f301,P10Q 4x12,,Legacy Series - CAB,,,,4x10 CAB,,,,,,"Guitar,Modeled","effects:2b9250b0-3442-4f2b-8f4c-069a233ad6ee,effects:a7d5f05c-23fb-4866-a37a-4755c1782d26"
204c4cee-28f0-4ff3-980f-18e8da030f34,d7fc8458-8d70-47c6-b4d0-90defac39616,8562277a-8ea5-4e97-a9f1-a8377c5b55ec,MB T500,,Legacy Series - BASS,,,,6x10 Bass Blue,,,,,,"Bass,Modeled","effects:2b9250b0-3442-4f2b-8f4c-069a233ad6ee,effects:a7d5f05c-23fb-4866-a37a-4755c1782d26"
0e4d1a1d-5938-4e71-87fa-e04dc4d34a63,d7fc8458-8d70-47c6-b4d0-90defac39616,8562277a-8ea5-4e97-a9f1-a8377c5b55ec,TTE 500,,Legacy Series - BASS,,,,6x10 Bass Blue,,,,,,"Bass,Modeled","effects:2b9250b0-3442-4f2b-8f4c-069a233ad6ee,effects:a7d5f05c-23fb-4866-a37a-4755c1782d26"
46335582-b460-4452-8f08-279542827ab5,d7fc8458-8d70-47c6-b4d0-90defac39616,cec2a98b-438e-4cf8-9b6a-e61e74a53b21,British 900 2x12,,Legacy Series - CAB,,,,2x12 CAB,Marshall 1936 TOP,,,,,"Guitar,Modeled","effects:2b9250b0-3442-4f2b-8f4c-069a233ad6ee,effects:a7d5f05c-23fb-4866-a37a-4755c1782d26"
a89b2d29-a29e-4df5-b453-3466d1acf0d5,d7fc8458-8d70-47c6-b4d0-90defac39616,9e0e9905-632b-4894-bb94-a3338e4fb1c4,BR 4x12,,Remaster Series - CAB,,,,4x12,Marshall 1960A ALT (Tone),,,,,"Guitar,Modeled","effects:2b9250b0-3442-4f2b-8f4c-069a233ad6ee,effects:a7d5f05c-23fb-4866-a37a-4755c1782d26"
bffdc38f-5a00-4c04-9816-0699c12bf35e,d7fc8458-8d70-47c6-b4d0-90defac39616,9e0e9905-632b-4894-bb94-a3338e4fb1c4,1965A 4x12,,Legacy Series - CAB,,,,4x12 CAB,Marshall 1960A ALT (Tone),,,,,"Guitar,Modeled","effects:2b9250b0-3442-4f2b-8f4c-069a233ad6ee,effects:a7d5f05c-23fb-4866-a37a-4755c1782d26"
3b552eaf-a4f3-4470-b5ee-f3bb6ab9e6d3,d7fc8458-8d70-47c6-b4d0-90defac39616,052efd26-95a7-420a-98db-d96f1c7a4dde,British G12V 4x12,,Legacy Series - CAB,,,,4x12 CAB,Marshall 1960AV ALT (Tone),,,,,"Guitar,Modeled","effects:2b9250b0-3442-4f2b-8f4c-069a233ad6ee,effects:a7d5f05c-23fb-4866-a37a-4755c1782d26"
cd487bbe-77d6-42b1-acb1-fada5a4bf2de,d7fc8458-8d70-47c6-b4d0-90defac39616,250a2c8a-1b2b-4c89-aaae-a935efc12b62,Plexi 4x12,,Remaster Series - CAB,,,,4x12 CAB,Marshall 1960AX ALT (Tone),,,,,"Guitar,Modeled","effects:2b9250b0-3442-4f2b-8f4c-069a233ad6ee,effects:a7d5f05c-23fb-4866-a37a-4755c1782d26"
b8daefe9-23c5-4ac7-b621-630634acb8ae,d7fc8458-8d70-47c6-b4d0-90defac39616,728fb8bd-72b8-46cc-979c-8f9e3b3429d1,British Lead Bass,,Legacy Series - BASS,,,,2x10 Bass Super Duo,Marshall 1992 SBP ALT (Tone),,,,,"Guitar,Modeled","effects:2b9250b0-3442-4f2b-8f4c-069a233ad6ee,effects:a7d5f05c-23fb-4866-a37a-4755c1782d26"
ec82e0fd-2587-4c8c-aa3f-08a8ec601bd2,d7fc8458-8d70-47c6-b4d0-90defac39616,30572e46-2660-4f97-b378-eeb9103bce97,AFD 100,,Legacy Series - HIGH GAIN,,,,(Hi Gain) 4x12 OR V-30s,Marshall AFD100 ALT (Tone),,,,,"Guitar,Modeled","effects:2b9250b0-3442-4f2b-8f4c-069a233ad6ee,effects:a7d5f05c-23fb-4866-a37a-4755c1782d26"
0f280b9d-bf50-4bba-b74c-1331884a6c42,d7fc8458-8d70-47c6-b4d0-90defac39616,30572e46-2660-4f97-b378-eeb9103bce97,Snake's Lead 800 V2,,Legacy Series - HIGH GAIN,,,,(Hi Gain) 4x12 OR V-30s,Marshall AFD100 ALT (Tone),,,,,"Guitar,Modeled","effects:2b9250b0-3442-4f2b-8f4c-069a233ad6ee,effects:a7d5f05c-23fb-4866-a37a-4755c1782d26"
1ddb6d41-de73-41ba-812b-61b6541bb06f,d7fc8458-8d70-47c6-b4d0-90defac39616,69ed90e5-2a25-472f-9ab5-27a5f9552e0e,KK100,,Legacy Series - HIGH GAIN,,,,(Metal) 4x12 Green 25s,,,,,,"Guitar,Modeled","effects:2b9250b0-3442-4f2b-8f4c-069a233ad6ee,effects:a7d5f05c-23fb-4866-a37a-4755c1782d26"
b9654884-eab7-489f-9602-2772df0cc034,d7fc8458-8d70-47c6-b4d0-90defac39616,69ed90e5-2a25-472f-9ab5-27a5f9552e0e,Slayer King,,Legacy Series - HIGH GAIN,,,,(Metal) 4x12 Green 25s,,,,,,"Guitar,Modeled","effects:2b9250b0-3442-4f2b-8f4c-069a233ad6ee,effects:a7d5f05c-23fb-4866-a37a-4755c1782d26"
afe609f1-2e0e-4fd9-a9f7-c66d12a5cebb,d7fc8458-8d70-47c6-b4d0-90defac39616,78623742-ca56-452e-9a93-471c8f14ef7b,1979 British High G,,Legacy Series - HIGH GAIN,,,,(Hi Gain) 4x12 OR V-30s,Marshall JMP 2203  ALT (Tone),,,,,"Guitar,Modeled","effects:2b9250b0-3442-4f2b-8f4c-069a233ad6ee,effects:a7d5f05c-23fb-4866-a37a-4755c1782d26"
6bdb3b76-e193-4073-8060-98c993ae2fc8,d7fc8458-8d70-47c6-b4d0-90defac39616,78623742-ca56-452e-9a93-471c8f14ef7b,Plexi 1979 HG,,Legacy Series - HIGH GAIN,,,,(Hi Gain) 4x12 OR V-30s,Marshall JMP 2203  ALT (Tone),,,,,"Guitar,Modeled","effects:2b9250b0-3442-4f2b-8f4c-069a233ad6ee,effects:a7d5f05c-23fb-4866-a37a-4755c1782d26"
d73bf1ea-b3e3-43c8-86fd-f302e3643a37,d7fc8458-8d70-47c6-b4d0-90defac39616,7e4b4ea4-912e-45ea-bc91-0fc536a3428f,JM45 Clean,,Legacy Series - LOW GAIN,,,,(Clean) 2x12 Jazz Clean,Marshall JTM45 2245 ALT (Tone),,,,,"Guitar,Modeled","effects:2b9250b0-3442-4f2b-8f4c-069a233ad6ee,effects:a7d5f05c-23fb-4866-a37a-4755c1782d26"
b6a80e26-38c2-4917-b2bd-956adcf389dd,d7fc8458-8d70-47c6-b4d0-90defac39616,7e4b4ea4-912e-45ea-bc91-0fc536a3428f,JTM45 CN,,Legacy Series - LOW GAIN,,,,(Clean) 2x12 Jazz Clean,Marshall JTM45 2245 ALT (Tone),,,,,"Guitar,Modeled","effects:2b9250b0-3442-4f2b-8f4c-069a233ad6ee,effects:a7d5f05c-23fb-4866-a37a-4755c1782d26"
2024def4-ac52-4a08-bb08-1fd784a3678b,d7fc8458-8d70-47c6-b4d0-90defac39616,7e4b4ea4-912e-45ea-bc91-0fc536a3428f,JTM45 CH,,Legacy Series - CRUNCH,,,,(Crunch) 4x12 Celestion V30s,Marshall JTM45 2245 ALT (Tone),,,,,"Guitar,Modeled","effects:2b9250b0-3442-4f2b-8f4c-069a233ad6ee,effects:a7d5f05c-23fb-4866-a37a-4755c1782d26"
6c7938d4-7878-434d-810a-eda461d8acb3,d7fc8458-8d70-47c6-b4d0-90defac39616,7e4b4ea4-912e-45ea-bc91-0fc536a3428f,Overdriven JM45,,Legacy Series - CRUNCH,,,,(Crunch) 4x12 Celestion V30s,Marshall JTM45 2245 ALT (Tone),,,,,"Guitar,Modeled","effects:2b9250b0-3442-4f2b-8f4c-069a233ad6ee,effects:a7d5f05c-23fb-4866-a37a-4755c1782d26"
803b0549-ece8-4eff-a8d8-47bc761a07fd,d7fc8458-8d70-47c6-b4d0-90defac39616,6be0e8c2-a6b5-46fd-881e-5a2e6e69e8d6,YJM 100,,Legacy Series - HIGH GAIN,,,,(Hi Gain) 4x12 OR V-30s,,,,,,"Guitar,Modeled","effects:2b9250b0-3442-4f2b-8f4c-069a233ad6ee,effects:a7d5f05c-23fb-4866-a37a-4755c1782d26"
bbd01539-ddb6-4c7d-b2fa-826d5e74537a,d7fc8458-8d70-47c6-b4d0-90defac39616,6be0e8c2-a6b5-46fd-881e-5a2e6e69e8d6,YM100,,Legacy Series - HIGH GAIN,,,,(Hi Gain) 4x12 OR V-30s,,,,,,"Guitar,Modeled","effects:2b9250b0-3442-4f2b-8f4c-069a233ad6ee,effects:a7d5f05c-23fb-4866-a37a-4755c1782d26"
4f71beb0-fe9d-433a-a66d-c5415bbaff6b,d7fc8458-8d70-47c6-b4d0-90defac39616,0627939c-d300-4649-9f0d-f25467d047ed,94 Match 30,,Legacy Series - LOW GAIN,,,,(1994) (Clean) 2x12 Green25,Matchless DC-30 ALT(Tone),,,,,"Guitar,Modeled","effects:2b9250b0-3442-4f2b-8f4c-069a233ad6ee,effects:a7d5f05c-23fb-4866-a37a-4755c1782d26"
d37a8fec-20b7-4350-9938-d1552158b9ff,d7fc8458-8d70-47c6-b4d0-90defac39616,0627939c-d300-4649-9f0d-f25467d047ed,94 Match 30 v2,,Legacy Series - LOW GAIN,,,,(1994) (Clean) 2x12 Green25,Matchless DC-30 ALT(Tone),,,,,"Guitar,Modeled","effects:2b9250b0-3442-4f2b-8f4c-069a233ad6ee,effects:a7d5f05c-23fb-4866-a37a-4755c1782d26"
7188e11b-d443-4878-a953-b0189c34d875,d7fc8458-8d70-47c6-b4d0-90defac39616,0627939c-d300-4649-9f0d-f25467d047ed,94 MATCH DC V2,,Legacy Series - LOW GAIN,,,,(1994) (Clean) 2x12 Green25,Matchless DC-30 ALT(Tone),,,,,"Guitar,Modeled","effects:2b9250b0-3442-4f2b-8f4c-069a233ad6ee,effects:a7d5f05c-23fb-4866-a37a-4755c1782d26"
1357f158-65a0-4a9c-a60a-035bf89121d5,d7fc8458-8d70-47c6-b4d0-90defac39616,0627939c-d300-4649-9f0d-f25467d047ed,Match 2x12,,Remaster Series - CAB,,,,2x12 CAB,Matchless DC-30 (CAB) ALT(Tone),,,,,"Guitar,Modeled","effects:2b9250b0-3442-4f2b-8f4c-069a233ad6ee,effects:a7d5f05c-23fb-4866-a37a-4755c1782d26"
176bb75b-e11e-4945-98e7-558f4fcf1552,d7fc8458-8d70-47c6-b4d0-90defac39616,3de43a86-c9cd-4c32-ad74-9b32490f38c0,Lighting,,Legacy Series - HIGH GAIN,,,,(Hi Gain) 4x12 OR V-30s,,,,,,"Guitar,Modeled","effects:2b9250b0-3442-4f2b-8f4c-069a233ad6ee,effects:a7d5f05c-23fb-4866-a37a-4755c1782d26"
c0bbc069-3c22-4c72-a81c-23d0ce557af3,d7fc8458-8d70-47c6-b4d0-90defac39616,6f05c91a-e835-4d31-90eb-eaf005eef38a,Metal V 4x12,,Legacy Series - CAB,,,,4x12 CAB,,,,,,"Guitar,Modeled","effects:2b9250b0-3442-4f2b-8f4c-069a233ad6ee,effects:a7d5f05c-23fb-4866-a37a-4755c1782d26"
64956a0e-ddf0-41c1-8413-3496ffb4cb25,d7fc8458-8d70-47c6-b4d0-90defac39616,f3324edf-ed08-42d6-81bd-b09b91d99b86,Boogie 4x12,,Remaster Series - CAB,,,,4x12 CAB,Mesa/Boogie 4x12 Rectifier Standard Slant ALT (Tone),,,,,"Guitar,Modeled","effects:2b9250b0-3442-4f2b-8f4c-069a233ad6ee,effects:a7d5f05c-23fb-4866-a37a-4755c1782d26"
d5df6437-ffb2-4be0-97c8-c4449dffe2b6,d7fc8458-8d70-47c6-b4d0-90defac39616,f3324edf-ed08-42d6-81bd-b09b91d99b86,Rectifier 4x12,,Legacy Series - CAB,,,,4x12 CAB,Mesa/Boogie 4x12 Rectifier Standard Slant ALT (Tone),,,,,"Guitar,Modeled","effects:2b9250b0-3442-4f2b-8f4c-069a233ad6ee,effects:a7d5f05c-23fb-4866-a37a-4755c1782d26"
7a724072-9451-406e-92fa-82cc04ed96ad,d7fc8458-8d70-47c6-b4d0-90defac39616,f3324edf-ed08-42d6-81bd-b09b91d99b86,Treadplate 4x12,,Legacy Series - CAB,,,,4x12 CAB,Mesa/Boogie 4x12 Rectifier Standard Slant ALT (Tone),,,,,"Guitar,Modeled","effects:2b9250b0-3442-4f2b-8f4c-069a233ad6ee,effects:a7d5f05c-23fb-4866-a37a-4755c1782d26"
20521afb-8116-40d7-9766-031d44c36404,d7fc8458-8d70-47c6-b4d0-90defac39616,36bae91a-9370-4ee4-bb54-b4a3a9edc8dd,American High Gain,,Legacy Series - HIGH GAIN,,,,(Channel 2) (Insane) 4x12 Green 25s,,,,,,"Guitar,Modeled","effects:2b9250b0-3442-4f2b-8f4c-069a233ad6ee,effects:a7d5f05c-23fb-4866-a37a-4755c1782d26"
7b15d413-69a7-4f61-a4e0-67c26c06f4ea,d7fc8458-8d70-47c6-b4d0-90defac39616,36bae91a-9370-4ee4-bb54-b4a3a9edc8dd,JP-2C,,Legacy Series - HIGH GAIN,,,,(Channel 2) (Insane) 4x12 Green 25s,,,,,,"Guitar,Modeled","effects:2b9250b0-3442-4f2b-8f4c-069a233ad6ee,effects:a7d5f05c-23fb-4866-a37a-4755c1782d26"
bc815973-4be5-45d2-b325-7929c0943247,d7fc8458-8d70-47c6-b4d0-90defac39616,03e5654c-74bc-47ee-8584-92aa0caa4e8c,American Crunch,,Legacy Series - CRUNCH,,,,(Channel 2) (Blues) 1x12 Tweed Lux,"Mesa/Boogie Lone Star ALT (Tone)
Deprecated by BIAS X",,,,,"Guitar,Modeled","effects:2b9250b0-3442-4f2b-8f4c-069a233ad6ee,effects:a7d5f05c-23fb-4866-a37a-4755c1782d26"
58385b3a-37e2-4fc9-a8f6-b167cbeddb76,d7fc8458-8d70-47c6-b4d0-90defac39616,03e5654c-74bc-47ee-8584-92aa0caa4e8c,Lonestar,,Legacy Series - CRUNCH,,,,(Channel 2) (Blues) 1x12 Tweed Lux,"Mesa/Boogie Lone Star ALT (Tone)
Deprecated by BIAS X",,,,,"Guitar,Modeled","effects:2b9250b0-3442-4f2b-8f4c-069a233ad6ee,effects:a7d5f05c-23fb-4866-a37a-4755c1782d26"
77645211-e608-43c5-a73b-2f6bf326b231,d7fc8458-8d70-47c6-b4d0-90defac39616,03e5654c-74bc-47ee-8584-92aa0caa4e8c,Solo Star,,Legacy Series - LOW GAIN,,,,(Blues) 1x12 Solo Star,"Mesa/Boogie Lone Star ALT (Tone)
Deprecated by BIAS X",,,,,"Guitar,Modeled","effects:2b9250b0-3442-4f2b-8f4c-069a233ad6ee,effects:a7d5f05c-23fb-4866-a37a-4755c1782d26"
59ea1ea3-5bfa-4943-9c4b-34b09cecd44d,d7fc8458-8d70-47c6-b4d0-90defac39616,03e5654c-74bc-47ee-8584-92aa0caa4e8c,Solo Star 1x12 (Cab),,Legacy Series - LOW GAIN,,,,(Blues) 1x12 Solo Star,"Mesa/Boogie Lone Star ALT (Tone)
Deprecated by BIAS X",,,,,"Guitar,Modeled","effects:2b9250b0-3442-4f2b-8f4c-069a233ad6ee,effects:a7d5f05c-23fb-4866-a37a-4755c1782d26"
0c98d8f0-4fe7-46e4-9a12-0f908cb54029,d7fc8458-8d70-47c6-b4d0-90defac39616,e9194049-5efa-4dc5-b253-26769d05e9d7,Mark IV MT,,Legacy Series - HIGH GAIN,,,,(Channel 3) (Metal) 4x12 Green 25s,"Mesa/Boogie Mark IV A ALT (Tone)
Deprecated by BIAS X",,,,,"Guitar,Modeled","effects:2b9250b0-3442-4f2b-8f4c-069a233ad6ee,effects:a7d5f05c-23fb-4866-a37a-4755c1782d26"
1a183416-f2af-4bd9-acb8-a285787c5381,d7fc8458-8d70-47c6-b4d0-90defac39616,e9194049-5efa-4dc5-b253-26769d05e9d7,Pushed Mark IV,,Legacy Series - HIGH GAIN,,,,(Channel 3) (Metal) 4x12 Green 25s,"Mesa/Boogie Mark IV A ALT (Tone)
Deprecated by BIAS X",,,,,"Guitar,Modeled","effects:2b9250b0-3442-4f2b-8f4c-069a233ad6ee,effects:a7d5f05c-23fb-4866-a37a-4755c1782d26"
a313f0e0-f023-4824-97fe-a4521addec6a,d7fc8458-8d70-47c6-b4d0-90defac39616,6a1aa1a2-cece-4ed6-9e2b-628d0ad2367e,Mark V CH3,,Legacy Series - HIGH GAIN,,,,(Channel 2) (crunch) (Hi Gain) 4x12 OR V-30s,Mesa/Boogie Mark V ALT (Tone),,,,,"Guitar,Modeled","effects:2b9250b0-3442-4f2b-8f4c-069a233ad6ee,effects:a7d5f05c-23fb-4866-a37a-4755c1782d26"
9dd0472d-1dd2-4c43-b789-dacffd68c23c,d7fc8458-8d70-47c6-b4d0-90defac39616,6a1aa1a2-cece-4ed6-9e2b-628d0ad2367e,Mark V HG,,Legacy Series - HIGH GAIN,,,,(Channel 2) (crunch) (Hi Gain) 4x12 OR V-30s,Mesa/Boogie Mark V ALT (Tone),,,,,"Guitar,Modeled","effects:2b9250b0-3442-4f2b-8f4c-069a233ad6ee,effects:a7d5f05c-23fb-4866-a37a-4755c1782d26"
65f105c6-ca0b-41cb-b882-43c4503b31bc,d7fc8458-8d70-47c6-b4d0-90defac39616,6a1aa1a2-cece-4ed6-9e2b-628d0ad2367e,Mark V CN,,Legacy Series - LOW GAIN,,,,(Channel 1) (Clean) 2x12 Jazz clean,Mesa/Boogie Mark V ALT (Tone),,,,,"Guitar,Modeled","effects:2b9250b0-3442-4f2b-8f4c-069a233ad6ee,effects:a7d5f05c-23fb-4866-a37a-4755c1782d26"
7fef1b14-053d-4888-be07-a0b50cc5477b,d7fc8458-8d70-47c6-b4d0-90defac39616,6a1aa1a2-cece-4ed6-9e2b-628d0ad2367e,Clean Master V2,,Legacy Series - LOW GAIN,,,,(Channel 1) (Clean) 2x12 Jazz clean,Mesa/Boogie Mark V ALT (Tone),,,,,"Guitar,Modeled","effects:2b9250b0-3442-4f2b-8f4c-069a233ad6ee,effects:a7d5f05c-23fb-4866-a37a-4755c1782d26"
4957e6b4-0501-426f-85fd-291c1c223ee0,d7fc8458-8d70-47c6-b4d0-90defac39616,da050f2e-f689-4fd9-898b-9bc3ca3adb11,Insane Roadie,,Legacy Series - HIGH GAIN,,,,(Channel 3) (Insane) 4x12 Green 25s,,,,,,"Guitar,Modeled","effects:2b9250b0-3442-4f2b-8f4c-069a233ad6ee,effects:a7d5f05c-23fb-4866-a37a-4755c1782d26"
8f8b936e-8829-4f61-bf3c-e4892d42a0b4,d7fc8458-8d70-47c6-b4d0-90defac39616,da050f2e-f689-4fd9-898b-9bc3ca3adb11,Road King,,Legacy Series - HIGH GAIN,,,,(Channel 3) (Insane) 4x12 Green 25s,,,,,,"Guitar,Modeled","effects:2b9250b0-3442-4f2b-8f4c-069a233ad6ee,effects:a7d5f05c-23fb-4866-a37a-4755c1782d26"
1ef111db-d414-42a8-b682-f927e5426f8e,d7fc8458-8d70-47c6-b4d0-90defac39616,ca3c3312-104d-432d-825e-eed5b761a2be,92 Treadplate V2,,Legacy Series - HIGH GAIN,,,,(Metal) 4x12 Treadplate,"Mesa/Boogie Triple Rectifier ALT (Tone)
Deprecated by BIAS X",,,,,"Guitar,Modeled","effects:2b9250b0-3442-4f2b-8f4c-069a233ad6ee,effects:a7d5f05c-23fb-4866-a37a-4755c1782d26"
e7f79e77-9192-4a85-8e51-b421a72c657e,d7fc8458-8d70-47c6-b4d0-90defac39616,ca3c3312-104d-432d-825e-eed5b761a2be,Triple Treadplate,,Legacy Series - HIGH GAIN,,,,(Metal) 4x12 Treadplate,"Mesa/Boogie Triple Rectifier ALT (Tone)
Deprecated by BIAS X",,,,,"Guitar,Modeled","effects:2b9250b0-3442-4f2b-8f4c-069a233ad6ee,effects:a7d5f05c-23fb-4866-a37a-4755c1782d26"
5a06ef3b-08e7-49cd-ab95-be1b188b353b,d7fc8458-8d70-47c6-b4d0-90defac39616,ca3c3312-104d-432d-825e-eed5b761a2be,Triple Treadplate v2,,Legacy Series - HIGH GAIN,,,,(Metal) 4x12 Treadplate,"Mesa/Boogie Triple Rectifier ALT (Tone)
Deprecated by BIAS X",,,,,"Guitar,Modeled","effects:2b9250b0-3442-4f2b-8f4c-069a233ad6ee,effects:a7d5f05c-23fb-4866-a37a-4755c1782d26"
067770ca-fc1b-4faf-bbed-405faf76b04e,d7fc8458-8d70-47c6-b4d0-90defac39616,eeefe31a-4c3c-4453-b22d-4a7c4f6f3b71,AD Clean,,Legacy Series - LOW GAIN,,,,(Channel 1) (Clean) 2x12 Jazz clean,"Orange AD30 ALT (Tone)
Deprecated by BIAS X",,,,,"Guitar,Modeled","effects:2b9250b0-3442-4f2b-8f4c-069a233ad6ee,effects:a7d5f05c-23fb-4866-a37a-4755c1782d26"
fa2c0cf7-1f52-44cd-ac23-941a9846552e,d7fc8458-8d70-47c6-b4d0-90defac39616,eeefe31a-4c3c-4453-b22d-4a7c4f6f3b71,AD30 CN,,Legacy Series - LOW GAIN,,,,(Channel 1) (Clean) 2x12 Jazz clean,"Orange AD30 ALT (Tone)
Deprecated by BIAS X",,,,,"Guitar,Modeled","effects:2b9250b0-3442-4f2b-8f4c-069a233ad6ee,effects:a7d5f05c-23fb-4866-a37a-4755c1782d26"
0db21079-e998-4c50-84af-ca915784410b,d7fc8458-8d70-47c6-b4d0-90defac39616,df34cd44-ccaf-4c2e-a21b-9e2ff0b4ea38,Orange 2x12,,Legacy Series - CAB,,,,2x12 CAB,Orange PPC212 ALT(Tone),,,,,"Guitar,Modeled","effects:2b9250b0-3442-4f2b-8f4c-069a233ad6ee,effects:a7d5f05c-23fb-4866-a37a-4755c1782d26"
c4abe406-ee5d-4971-a87a-d90fb7624728,d7fc8458-8d70-47c6-b4d0-90defac39616,b287b35d-ee85-4976-88df-d43f6040220c,4x12 OR V-30s,,Legacy Series - CAB,,,,4x12 CAB,Orange PPC412 ALT(Tone),,,,,"Guitar,Modeled","effects:2b9250b0-3442-4f2b-8f4c-069a233ad6ee,effects:a7d5f05c-23fb-4866-a37a-4755c1782d26"
fc29d5e3-0ca7-4d98-aa7e-3a1277d3cbc8,d7fc8458-8d70-47c6-b4d0-90defac39616,be3e14fd-a028-4948-9b3d-c3634d99e443,04 Insane V2,,Legacy Series - HIGH GAIN,,,,(Lead channel) (Hi Gain) 4x12 OR V-30s,Peavey 5150 ALT (Tone),,,,,"Guitar,Modeled","effects:2b9250b0-3442-4f2b-8f4c-069a233ad6ee,effects:a7d5f05c-23fb-4866-a37a-4755c1782d26"
fea9509e-7b80-429f-b83e-b66b4b4f8e22,d7fc8458-8d70-47c6-b4d0-90defac39616,be3e14fd-a028-4948-9b3d-c3634d99e443,5150 HG,,Legacy Series - HIGH GAIN,,,,(Lead channel) (Hi Gain) 4x12 OR V-30s,Peavey 5150 ALT (Tone),,,,,"Guitar,Modeled","effects:2b9250b0-3442-4f2b-8f4c-069a233ad6ee,effects:a7d5f05c-23fb-4866-a37a-4755c1782d26"
3e068ac1-b066-42a6-a529-e7b737d3db70,d7fc8458-8d70-47c6-b4d0-90defac39616,cfddc671-9286-46a8-ae2f-b4301a8c0aaf,Archon 100,,Legacy Series - HIGH GAIN,,,,(Channel 2) (Metal) 4x12 Green 25s,"PRS Archon 100 ALT (Tone)
Deprecated by BIAS X",,,,,"Guitar,Modeled","effects:2b9250b0-3442-4f2b-8f4c-069a233ad6ee,effects:a7d5f05c-23fb-4866-a37a-4755c1782d26"
c7f4ff0c-75df-4112-aee8-2bb4f7fb616d,d7fc8458-8d70-47c6-b4d0-90defac39616,cfddc671-9286-46a8-ae2f-b4301a8c0aaf,Paul Arch,,Legacy Series - HIGH GAIN,,,,(Channel 2) (Metal) 4x12 Green 25s,"PRS Archon 100 ALT (Tone)
Deprecated by BIAS X",,,,,"Guitar,Modeled","effects:2b9250b0-3442-4f2b-8f4c-069a233ad6ee,effects:a7d5f05c-23fb-4866-a37a-4755c1782d26"
81f4e292-2edb-44b0-a094-bc8c0b7a7a10,d7fc8458-8d70-47c6-b4d0-90defac39616,6f140696-852e-40d8-9771-de08e5d211c0,Paul's 4x12,,Remaster Series - CAB,,,,,,,,,,"Guitar,Modeled","effects:2b9250b0-3442-4f2b-8f4c-069a233ad6ee,effects:a7d5f05c-23fb-4866-a37a-4755c1782d26"
3e298fbd-723e-4dd5-9636-31583a9bf6af,d7fc8458-8d70-47c6-b4d0-90defac39616,5fd32842-e281-410f-b138-0b9e333c096c,RD 45,,Legacy Series - HIGH GAIN,,,,(Channel 2) (Metal) 4x12 Green 25s,,,,,,"Guitar,Modeled","effects:2b9250b0-3442-4f2b-8f4c-069a233ad6ee,effects:a7d5f05c-23fb-4866-a37a-4755c1782d26"
05ff8a45-c98a-42ed-8163-c56e4f712f71,d7fc8458-8d70-47c6-b4d0-90defac39616,5fd32842-e281-410f-b138-0b9e333c096c,RD 53,,Legacy Series - HIGH GAIN,,,,(Channel 2) (Metal) 4x12 Green 25s,,,,,,"Guitar,Modeled","effects:2b9250b0-3442-4f2b-8f4c-069a233ad6ee,effects:a7d5f05c-23fb-4866-a37a-4755c1782d26"
ddda390b-90cf-4e9b-acbc-911a642ea261,d7fc8458-8d70-47c6-b4d0-90defac39616,00fd6e5f-03df-47c0-a5c1-f24c1c089429,Thrasher 4x12,,Legacy Series - CAB,,,,4x12 CAB,,,,,,"Guitar,Modeled","effects:2b9250b0-3442-4f2b-8f4c-069a233ad6ee,effects:a7d5f05c-23fb-4866-a37a-4755c1782d26"
2efe35a5-7d24-480d-90ea-3ef72c491ebd,d7fc8458-8d70-47c6-b4d0-90defac39616,288b21e0-b695-4e85-acf8-35e1051023f7,RD V2,,Legacy Series - HIGH GAIN,,,,(Channel 2) (Metal) 4x12 Green 25s,,,,,,"Guitar,Modeled","effects:2b9250b0-3442-4f2b-8f4c-069a233ad6ee,effects:a7d5f05c-23fb-4866-a37a-4755c1782d26"
a5ca5bdd-793f-453c-afe4-f018609b01a4,d7fc8458-8d70-47c6-b4d0-90defac39616,288b21e0-b695-4e85-acf8-35e1051023f7,V2,,Legacy Series - HIGH GAIN,,,,(Channel 2) (Metal) 4x12 Green 25s,,,,,,"Guitar,Modeled","effects:2b9250b0-3442-4f2b-8f4c-069a233ad6ee,effects:a7d5f05c-23fb-4866-a37a-4755c1782d26"
3ae02c50-1eb9-4857-b9b9-0108afb44838,d7fc8458-8d70-47c6-b4d0-90defac39616,b6496468-8d49-4bdd-af12-0e5ee03662d0,76 Jazz,,Legacy Series - LOW GAIN,,,,(1976) (Glassy) 2x12 Jazz Clean,"Roland JC-120 ALT (Tone)
Deprecated by BIAS X",,,,,"Guitar,Modeled","effects:2b9250b0-3442-4f2b-8f4c-069a233ad6ee,effects:a7d5f05c-23fb-4866-a37a-4755c1782d26"
49bb9bdd-b803-421a-8a9a-8d995fbf30ef,d7fc8458-8d70-47c6-b4d0-90defac39616,b6496468-8d49-4bdd-af12-0e5ee03662d0,76 Jazz Combo,,Legacy Series - LOW GAIN,,,,(1976) (Glassy) 2x12 Jazz Clean,"Roland JC-120 ALT (Tone)
Deprecated by BIAS X",,,,,"Guitar,Modeled","effects:2b9250b0-3442-4f2b-8f4c-069a233ad6ee,effects:a7d5f05c-23fb-4866-a37a-4755c1782d26"
b698d5bb-e6f6-42b4-a94a-3a17d0e939df,d7fc8458-8d70-47c6-b4d0-90defac39616,b6496468-8d49-4bdd-af12-0e5ee03662d0,Jazz 2x12,,Remaster Series - CAB,,,,2x12 CAB,Roland JC-120 (CAB) ALT (Tone),,,,,"Guitar,Modeled","effects:2b9250b0-3442-4f2b-8f4c-069a233ad6ee,effects:a7d5f05c-23fb-4866-a37a-4755c1782d26"
6b824dc4-42bf-4f4b-81c0-7d23d4d27cb2,d7fc8458-8d70-47c6-b4d0-90defac39616,b6496468-8d49-4bdd-af12-0e5ee03662d0,Jazz Clean 2x12,,Legacy Series - CAB,,,,2x12 CAB,Roland JC-120 (CAB) ALT (Tone),,,,,"Guitar,Modeled","effects:2b9250b0-3442-4f2b-8f4c-069a233ad6ee,effects:a7d5f05c-23fb-4866-a37a-4755c1782d26"
d7d3e012-275d-4039-ac0e-679ff9862a85,d7fc8458-8d70-47c6-b4d0-90defac39616,9f6389e6-55ad-4756-958e-4a1e24025d83,SLO 4x12,,Remaster Series - CAB,,,,,,,,,,"Guitar,Modeled","effects:2b9250b0-3442-4f2b-8f4c-069a233ad6ee,effects:a7d5f05c-23fb-4866-a37a-4755c1782d26"
6aad7c7d-7d13-458a-aec8-ce3e7153f163,d7fc8458-8d70-47c6-b4d0-90defac39616,b6871337-8053-407e-af40-372e7391ebb2,SLO SP-88,,Legacy Series - HIGH GAIN,,,,(Metal) 4x12 Celest T-75s,,,,,,"Guitar,Modeled","effects:2b9250b0-3442-4f2b-8f4c-069a233ad6ee,effects:a7d5f05c-23fb-4866-a37a-4755c1782d26"
76a227ab-ac07-4b38-aa02-8650090f08ef,d7fc8458-8d70-47c6-b4d0-90defac39616,b6871337-8053-407e-af40-372e7391ebb2,SLO SP-88 v2,,Legacy Series - HIGH GAIN,,,,(Metal) 4x12 Celest T-75s,,,,,,"Guitar,Modeled","effects:2b9250b0-3442-4f2b-8f4c-069a233ad6ee,effects:a7d5f05c-23fb-4866-a37a-4755c1782d26"
32939141-2daa-41b7-93e9-1ba0d8576f14,d7fc8458-8d70-47c6-b4d0-90defac39616,2488441c-5cd3-40c3-bdb5-168223046af6,Sunn 300T,,Legacy Series - BASS,,,,6x10 Bass Blue,,,,,,"Bass,Modeled","effects:2b9250b0-3442-4f2b-8f4c-069a233ad6ee,effects:a7d5f05c-23fb-4866-a37a-4755c1782d26"
b6461a7f-f21c-4c06-8ab5-5f3c7f72d1e9,d7fc8458-8d70-47c6-b4d0-90defac39616,2488441c-5cd3-40c3-bdb5-168223046af6,Sunny 3000,,Legacy Series - BASS,,,,6x10 Bass Blue,,,,,,"Bass,Modeled","effects:2b9250b0-3442-4f2b-8f4c-069a233ad6ee,effects:a7d5f05c-23fb-4866-a37a-4755c1782d26"
5a48f830-b3c2-4e61-9dd8-6ab4b14f7316,d7fc8458-8d70-47c6-b4d0-90defac39616,c3be494e-8121-4bc3-b51d-a7d7eec51ba7,Checkmate,,Legacy Series - CRUNCH,,,,(Blues) 1x12 Tweed Lux,,,,,,"Guitar,Modeled","effects:2b9250b0-3442-4f2b-8f4c-069a233ad6ee,effects:a7d5f05c-23fb-4866-a37a-4755c1782d26"
e4a78d48-37ce-4929-924d-6a25afb6442e,d7fc8458-8d70-47c6-b4d0-90defac39616,c3be494e-8121-4bc3-b51d-a7d7eec51ba7,Checkmate 20,,Legacy Series - CRUNCH,,,,(Blues) 1x12 Tweed Lux,,,,,,"Guitar,Modeled","effects:2b9250b0-3442-4f2b-8f4c-069a233ad6ee,effects:a7d5f05c-23fb-4866-a37a-4755c1782d26"
01d2754c-267a-48ed-959b-4cea2ac1f23e,d7fc8458-8d70-47c6-b4d0-90defac39616,0f81f22a-5e15-4e8e-89bb-9a9d64fd938f,TE V5001,,Legacy Series - BASS,,,,6x10 Bass Blue,,,,,,"Bass,Modeled","effects:2b9250b0-3442-4f2b-8f4c-069a233ad6ee,effects:a7d5f05c-23fb-4866-a37a-4755c1782d26"
b09b0d9b-4a2b-415e-bf5b-315222270861,d7fc8458-8d70-47c6-b4d0-90defac39616,0f81f22a-5e15-4e8e-89bb-9a9d64fd938f,V Type 5001,,Legacy Series - BASS,,,,6x10 Bass Blue,,,,,,"Bass,Modeled","effects:2b9250b0-3442-4f2b-8f4c-069a233ad6ee,effects:a7d5f05c-23fb-4866-a37a-4755c1782d26"
ecb80941-b547-4001-874e-244c520a8532,d7fc8458-8d70-47c6-b4d0-90defac39616,181d75f8-c74c-4b4c-9d66-2511662b197f,Bi-Onyx,,Legacy Series - HIGH GAIN,,,,(Lead Channel) (Hi Gain) 4x12 OR V-30s,,,,,,"Guitar,Modeled","effects:2b9250b0-3442-4f2b-8f4c-069a233ad6ee,effects:a7d5f05c-23fb-4866-a37a-4755c1782d26"
e21ff889-dbcf-4987-a2a3-342c56891ff0,d7fc8458-8d70-47c6-b4d0-90defac39616,181d75f8-c74c-4b4c-9d66-2511662b197f,Two Stone Lead,,Legacy Series - HIGH GAIN,,,,(Lead Channel) (Hi Gain) 4x12 OR V-30s,,,,,,"Guitar,Modeled","effects:2b9250b0-3442-4f2b-8f4c-069a233ad6ee,effects:a7d5f05c-23fb-4866-a37a-4755c1782d26"
b0443748-5cc5-469f-9cdd-4a871cbc1e00,d7fc8458-8d70-47c6-b4d0-90defac39616,c3d9c841-f557-4f6f-84cb-5c51dc56cd22,Black Bull,,Legacy Series - HIGH GAIN,,,,(Lead Channel) (Insane) 4x12 Green 25s,,,,,,"Guitar,Modeled","effects:2b9250b0-3442-4f2b-8f4c-069a233ad6ee,effects:a7d5f05c-23fb-4866-a37a-4755c1782d26"
1721c83c-2858-48f3-994b-9e93e38a7b18,d7fc8458-8d70-47c6-b4d0-90defac39616,c3d9c841-f557-4f6f-84cb-5c51dc56cd22,Pittbull,,Legacy Series - HIGH GAIN,,,,(Lead Channel) (Insane) 4x12 Green 25s,,,,,,"Guitar,Modeled","effects:2b9250b0-3442-4f2b-8f4c-069a233ad6ee,effects:a7d5f05c-23fb-4866-a37a-4755c1782d26"
d7b936de-65a3-4a24-a8a3-3aba14048e91,d7fc8458-8d70-47c6-b4d0-90defac39616,50d88147-f141-4cac-be05-055cccb0ed32,66 AC Boost,,Legacy Series - LOW GAIN,,,,(1966) (Glassy) 2x12 British 30,"Vox AC30 ALT (Tone)
Deprecated by BIAS X",,,,,"Guitar,Modeled","effects:2b9250b0-3442-4f2b-8f4c-069a233ad6ee,effects:a7d5f05c-23fb-4866-a37a-4755c1782d26"
02020adb-4b11-44c9-9c35-acd523c4cb50,d7fc8458-8d70-47c6-b4d0-90defac39616,50d88147-f141-4cac-be05-055cccb0ed32,66 AC Boost V2,,Legacy Series - LOW GAIN,,,,(1966) (Glassy) 2x12 British 30,"Vox AC30 ALT (Tone)
Deprecated by BIAS X",,,,,"Guitar,Modeled","effects:2b9250b0-3442-4f2b-8f4c-069a233ad6ee,effects:a7d5f05c-23fb-4866-a37a-4755c1782d26"
2758fb46-bb1e-4a92-9419-51c892738e58,d7fc8458-8d70-47c6-b4d0-90defac39616,50d88147-f141-4cac-be05-055cccb0ed32,Alnico Blue 2x12,,Legacy Series - CAB,,,,2x12 CAB,Vox AC30 (Cab) ALT (Tone),,,,,"Guitar,Modeled","effects:2b9250b0-3442-4f2b-8f4c-069a233ad6ee,effects:a7d5f05c-23fb-4866-a37a-4755c1782d26"
9062bd92-432f-4b58-b8e4-469a3d185c2a,d7fc8458-8d70-47c6-b4d0-90defac39616,50d88147-f141-4cac-be05-055cccb0ed32,British 30 2x12,,Legacy Series - CAB,,,,2x12 CAB,Vox AC30 (Cab) ALT (Tone),,,,,"Guitar,Modeled","effects:2b9250b0-3442-4f2b-8f4c-069a233ad6ee,effects:a7d5f05c-23fb-4866-a37a-4755c1782d26"
2257c44a-fe41-4bd8-88a4-f0b5edd5c1c9,d7fc8458-8d70-47c6-b4d0-90defac39616,50d88147-f141-4cac-be05-055cccb0ed32,Chime 2x12,,Remaster Series - CAB,,,,,Vox AC30 (Cab) ALT (Tone),,,,,"Guitar,Modeled","effects:2b9250b0-3442-4f2b-8f4c-069a233ad6ee,effects:a7d5f05c-23fb-4866-a37a-4755c1782d26"
1cfbcbdb-d71f-4ab1-9ada-631d22bb25e8,d7fc8458-8d70-47c6-b4d0-90defac39616,,British Carbon 4x12,,Legacy Series - CAB,,,,4x12 CAB,,,"Marshall modern G12K-100 era (MH, Mode Four?)",,,Guitar,"effects:2b9250b0-3442-4f2b-8f4c-069a233ad6ee,effects:a7d5f05c-23fb-4866-a37a-4755c1782d26"
591c9767-d4f7-4760-8ac1-10a3db62c733,d7fc8458-8d70-47c6-b4d0-90defac39616,,Acoustic,,"Legacy Series - Acoustic
Legacy Series - CAB",,,,,,,,,,Guitar,"effects:2b9250b0-3442-4f2b-8f4c-069a233ad6ee,effects:a7d5f05c-23fb-4866-a37a-4755c1782d26"
67244edd-016e-4e5b-9399-1e228aca48be,d7fc8458-8d70-47c6-b4d0-90defac39616,,Acoustic Amp,,"Legacy Series - Acoustic
Legacy Series - CAB",,,,,,,,,,Guitar,"effects:2b9250b0-3442-4f2b-8f4c-069a233ad6ee,effects:a7d5f05c-23fb-4866-a37a-4755c1782d26"
355cc928-a57b-434a-8677-51a6bf252aea,d7fc8458-8d70-47c6-b4d0-90defac39616,,Acoustic Amp V2,,"Legacy Series - Acoustic
Legacy Series - CAB",,,,,,,,,,Guitar,"effects:2b9250b0-3442-4f2b-8f4c-069a233ad6ee,effects:a7d5f05c-23fb-4866-a37a-4755c1782d26"
eab65178-1131-46b1-9e61-202ca79a6ae3,d7fc8458-8d70-47c6-b4d0-90defac39616,,Acoustic Sim,,"Legacy Series - Acoustic
Legacy Series - CAB",,,,,,,,,,Guitar,"effects:2b9250b0-3442-4f2b-8f4c-069a233ad6ee,effects:a7d5f05c-23fb-4866-a37a-4755c1782d26"
72135707-d06f-41c2-b42e-92a7e7b7c12b,d7fc8458-8d70-47c6-b4d0-90defac39616,,Acoustic Sim V2,,"Legacy Series - Acoustic
Legacy Series - CAB",,,,,,,,,,Guitar,"effects:2b9250b0-3442-4f2b-8f4c-069a233ad6ee,effects:a7d5f05c-23fb-4866-a37a-4755c1782d26"
9e20426b-caaa-45af-adc2-869757ff7a4e,d7fc8458-8d70-47c6-b4d0-90defac39616,,Keyboard Amp,,Legacy Series - Acoustic,,,,2x10 Bass Pro (Acoustic),,,,,,,"effects:2b9250b0-3442-4f2b-8f4c-069a233ad6ee,effects:a7d5f05c-23fb-4866-a37a-4755c1782d26"
f878326b-6f05-4e86-97bf-d660a9455d23,d7fc8458-8d70-47c6-b4d0-90defac39616,,Legend 4x12,,Legacy Series - CAB,,,,4x12 CAB,,,,,,Guitar,"effects:2b9250b0-3442-4f2b-8f4c-069a233ad6ee,effects:a7d5f05c-23fb-4866-a37a-4755c1782d26"
74abee73-8f78-4b31-b66a-de433238209e,d7fc8458-8d70-47c6-b4d0-90defac39616,bfd5681f-c1fd-4e26-98ce-7a433a9b9fa8,Flanger Pro,,,Modulation,,,(Pedal),A/DA Flanger ALT (Tone),,,,,"Guitar,Modeled,Stomp",effects:a7d5f05c-23fb-4866-a37a-4755c1782d26
593b8aa5-fca8-4f27-8f4d-263033e47207,d7fc8458-8d70-47c6-b4d0-90defac39616,79814379-1425-4319-be7b-f74f7f55b17f,C414,,,Microphone,,,,Embedded in BIAS FX,,,,,Modeled,effects:a7d5f05c-23fb-4866-a37a-4755c1782d26
51850043-8add-44e9-b313-8ca643c461ae,d7fc8458-8d70-47c6-b4d0-90defac39616,9451cb52-1335-4268-a863-b45b0b38d686,Advance Comp HD,,,Dynamics,,,(Rack),Deprecated by BIAS X,,,,,"Modeled,Deprecated",effects:a7d5f05c-23fb-4866-a37a-4755c1782d26
0a887511-dd57-4c97-8e6d-0b412f51d323,d7fc8458-8d70-47c6-b4d0-90defac39616,3ab6f15b-f679-4785-905e-cac1469ff063,Tube Driver,,,Harmonic Coloration,,,(Pedal),Deprecated by BIAS X,,,,,"Guitar,Modeled,Stomp,Deprecated",effects:a7d5f05c-23fb-4866-a37a-4755c1782d26
673a7f90-591f-43da-a15a-f7c69612fec8,d7fc8458-8d70-47c6-b4d0-90defac39616,87a6bc6b-8524-4024-9ce9-2cc2ade5e049,Vibrato,,,Modulation,,,(Pedal),,,,,,"Guitar,Modeled,Stomp",effects:a7d5f05c-23fb-4866-a37a-4755c1782d26
14e01d6a-006c-47b2-aeaf-c8b4aa3c4906,d7fc8458-8d70-47c6-b4d0-90defac39616,5a6ffa65-7577-4985-8185-e0ed67d029f4,Opto Comp,,,Dynamics,,,(Pedal),,,,,,"Guitar,Modeled,Stomp",effects:a7d5f05c-23fb-4866-a37a-4755c1782d26
1e30eec3-e65d-4f75-ac5c-e5c897a593a0,d7fc8458-8d70-47c6-b4d0-90defac39616,484c71e5-f406-4740-bfa9-ea5b9c54ac0c,Rotary,,,Modulation,,,(Pedal),,,,,,"Guitar,Modeled,Stomp",effects:a7d5f05c-23fb-4866-a37a-4755c1782d26
4a9cf75b-5185-4837-8b8f-7aa401766e71,d7fc8458-8d70-47c6-b4d0-90defac39616,623b3a05-0ea1-4aee-b2da-c16ebb598416,EchoreX HD,,,Delay,,,(Rack),Deprecated by Bias X,,,,,Modeled,effects:a7d5f05c-23fb-4866-a37a-4755c1782d26
706932ba-26dd-4771-af2c-cfde09c072ad,d7fc8458-8d70-47c6-b4d0-90defac39616,3da11d58-1ce2-4aeb-952b-fd5bab832b32,Auto Wah,,,Modulation,,,(Pedal),,,,,,"Guitar,Modeled,Stomp",effects:a7d5f05c-23fb-4866-a37a-4755c1782d26
548ff165-0d59-4b3e-911b-63a168b84164,d7fc8458-8d70-47c6-b4d0-90defac39616,c5eb5b92-e63b-49b4-bc27-f5f38c4341d2,Blues Wizard,,,Harmonic Coloration,,,(Pedal),,,,,,"Guitar,Modeled,Stomp",effects:a7d5f05c-23fb-4866-a37a-4755c1782d26
d3f7f5f5-0b96-451c-86ca-446f0bcd324c,d7fc8458-8d70-47c6-b4d0-90defac39616,b4864be2-5ccd-4ba8-a063-75de422b21ec,Chorus One,,,Modulation,,,(Pedal),Deprecated by Bias X,,,,,"Guitar,Modeled,Stomp,Deprecated",effects:a7d5f05c-23fb-4866-a37a-4755c1782d26
10541a4c-b396-4eee-b590-de2ab68b85f3,d7fc8458-8d70-47c6-b4d0-90defac39616,5aa2ea67-33cf-4880-8d12-d8aa5c62e611,Blue Comp,,,Dynamics,,,(Pedal),Boss CS-1 ALT (Tone),,,,,"Guitar,Modeled,Stomp",effects:a7d5f05c-23fb-4866-a37a-4755c1782d26
249c84c8-9616-49c5-ad22-24fcf04d4c09,d7fc8458-8d70-47c6-b4d0-90defac39616,b348cdd8-7650-496e-b1fc-f0f05ff7783c,Delay,,,Delay,,,(Pedal),Deprecated by Bias X,,,,,"Guitar,Modeled,Stomp",effects:a7d5f05c-23fb-4866-a37a-4755c1782d26
2b705274-487b-4b7e-a2e8-d7fd14ff335a,d7fc8458-8d70-47c6-b4d0-90defac39616,414e3922-fdc3-4f14-a373-9e394c5622a7,Analog Delay,,,Delay,,,(Pedal),Deprecated By Bias X,,,,,"Guitar,Modeled,Stomp,Deprecated",effects:a7d5f05c-23fb-4866-a37a-4755c1782d26
f41dc4ff-00e0-4ee3-9e11-23d8e350b551,d7fc8458-8d70-47c6-b4d0-90defac39616,28398815-1483-4338-9cae-1e5b5fe27d91,DSONE,,,Harmonic Coloration,,,(Pedal),Boss DS-1 DNU,,,,,"Guitar,Modeled,Stomp",effects:a7d5f05c-23fb-4866-a37a-4755c1782d26
58c4a063-f505-42d7-b0e6-0754b9a1b119,d7fc8458-8d70-47c6-b4d0-90defac39616,e4a26058-0273-4428-a198-ad5e49b4daac,63 Spring,,,Reverb&Room,,,(Pedal),Deprecated by Bias X,,,,,"Guitar,Modeled,Stomp,Deprecated",effects:a7d5f05c-23fb-4866-a37a-4755c1782d26
e180c98b-8aa6-4211-921e-3d0fb17e289e,d7fc8458-8d70-47c6-b4d0-90defac39616,4173a759-9bc0-402d-bfb2-0a78a1ff1a31,Vintage Overdrive,,,Harmonic Coloration,,,(Pedal),,,,,,"Guitar,Modeled,Stomp",effects:a7d5f05c-23fb-4866-a37a-4755c1782d26
e6dfb141-97c6-4451-a571-ea6ce35013c4,d7fc8458-8d70-47c6-b4d0-90defac39616,1da7d0c6-e280-4567-99e0-b9339a0878cf,Phaser Pro,,,Modulation,,,(Pedal),,,,,,"Guitar,Modeled,Stomp",effects:a7d5f05c-23fb-4866-a37a-4755c1782d26
45002632-1ae1-478a-8ca6-8895cd428fa6,d7fc8458-8d70-47c6-b4d0-90defac39616,055da76e-8124-46cf-8d0f-8fbd805b7192,EQ4,,,EQ,,,(Pedal),,,,,,"Guitar,Modeled,Stomp",effects:a7d5f05c-23fb-4866-a37a-4755c1782d26
9bd4a338-e5e2-4a89-86df-618ac28877d2,d7fc8458-8d70-47c6-b4d0-90defac39616,ead7d36c-78a5-4b38-bc79-ec4e9b1dfd28,Digital Reverb,,,Reverb&Room,,,(Pedal),Deprecated by Bias X,,,,,"Guitar,Modeled,Stomp,Deprecated",effects:a7d5f05c-23fb-4866-a37a-4755c1782d26
1f04ea7a-a190-4492-9b9c-245ab6915bad,d7fc8458-8d70-47c6-b4d0-90defac39616,0d2311f1-e300-4906-a0d0-16a654500c2e,OverDriven Resonance,,,Reverb&Room,,,(Pedal),Deprecated in favor of Bias X,,,,,"Guitar,Modeled,Stomp,Deprecated",effects:a7d5f05c-23fb-4866-a37a-4755c1782d26
1ff5f35d-1196-4d9b-bfe3-fb444e00544f,d7fc8458-8d70-47c6-b4d0-90defac39616,d7aa9733-5fa2-4cfd-b1ac-a6984b2e9dd5,PitchHaze Delay,,,"Delay,Modulation,Pitch Tools",,,(Pedal),Chase Bliss Audio Thermae ALT (Tone),,,,,"Guitar,Modeled,Stomp",effects:a7d5f05c-23fb-4866-a37a-4755c1782d26
e6fb48e6-1f2e-488a-98d7-3f87f8ca61e3,d7fc8458-8d70-47c6-b4d0-90defac39616,0ddb52fb-4153-4e39-8b02-72faa91cd330,VHS Modulator,,,Modulation,,,(Pedal),Deprecated by BIAS X,,,,,"Guitar,Modeled,Stomp,Deprecated",effects:a7d5f05c-23fb-4866-a37a-4755c1782d26
954ada20-80a5-431d-a4ba-0a93fa695d05,d7fc8458-8d70-47c6-b4d0-90defac39616,4254ff9f-9363-4b26-ba1b-4a703c7b48ea,Treble Booster,,,Harmonic Coloration,,,(Pedal),Deprecated by BIAS X,,,,,"Guitar,Modeled,Stomp",effects:a7d5f05c-23fb-4866-a37a-4755c1782d26
05149c1b-95ab-42bf-a74d-52fcb233c3a9,d7fc8458-8d70-47c6-b4d0-90defac39616,5edceaa5-bd1f-45ea-8cf1-c8974cceb2a2,Tremulator,,,Modulation,,,(Pedal),,,,,,"Guitar,Modeled,Stomp",effects:a7d5f05c-23fb-4866-a37a-4755c1782d26
b09e5164-66a7-4510-a2d0-e4abdb5cc11c,d7fc8458-8d70-47c6-b4d0-90defac39616,87fcb573-45cc-4dbc-a6ac-6f43e785efdf,Diesel VH4,,Remaster Series - HIGH GAIN,,,,4x12,Diezel VH4 ALT (Tone),,,,,"Guitar,Modeled",effects:a7d5f05c-23fb-4866-a37a-4755c1782d26
de47b715-20a6-4a6a-8276-bea5f723deb3,d7fc8458-8d70-47c6-b4d0-90defac39616,7af497f5-cc73-46d1-8654-de5637715363,Ambient Reverb,,,Reverb&Room,,,(Pedal),Deprecated by BIAS X,,,,,"Guitar,Modeled,Stomp,Deprecated",effects:a7d5f05c-23fb-4866-a37a-4755c1782d26
6649385e-5a01-4fc2-869b-526b6f375161,d7fc8458-8d70-47c6-b4d0-90defac39616,77a4f4e5-0274-4906-9004-ca9545207133,Pitch Shifter,,,Pitch Tools,,,(Pedal),Deprecated by BIAS X,,,,,"Guitar,Modeled,Stomp,Deprecated",effects:a7d5f05c-23fb-4866-a37a-4755c1782d26
2c538b7a-9c00-492a-a5cb-6996b0c98367,d7fc8458-8d70-47c6-b4d0-90defac39616,bb72cb72-bd47-4b4b-b659-f0e850da62d8,Route 66,,Boutique Series - Low-Gain/Clean,,,,,Dr. Z Route 66 ALT (Tone),,,,,"Guitar,Modeled",effects:a7d5f05c-23fb-4866-a37a-4755c1782d26
c7795282-ece4-48da-9f1c-0234b3d14d1f,d7fc8458-8d70-47c6-b4d0-90defac39616,4f4be953-917e-41d4-a0e6-28a9f6a2cbfb,Dumble 50,,Legacy Series - LOW GAIN,,,,2x12 Combo,,,,,,"Guitar,Modeled",effects:a7d5f05c-23fb-4866-a37a-4755c1782d26
5c3909ce-2907-48aa-a867-ce049feef875,d7fc8458-8d70-47c6-b4d0-90defac39616,d54236ab-a3e6-46a2-87ec-8617fd01607d,Cry Wah,,,Modulation,,,(Pedal),Deprecated by BIAS X,,,,,"Guitar,Modeled,Stomp",effects:a7d5f05c-23fb-4866-a37a-4755c1782d26
7a62e6a6-49ec-4428-ac29-1017d744f78f,d7fc8458-8d70-47c6-b4d0-90defac39616,0ad3940a-a936-495f-85f1-a3d3c97b0c1d,VintageFuzz,,,Harmonic Coloration,,,(Pedal),Deprecated by BIAS X,,,,,"Guitar,Modeled,Stomp,Deprecated",effects:a7d5f05c-23fb-4866-a37a-4755c1782d26
7629fe39-91ae-4561-8da1-501a85e8ada0,d7fc8458-8d70-47c6-b4d0-90defac39616,763e01b5-9d99-4741-9dcd-a60e414ce474,Tremolo,,,"Modulation,Spatial Processing",,,(Pedal),Deprecated by BIAS X,,,,,"Guitar,Modeled,Stomp,Deprecated",effects:a7d5f05c-23fb-4866-a37a-4755c1782d26
3e4e7407-b298-440f-83fa-9d3f361ae430,d7fc8458-8d70-47c6-b4d0-90defac39616,f9691b9c-6294-4e8e-88b1-a40dad5aef60,Guitar Muff,,,"Harmonic Coloration,Dynamics",,,(Pedal),Deprecated by BIAS X,,,,,"Guitar,Modeled,Stomp,Deprecated",effects:a7d5f05c-23fb-4866-a37a-4755c1782d26
0ce06ff3-69ad-40ba-aa64-76a8b9ab8da8,d7fc8458-8d70-47c6-b4d0-90defac39616,f926e1cc-0cc0-4743-baff-a4a43af8735c,Deluxe Delay,,,"Delay,Modulation",,,(Pedal),Deprecated by BIAS X,,,,,"Guitar,Modeled,Stomp,Deprecated",effects:a7d5f05c-23fb-4866-a37a-4755c1782d26
7fd12222-7084-4bab-80a0-520cf03d95e3,d7fc8458-8d70-47c6-b4d0-90defac39616,a36173ab-55dc-4d6f-ac55-f280f2078a30,Flanger,,,Modulation,,,(Pedal),Deprecated by BIAS X,,,,,"Guitar,Modeled,Stomp,Deprecated",effects:a7d5f05c-23fb-4866-a37a-4755c1782d26
9d2fc163-3ca8-415b-8e08-7fd27d3eb133,d7fc8458-8d70-47c6-b4d0-90defac39616,97023686-541e-4c29-820b-54af5380199c,Octaver,,,Pitch Tools,,,(Pedal),Deprecated by BIAS X,,,,,"Guitar,Modeled,Stomp,Deprecated",effects:a7d5f05c-23fb-4866-a37a-4755c1782d26
074ef38e-45d1-4243-84e3-c5b2ac70a1a2,d7fc8458-8d70-47c6-b4d0-90defac39616,ee507833-0da6-45ec-83e8-abd1fdf8a008,Poly Octaver,,,Pitch Tools,,,(Pedal),Deprecated by BIAS X,,,,,"Guitar,Modeled,Stomp,Deprecated",effects:a7d5f05c-23fb-4866-a37a-4755c1782d26
58802b67-b1e3-4698-a73e-8ea801c6b86d,d7fc8458-8d70-47c6-b4d0-90defac39616,d392cf48-ae9e-4967-9e78-2c77b0010772,Cloner,,,Modulation,,,(Pedal),Deprecated by BIAS X,,,,,"Guitar,Modeled,Stomp,Deprecated",effects:a7d5f05c-23fb-4866-a37a-4755c1782d26
a4f10786-d877-4f5d-b1e7-1f9d6d9856dc,d7fc8458-8d70-47c6-b4d0-90defac39616,3ed3387f-0656-4285-abac-a30fb2cf2ffd,Reverse Delay,,,Delay,,,(Pedal),Deprecated by BIAS X,,,,,"Guitar,Modeled,Stomp,Deprecated",effects:a7d5f05c-23fb-4866-a37a-4755c1782d26
832d57c2-e5d1-4395-bc16-7fc97a105f4b,d7fc8458-8d70-47c6-b4d0-90defac39616,17686a38-733c-4ba3-bc4f-a424e35d5f19,Volume,,,Dynamics,,,(Pedal),Deprecated by BIAS X,,,,,"Guitar,Modeled,Stomp,Deprecated",effects:a7d5f05c-23fb-4866-a37a-4755c1782d26
d96c591f-3254-4476-9624-42e66f7aef31,d7fc8458-8d70-47c6-b4d0-90defac39616,381fce48-2ff9-421c-891a-11af645a1f0c,67 Blackface V2,,Legacy Series - LOW GAIN,,,,2x12,Fender '65 Deluxe Reverb ALT (Tone),,,,,"Guitar,Modeled,Deprecated",effects:a7d5f05c-23fb-4866-a37a-4755c1782d26
0271fea1-0670-4bb3-a6f2-70e54d5a374c,d7fc8458-8d70-47c6-b4d0-90defac39616,381fce48-2ff9-421c-891a-11af645a1f0c,Blackface,,Remaster Series - LOW GAIN,,,,1x12,Fender '65 Deluxe Reverb ALT (Tone),,,,,"Guitar,Modeled,Deprecated",effects:a7d5f05c-23fb-4866-a37a-4755c1782d26
4b915c2c-3bf2-4bff-a6b0-98bdb4a6eeb4,d7fc8458-8d70-47c6-b4d0-90defac39616,e9d97e11-8ae9-40b7-b935-2857eb2d9eb3,77 Silver Tone V2,,Legacy Series - LOW GAIN,,,,2x12,Fender '68 Custom Vibro Champ Reverb ALT (Tone),,,,,"Guitar,Modeled",effects:a7d5f05c-23fb-4866-a37a-4755c1782d26
02f8e524-4223-494b-9ff1-d45ccb2811cc,d7fc8458-8d70-47c6-b4d0-90defac39616,5f4ee01c-3a94-46da-8943-ae008a1e47d6,Insane III,,Remaster Series - HIGH GAIN,,,,4x12,"Fender EVH 5150 III 100W (6L6) ALT (Tone)
Deprecated by BIAS X",,,,,"Guitar,Modeled",effects:a7d5f05c-23fb-4866-a37a-4755c1782d26
fae62811-d91f-4989-b8d8-d7fe1bfab95f,d7fc8458-8d70-47c6-b4d0-90defac39616,9d267fb9-e239-4a6b-95ef-89ed8f22e618,Supra Bass V2,,Legacy Series - BASS,,,,8x10,Fender Super Bassman 300 ALT (Tone),,,,,"Guitar,Modeled",effects:a7d5f05c-23fb-4866-a37a-4755c1782d26
279e7a0a-e6b3-43a8-ac9a-41b725553e0a,d7fc8458-8d70-47c6-b4d0-90defac39616,dc5e14e4-4ce4-497e-a08a-b28cb1079e4c,BE101,,Legacy Series - CRUNCH,,,,4x12,Friedman BE100 ALT (Tone),,,,,"Guitar,Modeled",effects:a7d5f05c-23fb-4866-a37a-4755c1782d26
279e7a0a-e6b3-43a8-ac9a-41b725553e0a,d7fc8458-8d70-47c6-b4d0-90defac39616,dc5e14e4-4ce4-497e-a08a-b28cb1079e4c,BE101,,Remaster Series - CRUNCH,,,,4x12,Friedman BE100 ALT (Tone),,,,,"Guitar,Modeled",effects:a7d5f05c-23fb-4866-a37a-4755c1782d26
65b75289-f9fe-41d7-9cef-06ddef138d68,d7fc8458-8d70-47c6-b4d0-90defac39616,939bd7d5-5a2b-475a-9987-20b209e952bb,SAB Driver,,,Harmonic Coloration,,,(Pedal),"Fulltone OCD ALT (Tone)
Deprecated by BIAS X",,,,,"Guitar,Modeled,Stomp,Deprecated",effects:a7d5f05c-23fb-4866-a37a-4755c1782d26
999fbaeb-4cda-4670-9477-0edd42348e6c,d7fc8458-8d70-47c6-b4d0-90defac39616,38d7028b-e3d7-4c95-9155-480e93d2d454,GK 800,,Legacy Series - BASS,,,,4x10 Bass GK,"Gallien-Krueger 800RB ALT (Tone)
Deprecated by BIAS X",,,,,"Bass,Modeled,Deprecated",effects:a7d5f05c-23fb-4866-a37a-4755c1782d26
3394d5ba-a3a6-4bc2-be83-6406ae4f4cb3,d7fc8458-8d70-47c6-b4d0-90defac39616,38d7028b-e3d7-4c95-9155-480e93d2d454,GK 800 V2,,Legacy Series - BASS,,,,4x10 Bass GK,"Gallien-Krueger 800RB ALT (Tone)
Deprecated by BIAS X",,,,,"Bass,Modeled,Deprecated",effects:a7d5f05c-23fb-4866-a37a-4755c1782d26
69501f20-8db4-4391-9235-e32a16a12663,d7fc8458-8d70-47c6-b4d0-90defac39616,2cc0bdbc-a0a3-4d40-b1f2-9ddbf893052e,8080D,,,Harmonic Coloration,,,(Pedal),Deprecated by BIAS X,,,,,"Guitar,Modeled,Stomp,Deprecated",effects:a7d5f05c-23fb-4866-a37a-4755c1782d26
01422fa9-affe-40f8-8750-5465bf44f06e,d7fc8458-8d70-47c6-b4d0-90defac39616,e56d35d3-1ff2-4b15-bab3-fc07e03fd93f,Overdrive Pro,,,Harmonic Coloration,,,(Pedal),,,,,,"Guitar,Modeled,Stomp",effects:a7d5f05c-23fb-4866-a37a-4755c1782d26
dabd49cb-de24-460e-b5f3-654b08af0257,d7fc8458-8d70-47c6-b4d0-90defac39616,320eded9-1461-471e-abbd-063193bb61a9,Noise Reduction,,,Dynamics,,,(Pedal),,,,,,"Guitar,Modeled,Stomp",effects:a7d5f05c-23fb-4866-a37a-4755c1782d26
0d465fc8-2865-41b1-b8d2-b603979cb220,d7fc8458-8d70-47c6-b4d0-90defac39616,d02d4fbf-0dfa-4c86-a3bb-6a0f24f8c3a1,4K Comp,,,Dynamics,,,(Pedal),Deprecated by BIAS X,,,,,"Guitar,Modeled,Stomp,Deprecated",effects:a7d5f05c-23fb-4866-a37a-4755c1782d26
554c14b3-21c3-48d9-b031-8f92096067d3,d7fc8458-8d70-47c6-b4d0-90defac39616,c7f1d245-57d9-454e-a0be-712a16ca75eb,Clone Drive,,,Harmonic Coloration,,,(Pedal),"Klon Centaur ALT (Tone)
Deprecated by BIAS X",,,,,"Guitar,Modeled,Stomp,Deprecated",effects:a7d5f05c-23fb-4866-a37a-4755c1782d26
5fb0a29f-81b4-42ed-abc8-96bcbe0aba60,d7fc8458-8d70-47c6-b4d0-90defac39616,c8dd677d-34c2-47c4-a03d-43b0f3cdd2f4,Lanny 50 V2,,Legacy Series - CRUNCH,,,,4x12,,,,,,"Guitar,Modeled",effects:a7d5f05c-23fb-4866-a37a-4755c1782d26
3efc5258-26d1-4b0c-9f0f-59477840a00e,d7fc8458-8d70-47c6-b4d0-90defac39616,cb5c24ee-d657-41e2-a49e-3af4e41451cd,Echotape,,,Delay,,,(Rack),Deprecated by BIAS X,,,,,"Modeled,Deprecated",effects:a7d5f05c-23fb-4866-a37a-4755c1782d26
840ecf90-6970-4c30-9dc0-1561fef3d8a5,d7fc8458-8d70-47c6-b4d0-90defac39616,7ceebe99-b432-4057-8f51-fc0ef4f14cf6,Ping Pong,,,Delay,,,(Pedal),Depracted by BIAS X,,,,,"Guitar,Modeled,Stomp,Deprecated",effects:a7d5f05c-23fb-4866-a37a-4755c1782d26
724a4716-be2f-4d39-81a4-395c6510eea5,d7fc8458-8d70-47c6-b4d0-90defac39616,efbc27ef-1cc6-4d83-9041-26a1c7551ee9,Studio EQ,,,EQ,,,(Rack),Embedded in BIAS FX 2,,,,,Modeled,effects:a7d5f05c-23fb-4866-a37a-4755c1782d26
371a924c-e50d-4b88-92b1-b581290a7607,d7fc8458-8d70-47c6-b4d0-90defac39616,099d85cb-6b0d-47bb-9cfd-c2196154b148,MM25,,Legacy Series - BASS,,,,2x10 Combo,,,,,,"Bass,Modeled",effects:a7d5f05c-23fb-4866-a37a-4755c1782d26
6c3a0054-a04e-4cb8-a9e5-68c20d56bb3e,d7fc8458-8d70-47c6-b4d0-90defac39616,89aa5a34-59e4-48db-bfa2-6c90e9c0e4d0,BB Clean,,Legacy Series - LOW GAIN,,,,2x12,Marshall Bluesbreaker 1962 ALT (Tone),,,,,"Guitar,Modeled",effects:a7d5f05c-23fb-4866-a37a-4755c1782d26
af9dbb2c-7551-4bff-9c20-978921346547,d7fc8458-8d70-47c6-b4d0-90defac39616,89aa5a34-59e4-48db-bfa2-6c90e9c0e4d0,British Breaker,,Remaster Series - LOW GAIN,,,,2x12,Marshall Bluesbreaker 1962 ALT (Tone),,,,,"Guitar,Modeled",effects:a7d5f05c-23fb-4866-a37a-4755c1782d26
b66b86fa-19e1-48d3-9af5-1f94e1ef7365,d7fc8458-8d70-47c6-b4d0-90defac39616,8374eb40-5ccf-4479-b90b-d55ef200ed4b,87 Jubilee,,Legacy Series - CRUNCH,,,,4x12,Marshall 2555 Silver Jubilee ALT (Tone),,,,,"Guitar,Modeled",effects:a7d5f05c-23fb-4866-a37a-4755c1782d26
c42d1a5b-79f2-452c-a1c2-679a11d6deb5,d7fc8458-8d70-47c6-b4d0-90defac39616,c2f2d7d4-2d47-4fad-b822-60dc7ffd7a4e,British Lead 800,,Remaster Series - CRUNCH,,,,4x12,Marshall JCM800 ALT (Tone),,,,,"Guitar,Modeled",effects:a7d5f05c-23fb-4866-a37a-4755c1782d26
f9d4e8a4-55fd-4015-a2bc-b27881298349,d7fc8458-8d70-47c6-b4d0-90defac39616,7e4b4ea4-912e-45ea-bc91-0fc536a3428f,Plexi Lead,,Remaster Series - CRUNCH,,,,4x12,Marshall JTM45 2245 ALT (Tone),,,,,"Guitar,Modeled",effects:a7d5f05c-23fb-4866-a37a-4755c1782d26
f4d51429-3ed2-44a1-b1e3-4a0aec4b08b3,d7fc8458-8d70-47c6-b4d0-90defac39616,4d4cc36c-b218-4233-ad38-46810dc8c485,Super Jimi Clean,,Legacy Series - CRUNCH,,,,4x12,Marshall JTM45/100 Super 100 ALT (Tone),,,,,"Guitar,Modeled",effects:a7d5f05c-23fb-4866-a37a-4755c1782d26
c607b0ba-af2e-4c4b-8fce-7708f0fef8d0,d7fc8458-8d70-47c6-b4d0-90defac39616,8b7d0267-b3ee-479f-8337-ed129c012486,Thrash Master,,,Harmonic Coloration,,,(Pedal),Marshall Shredmaster ALT (Tone),,,,,"Guitar,Modeled,Stomp",effects:a7d5f05c-23fb-4866-a37a-4755c1782d26
b6ed08de-8789-41e9-a48a-e7d714cfd1ef,d7fc8458-8d70-47c6-b4d0-90defac39616,0627939c-d300-4649-9f0d-f25467d047ed,Match DC,,Remaster Series - LOW GAIN,,,,2x12,Matchless DC-30 ALT(Tone),,,,,"Guitar,Modeled",effects:a7d5f05c-23fb-4866-a37a-4755c1782d26
87ec97a5-216f-4c05-9e92-0a4a4ad37910,d7fc8458-8d70-47c6-b4d0-90defac39616,9064905c-dc42-40af-89e6-03e909056907,Modded Mark IIc+ V2,,Legacy Series - HIGH GAIN,,,,4x12,Mesa/Boogie Mark IIC+ ALT (Tone),,,,,"Guitar,Modeled",effects:a7d5f05c-23fb-4866-a37a-4755c1782d26
d79a75d6-f3d2-4310-adf0-743d7b0974f1,d7fc8458-8d70-47c6-b4d0-90defac39616,e9194049-5efa-4dc5-b253-26769d05e9d7,Boogie IV,,Remaster Series - HIGH GAIN,,,,4x12,"Mesa/Boogie Mark IV A ALT (Tone)
Deprecated by BIAS X",,,,,"Guitar,Modeled",effects:a7d5f05c-23fb-4866-a37a-4755c1782d26
9f34b4f7-7bd2-473c-8123-85e9e041cb7c,d7fc8458-8d70-47c6-b4d0-90defac39616,ca3c3312-104d-432d-825e-eed5b761a2be,Classic Insane,,Legacy Series - HIGH GAIN,,,,4x12,"Mesa/Boogie Triple Rectifier ALT (Tone)
Deprecated by BIAS X",,,,,"Guitar,Modeled",effects:a7d5f05c-23fb-4866-a37a-4755c1782d26
a8108cf1-f857-4c68-9d3f-862f2df56ae7,d7fc8458-8d70-47c6-b4d0-90defac39616,ca3c3312-104d-432d-825e-eed5b761a2be,Treadplate,,Remaster Series - HIGH GAIN,,,,4x12,"Mesa/Boogie Triple Rectifier ALT (Tone)
Deprecated by BIAS X",,,,,"Guitar,Modeled",effects:a7d5f05c-23fb-4866-a37a-4755c1782d26
6286710e-b7e3-4cd4-8a95-ed99a86e0864,d7fc8458-8d70-47c6-b4d0-90defac39616,8354fb7c-e460-49da-8d7b-d5ebefae64d2,Ring Mod,,,Modulation,,,(Pedal),Deprecated by BIAS X,,,,,"Guitar,Modeled,Stomp",effects:a7d5f05c-23fb-4866-a37a-4755c1782d26
d6636906-0101-4673-9b7b-52c3c34675b6,d7fc8458-8d70-47c6-b4d0-90defac39616,7071b947-7aa7-4a9d-b7a2-952a81829288,Analog Phaser,,,Modulation,,,(Pedal),Deprecated by BIAS X,,,,,"Guitar,Modeled,Stomp,Deprecated",effects:a7d5f05c-23fb-4866-a37a-4755c1782d26
2f63d003-31a8-44b8-a3c8-b9a52b0df740,d7fc8458-8d70-47c6-b4d0-90defac39616,b35f5f50-4f8f-45bb-aaac-61b0f4ee9f3f,Mutron,,,Modulation,,,(Pedal),"Musitronics Mu-Tron III ALT (Tone)
Deprecated by BIAS X",,,,,"Guitar,Modeled,Stomp",effects:a7d5f05c-23fb-4866-a37a-4755c1782d26
e159d732-8266-41b2-ae4a-f41a03605e22,d7fc8458-8d70-47c6-b4d0-90defac39616,8ecf2f6f-175f-4cb4-b0ef-8bc0bb875c02,Dual Phaser,,,Modulation,,,(Pedal),,,,,,"Guitar,Modeled,Stomp",effects:a7d5f05c-23fb-4866-a37a-4755c1782d26
72b44e5f-7069-4358-aad7-1e931b2b7b35,d7fc8458-8d70-47c6-b4d0-90defac39616,9898da8e-d92d-49ab-a79f-f1227c6d8df7,Distortion Plus,,,Harmonic Coloration,,,(Pedal),Deprecated by BIAS X,,,,,"Guitar,Modeled,Stomp,Deprecated",effects:a7d5f05c-23fb-4866-a37a-4755c1782d26
916e1e90-0fc7-4162-8f17-e050a5b5bc45,d7fc8458-8d70-47c6-b4d0-90defac39616,8a4fb42d-c8d7-4755-8be0-da9ebafdccbb,Red Comp,,,Dynamics,,,(Pedal),Deprecated by BIAS X,,,,,"Guitar,Modeled,Stomp,Deprecated",effects:a7d5f05c-23fb-4866-a37a-4755c1782d26
614a5442-ce19-4539-a62c-5385155493e1,d7fc8458-8d70-47c6-b4d0-90defac39616,267c9c83-8f62-490a-9ce7-226d54c02e88,Stripe Flanger,,,Modulation,,,(Pedal) M117R reissue model,Deprecated by BIAS X,,,,,"Guitar,Modeled,Stomp,Deprecated",effects:a7d5f05c-23fb-4866-a37a-4755c1782d26
241aff79-3c21-4eea-bf4b-24a3ab8c5f19,d7fc8458-8d70-47c6-b4d0-90defac39616,563642ad-7ca0-48c7-ae44-f17cd905d43d,Power Booster,,,"Dynamics,EQ",,,(Pedal),,,,,,"Guitar,Modeled,Stomp",effects:a7d5f05c-23fb-4866-a37a-4755c1782d26
6bee5649-2c5c-4190-b14d-6b7f9359aaec,d7fc8458-8d70-47c6-b4d0-90defac39616,39746504-9951-4c94-9c6c-f734a0fa6af9,Orange Phaser,,,Modulation,,,(Pedal),Deprecated by BIAS X,,,,,"Guitar,Modeled,Stomp",effects:a7d5f05c-23fb-4866-a37a-4755c1782d26
4d078ae4-1fb2-455a-bad4-e80e1d3ff90b,d7fc8458-8d70-47c6-b4d0-90defac39616,3d365502-4660-4742-8fbb-ec9e0e93f043,EQ6,,,EQ,,,(Pedal),Deprecated by BIAS X,,,,,"Guitar,Modeled,Stomp",effects:a7d5f05c-23fb-4866-a37a-4755c1782d26
4c8fe1d7-d9f4-4c9b-8f12-d91843137a88,d7fc8458-8d70-47c6-b4d0-90defac39616,3cee3b8a-7c88-45c7-9716-ea904dcb5dc3,Noise Filter,,,Dynamics,,,(Pedal),MXR Smart Gate ALT (Tone),,,,,"Guitar,Modeled,Stomp",effects:a7d5f05c-23fb-4866-a37a-4755c1782d26
babcb164-dcd0-48b9-afb8-d95a2cd1cfad,d7fc8458-8d70-47c6-b4d0-90defac39616,1007cb7d-5eed-496c-b6de-b2fe7a7143bc,Chorus,,,Modulation,,,(Pedal),Deprecated by BIAS X,,,,,"Guitar,Modeled,Stomp",effects:a7d5f05c-23fb-4866-a37a-4755c1782d26
757cefd0-4f95-4009-b790-4c68c6d56d56,d7fc8458-8d70-47c6-b4d0-90defac39616,ce8c314e-5578-4bb5-94c9-c4221ab12260,British Rock,,Remaster Series - CRUNCH,,,,4x12,"Orange Rockerverb 100 ALT (Tone)
Deprecated by BIAS X",,,,,"Guitar,Modeled",effects:a7d5f05c-23fb-4866-a37a-4755c1782d26
9bf97f49-7fe2-4d9b-a6ec-8afb2af66077,d7fc8458-8d70-47c6-b4d0-90defac39616,ef351240-f642-46d9-8834-83df9b1ce096,British Rock 50 V2,,Legacy Series - CRUNCH,,,,4x12,Orange Rockerverb 50 ALT (Tone),,,,,"Guitar,Modeled",effects:a7d5f05c-23fb-4866-a37a-4755c1782d26
2b382e0f-8976-4a3b-8453-3ef242ba2785,d7fc8458-8d70-47c6-b4d0-90defac39616,f5f25aa4-ccb3-4f51-ab33-7303089bbffa,EQ10,,,EQ,,,(Rack),Deprecated by BIAS X,,,,,"Guitar,Modeled",effects:a7d5f05c-23fb-4866-a37a-4755c1782d26
d6a3631e-6836-4297-99c5-f3e5bb9580d8,d7fc8458-8d70-47c6-b4d0-90defac39616,0d6ebd2b-5f07-4d15-ab37-3986ab96cc6f,Insane 6508,,Legacy Series - HIGH GAIN,,,,4x12,Peavey 6505 TOP,,,,,"Guitar,Modeled",effects:a7d5f05c-23fb-4866-a37a-4755c1782d26
3946e9b8-56aa-4fd7-a9ff-87b5551ff608,d7fc8458-8d70-47c6-b4d0-90defac39616,b3111db1-7a12-475f-ac66-1df1f369fe7c,Dual Spring,,,Reverb&Room,,,(Rack),Deprecated by BIAS X,,,,,"Modeled,Deprecated",effects:a7d5f05c-23fb-4866-a37a-4755c1782d26
c7f4ff0c-75df-4112-aee8-2bb4f7fb616d,d7fc8458-8d70-47c6-b4d0-90defac39616,cfddc671-9286-46a8-ae2f-b4301a8c0aaf,Paul Arch,,Remaster Series - HIGH GAIN,,,,4x12,"PRS Archon 100 ALT (Tone)
Deprecated by BIAS X",,,,,"Guitar,Modeled",effects:a7d5f05c-23fb-4866-a37a-4755c1782d26
2d95812e-0063-4154-9497-63e61b222c4b,d7fc8458-8d70-47c6-b4d0-90defac39616,ca51fb61-f76f-4d53-a953-56db740c0184,Insane SATAN V2,,Legacy Series - HIGH GAIN,,,,4x12,,,,,,"Guitar,Modeled",effects:a7d5f05c-23fb-4866-a37a-4755c1782d26
cf45b438-7cf5-4d7d-acb5-f2f26d91f8ce,d7fc8458-8d70-47c6-b4d0-90defac39616,b6496468-8d49-4bdd-af12-0e5ee03662d0,Jazz Clean,,Remaster Series - LOW GAIN,,,,2x12,"Roland JC-120 ALT (Tone)
Deprecated by BIAS X",,,,,"Guitar,Modeled",effects:a7d5f05c-23fb-4866-a37a-4755c1782d26
70dda9d5-950e-4637-bb50-c0574a5cda5b,d7fc8458-8d70-47c6-b4d0-90defac39616,8fc6fbd7-3a5e-4828-9a28-ba6b56fa568d,Tape Delay Unit,,,"Delay,Reverb&Room",,,(Rack),Deprecated by BIAS X,,,,,"Modeled,Guitar,Deprecated",effects:a7d5f05c-23fb-4866-a37a-4755c1782d26
c5217f71-0630-49eb-a0a6-736caee80850,d7fc8458-8d70-47c6-b4d0-90defac39616,0ad2770c-712f-444f-9736-16c6440c2f73,R121,,,Microphone,,,,Embedded in BIAS FX,,,,,Modeled,effects:a7d5f05c-23fb-4866-a37a-4755c1782d26
51d82417-f406-4cd4-9226-1cdd73173daa,d7fc8458-8d70-47c6-b4d0-90defac39616,23136b4f-7a6c-4002-91cf-e8eeddbd7886,MD 421,,,Microphone,,,,Embedded in BIAS FX,,,,,Modeled,effects:a7d5f05c-23fb-4866-a37a-4755c1782d26
5b39a9f2-36c4-42a5-8c12-81da8a58c64e,d7fc8458-8d70-47c6-b4d0-90defac39616,d285c26f-ab38-4541-bf33-b8f8d4c87fd6,Uni-Vibe,,,Modulation,,,(Pedal),Deprecated by BIAS X,,,,,"Guitar,Modeled,Stomp",effects:a7d5f05c-23fb-4866-a37a-4755c1782d26
58c47ce4-3dbe-4db7-a371-347319b2d525,d7fc8458-8d70-47c6-b4d0-90defac39616,549bb580-b01e-49b8-90ac-406c42939502,SM57,,,Microphone,,,,Embedded in BIAS FX,,,,,Modeled,effects:a7d5f05c-23fb-4866-a37a-4755c1782d26
10b4a224-1ff5-4af1-9a55-f5a6d6c063d3,d7fc8458-8d70-47c6-b4d0-90defac39616,fa5ebb67-737a-481d-9416-3ba3992e41f4,SLO,,Remaster Series - HIGH GAIN,,,,4x12,Deprecated by BIAS X,,,,,"Guitar,Modeled",effects:a7d5f05c-23fb-4866-a37a-4755c1782d26
47c3a068-7f35-4471-abe5-c3f6391fb5b2,d7fc8458-8d70-47c6-b4d0-90defac39616,71bd4004-3ac7-452f-a625-81d487427b7b,Mega-Tap HD,,,Delay,,,(Rack),Deprecated by BIAS X,,,,,Modeled,effects:a7d5f05c-23fb-4866-a37a-4755c1782d26
6239dd6a-aafd-4968-998d-52e9f665b276,d7fc8458-8d70-47c6-b4d0-90defac39616,88a102c3-c9a1-447e-8817-5f103372eb62,S-Booster,,,"Harmonic Coloration,EQ",,,(Pedal),Deprecated by BIAS X,,,,,"Guitar,Modeled,Stomp",effects:a7d5f05c-23fb-4866-a37a-4755c1782d26
501bb57b-77e6-4f92-9df2-07a3ca57adcb,d7fc8458-8d70-47c6-b4d0-90defac39616,15418602-13b7-444d-b651-740180bc63e4,Studio Comp,,,Dynamics,,,(Rack),Embedded in BIAS FX,,,,,Modeled,effects:a7d5f05c-23fb-4866-a37a-4755c1782d26
c6921e53-82b7-4428-bcd3-f0441750f919,d7fc8458-8d70-47c6-b4d0-90defac39616,0e87d583-f32d-4987-b6c7-1111eae93e41,Multi Comp HD,,,Dynamics,,,(Rack),Deprecated by BIAS X,,,,,Modeled,effects:a7d5f05c-23fb-4866-a37a-4755c1782d26
98c368bc-eb7f-4d08-ae4d-8a2385954bc9,d7fc8458-8d70-47c6-b4d0-90defac39616,d162e932-2bdb-471b-b9c8-19dac1cf1167,Two Stone SP50,,Legacy Series - CRUNCH,,,,1x12,"Two Rock Studio Pro 50 ALT (Tone)
Deprecated by BIAS X",,,,,"Guitar,Modeled",effects:a7d5f05c-23fb-4866-a37a-4755c1782d26
c7746d4c-2d3a-43af-90e3-9df18f960bff,d7fc8458-8d70-47c6-b4d0-90defac39616,e834df33-7018-4575-8ace-400e9f6457f8,Tube Compressor,,,Dynamics,,,(Rack),Embedded in Positive Grid,,,,,Modeled,effects:a7d5f05c-23fb-4866-a37a-4755c1782d26
928a492c-41a0-421e-b190-b95035433744,d7fc8458-8d70-47c6-b4d0-90defac39616,0c169813-87e6-4ed9-a511-b7cef3793eb5,Classic Vibe,,,Modulation,,,(Pedal),,,,,,"Guitar,Modeled,Stomp",effects:a7d5f05c-23fb-4866-a37a-4755c1782d26
74afa98f-22b7-46a9-9a50-5dd964ed7262,d7fc8458-8d70-47c6-b4d0-90defac39616,50d88147-f141-4cac-be05-055cccb0ed32,AC Chime,,Remaster Series - LOW GAIN,,,,2x12,"Vox AC30 ALT (Tone)
Deprecated by BIAS X",,,,,"Guitar,Modeled",effects:a7d5f05c-23fb-4866-a37a-4755c1782d26
a4fc5e5a-0864-4574-90fc-379dcdf09240,d7fc8458-8d70-47c6-b4d0-90defac39616,50d88147-f141-4cac-be05-055cccb0ed32,AC Crunch HW,,Legacy Series - CRUNCH,,,,4x12,"Vox AC30 ALT (Tone)
Deprecated by BIAS X",,,,,"Guitar,Modeled",effects:a7d5f05c-23fb-4866-a37a-4755c1782d26
25ff099a-0c96-44f5-abc7-aefb6bc14c9a,d7fc8458-8d70-47c6-b4d0-90defac39616,50d88147-f141-4cac-be05-055cccb0ed32,AC Hand-wired,,Legacy Series - LOW GAIN,,,,2x12,"Vox AC30 ALT (Tone)
Deprecated by BIAS X",,,,,"Guitar,Modeled",effects:a7d5f05c-23fb-4866-a37a-4755c1782d26
f4732302-0329-46b8-9484-63ed630ab1ce,d7fc8458-8d70-47c6-b4d0-90defac39616,67487d8b-2b75-4ca9-b6c5-9603ea24429c,Tube Boost,,,Harmonic Coloration,,,(Pedal),,,,,,"Guitar,Modeled,Stomp",effects:a7d5f05c-23fb-4866-a37a-4755c1782d26
5f6e7d0c-f564-439e-93a5-8cd377cb835c,d7fc8458-8d70-47c6-b4d0-90defac39616,e9a69fc4-8d6f-44ca-bc85-0f3a06a7496d,Compressor,,,Dynamics,,,(Pedal),,,,,,"Guitar,Modeled,Stomp",effects:a7d5f05c-23fb-4866-a37a-4755c1782d26
b6cc170e-73fa-4434-8edf-3fb6d431b72e,d7fc8458-8d70-47c6-b4d0-90defac39616,09d9460b-21b9-4c80-a883-2e359536c377,Booster,,,Harmonic Coloration,,,(Pedal),Deprecated by BIAS X,,,,,"Guitar,Modeled,Stomp,Deprecated",effects:a7d5f05c-23fb-4866-a37a-4755c1782d26
c4d12db8-158e-491b-87d7-9e8944bac49c,d7fc8458-8d70-47c6-b4d0-90defac39616,a2d977e8-093e-4bff-a9b9-1022fd45dff4,Fuzz Arsenal,,,Harmonic Coloration,,,(Pedal),Deprecated by BIAS X,,,,,"Guitar,Modeled,Stomp,Deprecated",effects:a7d5f05c-23fb-4866-a37a-4755c1782d26
b0428a80-8a46-4da5-9bcd-531f2fee9a72,d7fc8458-8d70-47c6-b4d0-90defac39616,,Fat Acoustic V2,,Legacy Series - Acoustic,,,,,,,,,,Guitar,effects:a7d5f05c-23fb-4866-a37a-4755c1782d26
fa882de7-6bef-40df-b3b7-1ef807b92898,d7fc8458-8d70-47c6-b4d0-90defac39616,,Flat Acoustic,,Legacy Series - Acoustic,,,,,,,,,,Guitar,effects:a7d5f05c-23fb-4866-a37a-4755c1782d26
bb04cd15-7c53-4487-b964-fdb40a0a29e6,d7fc8458-8d70-47c6-b4d0-90defac39616,,Grid Crunch V2,,Legacy Series - CRUNCH,,,,1x12,,,,,,Guitar,effects:a7d5f05c-23fb-4866-a37a-4755c1782d26
8470d8de-96bc-460e-ab0e-64987b24cc09,d7fc8458-8d70-47c6-b4d0-90defac39616,,Modded Plexi V2,,Legacy Series - CRUNCH,,,,4x12,,,,,,Guitar,effects:a7d5f05c-23fb-4866-a37a-4755c1782d26
b878417f-ef24-4e77-90bb-4d032f2a5007,d7fc8458-8d70-47c6-b4d0-90defac39616,,Pushed Tweed V2,,Legacy Series - CRUNCH,,,,4x12,,,,,,Guitar,effects:a7d5f05c-23fb-4866-a37a-4755c1782d26
14f7aacc-0659-44e1-9115-9bc344890a45,d7fc8458-8d70-47c6-b4d0-90defac39616,,RetroSonic Sampler,,Remaster Series - LOW GAIN,,,,2x12,,,,,,Guitar,effects:a7d5f05c-23fb-4866-a37a-4755c1782d26
af05fc80-ebad-4a04-bb62-fdfdc50dd2c3,d7fc8458-8d70-47c6-b4d0-90defac39616,,High Gain EL34 V2,,Legacy Series - HIGH GAIN,Preamp,,,4x12,,,,,,Guitar,effects:a7d5f05c-23fb-4866-a37a-4755c1782d26
cb35b44f-d6e8-4b03-be38-6f9adda860cb,d7fc8458-8d70-47c6-b4d0-90defac39616,,Analog Harmony,,,Delay,,,(Pedal) PG Original,,,,,,"Guitar,Stomp",effects:a7d5f05c-23fb-4866-a37a-4755c1782d26
12abaa0f-36c9-46cb-b76d-d73dfde336f5,d7fc8458-8d70-47c6-b4d0-90defac39616,,Analog Wave Delay,,,Delay,,,(Pedal) PG Original,,,,,,"Guitar,Stomp",effects:a7d5f05c-23fb-4866-a37a-4755c1782d26
9eeee744-ff39-4923-966f-1d894039595f,d7fc8458-8d70-47c6-b4d0-90defac39616,,Another Moon,,,Delay,,,(Pedal) PG Original,,,,,,"Guitar,Stomp",effects:a7d5f05c-23fb-4866-a37a-4755c1782d26
282d5260-958d-4b97-91bd-f1aedfc29c10,d7fc8458-8d70-47c6-b4d0-90defac39616,,Dark Blue Echo,,,Delay,,,(Pedal) PG Original,,,,,,"Guitar,Stomp",effects:a7d5f05c-23fb-4866-a37a-4755c1782d26
893cd3b9-2007-446e-bbba-502473bc1815,d7fc8458-8d70-47c6-b4d0-90defac39616,,Dark Memory,,,Delay,,,(Pedal) PG Original,,,,,,"Guitar,Stomp",effects:a7d5f05c-23fb-4866-a37a-4755c1782d26
5a73c710-3cc5-4ea0-9a0e-b334a7a8fcc5,d7fc8458-8d70-47c6-b4d0-90defac39616,,Digital Ambient,,,Delay,,,(Pedal) PG Original,,,,,,"Guitar,Stomp",effects:a7d5f05c-23fb-4866-a37a-4755c1782d26
f8530300-cdf7-4342-99b0-8eb67bd6ac19,d7fc8458-8d70-47c6-b4d0-90defac39616,,Edge Dot Delay,,,Delay,,,(Pedal) PG Original,,,,,,"Guitar,Stomp",effects:a7d5f05c-23fb-4866-a37a-4755c1782d26
82ea6c32-35f7-4104-bcd8-9fe6adba2f8e,d7fc8458-8d70-47c6-b4d0-90defac39616,,Firejet Delay,,,Delay,,,(Pedal) PG Original,,,,,,"Guitar,Stomp",effects:a7d5f05c-23fb-4866-a37a-4755c1782d26
9947319d-2402-4d8a-8209-0b529f33eabb,d7fc8458-8d70-47c6-b4d0-90defac39616,,Hendrix Delay,,,Delay,,,(Pedal) PG Original,,,,,,"Guitar,Stomp",effects:a7d5f05c-23fb-4866-a37a-4755c1782d26
d4dca71a-aa0e-4f68-9e4b-f859e7cc4b97,d7fc8458-8d70-47c6-b4d0-90defac39616,,Little Phased Analog Delay,,,Delay,,,(Pedal) PG Original,,,,,,"Guitar,Stomp",effects:a7d5f05c-23fb-4866-a37a-4755c1782d26
eec85981-d3a5-4f94-8442-f7a7746c0f5f,d7fc8458-8d70-47c6-b4d0-90defac39616,,Slapback Delay,,,Delay,,,(Pedal) PG Original,,,,,,"Guitar,Stomp",effects:a7d5f05c-23fb-4866-a37a-4755c1782d26
bf670a04-1fc4-444a-bf01-f6ba15593351,d7fc8458-8d70-47c6-b4d0-90defac39616,,Smooth Analog,,,Delay,,,(Pedal) PG Original,,,,,,"Guitar,Stomp",effects:a7d5f05c-23fb-4866-a37a-4755c1782d26
d48dd2c7-6f56-4013-a4c8-9ddfd5dc7aee,d7fc8458-8d70-47c6-b4d0-90defac39616,,Time Modeler,,,Delay,,,(Rack) PG Original,,,,,,Guitar,effects:a7d5f05c-23fb-4866-a37a-4755c1782d26
b14d1539-a120-466d-a85c-8c4ca1fdfa70,d7fc8458-8d70-47c6-b4d0-90defac39616,,Tremolod Delay,,,Delay,,,(Pedal) PG Original,,,,,,"Guitar,Stomp",effects:a7d5f05c-23fb-4866-a37a-4755c1782d26
a95b775a-6742-4253-addd-b4796224fba7,d7fc8458-8d70-47c6-b4d0-90defac39616,,Fat Phaser Tape,,,"Delay,Modulation",,,(Pedal) PG Original,,,,,,"Guitar,Stomp",effects:a7d5f05c-23fb-4866-a37a-4755c1782d26
35c48cc1-551d-4cd9-a379-83c6c5798746,d7fc8458-8d70-47c6-b4d0-90defac39616,,Noise Gate,,,Dynamics,,,(Pedal) PG Original,,,,,,"Guitar,Stomp",effects:a7d5f05c-23fb-4866-a37a-4755c1782d26
ed6ee418-fcdb-4400-b271-57d0388630ba,d7fc8458-8d70-47c6-b4d0-90defac39616,,Bloodline,,,Harmonic Coloration,,,(Pedal) PG Original,,,,,,"Guitar,Stomp",effects:a7d5f05c-23fb-4866-a37a-4755c1782d26
76707101-f018-4507-a89d-c9f20e3a4329,d7fc8458-8d70-47c6-b4d0-90defac39616,,British Crunch,,,Harmonic Coloration,,,(Pedal) PG Original,,,,,,"Guitar,Stomp",effects:a7d5f05c-23fb-4866-a37a-4755c1782d26
8a6de321-f741-4195-8e86-880988113b8d,d7fc8458-8d70-47c6-b4d0-90defac39616,,DistortionX,,,Harmonic Coloration,,,(Pedal) PG Original,,,,,,"Guitar,Stomp",effects:a7d5f05c-23fb-4866-a37a-4755c1782d26
88f5fb53-b174-444c-a0a4-0a2664d4b980,d7fc8458-8d70-47c6-b4d0-90defac39616,,Dumble Clean,,,Harmonic Coloration,,,(Pedal) PG Original (Dumble Overdrive),,,,,,"Guitar,Stomp",effects:a7d5f05c-23fb-4866-a37a-4755c1782d26
a934d22e-08f8-4874-aa3c-85550d379da5,d7fc8458-8d70-47c6-b4d0-90defac39616,,Fuzz Modeler,,,Harmonic Coloration,,,(Rack) PG Original,,,,,,Guitar,effects:a7d5f05c-23fb-4866-a37a-4755c1782d26
3ddcf9fa-c6e3-49ce-9b4f-e20d6cb6e293,d7fc8458-8d70-47c6-b4d0-90defac39616,,Heavy Fuzz,,,Harmonic Coloration,,,(Pedal) PG Original,,,,,,"Guitar,Stomp",effects:a7d5f05c-23fb-4866-a37a-4755c1782d26
c3273429-82e4-45ae-94e6-fc9cef5f7ba3,d7fc8458-8d70-47c6-b4d0-90defac39616,,Hell Metal,,,Harmonic Coloration,,,(Pedal) PG Original,,,,,,"Guitar,Stomp",effects:a7d5f05c-23fb-4866-a37a-4755c1782d26
6f684c9b-8e70-40d1-936b-9ca173edffe3,d7fc8458-8d70-47c6-b4d0-90defac39616,,JB Fuzz,,,Harmonic Coloration,,,(Pedal) PG Original,,,,,,"Guitar,Stomp",effects:a7d5f05c-23fb-4866-a37a-4755c1782d26
460b84d8-4f93-41d8-a77a-4b91d9178fec,d7fc8458-8d70-47c6-b4d0-90defac39616,,Matched Tube,,,Harmonic Coloration,,,(Pedal) PG Original (Matchless Overdrive),,,,,,"Guitar,Stomp",effects:a7d5f05c-23fb-4866-a37a-4755c1782d26
d969518d-086e-4a61-9122-393c9f20ade6,d7fc8458-8d70-47c6-b4d0-90defac39616,,Metaltone Mod,,,Harmonic Coloration,,,(Pedal) PG Original,,,,,,"Guitar,Stomp",effects:a7d5f05c-23fb-4866-a37a-4755c1782d26
93f108be-631b-47e8-97e4-0ee4eefb9b93,d7fc8458-8d70-47c6-b4d0-90defac39616,,Mouse,,,Harmonic Coloration,,,(Pedal) PG Original,,,,,,"Guitar,Stomp",effects:a7d5f05c-23fb-4866-a37a-4755c1782d26
09376a85-1597-4af6-95fc-150aac845ffd,d7fc8458-8d70-47c6-b4d0-90defac39616,,PainKiller,,,Harmonic Coloration,,,(Pedal) PG Original,,,,,,"Guitar,Stomp",effects:a7d5f05c-23fb-4866-a37a-4755c1782d26
508e9599-b486-4003-b312-627cbf448c25,d7fc8458-8d70-47c6-b4d0-90defac39616,,Purple Chaos,,,Harmonic Coloration,,,(Pedal) PG Original,,,,,,"Guitar,Stomp",effects:a7d5f05c-23fb-4866-a37a-4755c1782d26
c2712d7b-ed1c-46a8-bd61-cf6366e652e3,d7fc8458-8d70-47c6-b4d0-90defac39616,,Super Fuzz,,,Harmonic Coloration,,,(Pedal) PG Original,,,,,,"Guitar,Stomp",effects:a7d5f05c-23fb-4866-a37a-4755c1782d26
79601866-ec04-4265-bad8-1b168cac4cbf,d7fc8458-8d70-47c6-b4d0-90defac39616,,Sweed OD,,,Harmonic Coloration,,,(Pedal) PG Original,,,,,,"Guitar,Stomp",effects:a7d5f05c-23fb-4866-a37a-4755c1782d26
15d7718e-70e0-4810-95fa-28fb31acf09e,d7fc8458-8d70-47c6-b4d0-90defac39616,,Tube Master,,,Harmonic Coloration,,,(Pedal) PG Original,,,,,,"Guitar,Stomp",effects:a7d5f05c-23fb-4866-a37a-4755c1782d26
ad6c995b-14e8-44b9-8bc2-941ee19dc969,d7fc8458-8d70-47c6-b4d0-90defac39616,,Preamp,,,"Harmonic Coloration,Preamp",,,(Rack) PG Original,,,,,,Guitar,effects:a7d5f05c-23fb-4866-a37a-4755c1782d26
47d08029-9053-46e9-8014-6a0203ce2f98,d7fc8458-8d70-47c6-b4d0-90defac39616,,BrokenVibe,,,Modulation,,,(Pedal) PG Original,,,,,,"Guitar,Stomp",effects:a7d5f05c-23fb-4866-a37a-4755c1782d26
ade980c6-ac97-4930-9502-9955d30ce437,d7fc8458-8d70-47c6-b4d0-90defac39616,,Jet Flange,,,Modulation,,,(Pedal) PG Original,,,,,,"Guitar,Stomp",effects:a7d5f05c-23fb-4866-a37a-4755c1782d26
c4876135-4bd2-4d2f-92ea-f098080d4a5f,d7fc8458-8d70-47c6-b4d0-90defac39616,,Les Rotary,,,Modulation,,,(Rack - Vintage Rotary) PG Original,,,,,,,effects:a7d5f05c-23fb-4866-a37a-4755c1782d26
8f5782b5-acdb-47c9-b6c7-106e14ca75a3,d7fc8458-8d70-47c6-b4d0-90defac39616,,Les Rotary HD,,,Modulation,,,(Rack - Vintage Rotary) PG Original,,,,,,,effects:a7d5f05c-23fb-4866-a37a-4755c1782d26
92920bcf-e2fd-48eb-9916-57d48aa54941,d7fc8458-8d70-47c6-b4d0-90defac39616,,Lush Ensemble,,,Modulation,,,(Pedal) PG Original,,,,,,"Guitar,Stomp",effects:a7d5f05c-23fb-4866-a37a-4755c1782d26
a7f1015f-bd13-4876-966d-c7014552b2c4,d7fc8458-8d70-47c6-b4d0-90defac39616,,Magic Vibe,,,Modulation,,,(Pedal) PG Original,,,,,,"Guitar,Stomp",effects:a7d5f05c-23fb-4866-a37a-4755c1782d26
916b1fd1-756e-4f7e-a78d-5e76a0ce7f92,d7fc8458-8d70-47c6-b4d0-90defac39616,,PhaseTrem,,,Modulation,,,(Pedal) PG Original,,,,,,"Guitar,Stomp",effects:a7d5f05c-23fb-4866-a37a-4755c1782d26
85a92b43-d486-45dc-808d-4cc1275cf690,d7fc8458-8d70-47c6-b4d0-90defac39616,,QuickQuack,,,Modulation,,,(Pedal) PG Original,,,,,,"Guitar,Stomp",effects:a7d5f05c-23fb-4866-a37a-4755c1782d26
4567b123-3ab3-45c4-a5f1-215be68e9667,d7fc8458-8d70-47c6-b4d0-90defac39616,,Slow Attack,,,Modulation,,,(Pedal) PG Original,,,,,,"Guitar,Stomp",effects:a7d5f05c-23fb-4866-a37a-4755c1782d26
40d5f311-ff8f-4872-8ba6-96cada20fa84,d7fc8458-8d70-47c6-b4d0-90defac39616,,Stereo Chorus,,,Modulation,,,(Rack) PG Original,,,,,,Guitar,effects:a7d5f05c-23fb-4866-a37a-4755c1782d26
3c9196c9-9d62-41a2-9b6b-f529f571e387,d7fc8458-8d70-47c6-b4d0-90defac39616,,Tri-Chorus HD,,,Modulation,,,(Rack) PG Original,,,,,,Guitar,effects:a7d5f05c-23fb-4866-a37a-4755c1782d26
90a8e31a-1fac-4fd0-9b6e-b8ba526962c6,d7fc8458-8d70-47c6-b4d0-90defac39616,,Vintage Rotary,,,Modulation,,,(Pedal) PG Original,,,,,,"Guitar,Stomp",effects:a7d5f05c-23fb-4866-a37a-4755c1782d26
bfa2f113-0b65-4e10-9e20-975e33e09140,d7fc8458-8d70-47c6-b4d0-90defac39616,,Vintage Trem,,,Modulation,,,(Pedal) PG Original,,,,,,"Guitar,Stomp",effects:a7d5f05c-23fb-4866-a37a-4755c1782d26
6a00fd94-281d-42a8-a58d-bcc5202aec6b,d7fc8458-8d70-47c6-b4d0-90defac39616,,Wah HD,,,Modulation,,,(Rack) PG Original,,,,,,Guitar,effects:a7d5f05c-23fb-4866-a37a-4755c1782d26
60c3909b-5c7c-4d87-a8d6-f77186becbda,d7fc8458-8d70-47c6-b4d0-90defac39616,,AutoSwell,,,"Modulation,Spatial Processing",,,(Pedal) PG Original,,,,,,"Guitar,Stomp",effects:a7d5f05c-23fb-4866-a37a-4755c1782d26
40720133-3671-40b3-aaad-d4d1d6c04627,d7fc8458-8d70-47c6-b4d0-90defac39616,,PhasePan,,,"Modulation,Spatial Processing",,,(Pedal) PG Original,,,,,,"Guitar,Stomp",effects:a7d5f05c-23fb-4866-a37a-4755c1782d26
f73c2f22-968d-4f10-bb63-ebce38195a08,d7fc8458-8d70-47c6-b4d0-90defac39616,,Harmonizer Model,,,Pitch Tools,,,(Rack) PG Original,,,,,,"Guitar,Stomp",effects:a7d5f05c-23fb-4866-a37a-4755c1782d26
3e43b9b6-ab58-43cf-bc34-9d756c97490a,d7fc8458-8d70-47c6-b4d0-90defac39616,,BIAS Preamp,,,Preamp,,,(Pedal) PG Original,,,,,,"Guitar,Stomp",effects:a7d5f05c-23fb-4866-a37a-4755c1782d26
18399df6-561b-4854-91d6-390ac2bc37ac,d7fc8458-8d70-47c6-b4d0-90defac39616,,Stereo Reverb,,,Reverb&Room,,,(Rack) PG Original,,,,,,,effects:a7d5f05c-23fb-4866-a37a-4755c1782d26
950af38f-1842-4f37-966f-18c4e3b36591,d7fc8458-8d70-47c6-b4d0-90defac39616,,Vintage Spring HD,,,Reverb&Room,,,(Rack) PG Original,,,,,,,effects:a7d5f05c-23fb-4866-a37a-4755c1782d26
bbc8897f-c681-4594-a7f4-d5319373201b,d7fc8458-8d70-47c6-b4d0-90defac39616,21500571-983d-42dc-a1c3-c2ac769c9876,Tone Mallet,,American Series - Bass,,,,,Aguilar Tone Hammer ALT (Tone),,,,,"Bass,Modeled",effects:ee9f09a5-12e4-4ad8-bb84-9bfb388ae799
0a71dfef-7924-498a-8cd2-b0b0d279a703,d7fc8458-8d70-47c6-b4d0-90defac39616,c2156785-d382-45b8-92d7-7c51833ca7de,SV Blue,,American Series - Bass,,,,8x10 SV Blue Bass Cab,Ampeg SVT ALT (Tone),,,,,"Bass,Modeled",effects:ee9f09a5-12e4-4ad8-bb84-9bfb388ae799
d92e4a03-4dbe-4ea0-921a-e9cbf4629e04,d7fc8458-8d70-47c6-b4d0-90defac39616,9451cb52-1335-4268-a863-b45b0b38d686,AuralSentry,,,Dynamics,,,(Rack - Advanced Compressor),Embedded in BIAS X,,,,,Modeled,effects:ee9f09a5-12e4-4ad8-bb84-9bfb388ae799
b9432917-4721-476b-b069-e8cbe7e20660,d7fc8458-8d70-47c6-b4d0-90defac39616,3ab6f15b-f679-4785-905e-cac1469ff063,TubeKing,,,Harmonic Coloration,,,(Pedal - 80' Tube Driver),B.K. Butler Tube Driver ALT (Tone),,,,,"Guitar,Modeled,Stomp",effects:ee9f09a5-12e4-4ad8-bb84-9bfb388ae799
37a6b902-a077-47a7-a38a-5787745798e0,d7fc8458-8d70-47c6-b4d0-90defac39616,623b3a05-0ea1-4aee-b2da-c16ebb598416,Magna,,,Delay,,,(Rack - Vintage Delay),Binson Echorec 2 T7E TOP,,,,,Modeled,effects:ee9f09a5-12e4-4ad8-bb84-9bfb388ae799
0d2f2f8a-d35f-4909-adb9-8edcf6578074,d7fc8458-8d70-47c6-b4d0-90defac39616,9f0b65c2-8cf2-46aa-89d4-af6ac7a3f09b,Ecstasy 100,,American-Series - Mid-Gain/Crunch,,,,4x12 Ecstasy 100,Bogner Ecstasy 101B ALT (Tone),,,,,"Guitar,Modeled",effects:ee9f09a5-12e4-4ad8-bb84-9bfb388ae799
accebe5c-1e8a-450e-b98c-47f1c188a46b,d7fc8458-8d70-47c6-b4d0-90defac39616,b4864be2-5ccd-4ba8-a063-75de422b21ec,Aurora,,,Modulation,,,(Pedal - 70' Chorus),Boss CE-1 ALT (Tone),,,,,"Guitar,Modeled,Stomp",effects:ee9f09a5-12e4-4ad8-bb84-9bfb388ae799
999dd325-09a9-4970-92ea-cea0ccff7f93,d7fc8458-8d70-47c6-b4d0-90defac39616,02542601-4afa-49c0-b4a7-1676dbf802f0,Swirl Wave,,,Modulation,,,(Pedal - Vibrato),Boss CE-2 TOP,,,,,"Guitar,Modeled,Stomp",effects:ee9f09a5-12e4-4ad8-bb84-9bfb388ae799
eed558d4-7b09-40b3-a63f-544ce10470f3,d7fc8458-8d70-47c6-b4d0-90defac39616,b348cdd8-7650-496e-b1fc-f0f05ff7783c,TimeArc,,,Delay,,,(Pedal - Digital Delay),Boss DD3 TOP,,,,,"Guitar,Modeled,Stomp",effects:ee9f09a5-12e4-4ad8-bb84-9bfb388ae799
3e00c01f-e5c9-4d59-aedf-cc2d07a7c318,d7fc8458-8d70-47c6-b4d0-90defac39616,414e3922-fdc3-4f14-a373-9e394c5622a7,TimeFade,,,Delay,,,(Pedal - Analog Delay),Boss DM-2 ALT (Tone),,,,,"Guitar,Modeled,Stomp",effects:ee9f09a5-12e4-4ad8-bb84-9bfb388ae799
7486d4c8-3274-4df5-bcd2-f7621d12c22c,d7fc8458-8d70-47c6-b4d0-90defac39616,e4a26058-0273-4428-a198-ad5e49b4daac,Ripple,,,Reverb&Room,,,(Pedal - Spring Reverb),Boss FRV-1 TOP,,,,,"Guitar,Modeled,Stomp",effects:ee9f09a5-12e4-4ad8-bb84-9bfb388ae799
8ef63989-9ec3-4bf4-8d74-d8cfc9629f28,d7fc8458-8d70-47c6-b4d0-90defac39616,ead7d36c-78a5-4b38-bc79-ec4e9b1dfd28,Luminis,,,Reverb&Room,,,(Pedal - Digital Reverb),,,,,,"Guitar,Modeled,Stomp",effects:ee9f09a5-12e4-4ad8-bb84-9bfb388ae799
92258b14-3d89-46d1-ae1c-21232f49f0f8,d7fc8458-8d70-47c6-b4d0-90defac39616,0d2311f1-e300-4906-a0d0-16a654500c2e,OverReso,,,Reverb&Room,,,(Pedal - Lofi Reverb),,,,,,"Guitar,Modeled,Stomp",effects:ee9f09a5-12e4-4ad8-bb84-9bfb388ae799
0332ca10-f0e6-4851-929a-32046aa6b035,d7fc8458-8d70-47c6-b4d0-90defac39616,0ddb52fb-4153-4e39-8b02-72faa91cd330,VHS,,,Modulation,,,(Pedal - Lofi Modulator),,,,,,"Guitar,Modeled,Stomp",effects:ee9f09a5-12e4-4ad8-bb84-9bfb388ae799
46b8d232-ab48-4f91-be5e-4f7988b89e76,d7fc8458-8d70-47c6-b4d0-90defac39616,4254ff9f-9363-4b26-ba1b-4a703c7b48ea,Radiance,,,Harmonic Coloration,,,(Pedal - 60' Treble Boost),,,,,,"Guitar,Modeled,Stomp",effects:ee9f09a5-12e4-4ad8-bb84-9bfb388ae799
454dbed1-c066-446f-8a8a-76f3ac0f6360,d7fc8458-8d70-47c6-b4d0-90defac39616,87fcb573-45cc-4dbc-a6ac-6f43e785efdf,VH-4,,Europe Series - High-Gain/Distortion,,,,2x12 Cab,Diezel VH4 ALT (Tone),,,,,"Guitar,Modeled",effects:ee9f09a5-12e4-4ad8-bb84-9bfb388ae799
7acf0bb3-b5bf-40a6-b5e3-3b53cae5cb06,d7fc8458-8d70-47c6-b4d0-90defac39616,7af497f5-cc73-46d1-8654-de5637715363,Nebula,,,Reverb&Room,,,(Pedal - Ambient Reverb),,,,,,"Guitar,Modeled,Stomp",effects:ee9f09a5-12e4-4ad8-bb84-9bfb388ae799
0f244290-82ea-4ba0-90f4-68be2cdd8add,d7fc8458-8d70-47c6-b4d0-90defac39616,77a4f4e5-0274-4906-9004-ca9545207133,Pomi,,,Pitch Tools,,,(Pedal - Pitch Shifter),DigiTech Whammy ALT (Tone),,,,,"Guitar,Modeled,Stomp",effects:ee9f09a5-12e4-4ad8-bb84-9bfb388ae799
b3e6b03a-4c11-4ab5-bf57-b83b3cca9623,d7fc8458-8d70-47c6-b4d0-90defac39616,4f4be953-917e-41d4-a0e6-28a9f6a2cbfb,Dumbel 50,,Boutique Series - Low-Gain/Clean,,,,1x12 Combo,,,,,,"Guitar,Modeled",effects:ee9f09a5-12e4-4ad8-bb84-9bfb388ae799
6744abfc-c8b8-468d-8c85-9d4f2c5b4941,d7fc8458-8d70-47c6-b4d0-90defac39616,d54236ab-a3e6-46a2-87ec-8617fd01607d,ToneCry,,,Modulation,,,(Pedal - Classic Wah),,,,,,"Guitar,Modeled,Stomp",effects:ee9f09a5-12e4-4ad8-bb84-9bfb388ae799
8e976e58-9fd7-44d4-85fb-00c9437081b6,d7fc8458-8d70-47c6-b4d0-90defac39616,0ad3940a-a936-495f-85f1-a3d3c97b0c1d,Red Germanium,,,Harmonic Coloration,,,(Pedal - Classic Fuzz),Dunlop Germanium Fuzz Face ALT (Tone),,,,,"Guitar,Modeled,Stomp",effects:ee9f09a5-12e4-4ad8-bb84-9bfb388ae799
0080ea42-b3a4-47c9-825a-3d9dbb074a18,d7fc8458-8d70-47c6-b4d0-90defac39616,763e01b5-9d99-4741-9dcd-a60e414ce474,Lumen,,,"Modulation,Spatial Processing",,,(Pedal - Stereo Tremolo),,,,,,"Guitar,Modeled,Stomp",effects:ee9f09a5-12e4-4ad8-bb84-9bfb388ae799
4af9bc74-9292-4b63-9df3-babdc0a9ee7b,d7fc8458-8d70-47c6-b4d0-90defac39616,a65c7602-7617-4878-9d43-ae0881928c37,PitchHaze Delay,,,"Delay,Modulation,Pitch Tools",,,(Pedal - Lofi Delay),,,,,,"Guitar,Modeled,Stomp",effects:ee9f09a5-12e4-4ad8-bb84-9bfb388ae799
bffbae4d-aeb4-4356-bf0a-b34bd6d14565,d7fc8458-8d70-47c6-b4d0-90defac39616,f9691b9c-6294-4e8e-88b1-a40dad5aef60,Muffin Pie,,,"Harmonic Coloration,Dynamics",,,(Pedal - Classic Fuzz),Electro-Harmonix Big Muff Pi ALT (Tone),,,,,"Guitar,Modeled,Stomp",effects:ee9f09a5-12e4-4ad8-bb84-9bfb388ae799
92c5ac6a-5013-4355-8135-334c0bcc6a38,d7fc8458-8d70-47c6-b4d0-90defac39616,935f1a5f-94cc-4b7e-9a7b-0db1aa42ad37,Legendary Flux,,,Modulation,,,(Pedal -  Classic Flanger),Electro-Harmonix Deluxe Electric Mistress ALT (Tone),,,,,"Guitar,Modeled,Stomp",effects:ee9f09a5-12e4-4ad8-bb84-9bfb388ae799
738e3d04-847c-4b94-a318-37a60e76d871,d7fc8458-8d70-47c6-b4d0-90defac39616,f926e1cc-0cc0-4743-baff-a4a43af8735c,TimeMemory,,,"Delay,Modulation",,,(Pedal - Deluxe Delay),Electro-Harmonix Deluxe Memory Man ALT (Tone),,,,,"Guitar,Modeled,Stomp",effects:ee9f09a5-12e4-4ad8-bb84-9bfb388ae799
7abe8ebe-5d3d-4cd9-8384-edf3364ab5bc,d7fc8458-8d70-47c6-b4d0-90defac39616,a36173ab-55dc-4d6f-ac55-f280f2078a30,CyberMistress,,,Modulation,,,(Pedal - Flanger),Electro-Harmonix Electric Mistress TOP,,,,,"Guitar,Modeled,Stomp",effects:ee9f09a5-12e4-4ad8-bb84-9bfb388ae799
2bffb0c7-9816-4d75-8a6b-a92030160168,d7fc8458-8d70-47c6-b4d0-90defac39616,97023686-541e-4c29-820b-54af5380199c,MiniOctet,,,Pitch Tools,,,(Pedal - Octave Pedal),,,,,,"Guitar,Modeled,Stomp",effects:ee9f09a5-12e4-4ad8-bb84-9bfb388ae799
3e983ec0-9d22-4cbe-9154-4795bd129531,d7fc8458-8d70-47c6-b4d0-90defac39616,ee507833-0da6-45ec-83e8-abd1fdf8a008,Octet,,,Pitch Tools,,,(Pedal - Octave Pedal),,,,,,"Guitar,Modeled,Stomp",effects:ee9f09a5-12e4-4ad8-bb84-9bfb388ae799
d3072849-7a77-4dd5-9648-832ebd8c43ed,d7fc8458-8d70-47c6-b4d0-90defac39616,d392cf48-ae9e-4967-9e78-2c77b0010772,Tide,,,Modulation,,,(Pedal - Classic Chorus),,,,,,"Guitar,Modeled,Stomp",effects:ee9f09a5-12e4-4ad8-bb84-9bfb388ae799
f05f165a-42dd-4480-a28b-4534ebe8fa46,d7fc8458-8d70-47c6-b4d0-90defac39616,e32acd81-83db-40ae-86e0-7e884a27c013,Space Biscuit,,,Modulation,,,(Pedal - Classic Phaser),Electro-Harmonix Small Stone ALT (Tone),,,,,"Guitar,Modeled,Stomp",effects:ee9f09a5-12e4-4ad8-bb84-9bfb388ae799
9c91fbef-d823-4fe4-937a-205adea69528,d7fc8458-8d70-47c6-b4d0-90defac39616,3ed3387f-0656-4285-abac-a30fb2cf2ffd,Esrever,,,Delay,,,(Pedal - Reverse Delay),,,,,,"Guitar,Modeled,Stomp",effects:ee9f09a5-12e4-4ad8-bb84-9bfb388ae799
6e523166-fca5-4133-a757-605b2a42d5a0,d7fc8458-8d70-47c6-b4d0-90defac39616,17686a38-733c-4ba3-bc4f-a424e35d5f19,Volairis,,,Dynamics,,,(Pedal - Volume),,,,,,"Guitar,Modeled,Stomp",effects:ee9f09a5-12e4-4ad8-bb84-9bfb388ae799
32e645c1-71f5-4c9b-8947-d7e0bfff06a6,d7fc8458-8d70-47c6-b4d0-90defac39616,ec50ba25-c961-4631-aff1-085b7457d4bf,Bassmaster,,American-Series - Mid-Gain/Crunch,,,,4x10 Bassmaster Cab,Fender ’59 Bassman ALT (Tone),,,,,"Guitar,Modeled",effects:ee9f09a5-12e4-4ad8-bb84-9bfb388ae799
71ab27bb-17a5-4630-ad97-45bc6dfe0fe3,d7fc8458-8d70-47c6-b4d0-90defac39616,3fcec5f5-e8ae-47ec-b4d7-ceb4118fbdcb,Flow,,,Modulation,,,(Pedal - Tremolo) Optical Tremolo Circuit only,Fender Opto Trem ALT (Tone),,,,,"Guitar,Modeled",effects:ee9f09a5-12e4-4ad8-bb84-9bfb388ae799
13378ec7-b0e3-4f82-83ab-e7e1e570045c,d7fc8458-8d70-47c6-b4d0-90defac39616,381fce48-2ff9-421c-891a-11af645a1f0c,Blackface 63,,American Series - Low-Gain/Clean,,,,1x12 Blackface Cab,Fender '65 Deluxe Reverb ALT (Tone),,,,,"Guitar,Modeled",effects:ee9f09a5-12e4-4ad8-bb84-9bfb388ae799
8b6b6f82-ea98-4245-b12b-4205eca47492,d7fc8458-8d70-47c6-b4d0-90defac39616,5f4ee01c-3a94-46da-8943-ae008a1e47d6,Insanity III,,American Series - High-Gain/Distortion,,,,4x12 Insanity III Cab,Fender EVH 5150 III 100W (6L6) ALT (Tone),,,,,"Guitar,Modeled",effects:ee9f09a5-12e4-4ad8-bb84-9bfb388ae799
279e7a0a-e6b3-43a8-ac9a-41b725553e0a,d7fc8458-8d70-47c6-b4d0-90defac39616,dc5e14e4-4ce4-497e-a08a-b28cb1079e4c,BE101,,Plexi Series - Mid-Gain/Crunch,,,,,Friedman BE100 ALT (Tone),,,,,"Guitar,Modeled",effects:ee9f09a5-12e4-4ad8-bb84-9bfb388ae799
f17551ed-0464-48fc-8adc-0ae8b63797a0,d7fc8458-8d70-47c6-b4d0-90defac39616,939bd7d5-5a2b-475a-9987-20b209e952bb,The Obsessive,,,Harmonic Coloration,,,(Pedal - Classic Natural OD),Fulltone OCD ALT (Tone),,,,,"Guitar,Modeled,Stomp",effects:ee9f09a5-12e4-4ad8-bb84-9bfb388ae799
a5da4210-71f1-4dd2-bf81-4f278188f1e6,d7fc8458-8d70-47c6-b4d0-90defac39616,38d7028b-e3d7-4c95-9155-480e93d2d454,GK-800,,American Series - Bass,,,,,Gallien-Krueger 800RB ALT (Tone),,,,,"Bass,Modeled",effects:ee9f09a5-12e4-4ad8-bb84-9bfb388ae799
df674b1d-cfc7-48de-822c-8d59a172708a,d7fc8458-8d70-47c6-b4d0-90defac39616,2cc0bdbc-a0a3-4d40-b1f2-9ddbf893052e,Evergreen,,,Harmonic Coloration,,,(Pedal - Mid Boost),Ibanez TS808 ALT (Tone),,,,,"Guitar,Modeled,Stomp",effects:ee9f09a5-12e4-4ad8-bb84-9bfb388ae799
d7608ce4-3899-48cc-a3c2-c26d53033197,d7fc8458-8d70-47c6-b4d0-90defac39616,d02d4fbf-0dfa-4c86-a3bb-6a0f24f8c3a1,Tetra,,,Dynamics,,,(Pedal - 4 Knob Compressor),,,,,,"Guitar,Modeled,Stomp",effects:ee9f09a5-12e4-4ad8-bb84-9bfb388ae799
2767fd3f-d195-4a66-91c5-a99eca083389,d7fc8458-8d70-47c6-b4d0-90defac39616,c7f1d245-57d9-454e-a0be-712a16ca75eb,Golden,,,Harmonic Coloration,,,(Pedal - Hard Clipping OD),Klon Centaur ALT (Tone),,,,,"Guitar,Modeled,Stomp",effects:ee9f09a5-12e4-4ad8-bb84-9bfb388ae799
043822b5-67e7-4384-83f0-4c2a57831267,d7fc8458-8d70-47c6-b4d0-90defac39616,cb5c24ee-d657-41e2-a49e-3af4e41451cd,RetroReel,,,Delay,,,(Rack - Vintage Delay),Maestro Echoplex EP-3 ALT (Tone),,,,,Modeled,effects:ee9f09a5-12e4-4ad8-bb84-9bfb388ae799
840ecf90-6970-4c30-9dc0-1561fef3d8a5,d7fc8458-8d70-47c6-b4d0-90defac39616,7ceebe99-b432-4057-8f51-fc0ef4f14cf6,Ping Pong,,,Delay,,,(Pedal - Digital Delay),,,,,,"Guitar,Modeled,Stomp",effects:ee9f09a5-12e4-4ad8-bb84-9bfb388ae799
56947de5-9a60-44b7-939e-456c95ef2656,d7fc8458-8d70-47c6-b4d0-90defac39616,84469da7-3501-4604-91f1-1c4498db9a58,Mk Mini II,,Europe Series - Bass,,,,,,,,,,"Bass,Modeled",effects:ee9f09a5-12e4-4ad8-bb84-9bfb388ae799
6d4047da-f881-4e9f-96e2-012e65dbe20c,d7fc8458-8d70-47c6-b4d0-90defac39616,4e6d9491-ede6-4b91-a696-c8975907b9b2,British Lead,,Plexi Series - Mid-Gain/Crunch,,,,4x12 British Lead Cab,Marshall 1959 SLP ALT (Tone),,,,,"Guitar,Modeled",effects:ee9f09a5-12e4-4ad8-bb84-9bfb388ae799
10dc5340-7f44-494a-a682-e1606683b69a,d7fc8458-8d70-47c6-b4d0-90defac39616,c2f2d7d4-2d47-4fad-b822-60dc7ffd7a4e,British 800,,British Series - Mid-Gain/Crunch,,,,,Marshall JCM800 ALT (Tone),,,,,"Guitar,Modeled",effects:ee9f09a5-12e4-4ad8-bb84-9bfb388ae799
68cabe97-463e-4b10-9e16-b78cbe4f19a4,d7fc8458-8d70-47c6-b4d0-90defac39616,0627939c-d300-4649-9f0d-f25467d047ed,Match 30,,AC Series - Low-Gain/Clean,,,,2x12 Match,Matchless DC-30 ALT(Tone),,,,,"Guitar,Modeled",effects:ee9f09a5-12e4-4ad8-bb84-9bfb388ae799
18b7c258-9c66-4356-8752-c90c446add76,d7fc8458-8d70-47c6-b4d0-90defac39616,03e5654c-74bc-47ee-8584-92aa0caa4e8c,Tone Star Lead,,American-Series - Mid-Gain/Crunch,,,,,Mesa/Boogie Lone Star ALT (Tone),,,,,"Guitar,Modeled",effects:ee9f09a5-12e4-4ad8-bb84-9bfb388ae799
7d01c86f-b32a-4b67-8910-26bc5d21a8cf,d7fc8458-8d70-47c6-b4d0-90defac39616,e9194049-5efa-4dc5-b253-26769d05e9d7,California Mk IV,,American Series - High-Gain/Distortion,,,,4x12 California-30,Mesa/Boogie Mark IV A ALT (Tone),,,,,"Guitar,Modeled",effects:ee9f09a5-12e4-4ad8-bb84-9bfb388ae799
a8108cf1-f857-4c68-9d3f-862f2df56ae7,d7fc8458-8d70-47c6-b4d0-90defac39616,ca3c3312-104d-432d-825e-eed5b761a2be,Treadplate,,American Series - High-Gain/Distortion,,,,,Mesa/Boogie Triple Rectifier ALT (Tone),,,,,"Guitar,Modeled",effects:ee9f09a5-12e4-4ad8-bb84-9bfb388ae799
73676c70-e1ae-4b0a-ad46-cb8a611635d8,d7fc8458-8d70-47c6-b4d0-90defac39616,8354fb7c-e460-49da-8d7b-d5ebefae64d2,Ringson,,,Modulation,,,(Pedal - Ring Modulation),,,,,,"Guitar,Modeled,Stomp",effects:ee9f09a5-12e4-4ad8-bb84-9bfb388ae799
29146449-3903-4fec-bde6-ab871702b214,d7fc8458-8d70-47c6-b4d0-90defac39616,7071b947-7aa7-4a9d-b7a2-952a81829288,WaveFlux,,,Modulation,,,(Pedal - 12 Stage Phaser),,,,,,"Guitar,Modeled,Stomp",effects:ee9f09a5-12e4-4ad8-bb84-9bfb388ae799
0a1c09e8-c9d0-4b36-912d-4b66d3ea2b6b,d7fc8458-8d70-47c6-b4d0-90defac39616,b35f5f50-4f8f-45bb-aaac-61b0f4ee9f3f,Nebula Wave,,,Modulation,,,(Pedal - 70' Envelope Filter),Musitronics Mu-Tron III ALT (Tone),,,,,"Guitar,Modeled,Stomp",effects:ee9f09a5-12e4-4ad8-bb84-9bfb388ae799
0133eb81-7789-4e1b-9822-873d533c3078,d7fc8458-8d70-47c6-b4d0-90defac39616,9898da8e-d92d-49ab-a79f-f1227c6d8df7,Drone,,,Harmonic Coloration,,,(Pedal - Classic Distortion),MXR Distortion+  ALT (Tone),,,,,"Guitar,Modeled,Stomp",effects:ee9f09a5-12e4-4ad8-bb84-9bfb388ae799
3c468047-fe99-4e2f-81f9-b0d4a2584755,d7fc8458-8d70-47c6-b4d0-90defac39616,8a4fb42d-c8d7-4755-8be0-da9ebafdccbb,Ruby,,,Dynamics,,,(Pedal - 70' Compressor),MXR Dyna Comp ALT (Tone),,,,,"Guitar,Modeled,Stomp",effects:ee9f09a5-12e4-4ad8-bb84-9bfb388ae799
9d165650-7752-4ae9-9484-bef00d926e2c,d7fc8458-8d70-47c6-b4d0-90defac39616,267c9c83-8f62-490a-9ce7-226d54c02e88,Aeon Flux,,,Modulation,,,(Pedal - 70' Flanger) M117R reissue model,MXR Flanger ALT (Tone),,,,,"Guitar,Modeled,Stomp",effects:ee9f09a5-12e4-4ad8-bb84-9bfb388ae799
1d4933b6-bc7a-458a-87a0-2ac0a3018d8e,d7fc8458-8d70-47c6-b4d0-90defac39616,39746504-9951-4c94-9c6c-f734a0fa6af9,Orange 90,,,Modulation,,,(Pedal - Classic Phaser),MXR Phase 90 (Script) AL (Tone),,,,,"Guitar,Modeled,Stomp",effects:ee9f09a5-12e4-4ad8-bb84-9bfb388ae799
5d0144b7-6435-44ce-8095-c290f28a9aac,d7fc8458-8d70-47c6-b4d0-90defac39616,3d365502-4660-4742-8fbb-ec9e0e93f043,FreqLab 6,,,EQ,,,(Pedal - 6 Band EQ),MXR Six Band EQ TOP,,,,,"Guitar,Modeled,Stomp",effects:ee9f09a5-12e4-4ad8-bb84-9bfb388ae799
31222e2b-9d85-4727-a342-c41415ce45ee,d7fc8458-8d70-47c6-b4d0-90defac39616,1007cb7d-5eed-496c-b6de-b2fe7a7143bc,Arcwave,,,Modulation,,,(Pedal - Stereo Chorus),MXR Stereo Chorus TOP,,,,,"Guitar,Modeled,Stomp",effects:ee9f09a5-12e4-4ad8-bb84-9bfb388ae799
03f3328a-a26c-411e-9f96-749f95342299,d7fc8458-8d70-47c6-b4d0-90defac39616,eeefe31a-4c3c-4453-b22d-4a7c4f6f3b71,Tangerine 30,,British Series - Mid-Gain/Crunch,,,,4x12 Tangerine 30,Orange AD30 TOP,,,,,"Guitar,Modeled",effects:ee9f09a5-12e4-4ad8-bb84-9bfb388ae799
850a06b4-3882-4c83-81b0-1138d63a7438,d7fc8458-8d70-47c6-b4d0-90defac39616,ce8c314e-5578-4bb5-94c9-c4221ab12260,Tangerine Rock,,British Series - High-Gain/Distortion,,,,,Orange Rockerverb 100 ALT (Tone),,,,,"Guitar,Modeled",effects:ee9f09a5-12e4-4ad8-bb84-9bfb388ae799
076e8c36-8e50-4334-a307-7041df4bed8e,d7fc8458-8d70-47c6-b4d0-90defac39616,f5f25aa4-ccb3-4f51-ab33-7303089bbffa,FreqLab 10,,,EQ,,,(Rack - 10 Band EQ),,,,,,"Guitar,Modeled",effects:ee9f09a5-12e4-4ad8-bb84-9bfb388ae799
11efd1e2-1178-472f-bcda-c3e43b769e19,d7fc8458-8d70-47c6-b4d0-90defac39616,b3111db1-7a12-475f-ac66-1df1f369fe7c,Serenade,,,Reverb&Room,,,(Rack - Dual Reverb),,,,,,Modeled,effects:ee9f09a5-12e4-4ad8-bb84-9bfb388ae799
2af68688-5499-4f26-a1c3-50ad270ccc43,d7fc8458-8d70-47c6-b4d0-90defac39616,cfddc671-9286-46a8-ae2f-b4301a8c0aaf,Archon Lead,,American Series - High-Gain/Distortion,,,,4x12 Archon,PRS Archon 100 ALT (Tone),,,,,"Guitar,Modeled",effects:ee9f09a5-12e4-4ad8-bb84-9bfb388ae799
cf45b438-7cf5-4d7d-acb5-f2f26d91f8ce,d7fc8458-8d70-47c6-b4d0-90defac39616,b6496468-8d49-4bdd-af12-0e5ee03662d0,Jazz Clean,,Classic Clean - Low-Gain / Clean,,,,2x12 Jazz Cab,Roland JC-120 ALT (Tone),,,,,"Guitar,Modeled",effects:ee9f09a5-12e4-4ad8-bb84-9bfb388ae799
2f7eeb5c-d661-412d-a651-200c77bd3581,d7fc8458-8d70-47c6-b4d0-90defac39616,8fc6fbd7-3a5e-4828-9a28-ba6b56fa568d,TapeVoyager,,,"Delay,Reverb&Room",,,(Rack - 70' Tape Echo),Embedded in BIAS X,,,,,"Modeled,Guitar",effects:ee9f09a5-12e4-4ad8-bb84-9bfb388ae799
23fc462e-fd0c-40d9-8df2-eb3210f2f8a9,d7fc8458-8d70-47c6-b4d0-90defac39616,d285c26f-ab38-4541-bf33-b8f8d4c87fd6,MysticVibe,,,Modulation,,,(Pedal - 60 Uni-Vibe),Shin-ei Uni-Vibe ALT (Tone),,,,,"Guitar,Modeled,Stomp",effects:ee9f09a5-12e4-4ad8-bb84-9bfb388ae799
10b4a224-1ff5-4af1-9a55-f5a6d6c063d3,d7fc8458-8d70-47c6-b4d0-90defac39616,fa5ebb67-737a-481d-9416-3ba3992e41f4,SLO,,American Series - High-Gain/Distortion,,,,4x12 SLO,Soldano SLO-100 ALT (Tone),,,,,"Guitar,Modeled",effects:ee9f09a5-12e4-4ad8-bb84-9bfb388ae799
2d54bf31-d8dd-4d63-ab71-fc708feeda24,d7fc8458-8d70-47c6-b4d0-90defac39616,71bd4004-3ac7-452f-a625-81d487427b7b,MegaTap,,,Delay,,,(Rack - Digital Delay),TC Electronic 2290 ALT (Tone),,,,,Modeled,effects:ee9f09a5-12e4-4ad8-bb84-9bfb388ae799
efd3b017-df7a-4d90-b046-7b6a1987108f,d7fc8458-8d70-47c6-b4d0-90defac39616,88a102c3-c9a1-447e-8817-5f103372eb62,Ignite,,,"Harmonic Coloration,EQ",,,(Pedal - Clean Boost),,,,,,"Guitar,Modeled,Stomp",effects:ee9f09a5-12e4-4ad8-bb84-9bfb388ae799
4c92f95c-c49c-40e0-9dd5-15650561c868,d7fc8458-8d70-47c6-b4d0-90defac39616,0e87d583-f32d-4987-b6c7-1111eae93e41,BluePress,,,Dynamics,,,(Rack - Optical Compressor),,,,,,Modeled,effects:ee9f09a5-12e4-4ad8-bb84-9bfb388ae799
22bef7e6-da50-4e6a-aa64-ab495fb126a7,d7fc8458-8d70-47c6-b4d0-90defac39616,d162e932-2bdb-471b-b9c8-19dac1cf1167,Two Stone Studio,,Boutique Series - Low-Gain/Clean,,,,,Two Rock Studio Pro 50 TOP,,,,,"Guitar,Modeled",effects:ee9f09a5-12e4-4ad8-bb84-9bfb388ae799
74afa98f-22b7-46a9-9a50-5dd964ed7262,d7fc8458-8d70-47c6-b4d0-90defac39616,50d88147-f141-4cac-be05-055cccb0ed32,AC Chime,,AC Series - Low-Gain/Clean,,,,2x12 AC Chime Cab,Vox AC30 ALT (Tone),,,,,"Guitar,Modeled",effects:ee9f09a5-12e4-4ad8-bb84-9bfb388ae799
fd3e4cb9-1142-4971-886e-04240481f71e,d7fc8458-8d70-47c6-b4d0-90defac39616,09d9460b-21b9-4c80-a883-2e359536c377,Pure Lift,,,Harmonic Coloration,,,(Pedal - Clean Boost),Xotic RC Booster ALT (Tone),,,,,"Guitar,Modeled,Stomp",effects:ee9f09a5-12e4-4ad8-bb84-9bfb388ae799
adbfb728-9a85-4a44-a911-f82ed63b5b35,d7fc8458-8d70-47c6-b4d0-90defac39616,a2d977e8-093e-4bff-a9b9-1022fd45dff4,Forge,,,Harmonic Coloration,,,(Pedal - Germanium Fuzz),Z Vex Fuzz Factory ALT (Tone),,,,,"Guitar,Modeled,Stomp",effects:ee9f09a5-12e4-4ad8-bb84-9bfb388ae799
eab65178-1131-46b1-9e61-202ca79a6ae3,d7fc8458-8d70-47c6-b4d0-90defac39616,,Acoustic Sim,,Original Series - Acoustic,,,,1x12 Acoustic Sim Cab,,,,,,Guitar,effects:ee9f09a5-12e4-4ad8-bb84-9bfb388ae799
167c1231-c903-4ab3-a269-a2b021c78db2,d7fc8458-8d70-47c6-b4d0-90defac39616,,ARE Acoustic,,Original Series - Acoustic,,,,1x12 ARE Acoustic Cab,,,,,,Guitar,effects:ee9f09a5-12e4-4ad8-bb84-9bfb388ae799
0f00618d-9f5f-464a-a442-da29b221edb1,d7fc8458-8d70-47c6-b4d0-90defac39616,,Briton,,Original Series - High-Gain/Distortion,,,,,,,,,,Guitar,effects:ee9f09a5-12e4-4ad8-bb84-9bfb388ae799
376b8d69-c98b-419f-a93e-4805dfa177b5,d7fc8458-8d70-47c6-b4d0-90defac39616,,Custom Boutique,,Spectre Digitial,,,,1x12 Custom Cab,,,,,,Guitar,effects:ee9f09a5-12e4-4ad8-bb84-9bfb388ae799
b3054507-8828-45a5-a8ac-70dcdcc553eb,d7fc8458-8d70-47c6-b4d0-90defac39616,,Custom Clean,,,,,,2x12 Custom Cab,,,,,,Guitar,effects:ee9f09a5-12e4-4ad8-bb84-9bfb388ae799
2ef2b706-a71b-4ebd-825a-1596e4093f9d,d7fc8458-8d70-47c6-b4d0-90defac39616,,Custom HF,,,,,,4x10 Custom Bass Cab,,,,,,"Bass,Modeled",effects:ee9f09a5-12e4-4ad8-bb84-9bfb388ae799
fa882de7-6bef-40df-b3b7-1ef807b92898,d7fc8458-8d70-47c6-b4d0-90defac39616,,Flat Acoustic,,Original Series - Acoustic,,,,1x12 Flat Acoustic Cab,,,,,,Guitar,effects:ee9f09a5-12e4-4ad8-bb84-9bfb388ae799
ea86c73f-28ea-40c8-991d-ab7d7dc8585a,d7fc8458-8d70-47c6-b4d0-90defac39616,,Harmonic Halo,,Original Series - High-Gain/Distortion,,,,4x12 Harmonic Halo Cab,,,,,,Guitar,effects:ee9f09a5-12e4-4ad8-bb84-9bfb388ae799
927674dc-6271-4394-ab4e-33a52e567fed,d7fc8458-8d70-47c6-b4d0-90defac39616,,Lo-Fi Box,,Original Series - Acoustic,,,,2x12 Lo-Fi Box Cab,,,,,,Guitar,effects:ee9f09a5-12e4-4ad8-bb84-9bfb388ae799
ecdebe72-1bb0-473e-9d8c-f525a8c19c80,d7fc8458-8d70-47c6-b4d0-90defac39616,,PG Clean,,Original Series - Low-Gain/Clean,,,,,,,,,,Guitar,effects:ee9f09a5-12e4-4ad8-bb84-9bfb388ae799
3e20b68f-d931-43fe-b917-b0c8963d2abf,d7fc8458-8d70-47c6-b4d0-90defac39616,,PG Crunch,,Original Series - Mid-Gain/Crunch,,,,,,,,,,Guitar,effects:ee9f09a5-12e4-4ad8-bb84-9bfb388ae799
d48dd2c7-6f56-4013-a4c8-9ddfd5dc7aee,d7fc8458-8d70-47c6-b4d0-90defac39616,,Time Modeler,,,Delay,,,(Rack - Omni Delay) PG Original,,,,,,Guitar,effects:ee9f09a5-12e4-4ad8-bb84-9bfb388ae799
48db8172-056d-4c2a-ae67-8c0bcf5e528f,d7fc8458-8d70-47c6-b4d0-90defac39616,,Shhh!,,,Dynamics,,,(Pedal - Noise Gate),,,,,,"Guitar,Stomp",effects:ee9f09a5-12e4-4ad8-bb84-9bfb388ae799
8a6de321-f741-4195-8e86-880988113b8d,d7fc8458-8d70-47c6-b4d0-90defac39616,,DistortionX,,,Harmonic Coloration,,,(Pedal - Classic Distortion),,,,,,"Guitar,Stomp",effects:ee9f09a5-12e4-4ad8-bb84-9bfb388ae799
a934d22e-08f8-4874-aa3c-85550d379da5,d7fc8458-8d70-47c6-b4d0-90defac39616,,Fuzz Modeler,,,Harmonic Coloration,,,(Rack - Advanced Fuzz)  PG Original,,,,,,Guitar,effects:ee9f09a5-12e4-4ad8-bb84-9bfb388ae799
46dc2c73-59ad-4f95-8985-e6e52fb64e5b,d7fc8458-8d70-47c6-b4d0-90defac39616,,Lunar,,,Modulation,,,(Rack - Stereo Chorus),,,,,,,effects:ee9f09a5-12e4-4ad8-bb84-9bfb388ae799
a0aa88e7-16d7-4270-9b97-de5cdeba5e36,d7fc8458-8d70-47c6-b4d0-90defac39616,,Wow,,,Modulation,,,(Rack - Advanced Wah),,,,,,,effects:ee9f09a5-12e4-4ad8-bb84-9bfb388ae799
a4d88d6f-b7ba-4308-9dd5-a003f8107af1,d7fc8458-8d70-47c6-b4d0-90defac39616,,Stratos,,,Pitch Tools,,,(Rack - Harmonizer),,,,,,Guitar,effects:ee9f09a5-12e4-4ad8-bb84-9bfb388ae799
b39fbfaf-8229-4740-b97c-e12eec81edf4,d7fc8458-8d70-47c6-b4d0-90defac39616,,Silver Crest,,,Reverb&Room,,,(Rack - Advanced Reverb),,,,,,,effects:ee9f09a5-12e4-4ad8-bb84-9bfb388ae799
a8025268-6522-4d48-ab78-93db57261941,f772e5f8-1e3c-11f1-a0d3-0072ee78ad39,50ecbd12-b4ab-4351-ab1c-724c9e3fdeb5,Altec 21D,,,Microphone,,,Capitol Chambers 4 and 5 provide historically accurate configs w/ a band limited frequency response,Embedded in Capitol Chambers,,,,,Modeled,effects:4b126937-e479-488a-b0b7-3e5ac9226d0d
10c01523-263b-480e-a625-35942fbcfe85,f772e5f8-1e3c-11f1-a0d3-0072ee78ad39,bddabc83-6975-4b5e-9d09-fd9e25597c11,RCA 44,,,Microphone,,,,Embedded in Capitol Chambers,,,,,Modeled,effects:4b126937-e479-488a-b0b7-3e5ac9226d0d
2fd5720c-2815-40bc-bd2f-46e948c16680,f772e5f8-1e3c-11f1-a0d3-0072ee78ad39,562750de-6f9e-4608-ab86-32c897ea7136,Shure SM80,,,Microphone,,,(current installation at Capitol Chambers since 80s),Embedded in Capitol Chambers,,,,,Modeled,effects:4b126937-e479-488a-b0b7-3e5ac9226d0d
218373b1-4b87-4fb2-8efa-6429a8653222,f772e5f8-1e3c-11f1-a0d3-0072ee78ad39,b0ce4284-0d20-4a3b-b76e-6f7b1ec84ef2,Sony C37A,,,Microphone,,,,Embedded in Capitol Chambers,,,,,Modeled,effects:4b126937-e479-488a-b0b7-3e5ac9226d0d
d684721d-ec32-47e4-b3e1-44c6da510c85,f772e5f8-1e3c-11f1-a0d3-0072ee78ad39,969c3b1d-defa-43c3-a560-79bd0e4cd3a9,1960B 4x12,,,,,,(1978) 4x12 CAB Celestion G12M (55) Blackbacks,Marshall 1960B TOP,,,,,"Guitar,Modeled",effects:0dc2d533-96cd-4d2a-acdf-f623b708534a
7a5dd054-1310-474f-8079-a33fb0caaa31,f772e5f8-1e3c-11f1-a0d3-0072ee78ad39,409a128b-2edc-4c79-bc1b-948dceff36ba,Diezel 4x12,,,,,,4x12 CAB,,,,,,"Guitar,Modeled","effects:0dc2d533-96cd-4d2a-acdf-f623b708534a,effects:6eafefb3-7984-464f-b178-fc893fa95f11"
6524a1b9-ef0e-49c4-a1f3-e81ef29ee904,f772e5f8-1e3c-11f1-a0d3-0072ee78ad39,f272caff-b762-490b-8779-b1f31a184a9b,English 4x12,,,,,,4x12 CAB,,,,,,"Guitar,Modeled","effects:0dc2d533-96cd-4d2a-acdf-f623b708534a,effects:6eafefb3-7984-464f-b178-fc893fa95f11,effects:7ae9a9db-998d-4353-ad90-6d7ec4710508,effects:016fd998-5eb9-413a-ab10-50f4b37de543,effects:f865735b-1495-40fe-9a9d-0eba9d9a3187,effects:f4203416-cf64-4aa5-9ba5-dcc11222f327,effects:492eaeff-8d26-4934-8b57-1ce077bb64e7"
d2f3518d-b8ed-40a0-b5f4-69f64bef6e24,f772e5f8-1e3c-11f1-a0d3-0072ee78ad39,df34cd44-ccaf-4c2e-a21b-9e2ff0b4ea38,Orange 4x12,,,,,,2x12 CAB,Orange PPC212 ALT(Tone),,,,,"Guitar,Modeled","effects:0dc2d533-96cd-4d2a-acdf-f623b708534a,effects:6eafefb3-7984-464f-b178-fc893fa95f11,effects:7ae9a9db-998d-4353-ad90-6d7ec4710508,effects:016fd998-5eb9-413a-ab10-50f4b37de543,effects:f865735b-1495-40fe-9a9d-0eba9d9a3187,effects:f4203416-cf64-4aa5-9ba5-dcc11222f327,effects:492eaeff-8d26-4934-8b57-1ce077bb64e7"
a4f49532-0002-4aa4-81e8-7deb5d6f8d4d,f772e5f8-1e3c-11f1-a0d3-0072ee78ad39,f3324edf-ed08-42d6-81bd-b09b91d99b86,American 4x12,,,,,,4x12 CAB,Mesa/Boogie 4x12 Rectifier Standard Slant TOP,,,,,"Guitar,Modeled","effects:0dc2d533-96cd-4d2a-acdf-f623b708534a,effects:6eafefb3-7984-464f-b178-fc893fa95f11,effects:7ae9a9db-998d-4353-ad90-6d7ec4710508,effects:016fd998-5eb9-413a-ab10-50f4b37de543,effects:f4203416-cf64-4aa5-9ba5-dcc11222f327,effects:492eaeff-8d26-4934-8b57-1ce077bb64e7"
83d74b45-e6d1-428d-aa3b-38ca4c25d06f,f772e5f8-1e3c-11f1-a0d3-0072ee78ad39,0067e1f5-df2e-400a-af9b-301a3177898f,Suhr 4x12,,,,,,4x12 CAB,,,,,,"Guitar,Modeled","effects:0dc2d533-96cd-4d2a-acdf-f623b708534a,effects:6eafefb3-7984-464f-b178-fc893fa95f11,effects:492eaeff-8d26-4934-8b57-1ce077bb64e7"
680b7d3d-84cc-4392-aa7f-2474383cad12,f772e5f8-1e3c-11f1-a0d3-0072ee78ad39,81077865-69ac-472c-9e47-82c0b0f1b8fc,GB25,,,,,,1x12 CAB (Speaker),,,"Celestion ""bark"" w/ smooth, open midrange of ribbon mic. mic'd by Beyerdynamic M160",,,"Guitar,Modeled",effects:79729f89-1321-40fb-af84-4d23a79fbd38
542fc0b2-2ec4-43f5-ad74-96128dced84e,f772e5f8-1e3c-11f1-a0d3-0072ee78ad39,d6888014-2edc-4157-8d80-63731103cce7,S-Verb,,,,,,(1966) 4x10 Fender CTS,Fender '65 Super Reverb TOP,,mic'd w/ AKG C414. Lots of mids. Surf sounds. Lo-Fi,,,"Guitar,Modeled",effects:79729f89-1321-40fb-af84-4d23a79fbd38
e3c5092a-3f67-4a42-811f-b3f8f5564f9c,f772e5f8-1e3c-11f1-a0d3-0072ee78ad39,ba9eded9-0e7c-45b5-afb4-9bed2c1dd71c,JBF120,,,,,,2x12 CAB JBL D120F,Fender '68 Twin Reverb (CAB) TOP,,"mic'd w/ Shure SM57 + Royer R121; clean, low gain. Great for fingerstyle. Forward + sizzly w/ more gain.",,,"Guitar,Modeled",effects:79729f89-1321-40fb-af84-4d23a79fbd38
85736308-bf74-42b1-b86f-1294c0f8cfac,f772e5f8-1e3c-11f1-a0d3-0072ee78ad39,afd538ba-621c-4366-90fe-d5163ac11bdd,Oxford,,,,,,(1965) 1x12 CAB (Speaker),Oxford 12K5-6 ALT (Tone),,mic'd w/ Shure SM57,,,"Guitar,Modeled",effects:79729f89-1321-40fb-af84-4d23a79fbd38
a5258a88-6f68-495a-8400-71aa17a67c83,f772e5f8-1e3c-11f1-a0d3-0072ee78ad39,a68c495d-037c-4568-b59b-9dcd17a3a52c,Boutique D65,,,,,,,,,mic'd w/ Shure SM57 + Royer R121,,,"Guitar,Modeled",effects:79729f89-1321-40fb-af84-4d23a79fbd38
876f9a83-fe06-443f-a15e-af3d0fb1eb10,f772e5f8-1e3c-11f1-a0d3-0072ee78ad39,c6a39df9-1a61-42f6-b429-05f545286017,EV12,,,,,,1x12 CAB,,,Thick + tight bottom end w/ airy top; mic'd w/ AKG C414,,,"Guitar,Modeled","effects:79729f89-1321-40fb-af84-4d23a79fbd38,effects:c53645e6-94da-4b53-9519-bf7309fe4633"
11136fbc-89ee-4b73-ab1f-ef11d688850a,f772e5f8-1e3c-11f1-a0d3-0072ee78ad39,e0eae940-eb8b-4dbd-94aa-b10de0468a15,AKG D112,,,Microphone,,,,Embedded in Eden WT800,,,,,Modeled,effects:a88f2b4d-80b6-43c2-92ed-bc35ca8f3d85
da0ba995-f362-416f-80dc-28764485da1e,f772e5f8-1e3c-11f1-a0d3-0072ee78ad39,713dd1d0-7d86-484d-8c3f-7c4335752eeb,"1x15""",,,,,,1x15 CAB,,,,,,"Bass,Modeled",effects:a88f2b4d-80b6-43c2-92ed-bc35ca8f3d85
11f58712-79df-4b33-a058-a2bee251dd10,f772e5f8-1e3c-11f1-a0d3-0072ee78ad39,de687979-5297-483f-981a-27a22c194897,"4x10""",,,,,,4x10 CAB,Eden D410XLT ALT (Tone),,,,,"Bass,Modeled",effects:a88f2b4d-80b6-43c2-92ed-bc35ca8f3d85
96ae5e88-4ef1-4a8a-81f9-8642447636de,f772e5f8-1e3c-11f1-a0d3-0072ee78ad39,ea997eeb-dbbc-4195-9ab7-ba340575d571,Electro-Voice RE20,,,Microphone,,,,Embedded in Eden WT800,,,,,Modeled,effects:a88f2b4d-80b6-43c2-92ed-bc35ca8f3d85
567cb677-ce7c-4050-85cb-f132cfb7a59e,f772e5f8-1e3c-11f1-a0d3-0072ee78ad39,5594aa1f-e5ae-412e-b2b8-2e4a403eef17,Melodium Type R,,,Microphone,,,,Embedded in Eden WT800,,,,,Modeled,effects:a88f2b4d-80b6-43c2-92ed-bc35ca8f3d85
a7d51a48-cee5-4dc5-9edd-b682d9b11057,f772e5f8-1e3c-11f1-a0d3-0072ee78ad39,82ef1423-3e83-4450-a8c4-8c9839e77443,Neumann U47,,,Microphone,,,,Embedded in Eden WT800,,,,,Modeled,effects:a88f2b4d-80b6-43c2-92ed-bc35ca8f3d85
ff39face-97d1-4f0b-955f-d1a3c90b2f92,f772e5f8-1e3c-11f1-a0d3-0072ee78ad39,0ad2770c-712f-444f-9736-16c6440c2f73,R-121,,,Microphone,,,,Embedded in Eden WT800,,,,,Modeled,effects:a88f2b4d-80b6-43c2-92ed-bc35ca8f3d85
f49e2bd9-c8f9-46cd-815e-9ec53c5b696e,f772e5f8-1e3c-11f1-a0d3-0072ee78ad39,7f9e446d-6ebf-4370-a483-0a9bac0c95fb,Engl PRO 4x12,,,,,,4x12 CAB,Engl E412VGB TOP,,,,,"Guitar,Modeled",effects:7ae9a9db-998d-4353-ad90-6d7ec4710508
e669062e-1c38-4f15-93da-9e340ce3c4b6,f772e5f8-1e3c-11f1-a0d3-0072ee78ad39,10cbd4c9-3cf4-46a1-ba8a-3f4096e82867,Engl Vintage 4x12,,,,,,4x12 CAB,Engl E412VGB TOP,,,,,"Guitar,Modeled",effects:7ae9a9db-998d-4353-ad90-6d7ec4710508
a7744e83-397d-4272-aedf-390254530a0c,f772e5f8-1e3c-11f1-a0d3-0072ee78ad39,9cc04c20-1cd2-4968-9363-ba5ddc38fa07,Engl XXL 4x12,,,,,,4x12 CAB,Engl E412XXL ALT (Tone),,,,,"Guitar,Modeled",effects:7ae9a9db-998d-4353-ad90-6d7ec4710508
5dedc965-a417-43ff-9258-5261758a95eb,f772e5f8-1e3c-11f1-a0d3-0072ee78ad39,11b07f9e-f95f-4b9c-b7f9-fbe6b6fa10df,Rib-160,,,Microphone,,,(1960s) vintage model,Embedded in Fender Tweed,,TIP --> for classic buttery '60s' tone --> set TONE knob to MAX and fatten it up w/ this MIC in the OFF AXIS position.,,,Modeled,effects:caaf891c-e3df-4c87-adf6-725b3677c6ed
29c085e2-21b8-41c9-90f8-88b7eb9a1888,f772e5f8-1e3c-11f1-a0d3-0072ee78ad39,4b9f69ac-efbc-490c-8509-49ef51dd8983,Con-67,,Allen Sides,Microphone,,,(1967) Original vintage model,Embedded in Fender Tweed Deluxe,,,,,Modeled,effects:caaf891c-e3df-4c87-adf6-725b3677c6ed
13bb5538-afdd-427e-875c-0570a0db1eaa,f772e5f8-1e3c-11f1-a0d3-0072ee78ad39,0ad2770c-712f-444f-9736-16c6440c2f73,Rib-121,,,Microphone,,,,Embedded in Fender Tweed Deluxe,,,,,Modeled,effects:caaf891c-e3df-4c87-adf6-725b3677c6ed
60d6a019-0261-4ce9-9797-6dd29be638af,f772e5f8-1e3c-11f1-a0d3-0072ee78ad39,23136b4f-7a6c-4002-91cf-e8eeddbd7886,Dyn-421,,,Microphone,,,,Embedded in Fender Tweed Deluxe,,,,,Modeled,effects:caaf891c-e3df-4c87-adf6-725b3677c6ed
cf46197c-30a5-46df-999b-0f7e53e5f38d,f772e5f8-1e3c-11f1-a0d3-0072ee78ad39,549bb580-b01e-49b8-90ac-406c42939502,Dyn-57,,,Microphone,,,Unidyne III model,Embedded in Fender Tweed Deluxe,,,,,Modeled,effects:caaf891c-e3df-4c87-adf6-725b3677c6ed
88a402d2-97c2-437c-b4c0-b041cf5ff5a0,f772e5f8-1e3c-11f1-a0d3-0072ee78ad39,f37a3eab-40be-4ad8-89ba-f469092c4408,Friedman Dirty Shirley 1x12,,,,,,1x12 CAB,,,,,,"Guitar,Modeled","effects:016fd998-5eb9-413a-ab10-50f4b37de543,effects:f865735b-1495-40fe-9a9d-0eba9d9a3187"
b893ba21-1377-4215-bee5-10e12fc7131f,f772e5f8-1e3c-11f1-a0d3-0072ee78ad39,87669113-f378-4cc0-b87d-a6cbefdae17b,Friedman Vintage 4x12,,,,,,4x12 CAB,Friedman 412 TOP,,,,,"Guitar,Modeled","effects:016fd998-5eb9-413a-ab10-50f4b37de543,effects:f4203416-cf64-4aa5-9ba5-dcc11222f327,effects:492eaeff-8d26-4934-8b57-1ce077bb64e7"
e6b25465-2b43-4478-a65a-bc8838fac12d,f772e5f8-1e3c-11f1-a0d3-0072ee78ad39,a1a5ce7d-2e66-49bd-b856-0bc9025705e6,Fuchs,,,,,,(1980s) Emulation of the Buzz Feiten Vintage 212 Cabinet.,Fuchs Feiten Ultralight 212 TOP,,"Dynamic, clean quick and punchy. Sound of a 4x12 in a 2x12 form factor. Blues, jazz and good for recording.",,,"Guitar,Modeled",effects:f865735b-1495-40fe-9a9d-0eba9d9a3187
44fd9dfa-a6d3-4b6f-9117-4dc1e203d4ae,52ca057c-1c70-4093-81ad-720a2ba3ac60,6d6620b2-787c-4955-8ac3-ad72e640375c,Ribb 84,,,Microphone,,,,Embedded in GTR AMP,,,,,Modeled,effects:6ceab076-9208-4089-9030-85a8afff00a5
a29de80f-6b59-43f2-8434-7981e46673c3,52ca057c-1c70-4093-81ad-720a2ba3ac60,37b9c165-c8d9-4219-9de7-3187b987f2d8,GTR Amp Bass - Mo' Town,,,,,,,B-15N DNU,,,,,"Bass,Modeled",effects:6ceab076-9208-4089-9030-85a8afff00a5
1c2c0dea-fefb-454f-ab5e-4acdc850f8b4,52ca057c-1c70-4093-81ad-720a2ba3ac60,37b9c165-c8d9-4219-9de7-3187b987f2d8,"Bass 15"" Fliptop (Cab)",,,,,,,B-15N DNU,,,,,"Bass,Modeled",effects:6ceab076-9208-4089-9030-85a8afff00a5
58bf264c-0934-4c6a-879b-327b151570df,52ca057c-1c70-4093-81ad-720a2ba3ac60,1663a1a7-fbcf-4b36-9cd9-6032d5cae862,GTR Amp Drive - Cream,,,,,,,,,,,,"Guitar,Modeled",effects:6ceab076-9208-4089-9030-85a8afff00a5
647a9745-269f-4086-a78e-f850819f647b,52ca057c-1c70-4093-81ad-720a2ba3ac60,1663a1a7-fbcf-4b36-9cd9-6032d5cae862,"Acme 12"" OpenBack (Cab)",,,,,,,,,,,,"Guitar,Modeled",effects:6ceab076-9208-4089-9030-85a8afff00a5
24bb4d14-884e-4abc-b028-cba8f0ae64c0,52ca057c-1c70-4093-81ad-720a2ba3ac60,c2156785-d382-45b8-92d7-7c51833ca7de,GTR Amp Bass - SuperTube,,,,,,,Ampeg SVT DNU,,,,,"Bass,Modeled",effects:6ceab076-9208-4089-9030-85a8afff00a5
44b04946-7b38-4701-b1dc-129e7ee5eb05,52ca057c-1c70-4093-81ad-720a2ba3ac60,f95a304d-49b4-4092-a937-c7332b67f1c8,Bass 6x10,,,,,,6x10,Ampeg SVT610HLF DNU,,,,,"Bass,Modeled",effects:6ceab076-9208-4089-9030-85a8afff00a5
f1c56345-2714-4daa-828c-0b6ebcc4c1b2,52ca057c-1c70-4093-81ad-720a2ba3ac60,af62b14e-67c6-4672-a925-11be6495b263,Coil 88,,,Microphone,,,,Embedded in GTR,,,,,Modeled,effects:6ceab076-9208-4089-9030-85a8afff00a5
97993144-03b1-4e62-bb70-d4813e259ace,52ca057c-1c70-4093-81ad-720a2ba3ac60,ee9d0cd3-2467-4d96-a412-c7fc0b339063,Cond VM1,,,Microphone,,,,Embedded in GTR,,,,,Modeled,effects:6ceab076-9208-4089-9030-85a8afff00a5
9c8bdce4-7858-44f3-a065-0741846e76e0,52ca057c-1c70-4093-81ad-720a2ba3ac60,358e80ad-f9f0-43b8-8f10-991c358b1580,GTR Amp Neil Citron - Legatron Clean / Crunch,,,,,,"2 Channels (Clean, Crunch)",,,,,,"Guitar,Modeled",effects:6ceab076-9208-4089-9030-85a8afff00a5
1ecf37cc-6cc6-43a2-9c58-17b5e81ac261,52ca057c-1c70-4093-81ad-720a2ba3ac60,"1f83bb21-3d74-4e88-a6c2-541ba3716e85,365a385f-5a59-441e-b221-d350ab4996b3",GTR Amp Bass - Directube,,,,,,,,,,,,"Bass,Modeled",effects:6ceab076-9208-4089-9030-85a8afff00a5
30bde332-aef1-4241-bc3e-58f62e19549c,52ca057c-1c70-4093-81ad-720a2ba3ac60,743dea1a-f9b3-4e6e-b41b-9380a5a2f1f9,"Bass E15 15"" + (4x10)""",,,,,,,,,,,,"Bass,Modeled",effects:6ceab076-9208-4089-9030-85a8afff00a5
17c4b586-ab59-487c-94cc-352c359dc384,52ca057c-1c70-4093-81ad-720a2ba3ac60,e73d0594-f11b-4837-ae6b-0b0f38d59324,GTR Amp Bass - Thunder,,,,,,,Eden WT800 ALT (Tone),,,,,"Bass,Modeled",effects:6ceab076-9208-4089-9030-85a8afff00a5
386967ee-8ba2-4b18-834d-255661806e01,52ca057c-1c70-4093-81ad-720a2ba3ac60,ea997eeb-dbbc-4195-9ab7-ba340575d571,Dyn,,,Microphone,,,,Embedded in GTR,,,,,Modeled,effects:6ceab076-9208-4089-9030-85a8afff00a5
81aad4d7-5487-453f-ae88-f9697f705066,52ca057c-1c70-4093-81ad-720a2ba3ac60,ea997eeb-dbbc-4195-9ab7-ba340575d571,Dyn RE20,,,Microphone,,,,Embedded in GTR,,,,,Modeled,effects:6ceab076-9208-4089-9030-85a8afff00a5
7187e45b-3b2b-4059-a7e8-5d14db8ec9a7,52ca057c-1c70-4093-81ad-720a2ba3ac60,21e84016-868e-4318-9fb5-ada98969338a,Acme 2x10 OpenBack,,,,,,2x10 Openback Eminence Copperhead,Fender '65 Vibrolux Reverb ALT (Tone),,,,,"Guitar,Modeled",effects:6ceab076-9208-4089-9030-85a8afff00a5
d53eaa77-6dd7-499f-9454-294473c002e3,52ca057c-1c70-4093-81ad-720a2ba3ac60,e055bd8e-4eae-4343-8bbb-19603cddfe7a,"Bass 15""",,,,,,,,,,,,"Bass,Modeled",effects:6ceab076-9208-4089-9030-85a8afff00a5
3a27c462-39b9-4cfa-9ca7-b4e9cbae6456,52ca057c-1c70-4093-81ad-720a2ba3ac60,67c24bb5-c992-4b1c-8185-8173ca123b07,"15"" ClosedBack",,,,,,,Fender Showman ALT (Tone),,,,,"Guitar,Modeled",effects:6ceab076-9208-4089-9030-85a8afff00a5
825d6cf1-cf0c-4c53-991c-6eab8fbcd73f,52ca057c-1c70-4093-81ad-720a2ba3ac60,aa588b88-05f3-491c-9157-262b921c3011,Acme 4x12 Cab,,,,,,4x12 CAB,Hiwatt 4123F ALT (Tone),,,,,"Guitar,Modeled",effects:6ceab076-9208-4089-9030-85a8afff00a5
4017e253-7da4-4c74-adda-abd9cb744903,52ca057c-1c70-4093-81ad-720a2ba3ac60,4034fc13-3e2e-4f0b-b482-f0ad23a1301f,GTR Amp Neil Citron - Thermitron Clean / Crunch,,,,,,"2 Channels (Clean, Crunch)",,,,,,"Guitar,Modeled",effects:6ceab076-9208-4089-9030-85a8afff00a5
9f9b5c89-b989-4b28-9381-7615243aa2f9,52ca057c-1c70-4093-81ad-720a2ba3ac60,a23cdbdd-46e7-46ff-8f06-fc6447beccc7,GTR Amp High Gain - Hot,,,,,,,,,,,,"Guitar,Modeled",effects:6ceab076-9208-4089-9030-85a8afff00a5
12201823-0114-4d91-b8cf-69b3670f2371,52ca057c-1c70-4093-81ad-720a2ba3ac60,4cd5dee8-35c3-40ba-94f2-a5be9da2dc33,Cond GR,,,Microphone,,,,Embedded in GTR,,,,,Modeled,effects:6ceab076-9208-4089-9030-85a8afff00a5
f0b55ded-9e75-459a-8a44-c381da1ec867,52ca057c-1c70-4093-81ad-720a2ba3ac60,4e6d9491-ede6-4b91-a696-c8975907b9b2,GTR Amp Neil Citron - Plexitron Lite / Crunch,,,,,,2 Channels,Marshall 1959 SLP DNU,,,,,"Guitar,Modeled",effects:6ceab076-9208-4089-9030-85a8afff00a5
74da16df-ee77-4ca3-84e6-d5073fd14a04,52ca057c-1c70-4093-81ad-720a2ba3ac60,44fcde4f-154b-43a0-90bb-8bf3df7c5018,Bass M1516,,,,,,,,,,,,"Bass,Modeled",effects:6ceab076-9208-4089-9030-85a8afff00a5
719a92c9-d295-4963-a625-f87e47597bd1,52ca057c-1c70-4093-81ad-720a2ba3ac60,a169e774-a54b-4928-bdff-0f07424a70e6,GTR Amp Bass - OverBass,,,,,,,Mesa/Boogie Bass 400+ ALT (Tone),,,,,"Bass,Modeled",effects:6ceab076-9208-4089-9030-85a8afff00a5
b3280041-cf2a-4874-8c41-7de70825de6d,52ca057c-1c70-4093-81ad-720a2ba3ac60,b9a1d9c3-3cfc-4d49-8712-dd5711c9b1db,GTR Amp High Gain - Modern,,,,,,,Mesa/Boogie Dual Rectifier DNU,,,,,"Guitar,Modeled",effects:6ceab076-9208-4089-9030-85a8afff00a5
425092c5-fa5a-43e6-b7d7-22139ddd3ab0,52ca057c-1c70-4093-81ad-720a2ba3ac60,851fbdce-1ba8-480f-bc5a-5911742f3072,Cond 87,,,Microphone,,,,Embedded in GTR,,,,,Modeled,effects:6ceab076-9208-4089-9030-85a8afff00a5
c1e8e46f-f168-4c38-8b5b-5eeb3b272719,52ca057c-1c70-4093-81ad-720a2ba3ac60,b287b35d-ee85-4976-88df-d43f6040220c,4x12 Britt,,,,,,4x12 CAB,Orange PPC412 ALT(Tone),,,,,"Guitar,Modeled",effects:6ceab076-9208-4089-9030-85a8afff00a5
98d6acd6-3b32-424a-bc0a-cc4348343254,52ca057c-1c70-4093-81ad-720a2ba3ac60,bddabc83-6975-4b5e-9d09-fd9e25597c11,Ribb 44,,,Microphone,,,,Embedded in GTR Amp,,,,,Modeled,effects:6ceab076-9208-4089-9030-85a8afff00a5
8ac4875e-bb84-4ed9-bde0-a275055fbca7,52ca057c-1c70-4093-81ad-720a2ba3ac60,c163416c-af62-496b-aabe-78b83c059c32,Ribb 122,,,Microphone,,,,Embedded in GTR AMP,,,,,Modeled,effects:6ceab076-9208-4089-9030-85a8afff00a5
7059912e-c4ae-4503-aee6-ab2638b868a9,52ca057c-1c70-4093-81ad-720a2ba3ac60,4afdfe93-045a-4402-8b31-9200f9f6431d,GTR Amp Bass - Activator,,,Preamp,,,,,,,,,"Bass,Modeled",effects:6ceab076-9208-4089-9030-85a8afff00a5
d9402dbf-36be-4b9a-860e-1be3343b1ecc,52ca057c-1c70-4093-81ad-720a2ba3ac60,3a7be804-7dd6-4253-ac46-36876fe65e81,Dyn 409,,,Microphone,,,,Embedded in GTR,,,,,Modeled,effects:6ceab076-9208-4089-9030-85a8afff00a5
e5aa4998-2a9d-4036-9913-e90101ac8dd4,52ca057c-1c70-4093-81ad-720a2ba3ac60,91e0932a-d76d-4e6f-a096-4afdceecb341,Dyn 421,,,Microphone,,,,Embedded in GTR,,,,,Modeled,effects:6ceab076-9208-4089-9030-85a8afff00a5
4dd797f9-8371-406a-998e-ae9521e81dc5,52ca057c-1c70-4093-81ad-720a2ba3ac60,549bb580-b01e-49b8-90ac-406c42939502,Dyn 57,,,Microphone,,,,Embedded in GTR,,,,,Modeled,effects:6ceab076-9208-4089-9030-85a8afff00a5
416660fb-1576-4ee7-9e22-15b5dd045c09,52ca057c-1c70-4093-81ad-720a2ba3ac60,5c50a3f3-c5d0-4f26-8372-8b9a89bc6d58,Acme Case Speaker,,,,,,1x8 CAB Jensen C8R,,,,,,"Guitar,Modeled",effects:6ceab076-9208-4089-9030-85a8afff00a5
8e2ac35d-36a0-4a5d-9670-38b429ce3202,52ca057c-1c70-4093-81ad-720a2ba3ac60,,4x12 Inferno,,,,,,4x12 CAB,,,,,,Guitar,effects:6ceab076-9208-4089-9030-85a8afff00a5
fe683e33-681b-4692-95ca-02ce36f20e55,52ca057c-1c70-4093-81ad-720a2ba3ac60,,GTR Amp Clean - Direct,,,,,,"full frequency, transparent tone",,,,,,Guitar,effects:6ceab076-9208-4089-9030-85a8afff00a5
e6b6a7b1-4e76-48d3-ba4f-bbe52e2a9001,52ca057c-1c70-4093-81ad-720a2ba3ac60,,GTR Amp Clean - Punchy,,,,,,inspired by a 100W Marshall head,,,,,,Guitar,effects:6ceab076-9208-4089-9030-85a8afff00a5
33d62aa0-e5eb-4c28-a73e-08a2e6754656,52ca057c-1c70-4093-81ad-720a2ba3ac60,,GTR Amp Clean - Warm,,,,,,inspired by a boutique amp from Paul Reed Smith's private collection,,,,,,Guitar,effects:6ceab076-9208-4089-9030-85a8afff00a5
cbccca56-3bee-4fe0-85ba-a7903aa8698e,52ca057c-1c70-4093-81ad-720a2ba3ac60,,GTR Amp Drive - Scream,,,,,,inspired by a boutique amp from Paul Reed Smith's private collection,,,,,,Guitar,effects:6ceab076-9208-4089-9030-85a8afff00a5
f01e1f85-b177-4e7e-a952-9ca9b82a5e3d,52ca057c-1c70-4093-81ad-720a2ba3ac60,,GTR Amp High Gain - Inferno,,,,,,Waves virtual model w/ super-high distortion and extremely fast cleanup,,,,,,Guitar,effects:6ceab076-9208-4089-9030-85a8afff00a5
4b13d37c-a228-42a7-9be7-2a2e893a48fb,52ca057c-1c70-4093-81ad-720a2ba3ac60,,GTR Amp High Gain - Monster,,,,,,inspired by a 100W Marshall head,,,,,,Guitar,effects:6ceab076-9208-4089-9030-85a8afff00a5
f8590319-f2ba-4420-b741-e761b86eb180,52ca057c-1c70-4093-81ad-720a2ba3ac60,,GTR Amp High Gain - Supernatural,,,,,,inspired by a boutique amp from Paul Reed Smith's private collection,,,,,,Guitar,effects:6ceab076-9208-4089-9030-85a8afff00a5
806395d0-52ee-468e-abfc-71641c44a0cb,52ca057c-1c70-4093-81ad-720a2ba3ac60,5f726c28-98c1-4da5-a359-81b579c10a01,Bass 8x10 Pro,,,,,,8x10,Ampeg SVT610HLF DNU,,,,,"Bass,Modeled","effects:6ceab076-9208-4089-9030-85a8afff00a5,effects:6bb677a6-3e28-4123-b01a-4a13a6b2e27c,effects:23b28729-9060-4a49-86f1-d1d57e568dcf"
1aa5d452-15a6-483a-a36c-c8419b6123e3,52ca057c-1c70-4093-81ad-720a2ba3ac60,ec50ba25-c961-4631-aff1-085b7457d4bf,GTR Amp Clean - Clean,,,,,,,Fender ’59 Bassman DNU,,,,,"Guitar,Modeled","effects:6ceab076-9208-4089-9030-85a8afff00a5,effects:6bb677a6-3e28-4123-b01a-4a13a6b2e27c,effects:23b28729-9060-4a49-86f1-d1d57e568dcf"
eed0af6d-5980-4128-844b-69d315ad0555,52ca057c-1c70-4093-81ad-720a2ba3ac60,d6888014-2edc-4157-8d80-63731103cce7,4x10 Openback,,,,,,4x10 CAB Fender CTS,Fender '65 Super Reverb (CAB) DNU,,,,,"Guitar,Modeled","effects:6ceab076-9208-4089-9030-85a8afff00a5,effects:6bb677a6-3e28-4123-b01a-4a13a6b2e27c,effects:23b28729-9060-4a49-86f1-d1d57e568dcf"
fe7b7a13-a107-4163-8aab-9f5620ad488f,52ca057c-1c70-4093-81ad-720a2ba3ac60,d6888014-2edc-4157-8d80-63731103cce7,GTR Amp Drive - Drive,,,,,,,Fender '65 Super Reverb DNU,,,,,"Guitar,Modeled","effects:6ceab076-9208-4089-9030-85a8afff00a5,effects:6bb677a6-3e28-4123-b01a-4a13a6b2e27c,effects:23b28729-9060-4a49-86f1-d1d57e568dcf"
8825c56e-0365-4e21-850a-56722fcf7cce,52ca057c-1c70-4093-81ad-720a2ba3ac60,250c22a1-3686-48df-9684-8cfb974966a0,"Acme 8"" OpenBack",,,,,,1x8 Jensen C8R,,,,,,"Guitar,Modeled","effects:6ceab076-9208-4089-9030-85a8afff00a5,effects:6bb677a6-3e28-4123-b01a-4a13a6b2e27c,effects:23b28729-9060-4a49-86f1-d1d57e568dcf"
7ab6e052-9824-4d77-a24d-3835885c0639,52ca057c-1c70-4093-81ad-720a2ba3ac60,250c22a1-3686-48df-9684-8cfb974966a0,GTR Amp Clean - Sweet,,,,,,(1968),,,,,,"Guitar,Modeled","effects:6ceab076-9208-4089-9030-85a8afff00a5,effects:6bb677a6-3e28-4123-b01a-4a13a6b2e27c,effects:23b28729-9060-4a49-86f1-d1d57e568dcf"
d598e576-3172-4149-b879-d936e3660cb3,52ca057c-1c70-4093-81ad-720a2ba3ac60,cbe8fe3b-f769-4111-86ab-71cb681ae99c,GTR Amp Bass - SolidState,,,,,,,,,,,,"Bass,Modeled","effects:6ceab076-9208-4089-9030-85a8afff00a5,effects:6bb677a6-3e28-4123-b01a-4a13a6b2e27c,effects:23b28729-9060-4a49-86f1-d1d57e568dcf"
c626d2b0-dbf5-4365-97aa-d2b872a45280,52ca057c-1c70-4093-81ad-720a2ba3ac60,cec2a98b-438e-4cf8-9b6a-e61e74a53b21,2x12 Closedback,,,,,,2x12 CAB closed back Celestion G12M Greenbacks,Marshall 1936 ALT (Tone),,,,,"Guitar,Modeled","effects:6ceab076-9208-4089-9030-85a8afff00a5,effects:6bb677a6-3e28-4123-b01a-4a13a6b2e27c,effects:23b28729-9060-4a49-86f1-d1d57e568dcf"
f9e5bd83-cdfb-4600-af18-d61d26e072d2,52ca057c-1c70-4093-81ad-720a2ba3ac60,9e0e9905-632b-4894-bb94-a3338e4fb1c4,4x12 Standard,,,,,,4x12 CAB,Marshall 1960A DNU,,,,,"Guitar,Modeled","effects:6ceab076-9208-4089-9030-85a8afff00a5,effects:6bb677a6-3e28-4123-b01a-4a13a6b2e27c,effects:23b28729-9060-4a49-86f1-d1d57e568dcf"
b096e89f-4d26-4140-9d57-ca1eb09e5b0b,52ca057c-1c70-4093-81ad-720a2ba3ac60,250a2c8a-1b2b-4c89-aaae-a935efc12b62,4x12 Vintage,,,,,,4x12 CAB,Marshall 1960AX ALT (Tone),,,,,"Guitar,Modeled","effects:6ceab076-9208-4089-9030-85a8afff00a5,effects:6bb677a6-3e28-4123-b01a-4a13a6b2e27c,effects:23b28729-9060-4a49-86f1-d1d57e568dcf"
82c3c0a3-8d43-4fa6-baf2-2f3c2caff258,52ca057c-1c70-4093-81ad-720a2ba3ac60,78623742-ca56-452e-9a93-471c8f14ef7b,GTR Amp Drive - Overdrive,,,,,,,Marshall JMP 2203  DNU,,,,,"Guitar,Modeled","effects:6ceab076-9208-4089-9030-85a8afff00a5,effects:6bb677a6-3e28-4123-b01a-4a13a6b2e27c,effects:23b28729-9060-4a49-86f1-d1d57e568dcf"
94a837a8-0e9b-449e-90eb-76fa940aca7a,52ca057c-1c70-4093-81ad-720a2ba3ac60,0e461f6d-ace1-47e7-8f90-8df5cbda3a41,GTR Amp High Gain - Crush / PRS Crush,,,,,,modded,,,,,,"Guitar,Modeled","effects:6ceab076-9208-4089-9030-85a8afff00a5,effects:6bb677a6-3e28-4123-b01a-4a13a6b2e27c,effects:23b28729-9060-4a49-86f1-d1d57e568dcf"
87410355-d586-41a8-81c9-beeb1fecd9f0,52ca057c-1c70-4093-81ad-720a2ba3ac60,8d1d744f-9f66-4828-9aa5-aca45ff3f109,GTR Amp High Gain - Shredder,,,,,,,Marshall JMP-1 ALT (Tone),,,,,"Guitar,Modeled","effects:6ceab076-9208-4089-9030-85a8afff00a5,effects:6bb677a6-3e28-4123-b01a-4a13a6b2e27c,effects:23b28729-9060-4a49-86f1-d1d57e568dcf"
aec6e9b3-e903-44ab-bfe8-e47b69f14d94,52ca057c-1c70-4093-81ad-720a2ba3ac60,37566920-30cf-4b63-a2e3-549fb4b7e7f6,"12"" OpenBack",,,,,,1x12 CAB Electro-Voice EVM12L,,,,,,"Guitar,Modeled","effects:6ceab076-9208-4089-9030-85a8afff00a5,effects:6bb677a6-3e28-4123-b01a-4a13a6b2e27c,effects:23b28729-9060-4a49-86f1-d1d57e568dcf"
64a62055-a569-4701-b84f-ca18bad1dfaa,52ca057c-1c70-4093-81ad-720a2ba3ac60,50d88147-f141-4cac-be05-055cccb0ed32,GTR Amp Drive - Edgy,,,,,,TB-2 (1980),,,,,,"Guitar,Modeled","effects:6ceab076-9208-4089-9030-85a8afff00a5,effects:6bb677a6-3e28-4123-b01a-4a13a6b2e27c,effects:23b28729-9060-4a49-86f1-d1d57e568dcf"
ea271e58-9936-467d-9944-f3ee0c5aa876,52ca057c-1c70-4093-81ad-720a2ba3ac60,50d88147-f141-4cac-be05-055cccb0ed32,2x12 OpenBack,,,,,,2x12 CAB,Vox AC30 (CAB) DNU,,,,,"Guitar,Modeled","effects:6ceab076-9208-4089-9030-85a8afff00a5,effects:6bb677a6-3e28-4123-b01a-4a13a6b2e27c,effects:23b28729-9060-4a49-86f1-d1d57e568dcf"
790b9a66-ab36-4d0b-a22b-4e369cd65edf,52ca057c-1c70-4093-81ad-720a2ba3ac60,50d88147-f141-4cac-be05-055cccb0ed32,Acme 2x12 Cabinet / Vintage,,,,,,(1962) 2x12 CAB,Vox AC30 (CAB) DNU,,,,,"Guitar,Modeled","effects:6ceab076-9208-4089-9030-85a8afff00a5,effects:6bb677a6-3e28-4123-b01a-4a13a6b2e27c,effects:23b28729-9060-4a49-86f1-d1d57e568dcf"
1bcecf4b-5a6e-45e5-891d-7569c6ea203e,52ca057c-1c70-4093-81ad-720a2ba3ac60,,"Acme 12"" custom",,,,,,1x12 CAB (Custom cab designed by Ted Jensen of Sterling Sound),,,,,,Guitar,"effects:6ceab076-9208-4089-9030-85a8afff00a5,effects:6bb677a6-3e28-4123-b01a-4a13a6b2e27c,effects:23b28729-9060-4a49-86f1-d1d57e568dcf"
96fd44f2-0997-4830-8e53-bd19c97a7bcd,52ca057c-1c70-4093-81ad-720a2ba3ac60,,GTR Amp High Gain - Crunch,,Paul Reed Smith,,,,inspired by a custom Garcia from Paul Reed Smith's private collection,,,,,,Guitar,"effects:6ceab076-9208-4089-9030-85a8afff00a5,effects:6bb677a6-3e28-4123-b01a-4a13a6b2e27c,effects:23b28729-9060-4a49-86f1-d1d57e568dcf"
8aed8dc8-f42d-4ded-8c1c-90f0ec288f3d,52ca057c-1c70-4093-81ad-720a2ba3ac60,,GTR Amp High Gain - Scorch / PRS Scorch,,Paul Reed Smith,,,,inspired by a boutique amp from Paul Reed Smith's private collection,,,,,,Guitar,"effects:6ceab076-9208-4089-9030-85a8afff00a5,effects:6bb677a6-3e28-4123-b01a-4a13a6b2e27c,effects:23b28729-9060-4a49-86f1-d1d57e568dcf"
e1cbe165-0569-4345-9abf-9a9c16f5e0af,52ca057c-1c70-4093-81ad-720a2ba3ac60,,GTR Lay-D,,,"Delay,Pitch Tools",,,,,,,,,"Guitar,Stomp","effects:9f6fcb54-f910-4610-9bd8-e3b5bef5aacb,effects:2e982da0-38f9-429f-80e0-260464baf158,effects:d48b0a84-b7bf-4bd4-ab4f-d712893f8197"
45e19f3a-98cc-4ee0-9585-abab83d30b38,52ca057c-1c70-4093-81ad-720a2ba3ac60,,GTR AxxPress,,,Dynamics,,,,,,,,,"Guitar,Stomp","effects:9f6fcb54-f910-4610-9bd8-e3b5bef5aacb,effects:2e982da0-38f9-429f-80e0-260464baf158,effects:d48b0a84-b7bf-4bd4-ab4f-d712893f8197"
b247fb42-61d1-4eb1-a8af-c2fdcf68703c,52ca057c-1c70-4093-81ad-720a2ba3ac60,,GTR Compressor,,,Dynamics,,,,,,,,,"Guitar,Stomp","effects:9f6fcb54-f910-4610-9bd8-e3b5bef5aacb,effects:2e982da0-38f9-429f-80e0-260464baf158,effects:d48b0a84-b7bf-4bd4-ab4f-d712893f8197"
b54b1dc0-7b09-4894-9a8a-b035fbe4baa9,52ca057c-1c70-4093-81ad-720a2ba3ac60,,GTR Gate,,,Dynamics,,,,,,,,,"Guitar,Stomp","effects:9f6fcb54-f910-4610-9bd8-e3b5bef5aacb,effects:2e982da0-38f9-429f-80e0-260464baf158,effects:d48b0a84-b7bf-4bd4-ab4f-d712893f8197"
c42191f5-b13b-4b13-86b4-249ecbdcdd9e,52ca057c-1c70-4093-81ad-720a2ba3ac60,,GTR Panner,,,Dynamics,,,,,,,,,"Guitar,Stomp","effects:9f6fcb54-f910-4610-9bd8-e3b5bef5aacb,effects:2e982da0-38f9-429f-80e0-260464baf158,effects:d48b0a84-b7bf-4bd4-ab4f-d712893f8197"
3a75bf31-9cc7-48e2-9bfd-2be1c23cd254,52ca057c-1c70-4093-81ad-720a2ba3ac60,,GTR Tone,,,EQ,,,,,,,,,"Guitar,Stomp","effects:9f6fcb54-f910-4610-9bd8-e3b5bef5aacb,effects:2e982da0-38f9-429f-80e0-260464baf158,effects:d48b0a84-b7bf-4bd4-ab4f-d712893f8197"
c6bf6f88-b6f5-4a86-901f-45e2bdb89355,52ca057c-1c70-4093-81ad-720a2ba3ac60,,GTR Buzz,,,Harmonic Coloration,,,,,,,,,"Guitar,Stomp","effects:9f6fcb54-f910-4610-9bd8-e3b5bef5aacb,effects:2e982da0-38f9-429f-80e0-260464baf158,effects:d48b0a84-b7bf-4bd4-ab4f-d712893f8197"
e89bdfb6-3a5a-433c-9f8f-48927bf5a990,52ca057c-1c70-4093-81ad-720a2ba3ac60,,GTR Fuzz,,,Harmonic Coloration,,,,,,,,,"Guitar,Stomp","effects:9f6fcb54-f910-4610-9bd8-e3b5bef5aacb,effects:2e982da0-38f9-429f-80e0-260464baf158,effects:d48b0a84-b7bf-4bd4-ab4f-d712893f8197"
033bc9c4-9473-44fe-9476-0d955f1c1795,52ca057c-1c70-4093-81ad-720a2ba3ac60,,GTR Metal,,,Harmonic Coloration,,,,,,,,,"Guitar,Stomp","effects:9f6fcb54-f910-4610-9bd8-e3b5bef5aacb,effects:2e982da0-38f9-429f-80e0-260464baf158,effects:d48b0a84-b7bf-4bd4-ab4f-d712893f8197"
c505fb8b-3f43-416d-aa77-7388ec0a9214,52ca057c-1c70-4093-81ad-720a2ba3ac60,,GTR Doubler,,,Modulation,,,,,,,,,"Guitar,Stomp","effects:9f6fcb54-f910-4610-9bd8-e3b5bef5aacb,effects:2e982da0-38f9-429f-80e0-260464baf158,effects:d48b0a84-b7bf-4bd4-ab4f-d712893f8197"
1039ec31-5aec-45ab-be57-b0e272425b09,52ca057c-1c70-4093-81ad-720a2ba3ac60,,GTR Octaver,,,Modulation,,,,,,,,,"Guitar,Stomp","effects:9f6fcb54-f910-4610-9bd8-e3b5bef5aacb,effects:2e982da0-38f9-429f-80e0-260464baf158,effects:d48b0a84-b7bf-4bd4-ab4f-d712893f8197"
d8af50a1-0f1e-44b7-ad8b-14b78da811e6,52ca057c-1c70-4093-81ad-720a2ba3ac60,,GTR Bass Pitcher,,,Pitch Tools,,,,,,,,,"Guitar,Stomp","effects:9f6fcb54-f910-4610-9bd8-e3b5bef5aacb,effects:2e982da0-38f9-429f-80e0-260464baf158,effects:d48b0a84-b7bf-4bd4-ab4f-d712893f8197"
c13cd0b1-2867-48ff-bb78-a3416a95d0ce,52ca057c-1c70-4093-81ad-720a2ba3ac60,,GTR Reverb,,,Reverb&Room,,,,,,,,,"Guitar,Stomp","effects:9f6fcb54-f910-4610-9bd8-e3b5bef5aacb,effects:2e982da0-38f9-429f-80e0-260464baf158,effects:d48b0a84-b7bf-4bd4-ab4f-d712893f8197"
6ff10ffb-caf7-4b79-a907-f9a5c0923d8b,52ca057c-1c70-4093-81ad-720a2ba3ac60,,GTR Delay,,,Delay,,,,,,,,,"Guitar,Stomp","effects:6bb677a6-3e28-4123-b01a-4a13a6b2e27c,effects:23b28729-9060-4a49-86f1-d1d57e568dcf,effects:9f6fcb54-f910-4610-9bd8-e3b5bef5aacb,effects:2e982da0-38f9-429f-80e0-260464baf158,effects:d48b0a84-b7bf-4bd4-ab4f-d712893f8197"
942549f6-1aa5-444e-8082-ed36e9664af4,52ca057c-1c70-4093-81ad-720a2ba3ac60,,GTR Gate / Comp,,,Dynamics,,,,,,,,,"Guitar,Stomp","effects:6bb677a6-3e28-4123-b01a-4a13a6b2e27c,effects:23b28729-9060-4a49-86f1-d1d57e568dcf,effects:9f6fcb54-f910-4610-9bd8-e3b5bef5aacb,effects:2e982da0-38f9-429f-80e0-260464baf158,effects:d48b0a84-b7bf-4bd4-ab4f-d712893f8197"
292aaaf2-238b-49f6-8f5e-28dedba234a3,52ca057c-1c70-4093-81ad-720a2ba3ac60,,GTR Volume,,,Dynamics,,,,,,,,,"Guitar,Stomp","effects:6bb677a6-3e28-4123-b01a-4a13a6b2e27c,effects:23b28729-9060-4a49-86f1-d1d57e568dcf,effects:9f6fcb54-f910-4610-9bd8-e3b5bef5aacb,effects:2e982da0-38f9-429f-80e0-260464baf158,effects:d48b0a84-b7bf-4bd4-ab4f-d712893f8197"
4cc35329-2320-4a4f-8b58-9414d43c2508,52ca057c-1c70-4093-81ad-720a2ba3ac60,,GTR EQ,,,EQ,,,,,,,,,"Guitar,Stomp","effects:6bb677a6-3e28-4123-b01a-4a13a6b2e27c,effects:23b28729-9060-4a49-86f1-d1d57e568dcf,effects:9f6fcb54-f910-4610-9bd8-e3b5bef5aacb,effects:2e982da0-38f9-429f-80e0-260464baf158,effects:d48b0a84-b7bf-4bd4-ab4f-d712893f8197"
60556ee2-b72f-4351-a875-d047a2d40775,52ca057c-1c70-4093-81ad-720a2ba3ac60,,GTR Distortion,,,Harmonic Coloration,,,,,,,,,"Guitar,Stomp","effects:6bb677a6-3e28-4123-b01a-4a13a6b2e27c,effects:23b28729-9060-4a49-86f1-d1d57e568dcf,effects:9f6fcb54-f910-4610-9bd8-e3b5bef5aacb,effects:2e982da0-38f9-429f-80e0-260464baf158,effects:d48b0a84-b7bf-4bd4-ab4f-d712893f8197"
92a6a0a2-e7ad-47ad-b825-7f60a0a920a0,52ca057c-1c70-4093-81ad-720a2ba3ac60,,GTR Overdrive,,,Harmonic Coloration,,,,,,,,,"Guitar,Stomp","effects:6bb677a6-3e28-4123-b01a-4a13a6b2e27c,effects:23b28729-9060-4a49-86f1-d1d57e568dcf,effects:9f6fcb54-f910-4610-9bd8-e3b5bef5aacb,effects:2e982da0-38f9-429f-80e0-260464baf158,effects:d48b0a84-b7bf-4bd4-ab4f-d712893f8197"
9e411d28-e93d-4449-a77f-539720e9e6f9,52ca057c-1c70-4093-81ad-720a2ba3ac60,,GTR Chorus,,,Modulation,,,,,,,,,"Guitar,Stomp","effects:6bb677a6-3e28-4123-b01a-4a13a6b2e27c,effects:23b28729-9060-4a49-86f1-d1d57e568dcf,effects:9f6fcb54-f910-4610-9bd8-e3b5bef5aacb,effects:2e982da0-38f9-429f-80e0-260464baf158,effects:d48b0a84-b7bf-4bd4-ab4f-d712893f8197"
bbd57fd2-33aa-4a1a-b589-1bc5d4265703,52ca057c-1c70-4093-81ad-720a2ba3ac60,,GTR Flanger,,,Modulation,,,,,,,,,"Guitar,Stomp","effects:6bb677a6-3e28-4123-b01a-4a13a6b2e27c,effects:23b28729-9060-4a49-86f1-d1d57e568dcf,effects:9f6fcb54-f910-4610-9bd8-e3b5bef5aacb,effects:2e982da0-38f9-429f-80e0-260464baf158,effects:d48b0a84-b7bf-4bd4-ab4f-d712893f8197"
d60093d4-e36e-4c22-901c-a4b2298750d5,52ca057c-1c70-4093-81ad-720a2ba3ac60,,GTR Phaser,,,Modulation,,,,,,,,,"Guitar,Stomp","effects:6bb677a6-3e28-4123-b01a-4a13a6b2e27c,effects:23b28729-9060-4a49-86f1-d1d57e568dcf,effects:9f6fcb54-f910-4610-9bd8-e3b5bef5aacb,effects:2e982da0-38f9-429f-80e0-260464baf158,effects:d48b0a84-b7bf-4bd4-ab4f-d712893f8197"
b0c22a46-2816-41d0-b2e1-c610d38caf2c,52ca057c-1c70-4093-81ad-720a2ba3ac60,,GTR Vibrolo,,,Modulation,,,,,,,,,"Guitar,Stomp","effects:6bb677a6-3e28-4123-b01a-4a13a6b2e27c,effects:23b28729-9060-4a49-86f1-d1d57e568dcf,effects:9f6fcb54-f910-4610-9bd8-e3b5bef5aacb,effects:2e982da0-38f9-429f-80e0-260464baf158,effects:d48b0a84-b7bf-4bd4-ab4f-d712893f8197"
7ff92bee-3448-4cdd-ab62-943d56db1607,52ca057c-1c70-4093-81ad-720a2ba3ac60,,GTR WahWah,,,Modulation,,,,,,,,,"Guitar,Stomp","effects:6bb677a6-3e28-4123-b01a-4a13a6b2e27c,effects:23b28729-9060-4a49-86f1-d1d57e568dcf,effects:9f6fcb54-f910-4610-9bd8-e3b5bef5aacb,effects:2e982da0-38f9-429f-80e0-260464baf158,effects:d48b0a84-b7bf-4bd4-ab4f-d712893f8197"
a7e70194-340c-4057-a01d-acb3c262b234,52ca057c-1c70-4093-81ad-720a2ba3ac60,,GTR Pitcher,,,Pitch Tools,,,,,,,,,"Guitar,Stomp","effects:6bb677a6-3e28-4123-b01a-4a13a6b2e27c,effects:23b28729-9060-4a49-86f1-d1d57e568dcf,effects:9f6fcb54-f910-4610-9bd8-e3b5bef5aacb,effects:2e982da0-38f9-429f-80e0-260464baf158,effects:d48b0a84-b7bf-4bd4-ab4f-d712893f8197"
efef7024-de82-45dc-b779-2afa4f9667b9,52ca057c-1c70-4093-81ad-720a2ba3ac60,,GTR Spring,,,Reverb&Room,,,,,,,,,"Guitar,Stomp","effects:6bb677a6-3e28-4123-b01a-4a13a6b2e27c,effects:23b28729-9060-4a49-86f1-d1d57e568dcf,effects:9f6fcb54-f910-4610-9bd8-e3b5bef5aacb,effects:2e982da0-38f9-429f-80e0-260464baf158,effects:d48b0a84-b7bf-4bd4-ab4f-d712893f8197"
08affc84-eca1-496d-8554-db95dffb746d,725a2764-55b5-4e7c-a469-a4970c0aa267,874760dd-e69d-41bf-b3bc-71379b3a6161,VC 160,1.4.11,Softube (Modeled by),Dynamics,Plugin,"AU,VST3",,"dbx 160 ALT (Tone)
Embedded in Guitar Rig",,,,,Modeled,effects:66bdef14-4095-4592-8221-5e78845d9366
33408f26-be78-45e5-acf3-6df7aaf4d406,725a2764-55b5-4e7c-a469-a4970c0aa267,9c4b248a-bc5c-41a9-bf0f-d21b2920560e,RC 24,1.4.11,Softube (Modeled by),Reverb&Room,Plugin,"AU,VST3",,"Lexicon 224 ALT (Tone)
Standalone; Embedded in Guitar Rig",,,,,Modeled,effects:66bdef14-4095-4592-8221-5e78845d9366
f572a72b-efbe-4700-a031-218a7ff7a88a,725a2764-55b5-4e7c-a469-a4970c0aa267,a360e1da-b7c9-4498-aee8-7c9b434cd33b,RC 48,1.4.11,Softube (Modeled by),Reverb&Room,Plugin,"AU,VST3",,"Lexicon 480L ALT (Tone)
Standalone; Embedded in Guitar Rig",,,,,Modeled,effects:66bdef14-4095-4592-8221-5e78845d9366
f5c31610-a5b9-4d99-9b7c-aaa3ed3f3959,725a2764-55b5-4e7c-a469-a4970c0aa267,b8ad6e4e-c1f4-472a-8f62-851c00fb6260,Transient Master,1.4.11,,Dynamics,Plugin,"AU,VST3",,"SPL Transient Designer ALT (Tone)
Embedded in Guitar Rig",,,,,Modeled,effects:66bdef14-4095-4592-8221-5e78845d9366
eca00289-1b57-4ebf-8b3f-e0464f24d9ee,725a2764-55b5-4e7c-a469-a4970c0aa267,2e98392b-849a-44d4-92fc-fed070a3650a,Solid Dynamics,1.4.11,,Dynamics,Plugin,"AU,VST3","Compression, Expansion and Gating from SSL E Series","SSL 4000E ALT (Dynamics Only)
Embedded in Guitar Rig",,,,,Modeled,effects:66bdef14-4095-4592-8221-5e78845d9366
d8e5e519-2d3e-4e6c-ac4a-e8e44a4f34d6,725a2764-55b5-4e7c-a469-a4970c0aa267,2e98392b-849a-44d4-92fc-fed070a3650a,Solid EQ,1.4.11,,EQ,Plugin,"AU,VST3","Clean, 4-band EQ from SSL E Series","SSL 4000E ALT (EQ Only)
Embedded in Guitar Rig",,,,,Modeled,effects:66bdef14-4095-4592-8221-5e78845d9366
0b438999-c9e0-489b-a8b7-9fb9c5a0a8a6,725a2764-55b5-4e7c-a469-a4970c0aa267,5bf699eb-1f16-4a8b-8dd0-066881a15853,Solid Bus Comp,1.4.11,,Dynamics,Plugin,"AU,VST3",,"SSL 4000G Bus Compressor DNU
Embedded in Guitar Rig",,,,,"Mastering,Modeled",effects:66bdef14-4095-4592-8221-5e78845d9366
0fcf14d8-c696-4c95-875c-1072d5aa7231,725a2764-55b5-4e7c-a469-a4970c0aa267,15418602-13b7-444d-b651-740180bc63e4,VC 2A,1.4.11,Softube (Modeled by),Dynamics,Plugin,"AU,VST3",,"Teletronix LA-2A ALT (Tone)
Embedded in Guitar Rig",,,,,Modeled,effects:66bdef14-4095-4592-8221-5e78845d9366
702e7734-dd10-4d32-bf74-6feb42a29593,725a2764-55b5-4e7c-a469-a4970c0aa267,e834df33-7018-4575-8ace-400e9f6457f8,VC 76,1.4.11,Softube (Modeled by),Dynamics,Plugin,"AU,VST3",,"UREI 1176 LN Rev E ALT (Tone)
Standalone; Embedded in Guitar Rig",,,,,Modeled,effects:66bdef14-4095-4592-8221-5e78845d9366
1dcafe8f-827d-4c20-8262-9d8265d80ba1,725a2764-55b5-4e7c-a469-a4970c0aa267,50d88147-f141-4cac-be05-055cccb0ed32,2x12 AC Blue,,,,,,2x12 CAB,Vox AC30 (CAB) DNU,,,,,"Guitar,Modeled",effects:66bdef14-4095-4592-8221-5e78845d9366
2d9f4922-9ed8-48aa-9a17-818e533c9840,725a2764-55b5-4e7c-a469-a4970c0aa267,50d88147-f141-4cac-be05-055cccb0ed32,2x12 AC Silver,,,,,,2x12 CAB Celestion Silver Bulldogs,Vox AC30 (CAB) DNU,,,,,"Guitar,Modeled",effects:66bdef14-4095-4592-8221-5e78845d9366
5e350855-3367-4585-8009-b8de214e1b4b,725a2764-55b5-4e7c-a469-a4970c0aa267,,Rammfire,,,,,,,,,Rammstein Tone,,,Guitar,effects:66bdef14-4095-4592-8221-5e78845d9366
b02b45dc-1c08-42a0-97f8-b755eac4ed11,725a2764-55b5-4e7c-a469-a4970c0aa267,,1x12 Tweed,,,,,,1x12 CAB,,,,,,Guitar,effects:66bdef14-4095-4592-8221-5e78845d9366
a34c4e34-9c36-44fb-a7b7-8f5e124690f8,725a2764-55b5-4e7c-a469-a4970c0aa267,,1x15 Bass Vintage,,,,,,1x15 CAB,,,,,,Guitar,effects:66bdef14-4095-4592-8221-5e78845d9366
f9d248ed-c762-459b-9eb1-d9e629ccd964,725a2764-55b5-4e7c-a469-a4970c0aa267,,2x12 American,,,,,,2x12 CAB,,,,,,Guitar,effects:66bdef14-4095-4592-8221-5e78845d9366
1db7183b-e552-4a6c-805b-39a510cef47e,725a2764-55b5-4e7c-a469-a4970c0aa267,,2x12 British,,,,,,2x12 CAB,,,,,,Guitar,effects:66bdef14-4095-4592-8221-5e78845d9366
da870667-2d75-4913-b3df-1332f416495a,725a2764-55b5-4e7c-a469-a4970c0aa267,,2x12 Jazz,,,,,,2x12 CAB,,,,,,Guitar,effects:66bdef14-4095-4592-8221-5e78845d9366
a1986624-9bc7-4e44-954f-4af6e91c24e8,725a2764-55b5-4e7c-a469-a4970c0aa267,,2x12 Twang,,,,,,2x12 CAB,,,,,,Guitar,effects:66bdef14-4095-4592-8221-5e78845d9366
d5e237f9-3618-4bcc-95ea-caf51b40a0c4,725a2764-55b5-4e7c-a469-a4970c0aa267,,2x15 Twang,,,,,,2x15 CAB,,,,,,Guitar,effects:66bdef14-4095-4592-8221-5e78845d9366
95d00f83-3a44-4f56-9c7a-e084432a9d1a,725a2764-55b5-4e7c-a469-a4970c0aa267,,4x10 Bass Alu,,,,,,4x10 CAB,,,,,,Bass,effects:66bdef14-4095-4592-8221-5e78845d9366
72015d9a-2a8e-4f16-b33d-5ffce431fe2c,725a2764-55b5-4e7c-a469-a4970c0aa267,,4x10 Tweed,,,,,,4x10 CAB,,,,,,Guitar,effects:66bdef14-4095-4592-8221-5e78845d9366
14ae1dd5-9e15-4351-911a-c77b9df3e3df,725a2764-55b5-4e7c-a469-a4970c0aa267,,4x12 Citrus,,,,,,,,,,,,Guitar,effects:66bdef14-4095-4592-8221-5e78845d9366
e2f8c2cb-693d-46e2-9f32-3ab78bcf6871,725a2764-55b5-4e7c-a469-a4970c0aa267,,4x12 Gratifier,,,,,,4x12 CAB,,,,,,Guitar,effects:66bdef14-4095-4592-8221-5e78845d9366
e3d9ceac-4a4e-42a9-a297-0c4ce70afd9a,725a2764-55b5-4e7c-a469-a4970c0aa267,,4x12 High White,,,,,,4x12 CAB,,,,,,Guitar,effects:66bdef14-4095-4592-8221-5e78845d9366
469f7e79-ba08-4a11-aee8-676e909543f7,725a2764-55b5-4e7c-a469-a4970c0aa267,,4x12 Hot Solo+ A,,,,,,4x12 CAB,,,,,,Guitar,effects:66bdef14-4095-4592-8221-5e78845d9366
508d4eea-c548-4594-bb07-0da54a8d3f2a,725a2764-55b5-4e7c-a469-a4970c0aa267,,4x12 Hot Solo+ B,,,,,,4x12 CAB,,,,,,Guitar,effects:66bdef14-4095-4592-8221-5e78845d9366
aae79ffc-0111-4327-80be-1f4bd0d73d03,725a2764-55b5-4e7c-a469-a4970c0aa267,,4x12 Modern,,,,,,4x12 CAB,,,,,,Guitar,effects:66bdef14-4095-4592-8221-5e78845d9366
3882db9a-aaa9-4b88-8bcb-4a7e5e8b07db,725a2764-55b5-4e7c-a469-a4970c0aa267,,4x12 Rammfire A,,,,,,4x12 CAB,,,,,,Guitar,effects:66bdef14-4095-4592-8221-5e78845d9366
84e7ddbd-f808-493e-acc5-248a1f65146c,725a2764-55b5-4e7c-a469-a4970c0aa267,,4x12 Rammfire B,,,,,,4x12 CAB,,,,,,Guitar,effects:66bdef14-4095-4592-8221-5e78845d9366
693ecef7-af76-40d0-a62c-3c5bea71317a,725a2764-55b5-4e7c-a469-a4970c0aa267,,4x12 UK 60's Green,,,,,,4x12 CAB,,,,,,Guitar,effects:66bdef14-4095-4592-8221-5e78845d9366
6ff426fa-4c07-436d-9d54-c4a858a559e6,725a2764-55b5-4e7c-a469-a4970c0aa267,,4x12 UK 70s Black,,,,,,4x12 CAB,,,,,,Guitar,effects:66bdef14-4095-4592-8221-5e78845d9366
e89144d2-5b91-4ba4-ac7d-98e8b7a3bfac,725a2764-55b5-4e7c-a469-a4970c0aa267,,4x12 UK 70s White,,,,,,4x12 CAB,,,,,,Guitar,effects:66bdef14-4095-4592-8221-5e78845d9366
0b7bfd81-0f0e-49d3-bbe5-31bd8d30afa0,725a2764-55b5-4e7c-a469-a4970c0aa267,,4x12 UK 80s Black,,,,,,4x12 CAB,,,,,,Guitar,effects:66bdef14-4095-4592-8221-5e78845d9366
4c8f630d-3e7e-4c68-b184-f8070a0444f8,725a2764-55b5-4e7c-a469-a4970c0aa267,,4x12 UK 80s White,,,,,,4x12 CAB,,,,,,Guitar,effects:66bdef14-4095-4592-8221-5e78845d9366
53c70937-8592-4c33-bb97-b4e1e6f9dedf,725a2764-55b5-4e7c-a469-a4970c0aa267,,4x12 Ultra A,,,,,,4x12 CAB,,,,,,Guitar,effects:66bdef14-4095-4592-8221-5e78845d9366
89673bdb-d4a1-40bc-afe0-d4800a884dca,725a2764-55b5-4e7c-a469-a4970c0aa267,,4x12 Ultra B,,,,,,4x12 CAB,,,,,,Guitar,effects:66bdef14-4095-4592-8221-5e78845d9366
8e41458f-eab9-4e21-b464-5dae255a844e,725a2764-55b5-4e7c-a469-a4970c0aa267,,4x12 VAN 51,,,,,,4x12 CAB,,,,,,Guitar,effects:66bdef14-4095-4592-8221-5e78845d9366
5a413cd0-0e41-4b36-9942-2400f98130e8,725a2764-55b5-4e7c-a469-a4970c0aa267,,4x12 Vintage,,,,,,4x12 CAB,,,,,,Guitar,effects:66bdef14-4095-4592-8221-5e78845d9366
d6dba39e-c337-47c9-95f0-7280f51fa16c,725a2764-55b5-4e7c-a469-a4970c0aa267,,8x10 Bass Pro,,,,,,,,,,,,Bass,effects:66bdef14-4095-4592-8221-5e78845d9366
12f09833-e980-4d53-ac03-ef775f727282,725a2764-55b5-4e7c-a469-a4970c0aa267,,AC BOX,,,,,,,,,,,,Guitar,effects:66bdef14-4095-4592-8221-5e78845d9366
42971d6b-a95b-462a-91c5-be6d5027038e,725a2764-55b5-4e7c-a469-a4970c0aa267,,AC Box XV,,,,,,,,,,,,Guitar,effects:66bdef14-4095-4592-8221-5e78845d9366
09ab1011-4f46-4efa-946b-22a4784ee46b,725a2764-55b5-4e7c-a469-a4970c0aa267,,Bass Invader,,,,,,,,,,,,Bass,effects:66bdef14-4095-4592-8221-5e78845d9366
c251cdbb-0040-49ad-b53e-034d1dfbc6cd,725a2764-55b5-4e7c-a469-a4970c0aa267,,Bass Pro,,,,,,,,,,,,Guitar,effects:66bdef14-4095-4592-8221-5e78845d9366
efce4055-70a1-48bb-b98c-265fde543e57,725a2764-55b5-4e7c-a469-a4970c0aa267,,Bass Rage,,,,,,,,,,,,Bass,effects:66bdef14-4095-4592-8221-5e78845d9366
d25eaa5f-56a4-4289-9f31-8023297c9667,725a2764-55b5-4e7c-a469-a4970c0aa267,,Chicago,,,,,,,,,,,,Guitar,effects:66bdef14-4095-4592-8221-5e78845d9366
22ebb5db-dd0a-4a9a-91f3-35af9b94c74e,725a2764-55b5-4e7c-a469-a4970c0aa267,,Citrus,,,,,,,,,,,,Guitar,effects:66bdef14-4095-4592-8221-5e78845d9366
80027717-f8b5-4ca4-8966-1b5dbace697b,725a2764-55b5-4e7c-a469-a4970c0aa267,,Cool Plex,,,,,,,,,,,,Guitar,effects:66bdef14-4095-4592-8221-5e78845d9366
276be44b-70c0-48ec-8cd2-875b0b2c81aa,725a2764-55b5-4e7c-a469-a4970c0aa267,,DI Box,,,,,,,,,,,,"Bass,Guitar",effects:66bdef14-4095-4592-8221-5e78845d9366
68f49a60-d55f-4f85-8359-f0e1797ce9b2,725a2764-55b5-4e7c-a469-a4970c0aa267,,Fire Seeker,,,,,,,,,,,,Guitar,effects:66bdef14-4095-4592-8221-5e78845d9366
2c455afe-5b5d-4a7f-b799-6e7a34058652,725a2764-55b5-4e7c-a469-a4970c0aa267,,FireBreather,,,,,,,,,,,,"Guitar,Modeled",effects:66bdef14-4095-4592-8221-5e78845d9366
f2a7a8b1-8a41-4e4f-809b-d416966c1fec,725a2764-55b5-4e7c-a469-a4970c0aa267,,Gratifier,,,,,,,,,,,,Guitar,effects:66bdef14-4095-4592-8221-5e78845d9366
c2340615-0629-42ee-8460-5b881662ed11,725a2764-55b5-4e7c-a469-a4970c0aa267,,High White,,,,,,,,,,,,Guitar,effects:66bdef14-4095-4592-8221-5e78845d9366
7b2e80dc-2d97-495e-b5cf-0bc57d277d1f,725a2764-55b5-4e7c-a469-a4970c0aa267,,Hot Plex,,,,,,,,,,,,Guitar,effects:66bdef14-4095-4592-8221-5e78845d9366
ab258365-2d39-4bde-a78c-672684bc20d8,725a2764-55b5-4e7c-a469-a4970c0aa267,,Hot Solo+,,,,,,,,,,,,Guitar,effects:66bdef14-4095-4592-8221-5e78845d9366
7995b0a2-66a2-408e-b4c3-95a19147b835,725a2764-55b5-4e7c-a469-a4970c0aa267,,Jazz Amp,,,,,,,,,,,,Guitar,effects:66bdef14-4095-4592-8221-5e78845d9366
21fbd8c7-9129-49a0-bb4f-0d69652b7056,725a2764-55b5-4e7c-a469-a4970c0aa267,,Jump,,,,,,,,,,,,Guitar,effects:66bdef14-4095-4592-8221-5e78845d9366
59036a3b-6de5-4317-b6a3-247bfff2ad50,725a2764-55b5-4e7c-a469-a4970c0aa267,,Lead 800,,,,,,,,,,,,Guitar,effects:66bdef14-4095-4592-8221-5e78845d9366
84ca64f6-8825-40c4-8e96-63118b9ad1c4,725a2764-55b5-4e7c-a469-a4970c0aa267,,Plex.,,,,,,,,,,,,Guitar,effects:66bdef14-4095-4592-8221-5e78845d9366
8c973214-9280-41e6-851f-622fd0983d52,725a2764-55b5-4e7c-a469-a4970c0aa267,,Reverb Delight,,,,,,,,,,,,Guitar,effects:66bdef14-4095-4592-8221-5e78845d9366
1f3825df-c21a-4ddd-98f3-4b19f1974a79,725a2764-55b5-4e7c-a469-a4970c0aa267,,Super Fast 100,,,,,,,,,,,,Guitar,effects:66bdef14-4095-4592-8221-5e78845d9366
18452e86-a291-4050-944a-f12d633af82d,725a2764-55b5-4e7c-a469-a4970c0aa267,,Twang Reverb,,,,,,,,,,,,Guitar,effects:66bdef14-4095-4592-8221-5e78845d9366
931812e1-7cef-4d0b-958b-4415e5e89047,725a2764-55b5-4e7c-a469-a4970c0aa267,,Tweed Delight,,,,,,,,,,,,Guitar,effects:66bdef14-4095-4592-8221-5e78845d9366
11426f80-5227-4e15-a0ce-6244f6a87e8d,725a2764-55b5-4e7c-a469-a4970c0aa267,,Tweedman,,,,,,,,,,,,Guitar,effects:66bdef14-4095-4592-8221-5e78845d9366
77d87bce-f64e-45db-b7a3-f626d28a8777,725a2764-55b5-4e7c-a469-a4970c0aa267,,Ultrasonic,,,,,,,,,,,,"Guitar,Modeled",effects:66bdef14-4095-4592-8221-5e78845d9366
258d75fa-0f44-45cc-bea7-a49bc6e2c464,725a2764-55b5-4e7c-a469-a4970c0aa267,,Van 51,,,,,,,,,,,,Guitar,effects:66bdef14-4095-4592-8221-5e78845d9366
b9914841-cab2-4b6b-9bde-83702199aa49,725a2764-55b5-4e7c-a469-a4970c0aa267,,Rotator,,,Modulation,,,,,,,,,,effects:66bdef14-4095-4592-8221-5e78845d9366
2ca29cff-5f8c-425e-8806-5ef02bf8cbdf,725a2764-55b5-4e7c-a469-a4970c0aa267,,Tremolo,,,Modulation,,,,,,,,,Guitar,effects:66bdef14-4095-4592-8221-5e78845d9366
33dcd873-96b9-4b00-90ab-d28ada2375ca,725a2764-55b5-4e7c-a469-a4970c0aa267,,Replika GR,,,Delay,,,based on NI Replika's Digital Multi-Delay,,,,,,,effects:66bdef14-4095-4592-8221-5e78845d9366
51e6c0f7-99ed-4b4d-8ce7-6fa3662cd943,725a2764-55b5-4e7c-a469-a4970c0aa267,,Traktor's Delay,,,Delay,,,Effect from Native Instruments Traktor,,,,,,,effects:66bdef14-4095-4592-8221-5e78845d9366
a916cdad-7886-446c-8e63-9f3574f5de79,725a2764-55b5-4e7c-a469-a4970c0aa267,,Twin Delay,,,Delay,,,,,,,,,Guitar,effects:66bdef14-4095-4592-8221-5e78845d9366
5843f572-9445-47c1-87a0-3997c5ace751,725a2764-55b5-4e7c-a469-a4970c0aa267,,Delay Man,,,"Delay,Modulation",,,,,,,,,"Guitar,Stomp",effects:66bdef14-4095-4592-8221-5e78845d9366
b5d666f5-645b-495b-aefc-c2e2a7c93630,725a2764-55b5-4e7c-a469-a4970c0aa267,,Psyche Delay,,,"Delay,Modulation",,,,,,,,,"Guitar,Stomp",effects:66bdef14-4095-4592-8221-5e78845d9366
c7d58419-234c-470a-8871-8f5bc869dc7d,725a2764-55b5-4e7c-a469-a4970c0aa267,,Stereo Tune,,,"Delay,Modulation,Pitch Tools,Spatial Processing",,,,,,,,,"Guitar,Stomp",effects:66bdef14-4095-4592-8221-5e78845d9366
81d3501f-1c42-4bb8-aa55-98c82708bfe5,725a2764-55b5-4e7c-a469-a4970c0aa267,,Grain Delay,,,"Delay,Pitch Tools",,,Standalone NI Effect (Not Linked),,,,,,Guitar,effects:66bdef14-4095-4592-8221-5e78845d9366
cac20173-0607-43a7-9e88-02aeb1eb1486,725a2764-55b5-4e7c-a469-a4970c0aa267,,Tape Echo,,,"Delay,Reverb&Room",,,,,,,,,,effects:66bdef14-4095-4592-8221-5e78845d9366
6bd1e02e-b485-4c40-bfa0-178853c113b1,725a2764-55b5-4e7c-a469-a4970c0aa267,,Fast Comp,,,Dynamics,,,,,,,,,,effects:66bdef14-4095-4592-8221-5e78845d9366
4316b257-e65e-404a-8091-9532583d5fb8,725a2764-55b5-4e7c-a469-a4970c0aa267,,Input Level,,,Dynamics,,,Standalone NI Effect (Not Linked),,,,,,,effects:66bdef14-4095-4592-8221-5e78845d9366
29ad0c17-75bf-4ab2-830c-9ccb28d9b0dd,725a2764-55b5-4e7c-a469-a4970c0aa267,,Limiter,,,Dynamics,,,,,,,,,,effects:66bdef14-4095-4592-8221-5e78845d9366
9a8e42c3-f871-4fad-b131-32a77cb70f4c,725a2764-55b5-4e7c-a469-a4970c0aa267,,Maximizer (Ozone),,,Dynamics,,,iZotope Ozone Maximizer,,,,,,,effects:66bdef14-4095-4592-8221-5e78845d9366
57e940cf-2436-484c-8c36-64fdddea7c99,725a2764-55b5-4e7c-a469-a4970c0aa267,,Noise Gate,,,Dynamics,,,,,,,,,"Guitar,Stomp",effects:66bdef14-4095-4592-8221-5e78845d9366
eff2c734-51de-4907-969e-657c0f48f7f9,725a2764-55b5-4e7c-a469-a4970c0aa267,,Noise Reduction,,,Dynamics,,,,,,,,,"Guitar,Stomp",effects:66bdef14-4095-4592-8221-5e78845d9366
89130333-8303-433f-9813-79b578580a8c,725a2764-55b5-4e7c-a469-a4970c0aa267,,Stomp Compressor,,,Dynamics,,,,,,,,,"Guitar,Stomp",effects:66bdef14-4095-4592-8221-5e78845d9366
2ccf253a-2862-4bb7-b9e5-70f2eabca13a,725a2764-55b5-4e7c-a469-a4970c0aa267,,Supercharger,1.4.11,,Dynamics,Plugin,"AU,VST3",,Standalone; Embedded in Guitar Rig,,,,,,effects:66bdef14-4095-4592-8221-5e78845d9366
50192e75-dd12-428e-82be-db134ccffda9,725a2764-55b5-4e7c-a469-a4970c0aa267,,Supercharger GT,1.4.11,,Dynamics,Plugin,"AU,VST3",advanced compression w/ 3 types of saturation and 3 types of frequency enhancement.,Standalone; Embedded in Guitar Rig,,,,,,effects:66bdef14-4095-4592-8221-5e78845d9366
0d5e623c-dc21-4f2c-b77d-e507e75adba1,725a2764-55b5-4e7c-a469-a4970c0aa267,,Tube Compressor,,,Dynamics,,,,,,,,,,effects:66bdef14-4095-4592-8221-5e78845d9366
b0a70e20-838a-414b-ba1c-c23a32beed22,725a2764-55b5-4e7c-a469-a4970c0aa267,,Volume,,,Dynamics,,,,,,,,,"Guitar,Stomp",effects:66bdef14-4095-4592-8221-5e78845d9366
6e0ebe88-36fe-4e70-878e-ef106a234acc,725a2764-55b5-4e7c-a469-a4970c0aa267,,Custom EQ,,,EQ,,,Standalone NI Effect (Not Linked),,,,,,,effects:66bdef14-4095-4592-8221-5e78845d9366
b5c80b02-4c9b-468e-9437-5d0d0c46c78d,725a2764-55b5-4e7c-a469-a4970c0aa267,,Graphic Equalizer,,,EQ,,,,,,,,,"Guitar,Modeled,Stomp",effects:66bdef14-4095-4592-8221-5e78845d9366
4b358091-3de0-475b-9fe5-318d346c5d0e,725a2764-55b5-4e7c-a469-a4970c0aa267,,Parametric Equalizer,,,EQ,,,,,,,,,Guitar,effects:66bdef14-4095-4592-8221-5e78845d9366
4ea1eefb-9c9a-42d7-a178-e5c356e5d7a5,725a2764-55b5-4e7c-a469-a4970c0aa267,,Shelving Equalizer,,,EQ,,,,,,,,,,effects:66bdef14-4095-4592-8221-5e78845d9366
647ebb10-ece7-4174-9f30-bb4da38ba4a4,725a2764-55b5-4e7c-a469-a4970c0aa267,,IVP Stomp,,,"EQ,Harmonic Coloration,Preamp",,,,,,,,,Guitar,effects:66bdef14-4095-4592-8221-5e78845d9366
f404fdb9-505c-47f1-94b6-70ba7c4d8ad7,725a2764-55b5-4e7c-a469-a4970c0aa267,,Freak,1.3.7,Crush Pack,"EQ,Modulation",Plugin,VST3,"Combines AM techniques and based on model of analog diade ring circuit (rich harmonic overtones/textures) 3 effectsmodes (Radio, Oscillator, Sidechain). 3 AM modes (AM, Ring Modulation, Frequency Shifting)",Standalone; Embedded in Guitar Rig,,,,,,effects:66bdef14-4095-4592-8221-5e78845d9366
aedf1de7-73fe-4366-9859-433e8c8b8104,725a2764-55b5-4e7c-a469-a4970c0aa267,,Pro Filter,,,"EQ,Modulation",,,,,,,,,,effects:66bdef14-4095-4592-8221-5e78845d9366
8c2006fe-9399-446e-a9f2-449c7c7d461c,725a2764-55b5-4e7c-a469-a4970c0aa267,,Bite,1.3.7,,Harmonic Coloration,Plugin,VST3,"Bitcrusher, Downsampling. Anti-aliased sample rate and bit reduction effect that creates distortion",Standalone; Embedded in Guitar Rig,,"Gritty, Crunchy",,,,effects:66bdef14-4095-4592-8221-5e78845d9366
332576ca-e862-4802-bfab-e90ea7ad746b,725a2764-55b5-4e7c-a469-a4970c0aa267,,Cat Chainsaw,,,Harmonic Coloration,,,,,,,,,"Guitar,Stomp",effects:66bdef14-4095-4592-8221-5e78845d9366
1f95ce96-b308-480b-b6e8-66d8350c6f37,725a2764-55b5-4e7c-a469-a4970c0aa267,,Demon,,,Harmonic Coloration,,,,,,,,,"Guitar,Stomp",effects:66bdef14-4095-4592-8221-5e78845d9366
969f435b-1f41-433f-a89f-442c62296e2e,725a2764-55b5-4e7c-a469-a4970c0aa267,,Dirt,1.3.7,Crush Pack,Harmonic Coloration,Plugin,VST3,"2 circuit-modeled diode clipping stages in series or parallel w/ 3 distortion modes (subtle, bright, crushed)",Standalone; Embedded in Guitar Rig,,,,,,effects:66bdef14-4095-4592-8221-5e78845d9366
b06c9db0-9c40-4c97-97db-c34c32c9cca7,725a2764-55b5-4e7c-a469-a4970c0aa267,,Distortion,,,Harmonic Coloration,,,,,,,,,"Guitar,Stomp",effects:66bdef14-4095-4592-8221-5e78845d9366
aae3db64-c519-4f38-8a41-784af8bd5d0e,725a2764-55b5-4e7c-a469-a4970c0aa267,,Fuzz,,,Harmonic Coloration,,,,,,,,,"Guitar,Stomp",effects:66bdef14-4095-4592-8221-5e78845d9366
69e0847b-aab7-403f-8e49-edd4cd727e65,725a2764-55b5-4e7c-a469-a4970c0aa267,,Gain Booster,,,Harmonic Coloration,,,Standalone NI Effect (Not Linked),,,,,,,effects:66bdef14-4095-4592-8221-5e78845d9366
353801e6-19c7-4ba7-b144-066ad6bd6a24,725a2764-55b5-4e7c-a469-a4970c0aa267,,Kolor,,,Harmonic Coloration,,,Standalone NI Effect (Not Linked),,,,,,,effects:66bdef14-4095-4592-8221-5e78845d9366
b085653d-737b-4187-8dc1-b2f6197b9bd8,725a2764-55b5-4e7c-a469-a4970c0aa267,,Noise Machine,,,Harmonic Coloration,,,,,,,,,"Guitar,Modeled,Stomp",effects:66bdef14-4095-4592-8221-5e78845d9366
ef85bbb6-8889-4d0f-a22a-9fbc673f28b9,725a2764-55b5-4e7c-a469-a4970c0aa267,,Skreamer,,,Harmonic Coloration,,,,,,,,,"Guitar,Stomp",effects:66bdef14-4095-4592-8221-5e78845d9366
d78d3f95-bb2e-4ab0-bf25-8043b721634c,725a2764-55b5-4e7c-a469-a4970c0aa267,,Skreamer Deluxe,,,Harmonic Coloration,,,,,,,,,"Guitar,Stomp",effects:66bdef14-4095-4592-8221-5e78845d9366
bce0081b-5e0a-4e91-86d2-1fff4e4f50ea,725a2764-55b5-4e7c-a469-a4970c0aa267,,Slede Hammer,,,Harmonic Coloration,,,,,,,,,"Stomp,Guitar",effects:66bdef14-4095-4592-8221-5e78845d9366
ffeb723a-3e97-4c36-892f-6a8167fdeb97,725a2764-55b5-4e7c-a469-a4970c0aa267,,The Zone,,,Harmonic Coloration,,,,,,,,,"Guitar,Stomp",effects:66bdef14-4095-4592-8221-5e78845d9366
0d35493a-5dda-4e0b-b977-74310de2f52e,725a2764-55b5-4e7c-a469-a4970c0aa267,,Traktor's Digital LoFi,,,Harmonic Coloration,,,Effect from Native Instruments Traktor,,,,,,,effects:66bdef14-4095-4592-8221-5e78845d9366
9afa14cc-95c9-467d-872a-b0a27671f10e,725a2764-55b5-4e7c-a469-a4970c0aa267,,Traktor's Mulholland Drive,,,Harmonic Coloration,,,Effect from Native Instruments Traktor,,,,,,,effects:66bdef14-4095-4592-8221-5e78845d9366
998fc114-1377-4492-bb84-db619d3818b8,725a2764-55b5-4e7c-a469-a4970c0aa267,,Treble Booster,,,Harmonic Coloration,,,,,,,,,"Guitar,Stomp",effects:66bdef14-4095-4592-8221-5e78845d9366
973c3ec7-67ea-4b1c-88f5-980957941ba8,725a2764-55b5-4e7c-a469-a4970c0aa267,,Big Fuzz,,,"Harmonic Coloration,Dynamics",,,,,,,,,"Guitar,Stomp",effects:66bdef14-4095-4592-8221-5e78845d9366
b05a9ee0-930c-4edc-8f2d-b6d294ac9f7f,725a2764-55b5-4e7c-a469-a4970c0aa267,,Red Fuzz,,,"Harmonic Coloration,Dynamics",,,,,,,,,"Guitar,Stomp",effects:66bdef14-4095-4592-8221-5e78845d9366
6d1c5836-ff7f-4afe-b5e9-c9a497297bfb,725a2764-55b5-4e7c-a469-a4970c0aa267,,Seattle Fuzz,,,"Harmonic Coloration,Dynamics",,,,,,,,,"Guitar,Stomp",effects:66bdef14-4095-4592-8221-5e78845d9366
0ef14bb6-3404-41a8-a80d-c103e5a4aca5,725a2764-55b5-4e7c-a469-a4970c0aa267,,Doppel Filter,,,"Harmonic Coloration,Dynamics,Pitch Tools,Modulation",,,,,,,,,"Guitar,Stomp",effects:66bdef14-4095-4592-8221-5e78845d9366
ac250626-ca1c-4807-b265-40e546d264e4,725a2764-55b5-4e7c-a469-a4970c0aa267,,Harmonic Synthesizer,,,"Harmonic Coloration,Dynamics,Pitch Tools,Modulation",,,,,,,,,"Guitar,Stomp",effects:66bdef14-4095-4592-8221-5e78845d9366
99330b9e-2449-4ebb-8e2b-69e7f9f5149a,725a2764-55b5-4e7c-a469-a4970c0aa267,,Driver,1.4.11,,"Harmonic Coloration,Modulation",Plugin,VST3,Distortion and AM / FM filter,Standalone; Embedded in Guitar Rig,,,,,,effects:66bdef14-4095-4592-8221-5e78845d9366
61fc290d-26fc-4e57-a362-7f0a3fd3582d,725a2764-55b5-4e7c-a469-a4970c0aa267,,Auto Filter,,,Modulation,,,,,,,,,"Guitar,Stomp",effects:66bdef14-4095-4592-8221-5e78845d9366
c5f1c93e-ca2d-4a3f-b413-41691aaff012,725a2764-55b5-4e7c-a469-a4970c0aa267,,Choral,1.3.7,Mod Pack,Modulation,Plugin,VST3,(Mod Pack) 4 chorus modes w/ up to 3 voices,Standalone; Embedded in Guitar Rig,,,,,,effects:66bdef14-4095-4592-8221-5e78845d9366
d7d5ea7e-476d-4fb1-8b83-6948dda34847,725a2764-55b5-4e7c-a469-a4970c0aa267,,Cry Wah,,,Modulation,,,,,,,,,"Guitar,Stomp",effects:66bdef14-4095-4592-8221-5e78845d9366
e0994116-7a86-40cb-9f2d-35fb4b55efab,725a2764-55b5-4e7c-a469-a4970c0aa267,,Electric Lady Flanger,,,Modulation,,,,,,,,,"Guitar,Stomp",effects:66bdef14-4095-4592-8221-5e78845d9366
f4154806-237a-433e-a155-7116a4095c59,725a2764-55b5-4e7c-a469-a4970c0aa267,,Ensemble,,,Modulation,,,,,,,,,"Guitar,Stomp",effects:66bdef14-4095-4592-8221-5e78845d9366
8c9ab909-126b-4001-bb80-31852c91d748,725a2764-55b5-4e7c-a469-a4970c0aa267,,Envelope,,,Modulation,,,Standalone NI Effect (Not Linked),,,,,,,effects:66bdef14-4095-4592-8221-5e78845d9366
29479ce8-2e53-446b-a1c5-db9e2735266e,725a2764-55b5-4e7c-a469-a4970c0aa267,,Filterbank,,,Modulation,,,Standalone NI Effect (Not Linked),,,,,,,effects:66bdef14-4095-4592-8221-5e78845d9366
0fe2137c-f00e-450e-af9a-3f94a777cdca,725a2764-55b5-4e7c-a469-a4970c0aa267,,Flair,1.3.7,Mod Pack,Modulation,Plugin,VST3,3 flanger modes w/ up to 4 diatonic voices and detune,Standalone; Embedded in Guitar Rig,,,,,,effects:66bdef14-4095-4592-8221-5e78845d9366
d8174e79-325b-435a-a751-f1748bc218de,725a2764-55b5-4e7c-a469-a4970c0aa267,,Flanger Chorus,,,Modulation,,,,,,,,,"Guitar,Stomp",effects:66bdef14-4095-4592-8221-5e78845d9366
5112bbc6-6550-4eb4-8e87-485e4d43d6b4,725a2764-55b5-4e7c-a469-a4970c0aa267,,LFO,,,Modulation,,,Standalone NI Effect (Not Linked),,,,,,,effects:66bdef14-4095-4592-8221-5e78845d9366
3d924436-9b18-4c7e-9006-a4a98413b8f9,725a2764-55b5-4e7c-a469-a4970c0aa267,,Phaser 9,,,Modulation,,,,,,,,,"Guitar,Stomp",effects:66bdef14-4095-4592-8221-5e78845d9366
73e874a8-159f-4083-b2de-bd867aff9033,725a2764-55b5-4e7c-a469-a4970c0aa267,,Phasis,1.3.7,,Modulation,Plugin,"AU,VST3",,Standalone; Embedded in Guitar Rig,,,,,,effects:66bdef14-4095-4592-8221-5e78845d9366
bb49fb00-0db3-488c-9ce8-1dcc03e53620,725a2764-55b5-4e7c-a469-a4970c0aa267,,Real Wah,,,Modulation,,,,,,,,,"Guitar,Stomp",effects:66bdef14-4095-4592-8221-5e78845d9366
a86f7cb7-942d-4b3c-88df-0c50c68cd65a,725a2764-55b5-4e7c-a469-a4970c0aa267,,Ring Modulator,,,Modulation,,,,,,,,,"Guitar,Stomp",effects:66bdef14-4095-4592-8221-5e78845d9366
98b5b3a5-4eb6-453c-a0ef-fa9ff6bc2f92,725a2764-55b5-4e7c-a469-a4970c0aa267,,Stoned Phaser,,,Modulation,,,,,,,,,"Guitar,Stomp",effects:66bdef14-4095-4592-8221-5e78845d9366
7709ecd4-c753-4679-a552-621aa7211a1e,725a2764-55b5-4e7c-a469-a4970c0aa267,,Talk Wah,,,Modulation,,,,,,,,,"Guitar,Stomp",effects:66bdef14-4095-4592-8221-5e78845d9366
83df81af-3d87-403e-ab7b-cca3ab280606,725a2764-55b5-4e7c-a469-a4970c0aa267,,Traktor's Formant Filter,,,Modulation,,,Effect from Native Instruments Traktor,,,,,,,effects:66bdef14-4095-4592-8221-5e78845d9366
b5c8d2d2-224c-4bd9-a610-8ffabbe6d3d2,725a2764-55b5-4e7c-a469-a4970c0aa267,,Traktor's Peak Filter,,,Modulation,,,Effect from Native Instruments Traktor,,,,,,,effects:66bdef14-4095-4592-8221-5e78845d9366
ca5624e0-e4eb-4f73-999f-fe5ca2d2c0e6,725a2764-55b5-4e7c-a469-a4970c0aa267,,Vintage Vibrato,,,Modulation,,,,,,,,,"Guitar,Stomp",effects:66bdef14-4095-4592-8221-5e78845d9366
8a24d2b3-a8ff-4868-9d67-fa32d947a820,725a2764-55b5-4e7c-a469-a4970c0aa267,,Wah Wah,,,Modulation,,,,,,,,,"Guitar,Stomp",effects:66bdef14-4095-4592-8221-5e78845d9366
c5a471a8-b4b4-4f27-a894-6cb527b310cf,725a2764-55b5-4e7c-a469-a4970c0aa267,,Analog Sequencer,,,Pitch Tools,,,Standalone NI Effect (Not Linked),,,,,,Guitar,effects:66bdef14-4095-4592-8221-5e78845d9366
0c4b4022-4fd3-4c45-beff-26943571fb07,725a2764-55b5-4e7c-a469-a4970c0aa267,,Loop Machine Pro,,,Pitch Tools,,,Standalone NI Effect (Not Linked),,,,,,Guitar,effects:66bdef14-4095-4592-8221-5e78845d9366
5329c44e-6909-4144-99e6-0768e785ca71,725a2764-55b5-4e7c-a469-a4970c0aa267,,Oktaver,,,Pitch Tools,,,,,,,,,"Guitar,Stomp",effects:66bdef14-4095-4592-8221-5e78845d9366
9eae5c89-6d27-4ab7-b677-ba11316f488d,725a2764-55b5-4e7c-a469-a4970c0aa267,,Pitch Pedal,,,Pitch Tools,,,,,,,,,"Guitar,Stomp",effects:66bdef14-4095-4592-8221-5e78845d9366
fa26328e-7392-4753-8814-56d6f3cc3f0c,725a2764-55b5-4e7c-a469-a4970c0aa267,,Resochord,,,Pitch Tools,,,Standalone NI Effect (Not Linked),,,,,,Guitar,effects:66bdef14-4095-4592-8221-5e78845d9366
b2f9f4bb-b0e5-456b-902a-7c00b8c42342,725a2764-55b5-4e7c-a469-a4970c0aa267,,Step Sequencer,,,Pitch Tools,,,Standalone NI Effect (Not Linked),,,,,,Guitar,effects:66bdef14-4095-4592-8221-5e78845d9366
d4e525cd-b4f5-4ff7-b98b-affdc370f44c,725a2764-55b5-4e7c-a469-a4970c0aa267,,Traktor's Beat Masher,,,Pitch Tools,,,Effect from Native Instruments Traktor,,,,,,Guitar,effects:66bdef14-4095-4592-8221-5e78845d9366
044a14e8-13f9-42dc-afc3-88b38c31d692,725a2764-55b5-4e7c-a469-a4970c0aa267,,Traktor's Beat Slicer,,,Pitch Tools,,,Effect from Native Instruments Traktor,,,,,,Guitar,effects:66bdef14-4095-4592-8221-5e78845d9366
3c7e5194-f834-4856-aa80-138ee7f34580,725a2764-55b5-4e7c-a469-a4970c0aa267,,Traktor's Gator,,,Pitch Tools,,,Effect from Native Instruments Traktor,,,,,,Guitar,effects:66bdef14-4095-4592-8221-5e78845d9366
ad086748-a49c-4e18-8736-2e892ce56e15,725a2764-55b5-4e7c-a469-a4970c0aa267,,Traktor's Reverse Grain,,,Pitch Tools,,,Effect from Native Instruments Traktor,,,,,,Guitar,effects:66bdef14-4095-4592-8221-5e78845d9366
532e0304-ecf8-4011-9b74-4317159aed75,725a2764-55b5-4e7c-a469-a4970c0aa267,,Traktor's Ringmod,,,Pitch Tools,,,Effect from Native Instruments Traktor,,,,,,Guitar,effects:66bdef14-4095-4592-8221-5e78845d9366
10a8542a-b2f9-4ead-a8ac-9768805562aa,725a2764-55b5-4e7c-a469-a4970c0aa267,,Traktor's Transpose Stretch,,,Pitch Tools,,,Effect from Native Instruments Traktor,,,,,,Guitar,effects:66bdef14-4095-4592-8221-5e78845d9366
469475a8-54f0-4ce5-9d9c-5063689ece29,725a2764-55b5-4e7c-a469-a4970c0aa267,,TransAmp,,,"Preamp,Harmonic Coloration",,,,,,,,,"Bass,Stomp",effects:66bdef14-4095-4592-8221-5e78845d9366
cb534e7c-e009-4e6c-8089-b6d911a9ed4c,725a2764-55b5-4e7c-a469-a4970c0aa267,,Iceverb,,,Reverb&Room,,,,,,,,,Modeled,effects:66bdef14-4095-4592-8221-5e78845d9366
46a05ae9-80f1-467e-a982-67b3ed0c4cd5,725a2764-55b5-4e7c-a469-a4970c0aa267,,Little Reflektor,,,Reverb&Room,,,Native Instruments Reflektor,,,,,,,effects:66bdef14-4095-4592-8221-5e78845d9366
71b8ccf0-4d4a-41ea-90ad-3a5309088916,725a2764-55b5-4e7c-a469-a4970c0aa267,,Octaverb,,,Reverb&Room,,,,,,,,,"Guitar,Stomp",effects:66bdef14-4095-4592-8221-5e78845d9366
7d3d7dea-1d32-4586-8d0c-5d3df07e188c,725a2764-55b5-4e7c-a469-a4970c0aa267,,Raum,1.3.7,,Reverb&Room,Plugin,"AU,VST3",Advanced reverb w/ 3 algorithms,Standalone; Embedded in Guitar Rig,,,,,,effects:66bdef14-4095-4592-8221-5e78845d9366
6e13ef6a-364e-420c-ac7f-6d161bfe17df,725a2764-55b5-4e7c-a469-a4970c0aa267,,Reflektor,,,Reverb&Room,,,Standalone NI Effect (Not Linked),,,,,,,effects:66bdef14-4095-4592-8221-5e78845d9366
5bb3088a-01db-481a-b665-bf4652e5a377,725a2764-55b5-4e7c-a469-a4970c0aa267,,Replika Shimmer,,,Reverb&Room,,,Standalone NI Effect (Not Linked),,,,,,,effects:66bdef14-4095-4592-8221-5e78845d9366
3818a029-e2b9-4db9-bc0e-24c413d4ef50,725a2764-55b5-4e7c-a469-a4970c0aa267,,Spring Reverb,,,Reverb&Room,,,,,,,,,Guitar,effects:66bdef14-4095-4592-8221-5e78845d9366
1b20d2a5-a0e0-4d47-a882-feb4dcadeed0,725a2764-55b5-4e7c-a469-a4970c0aa267,,Studio Reverb,,,Reverb&Room,,,,"AMS RMX16 DNU
EMT 140 ST DNU",,,,,Modeled,effects:66bdef14-4095-4592-8221-5e78845d9366
aa717077-f625-43cc-bc89-540f0cd4ab0e,725a2764-55b5-4e7c-a469-a4970c0aa267,,Traktor's Reverb,,,Reverb&Room,,,Effect from Native Instruments Traktor,,,,,,,effects:66bdef14-4095-4592-8221-5e78845d9366
07809b22-0995-47dc-a2ec-6de0df456cea,725a2764-55b5-4e7c-a469-a4970c0aa267,,Vintage Verb,,,Reverb&Room,,,,,,,,,,effects:66bdef14-4095-4592-8221-5e78845d9366
ed99ecde-b5a4-4a17-b70b-c4239d5505e2,f4ad6589-72fe-48ac-84c0-7b750cbd1231,bfd5681f-c1fd-4e26-98ce-7a433a9b9fa8,Harmonic Flanger,,,Modulation,,,,A/DA Flanger TOP,,"""Harmonic"" maps to positive feedback mode. (fuller, warmer more musical side of the pedal vs. harsh jet sound)",,,"Guitar,Modeled,Stomp",effects:62c642a4-6ec6-4812-8b87-ecc02aec416f
4ee233fa-d300-4cab-a30b-59d16abb9c49,f4ad6589-72fe-48ac-84c0-7b750cbd1231,bfd5681f-c1fd-4e26-98ce-7a433a9b9fa8,80A Flanger,,Legacy,Modulation,,,,A/DA Flanger ALT (Tone),,Gritty and spacey sweeps inspired by the distinctive sound of the A/DA Flanger. More experimental (metallic clanging and slow warble rather than the classic sweep),,,"Guitar,Modeled,Stomp",effects:62c642a4-6ec6-4812-8b87-ecc02aec416f
1fbc15ab-27c0-4279-b8c4-ddb609b647a7,f4ad6589-72fe-48ac-84c0-7b750cbd1231,bfd5681f-c1fd-4e26-98ce-7a433a9b9fa8,Jet Flanger,,Legacy,Modulation,,,,A/DA Flanger ALT (Tone),,"Original Helix model, built around aggressive, whooshing Jet Sweep",,,"Guitar,Modeled,Stomp",effects:62c642a4-6ec6-4812-8b87-ecc02aec416f
c5db7c2c-b5e9-4c18-bb2b-1a30c50a513c,f4ad6589-72fe-48ac-84c0-7b750cbd1231,6dc55c03-846e-4ed1-a49a-e6ed9a087b38,Woody Blue,,,,,,1x18 Combo,Acoustic 360 TOP,,,,,"Bass,Modeled",effects:62c642a4-6ec6-4812-8b87-ecc02aec416f
d13897a5-6899-4de2-ade9-bc6143910572,f4ad6589-72fe-48ac-84c0-7b750cbd1231,6dc55c03-846e-4ed1-a49a-e6ed9a087b38,1x18 Woody Blue,,,,,,1x18 Combo,Acoustic 360 TOP,,,,,"Bass,Modeled",effects:62c642a4-6ec6-4812-8b87-ecc02aec416f
1bd80c0b-a820-461c-b227-42c945627824,f4ad6589-72fe-48ac-84c0-7b750cbd1231,6d6620b2-787c-4955-8ac3-ad72e640375c,84 Ribbon,,,Microphone,,,,Embedded in Helix Native,,,,,"Guitar,Modeled",effects:62c642a4-6ec6-4812-8b87-ecc02aec416f
bd382f81-595a-41cb-a1e5-0109c507852b,f4ad6589-72fe-48ac-84c0-7b750cbd1231,af318437-f494-47fb-ae48-9ab02156c776,Agua 51,,,,,,,,,,,,"Bass,Modeled",effects:62c642a4-6ec6-4812-8b87-ecc02aec416f
9cb03108-881e-490d-b91d-2c57bbe1c6ff,f4ad6589-72fe-48ac-84c0-7b750cbd1231,21500571-983d-42dc-a1c3-c2ac769c9876,Agua Sledge,,,,,,,Aguilar Tone Hammer TOP,,,,,"Bass,Modeled",effects:62c642a4-6ec6-4812-8b87-ecc02aec416f
c9dbf90f-b743-43d8-bd4d-a81b7dfb868e,f4ad6589-72fe-48ac-84c0-7b750cbd1231,57af42b3-b011-4f40-b569-b811b95ce070,414 Cond,,,Microphone,,,,Embedded in Helix Native,,,,,"Guitar,Bass,Modeled",effects:62c642a4-6ec6-4812-8b87-ecc02aec416f
16bc7b7f-8ed2-4852-96b1-434c2c60e6fe,f4ad6589-72fe-48ac-84c0-7b750cbd1231,e0eae940-eb8b-4dbd-94aa-b10de0468a15,112 Dynamic,,,Microphone,,,,Embedded in Helix Native,,,,,"Guitar,Bass,Modeled",effects:62c642a4-6ec6-4812-8b87-ecc02aec416f
54ded54b-6c36-45a1-ad42-45986b7cfda5,f4ad6589-72fe-48ac-84c0-7b750cbd1231,0d66672b-e3fe-4488-943c-c0a38afc8ebe,12 Dynamic,,Legacy,Microphone,,,,Embedded in Helix Native,,,,,Modeled,effects:62c642a4-6ec6-4812-8b87-ecc02aec416f
56a8b494-71a7-4ecb-bf21-dfcdb64b9872,f4ad6589-72fe-48ac-84c0-7b750cbd1231,231280e7-9bd3-4feb-b3c9-29fc25c3b517,1x15 Ampeg B-15,,,,,,1x15 CAB,Ampeg B-15 TOP,,,,,"Guitar,Modeled",effects:62c642a4-6ec6-4812-8b87-ecc02aec416f
3bccb884-486b-4686-b01d-9faa52b59f63,f4ad6589-72fe-48ac-84c0-7b750cbd1231,127c1508-b2fc-4ea2-9a6b-7f1e330b0c3d,Ampeg B-15NF,,,,,,,,,,,,"Bass,Modeled",effects:62c642a4-6ec6-4812-8b87-ecc02aec416f
fa7388c9-ada5-42b1-9b52-5e97c9340fa4,f4ad6589-72fe-48ac-84c0-7b750cbd1231,a008fa96-2122-4f3c-8aec-10360ca51f42,Ampeg Liquifier Chorus,,,Modulation,,,,,,,,,"Guitar,Modeled,Stomp",effects:62c642a4-6ec6-4812-8b87-ecc02aec416f
cd778d49-7a13-4f8c-802b-7a74cece8a84,f4ad6589-72fe-48ac-84c0-7b750cbd1231,218470c6-5599-4c4d-ab9f-76880d723aea,Ampeg Opto Comp,,,Dynamics,,,,,,,,,"Bass,Modeled,Stomp",effects:62c642a4-6ec6-4812-8b87-ecc02aec416f
1dedf8a2-ab79-4ec9-8944-ac8e1382723d,f4ad6589-72fe-48ac-84c0-7b750cbd1231,bffcffa6-62a0-4b46-89f3-21e8bb8c3e24,4x10 Ampeg Pro,,,,,,4x10 CAB,,,,,,"Bass,Modeled",effects:62c642a4-6ec6-4812-8b87-ecc02aec416f
8b40fd97-17f1-4203-8b96-95476f01b899,f4ad6589-72fe-48ac-84c0-7b750cbd1231,49ebb7b7-9dc2-443c-94c6-409975f27e0f,Ampeg Scrambler,,,Harmonic Coloration,,,,,,,,,"Bass,Modeled,Stomp",effects:62c642a4-6ec6-4812-8b87-ecc02aec416f
31da7af6-d50f-4de9-af50-741d4bebc3a3,f4ad6589-72fe-48ac-84c0-7b750cbd1231,c2156785-d382-45b8-92d7-7c51833ca7de,Ampeg SVT Brt,,,,,,,Ampeg SVT TOP,,,,,"Bass,Modeled",effects:62c642a4-6ec6-4812-8b87-ecc02aec416f
0ed0041a-c5e0-4a70-9c02-1ad9b23c6732,f4ad6589-72fe-48ac-84c0-7b750cbd1231,c2156785-d382-45b8-92d7-7c51833ca7de,Ampeg SVT Nrm,,,,,,,Ampeg SVT TOP,,,,,"Bass,Modeled",effects:62c642a4-6ec6-4812-8b87-ecc02aec416f
cd2d703c-15d0-4d0d-a2cb-f1f14a50b334,f4ad6589-72fe-48ac-84c0-7b750cbd1231,a746f728-c532-474a-b538-4e721faa5042,Ampeg SVT-4 PRO,,,,,,,Ampeg SVT-4 Pro TOP,,,,,"Bass,Modeled",effects:62c642a4-6ec6-4812-8b87-ecc02aec416f
4ff10a00-c779-4244-92f8-e8614eb21540,f4ad6589-72fe-48ac-84c0-7b750cbd1231,deb24d26-0114-4a1e-a7b1-bacee987dbc3,4x10 Ampeg HLF,,Legacy,,,,4x10 CAB,,,,,,"Bass,Modeled",effects:62c642a4-6ec6-4812-8b87-ecc02aec416f
18244856-b021-4efd-8f77-83c4823a3c9a,f4ad6589-72fe-48ac-84c0-7b750cbd1231,5f726c28-98c1-4da5-a359-81b579c10a01,8x10 SVT AV,,,,,,8x10,Ampeg SVT610HLF TOP,,,,,"Bass,Modeled",effects:62c642a4-6ec6-4812-8b87-ecc02aec416f
7cb5183a-3d2f-4537-8f12-5c238b6bae06,f4ad6589-72fe-48ac-84c0-7b750cbd1231,715c675b-d39a-4363-8989-f30e051ad47d,Tone Sovereign,,,Harmonic Coloration,,,,,,,,,"Guitar,Modeled,Stomp",effects:62c642a4-6ec6-4812-8b87-ecc02aec416f
6ec18d15-e0e0-4296-88b6-9b9e61d1c30f,f4ad6589-72fe-48ac-84c0-7b750cbd1231,2f446337-f73e-4b24-8bb6-babab210db7a,Heir Apparent,,,Harmonic Coloration,,,,,,,,,"Guitar,Modeled,Stomp",effects:62c642a4-6ec6-4812-8b87-ecc02aec416f
56756a1c-562d-45e8-9a31-38be55a3ab4b,f4ad6589-72fe-48ac-84c0-7b750cbd1231,11914564-9afb-43dd-bb48-ca4d7d797ee8,PlastiChorus,,,Modulation,,,modded,,,,,,"Guitar,Modeled,Stomp",effects:62c642a4-6ec6-4812-8b87-ecc02aec416f
aa722deb-534f-4e30-9efe-8d56184af091,f4ad6589-72fe-48ac-84c0-7b750cbd1231,23c5fc28-9c62-497b-b474-ef1251f4aeb6,Rochester Comp,,Billy Sheehan,Dynamics,,,,,,,,,"Bass,Modeled,Stomp",effects:62c642a4-6ec6-4812-8b87-ecc02aec416f
88ceb057-2cb9-449a-a91c-7b1d354ebdde,f4ad6589-72fe-48ac-84c0-7b750cbd1231,a0ab16d0-36dd-4d67-9c06-1087eba6d516,D6 Dynamic,,,Microphone,,,,Embedded in Helix Native,,,,,"Modeled,Bass",effects:62c642a4-6ec6-4812-8b87-ecc02aec416f
2e6c52ea-6b40-45e7-b8b6-fdeddbe2b4c7,f4ad6589-72fe-48ac-84c0-7b750cbd1231,3ab6f15b-f679-4785-905e-cac1469ff063,Tube Drive,,Legacy,Harmonic Coloration,,,,B.K. Butler Tube Driver DNU,,,,,"Guitar,Modeled,Stomp",effects:62c642a4-6ec6-4812-8b87-ecc02aec416f
7d12d05b-71d4-4c7e-9933-d8a0e2dcdf87,f4ad6589-72fe-48ac-84c0-7b750cbd1231,3ab6f15b-f679-4785-905e-cac1469ff063,Valve Driver,,,Harmonic Coloration,,,,B.K. Butler Tube Driver TOP,,,,,"Guitar,Modeled,Stomp",effects:62c642a4-6ec6-4812-8b87-ecc02aec416f
8544a81b-8e74-496c-9d36-15594c622472,f4ad6589-72fe-48ac-84c0-7b750cbd1231,fb6ac6f8-3e5a-4067-bcf6-a143f44bdd5f,Cartographer,,,,,,,,,,,,"Guitar,Modeled",effects:62c642a4-6ec6-4812-8b87-ecc02aec416f
5641aa03-f177-4bdd-979e-51447916b0c7,f4ad6589-72fe-48ac-84c0-7b750cbd1231,fb6ac6f8-3e5a-4067-bcf6-a143f44bdd5f,4x12 Cartog C90,,,,,,4x12 CAB Celestion C90,,,,,,"Guitar,Modeled",effects:62c642a4-6ec6-4812-8b87-ecc02aec416f
ef515c04-4d9b-492a-a613-7bdba60479b4,f4ad6589-72fe-48ac-84c0-7b750cbd1231,fb6ac6f8-3e5a-4067-bcf6-a143f44bdd5f,4x12 Cartog Guv,,,,,,4x12 CAB Eminence Governor,,,,,,"Guitar,Modeled",effects:62c642a4-6ec6-4812-8b87-ecc02aec416f
c44bfa37-057f-46e6-a3af-55cbd61ce34d,f4ad6589-72fe-48ac-84c0-7b750cbd1231,ba13ee00-9b47-4bb1-848c-13dfbebcb406,KWB,,,Harmonic Coloration,,,KWB = Kowloon Walled Bunny,,,,,,"Guitar,Modeled,Stomp",effects:62c642a4-6ec6-4812-8b87-ecc02aec416f
86752dfe-8c9d-4cc1-a237-fe664b55f9fb,f4ad6589-72fe-48ac-84c0-7b750cbd1231,11b07f9e-f95f-4b9c-b7f9-fbe6b6fa10df,160 Ribbon,,,Microphone,,,,Embedded in Helix Native,,,,,"Guitar,Modeled",effects:62c642a4-6ec6-4812-8b87-ecc02aec416f
321a7623-c765-483d-9018-7d47b01d3962,f4ad6589-72fe-48ac-84c0-7b750cbd1231,a0447870-096d-4981-9c6b-568636d7773b,88 Dynamic,,,Microphone,,,,,,,,,"Modeled,Bass",effects:62c642a4-6ec6-4812-8b87-ecc02aec416f
a26d3565-ecee-4353-8345-b11cda9b16a9,f4ad6589-72fe-48ac-84c0-7b750cbd1231,623b3a05-0ea1-4aee-b2da-c16ebb598416,Echo Platter,,Legacy,Delay,,,,Binson Echorec 2 T7E ALT (Tone),,,,,"Guitar,Modeled,Stomp",effects:62c642a4-6ec6-4812-8b87-ecc02aec416f
25ea8021-22c4-43ff-9652-357e96678092,f4ad6589-72fe-48ac-84c0-7b750cbd1231,9f0b65c2-8cf2-46aa-89d4-af6ac7a3f09b,German Xtra Blue,,,,,,,Bogner Ecstasy 101B TOP,,,,,"Guitar,Modeled",effects:62c642a4-6ec6-4812-8b87-ecc02aec416f
7a7648b0-0545-4269-a5db-85b8d27a11f0,f4ad6589-72fe-48ac-84c0-7b750cbd1231,9f0b65c2-8cf2-46aa-89d4-af6ac7a3f09b,German Xtra Red,,,,,,,Bogner Ecstasy 101B TOP,,,,,"Guitar,Modeled",effects:62c642a4-6ec6-4812-8b87-ecc02aec416f
508e7d8d-bcc4-4a62-b289-9ad55b3ec95e,f4ad6589-72fe-48ac-84c0-7b750cbd1231,8e3ecde3-59d3-4a17-8a61-779f9f7bd716,1x12 Lead 80,,Legacy,,,,1x12 CAB,,,,,,"Guitar,Modeled",effects:62c642a4-6ec6-4812-8b87-ecc02aec416f
43d63ecf-a3f8-4518-a3dd-791022ab4222,f4ad6589-72fe-48ac-84c0-7b750cbd1231,8e3ecde3-59d3-4a17-8a61-779f9f7bd716,German Mahadeva,,,,,,,Bogner Shiva TOP,,,,,"Guitar,Modeled",effects:62c642a4-6ec6-4812-8b87-ecc02aec416f
648dc0dd-fc66-4a15-9ac1-2029e5cbcd18,f4ad6589-72fe-48ac-84c0-7b750cbd1231,384e8b9c-85b8-457f-8098-ac2916e3b8c7,4x12 Uber T75,,,,,,4x12 CAB Celestion G12T-75,,,,,,"Guitar,Modeled",effects:62c642a4-6ec6-4812-8b87-ecc02aec416f
592cde3e-70bc-4677-8845-15b6fb754dd2,f4ad6589-72fe-48ac-84c0-7b750cbd1231,384e8b9c-85b8-457f-8098-ac2916e3b8c7,4x12 Uber V30,,,,,,4x12 CAB Celestion Vintage 30,,,,,,"Guitar,Modeled",effects:62c642a4-6ec6-4812-8b87-ecc02aec416f
adf19db8-3585-44b4-b9e8-aa887729e9d6,f4ad6589-72fe-48ac-84c0-7b750cbd1231,d66254df-de0d-4807-bd92-3135cb9212d4,German Ubersonic,,,,,,,Bogner Uberschall TOP,,,,,"Guitar,Modeled",effects:62c642a4-6ec6-4812-8b87-ecc02aec416f
a14f34eb-1833-4b9d-9fb8-bdcb65c588b1,f4ad6589-72fe-48ac-84c0-7b750cbd1231,b4864be2-5ccd-4ba8-a063-75de422b21ec,70s Chorus,,,Modulation,,,,Boss CE-1 TOP,,,,,"Guitar,Modeled,Stomp",effects:62c642a4-6ec6-4812-8b87-ecc02aec416f
b46d3369-b986-44c6-a1bd-98d3742aa43b,f4ad6589-72fe-48ac-84c0-7b750cbd1231,b4864be2-5ccd-4ba8-a063-75de422b21ec,Analog Chorus,,Legacy,Modulation,,,,Boss CE-1 ALT (Tone),,,,,"Guitar,Modeled,Stomp",effects:62c642a4-6ec6-4812-8b87-ecc02aec416f
951cf5ad-0cbc-4e3e-9a34-38f9f4829a83,f4ad6589-72fe-48ac-84c0-7b750cbd1231,5aa2ea67-33cf-4880-8d12-d8aa5c62e611,Blue Comp,,Legacy,Dynamics,,,Treb version has treble switch enabled,Boss CS-1 TOP,,,,,"Guitar,Modeled,Stomp",effects:62c642a4-6ec6-4812-8b87-ecc02aec416f
30d8b220-4337-4924-8f72-c1e1a27f1029,f4ad6589-72fe-48ac-84c0-7b750cbd1231,5aa2ea67-33cf-4880-8d12-d8aa5c62e611,Blue Comp Treb,,Legacy,Dynamics,,,Treb version has treble switch enabled,Boss CS-1 TOP,,,,,"Guitar,Modeled,Stomp",effects:62c642a4-6ec6-4812-8b87-ecc02aec416f
1017e0c1-2cbe-4dcc-80c7-85de37c863e1,f4ad6589-72fe-48ac-84c0-7b750cbd1231,9cae5bf5-4eaa-4acd-b2e4-9268cf181ef3,Adriatic Delay,,,Delay,,,,Boss DM-2 TOP (Adrian Mod),,"(Adrian Mod) created by Line 6 audio architect Ben Adrian. It extends the original DM-2's maximum 300ms delay time up to 1.8 seconds, while adding, sweet modulation for a more versatile, ""tweakable"" sound.",,,"Guitar,Modeled,Stomp",effects:62c642a4-6ec6-4812-8b87-ecc02aec416f
d17b6c3f-17a8-4b8e-95b5-dc09b265e7d7,f4ad6589-72fe-48ac-84c0-7b750cbd1231,9cae5bf5-4eaa-4acd-b2e4-9268cf181ef3,Analog Echo,,Legacy,Delay,,,,Boss DM-2 ALT (Tone),,,,,"Guitar,Modeled,Stomp",effects:62c642a4-6ec6-4812-8b87-ecc02aec416f
f3db41e2-47ab-415f-94cd-4721ac929482,f4ad6589-72fe-48ac-84c0-7b750cbd1231,9cae5bf5-4eaa-4acd-b2e4-9268cf181ef3,Bucket Brigade,,,Delay,,,,Boss DM-2 TOP,,,,,"Guitar,Modeled,Stomp",effects:62c642a4-6ec6-4812-8b87-ecc02aec416f
a2eac8fd-2636-443b-8110-3600a22409c8,f4ad6589-72fe-48ac-84c0-7b750cbd1231,28398815-1483-4338-9cae-1e5b5fe27d91,Deez One Mod,,,Harmonic Coloration,,,"The Keeley DS-1 Mod (specifically the ""Ultra Mod"" or ""Seeing Eye Mod"") is a popular, early-2000s modification for the Boss DS-1 distortion pedal, replacing stock components with high-quality, low-noise parts (metal film/poly capacitors).  It typically includes a toggle switch for two modes: a ""Seeing Eye"" mode (LED flashes with playing intensity) and an ""Ultra"" mode for a thicker, more Marshall-like, compressed gain.",Boss DS-1 TOP (Keeley Mod),,"eliminates harsh, fizzy top-end frequencies while adding significant bass and midrange.",,,"Guitar,Modeled,Stomp",effects:62c642a4-6ec6-4812-8b87-ecc02aec416f
f8a95ddb-f428-4894-a9d8-c8e1c4ecc37b,f4ad6589-72fe-48ac-84c0-7b750cbd1231,28398815-1483-4338-9cae-1e5b5fe27d91,Deez One Vintage,,,Harmonic Coloration,,,,Boss DS-1 TOP,,,,,"Guitar,Modeled,Stomp",effects:62c642a4-6ec6-4812-8b87-ecc02aec416f
ef897a01-b819-4c42-8979-6c6e5ac2a59a,f4ad6589-72fe-48ac-84c0-7b750cbd1231,8495dc38-6f3b-44e6-add3-485dab9d8a92,Wringer Fuzz,,,Harmonic Coloration,,,Garbage's modification,,,,,,"Guitar,Modeled,Stomp",effects:62c642a4-6ec6-4812-8b87-ecc02aec416f
b30c4553-0989-4e07-ba54-a0e582f34899,f4ad6589-72fe-48ac-84c0-7b750cbd1231,8c24e66a-a6cb-455e-a114-dc5c3baa2ff9,Swedish Chainsaw,,,Harmonic Coloration,,,,Boss HM-2 TOP,,,,,"Guitar,Modeled,Stomp",effects:62c642a4-6ec6-4812-8b87-ecc02aec416f
f35a619a-361d-4b4f-a25c-0a323ff20f60,f4ad6589-72fe-48ac-84c0-7b750cbd1231,d42900f8-c1d5-4072-9aa2-1ab62f321454,Heavy Dist,,Legacy,Harmonic Coloration,,,,Boss MT-2 ALT (Tone),,,,,"Guitar,Modeled,Stomp",effects:62c642a4-6ec6-4812-8b87-ecc02aec416f
2584aedc-50de-4f12-93c5-f96eaf96efbe,f4ad6589-72fe-48ac-84c0-7b750cbd1231,d42900f8-c1d5-4072-9aa2-1ab62f321454,Killer Z,,Legacy,Harmonic Coloration,,,,Boss MT-2 ALT (Tone),,,,,"Guitar,Modeled,Stomp",effects:62c642a4-6ec6-4812-8b87-ecc02aec416f
93a6dac1-9f5c-481c-83ed-e0a45fb36902,f4ad6589-72fe-48ac-84c0-7b750cbd1231,ef0c872b-fc31-42c4-9934-2039468a54fd,Boctaver,,,Pitch Tools,,,,Boss OC-2 TOP,,,,,"Guitar,Modeled,Stomp",effects:62c642a4-6ec6-4812-8b87-ecc02aec416f
5dd4ad41-c706-4eaa-b3dc-1b0cdf0a3e44,f4ad6589-72fe-48ac-84c0-7b750cbd1231,3c17fc1e-5784-4eca-b961-a79885f9cd5f,Tremolo/Autopan,,,Modulation,,,,,,,,,"Guitar,Modeled,Stomp",effects:62c642a4-6ec6-4812-8b87-ecc02aec416f
b36447d4-da43-4ece-ae11-9a96fa43f916,f4ad6589-72fe-48ac-84c0-7b750cbd1231,1b168b3a-fb23-4620-85f6-cb31a7d7187a,Stupor OD,,,Harmonic Coloration,,,,Boss SD-1 TOP,,,,,"Guitar,Modeled,Stomp",effects:62c642a4-6ec6-4812-8b87-ecc02aec416f
14c3f583-ccba-4041-9359-d0beb594a8b6,f4ad6589-72fe-48ac-84c0-7b750cbd1231,29fb7f1e-0ce3-4b04-8fb5-1214dac761a4,Bubble Vibrato,,,Modulation,,,,Boss VB-2 TOP,,,,,"Guitar,Modeled,Stomp",effects:62c642a4-6ec6-4812-8b87-ecc02aec416f
7ed1ae02-d481-46f5-8510-5b667976b9c6,f4ad6589-72fe-48ac-84c0-7b750cbd1231,29fb7f1e-0ce3-4b04-8fb5-1214dac761a4,Pitch Vibrato,,Legacy,Modulation,,,,Boss VB-2 ALT (Tone),,,,,"Guitar,Modeled,Stomp",effects:62c642a4-6ec6-4812-8b87-ecc02aec416f
64f12ee3-186a-4fc1-a5c7-433bcb635d6a,f4ad6589-72fe-48ac-84c0-7b750cbd1231,921b3de5-1062-4648-93e4-284756d07963,Legendary Drive,,,Harmonic Coloration,,,High Gain (Yellow) channel,,,,,,"Guitar,Modeled,Stomp",effects:62c642a4-6ec6-4812-8b87-ecc02aec416f
c082032d-668a-472d-9929-024723e8a672,f4ad6589-72fe-48ac-84c0-7b750cbd1231,4027005e-d4f3-4939-a802-2e9f5bee048c,1x12 Celest 12H,,Legacy,,,,1x12 CAB,,,,,,"Guitar,Modeled",effects:62c642a4-6ec6-4812-8b87-ecc02aec416f
954092bd-d180-4972-95f8-792349ad8f89,f4ad6589-72fe-48ac-84c0-7b750cbd1231,4027005e-d4f3-4939-a802-2e9f5bee048c,4x12 Blackback30,,,,,,4x12 CAB,,,Recorded w/ Park 75 head,,,"Guitar,Modeled",effects:62c642a4-6ec6-4812-8b87-ecc02aec416f
0085f823-de8d-4473-800c-b5a655eef956,f4ad6589-72fe-48ac-84c0-7b750cbd1231,f4b4c17a-2e7a-47e6-8331-3725f1bc5027,1x12 Open Cream,,,,,,1x12 open back CAB,,,,,,"Guitar,Modeled",effects:62c642a4-6ec6-4812-8b87-ecc02aec416f
ff30df3b-0f69-4740-b9dd-1357e85be336,f4ad6589-72fe-48ac-84c0-7b750cbd1231,a1d47dbb-a29e-4d5c-bdc3-33a4c945ef14,4x12 MOO)))N T75,,,,,,4x12 CAB for Sunn,,,,,,"Guitar,Modeled",effects:62c642a4-6ec6-4812-8b87-ecc02aec416f
f8628305-b3a1-40a8-bfb7-5785c1342689,f4ad6589-72fe-48ac-84c0-7b750cbd1231,8dd8a0a8-3b5d-4b07-ac41-f3c5a0c6ea1a,4038 Ribbon,,,Microphone,,,,Embedded in Helix Native,,,,,"Guitar,Bass,Modeled",effects:62c642a4-6ec6-4812-8b87-ecc02aec416f
9d6f57e2-6f80-4615-b58f-a09898838055,f4ad6589-72fe-48ac-84c0-7b750cbd1231,5049730f-aecb-4a0a-a027-cc85a8c1d20d,Colordrive,,Legacy,Harmonic Coloration,,,,,,,,,"Guitar,Modeled,Stomp",effects:62c642a4-6ec6-4812-8b87-ecc02aec416f
dda31ca2-edc1-4478-8b60-1b989dd5d311,f4ad6589-72fe-48ac-84c0-7b750cbd1231,5049730f-aecb-4a0a-a027-cc85a8c1d20d,L6 Drive,,Legacy,Harmonic Coloration,,,modded - unspecified,,,,,,"Guitar,Modeled,Stomp",effects:62c642a4-6ec6-4812-8b87-ecc02aec416f
2f30f1aa-4d9d-4528-ae03-27581f850812,f4ad6589-72fe-48ac-84c0-7b750cbd1231,68112ec5-5119-43cb-af18-c538c75d6d8c,Colorful,,,Modulation,,,,,,,,,"Guitar,Modeled,Stomp",effects:62c642a4-6ec6-4812-8b87-ecc02aec416f
f7652e7a-9200-4161-b67f-259f61f5bcce,f4ad6589-72fe-48ac-84c0-7b750cbd1231,c8466df9-e04a-46d4-a87d-97c880acb6f9,Spin Cycle,,Legacy,Modulation,,,,,,,,,"Guitar,Modeled,Stomp",effects:62c642a4-6ec6-4812-8b87-ecc02aec416f
44c80123-1b29-4a64-bf57-5738a1adddc5,f4ad6589-72fe-48ac-84c0-7b750cbd1231,aa9dbd81-4f44-4e1e-8205-7c80f96f02c9,Weeper,,,Modulation,,,,,,,,,"Guitar,Modeled,Stomp",effects:62c642a4-6ec6-4812-8b87-ecc02aec416f
98ad62fd-641b-4782-9b11-248a7129b30a,f4ad6589-72fe-48ac-84c0-7b750cbd1231,a12ad6d4-10d4-4704-beb0-4ac24154c8a3,Arbitrator Fuzz,,,Harmonic Coloration,,,,Dallas Arbiter Fuzz Face TOP,,,,,"Guitar,Modeled,Stomp",effects:62c642a4-6ec6-4812-8b87-ecc02aec416f
2203527d-876f-404b-8254-0c563a46e371,f4ad6589-72fe-48ac-84c0-7b750cbd1231,a12ad6d4-10d4-4704-beb0-4ac24154c8a3,Facial Fuzz,,Legacy,Harmonic Coloration,,,,Dallas Arbiter Fuzz Face ALT (Tone),,,,,"Guitar,Modeled,Stomp",effects:62c642a4-6ec6-4812-8b87-ecc02aec416f
9a71f066-8c2a-476c-9863-8a5ee79228cf,f4ad6589-72fe-48ac-84c0-7b750cbd1231,4254ff9f-9363-4b26-ba1b-4a703c7b48ea,Deranged Master,,,Harmonic Coloration,,,,,,,,,"Guitar,Modeled,Stomp",effects:62c642a4-6ec6-4812-8b87-ecc02aec416f
53b73e60-2368-4d68-994d-716a071e32f0,f4ad6589-72fe-48ac-84c0-7b750cbd1231,8cea5fe5-9b4b-444e-be86-324e783e25a4,Obsidian 7000,,,"Harmonic Coloration,EQ,Preamp",,,,,,,,,"Bass,Modeled,Stomp",effects:62c642a4-6ec6-4812-8b87-ecc02aec416f
f32a1ac8-df3f-4393-a3d1-2bbc563284ad,f4ad6589-72fe-48ac-84c0-7b750cbd1231,87fcb573-45cc-4dbc-a6ac-6f43e785efdf,Das Benzin Lead,,,,,,2 Models/Channels (Mega; Lead),Diezel VH4 TOP,,,,,"Guitar,Modeled",effects:62c642a4-6ec6-4812-8b87-ecc02aec416f
c8be24ff-e0df-4656-a118-c514cc6080cc,f4ad6589-72fe-48ac-84c0-7b750cbd1231,87fcb573-45cc-4dbc-a6ac-6f43e785efdf,Das Benzin Mega,,,,,,2 Models/Channels (Mega; Lead),Diezel VH4 TOP,,,,,"Guitar,Modeled",effects:62c642a4-6ec6-4812-8b87-ecc02aec416f
07bb1da6-5539-46b0-8d7d-4f730b4c171a,f4ad6589-72fe-48ac-84c0-7b750cbd1231,77a4f4e5-0274-4906-9004-ca9545207133,Pitch Wham,,,Pitch Tools,,,,DigiTech Whammy TOP,,,,,"Guitar,Modeled,Stomp",effects:62c642a4-6ec6-4812-8b87-ecc02aec416f
52ea59ee-71a4-405c-85ba-274a87622084,f4ad6589-72fe-48ac-84c0-7b750cbd1231,d9298b9a-47fc-46ac-b707-182607cbd23e,Divided Duo,,,,,,,,,,,,"Guitar,Modeled",effects:62c642a4-6ec6-4812-8b87-ecc02aec416f
f0d422e4-f4dc-4c3f-98b9-2d40a9c34241,f4ad6589-72fe-48ac-84c0-7b750cbd1231,f5f03105-23e0-4f5a-b941-29fcc5468ce3,Overdrive,,Legacy,"Harmonic Coloration,Preamp",,,,DOD Overdrive/Preamp 250 ALT (Tone),,,,,"Guitar,Modeled,Stomp",effects:62c642a4-6ec6-4812-8b87-ecc02aec416f
574fd4c3-1e44-4ed4-b874-4da5974c4a43,f4ad6589-72fe-48ac-84c0-7b750cbd1231,f5f03105-23e0-4f5a-b941-29fcc5468ce3,Top Secret OD,,,"Harmonic Coloration,Preamp",,,,DOD Overdrive/Preamp 250 TOP,,,,,"Guitar,Modeled,Stomp",effects:62c642a4-6ec6-4812-8b87-ecc02aec416f
419b6b39-192e-4174-8cb7-92ba7efc030f,f4ad6589-72fe-48ac-84c0-7b750cbd1231,bb72cb72-bd47-4b4b-b659-f0e850da62d8,Interstate Zed,,,,,,,Dr. Z Route 66 TOP,,,,,"Guitar,Modeled",effects:62c642a4-6ec6-4812-8b87-ecc02aec416f
765b0826-31cd-4829-80f4-8ced8fc052be,f4ad6589-72fe-48ac-84c0-7b750cbd1231,4c9082e5-3be7-403a-934a-7daff89f3101,2x12 Interstate,,,,,,2x12 CAB Celestion Vintage 30,,,,,,"Guitar,Modeled",effects:62c642a4-6ec6-4812-8b87-ecc02aec416f
6fb77db7-bf70-4c27-a347-f7ede72284c5,f4ad6589-72fe-48ac-84c0-7b750cbd1231,10b1acdd-2360-41a6-b1cb-78d650b01f08,Teardrop Bass Q,,,Modulation,,,modded,Dunlop 105Q Cry Baby Bass Wah  TOP,,,,,"Bass,Modeled,Stomp",effects:62c642a4-6ec6-4812-8b87-ecc02aec416f
965cc925-8f04-4166-9688-2f3f9454f407,f4ad6589-72fe-48ac-84c0-7b750cbd1231,1177618c-ee94-4d15-be4b-1942cecaf979,Teardrop 310,,,Modulation,,,,,,,,,"Guitar,Modeled,Stomp",effects:62c642a4-6ec6-4812-8b87-ecc02aec416f
0b5a16ad-e40d-4984-8752-cd8e479c2d49,f4ad6589-72fe-48ac-84c0-7b750cbd1231,98f2c781-3ac1-4e6b-b315-95bff0a3690e,Fassel,,,"Modulation,Dynamics",,,,,,,,,"Guitar,Modeled,Stomp",effects:62c642a4-6ec6-4812-8b87-ecc02aec416f
f6a0fac7-3c50-45d8-91d5-43bb90eab842,f4ad6589-72fe-48ac-84c0-7b750cbd1231,b42f1bf7-92a3-43aa-be42-4e24c01cb559,Tri Chorus,,Legacy,Modulation,,,,Dytronics CS-5 DNU,,,,,"Guitar,Modeled",effects:62c642a4-6ec6-4812-8b87-ecc02aec416f
b2bfa3af-a267-44f2-9de2-9b7191fc2701,f4ad6589-72fe-48ac-84c0-7b750cbd1231,b42f1bf7-92a3-43aa-be42-4e24c01cb559,Trinity Chorus,,,Modulation,,,,Dytronics CS-5 TOP,,,,,"Guitar,Modeled",effects:62c642a4-6ec6-4812-8b87-ecc02aec416f
87915b9f-53d6-4401-aa5e-04216f4a4e6b,f4ad6589-72fe-48ac-84c0-7b750cbd1231,1a240633-bd05-4151-99f2-397887c3ceb9,Pillars,,,Harmonic Coloration,,,,,,,,,"Guitar,Modeled,Stomp",effects:62c642a4-6ec6-4812-8b87-ecc02aec416f
881eaa64-aa38-4510-a6b2-9d9951e1918e,f4ad6589-72fe-48ac-84c0-7b750cbd1231,861a21c3-57fe-43ef-a112-f48f6b2ede42,Vital Boost,,,Harmonic Coloration,,,Boost Circuit,EarthQuaker Devices Life Pedal TOP,,,,,"Guitar,Modeled,Stomp",effects:62c642a4-6ec6-4812-8b87-ecc02aec416f
53d270f3-9bdd-4646-9a25-3d09863b7b85,f4ad6589-72fe-48ac-84c0-7b750cbd1231,861a21c3-57fe-43ef-a112-f48f6b2ede42,Vital Dist,,,Harmonic Coloration,,,Octave/Distortion Circuit,EarthQuaker Devices Life Pedal TOP,,,,,"Guitar,Modeled,Stomp",effects:62c642a4-6ec6-4812-8b87-ecc02aec416f
585d4f53-c304-4f76-ab39-32d34bcca4d8,f4ad6589-72fe-48ac-84c0-7b750cbd1231,6ca89787-af02-48be-ab64-6e66f2b35fcb,Bass Octaver,,Legacy,Harmonic Coloration,,,,,,,,,"Bass,Modeled,Stomp",effects:62c642a4-6ec6-4812-8b87-ecc02aec416f
2043596f-efc4-4c4c-aeaa-246e8adf8e3a,f4ad6589-72fe-48ac-84c0-7b750cbd1231,de687979-5297-483f-981a-27a22c194897,4x10 Garden,,,,,,4x10 CAB,Eden D410XLT TOP,,,,,"Guitar,Modeled",effects:62c642a4-6ec6-4812-8b87-ecc02aec416f
171efe67-eb2a-4eae-9378-3c89719f7832,f4ad6589-72fe-48ac-84c0-7b750cbd1231,6b3c3e03-f2c2-4a87-bc5c-0832a58b50d2,Throbber,,Legacy,Modulation,,,,,,,,,"Guitar,Modeled",effects:62c642a4-6ec6-4812-8b87-ecc02aec416f
0cbbed88-c64e-4a7c-8c5a-6b896099e316,f4ad6589-72fe-48ac-84c0-7b750cbd1231,f9691b9c-6294-4e8e-88b1-a40dad5aef60,Fuzz Pi,,Legacy,"Harmonic Coloration,Dynamics",,,,Electro-Harmonix Big Muff Pi DNU,,,,,"Guitar,Modeled,Stomp",effects:62c642a4-6ec6-4812-8b87-ecc02aec416f
090c7399-3d57-49d7-9e7e-11f900ee2f3c,f4ad6589-72fe-48ac-84c0-7b750cbd1231,935f1a5f-94cc-4b7e-9a7b-0db1aa42ad37,Courtesan Flange,,,Modulation,,,,Electro-Harmonix Deluxe Electric Mistress TOP,,,,,"Guitar,Modeled,Stomp",effects:62c642a4-6ec6-4812-8b87-ecc02aec416f
13899eb5-418f-4585-a646-5e3da70c020f,f4ad6589-72fe-48ac-84c0-7b750cbd1231,f926e1cc-0cc0-4743-baff-a4a43af8735c,Analog w/ Mod,,Legacy,"Delay,Modulation",,,,Electro-Harmonix Deluxe Memory Man DNU,,,,,"Guitar,Modeled,Stomp",effects:62c642a4-6ec6-4812-8b87-ecc02aec416f
9c027c62-dece-44ab-a976-5c577d45b61b,f4ad6589-72fe-48ac-84c0-7b750cbd1231,f926e1cc-0cc0-4743-baff-a4a43af8735c,Elephant Man,,,"Delay,Modulation",,,,Electro-Harmonix Deluxe Memory Man TOP,,,,,"Guitar,Modeled,Stomp",effects:62c642a4-6ec6-4812-8b87-ecc02aec416f
29c41650-88cf-4ff6-a547-20a4dfe70fe3,f4ad6589-72fe-48ac-84c0-7b750cbd1231,b0df2e5e-53a7-414e-b299-55852ae5283f,Bighorn Fuzz,,,"Harmonic Coloration,Dynamics",,,,,,,,,"Guitar,Modeled,Stomp",effects:62c642a4-6ec6-4812-8b87-ecc02aec416f
007f0feb-4848-4461-b861-814f6ea3d7e5,f4ad6589-72fe-48ac-84c0-7b750cbd1231,8a49c207-7e5c-4130-85b7-f07472fb1d52,Dark Dove Fuzz,,,"Harmonic Coloration,Dynamics",,,,Electro-Harmonix Russian Big Muff Pi TOP,,,,,"Guitar,Modeled,Stomp",effects:62c642a4-6ec6-4812-8b87-ecc02aec416f
b56b4e1c-eedc-4e38-a91a-fa7169c11d7e,f4ad6589-72fe-48ac-84c0-7b750cbd1231,e32acd81-83db-40ae-86e0-7e884a27c013,Pebble Phaser,,,Modulation,,,,Electro-Harmonix Small Stone TOP,,,,,"Guitar,Modeled,Stomp",effects:62c642a4-6ec6-4812-8b87-ecc02aec416f
46871468-d267-4006-9012-bc4e4f459fe7,f4ad6589-72fe-48ac-84c0-7b750cbd1231,5e2d271c-0468-479d-b68a-2f0fcf198847,Triangle Fuzz,,,"Harmonic Coloration,Dynamics",,,,Electro-Harmonix Triangle Big Muff Pi TOP,,,,,"Guitar,Modeled,Stomp",effects:62c642a4-6ec6-4812-8b87-ecc02aec416f
7ad55224-2aea-4a02-bbf5-e79b064bc46b,f4ad6589-72fe-48ac-84c0-7b750cbd1231,c6a39df9-1a61-42f6-b429-05f545286017,1x12 Open Cast,,,,,,1x12 open back CAB,,,,,,"Guitar,Modeled",effects:62c642a4-6ec6-4812-8b87-ecc02aec416f
f6023961-6e11-4b09-8607-26cf6b269e04,f4ad6589-72fe-48ac-84c0-7b750cbd1231,ea997eeb-dbbc-4195-9ab7-ba340575d571,20 Dynamic,,Legacy,Microphone,,,,Embedded in Helix Native,,,,,Modeled,effects:62c642a4-6ec6-4812-8b87-ecc02aec416f
085b0a5c-e1aa-4030-84df-9a05cca48337,f4ad6589-72fe-48ac-84c0-7b750cbd1231,9cc04c20-1cd2-4968-9363-ba5ddc38fa07,4x12 XXL V30,,,,,,4x12 CAB,Engl E412XXL TOP,,,,,"Guitar,Modeled",effects:62c642a4-6ec6-4812-8b87-ecc02aec416f
68006cbb-dee9-4b47-a262-22a57318f1b9,f4ad6589-72fe-48ac-84c0-7b750cbd1231,a03cfd4d-baa9-4e6f-ba40-a270b16bfc5f,ANGL Meteor,,,,,,,Engl E635 Fireball 100 TOP,,,,,"Guitar,Modeled",effects:62c642a4-6ec6-4812-8b87-ecc02aec416f
5e11f74a-b022-4830-a05c-140c580d1cb7,f4ad6589-72fe-48ac-84c0-7b750cbd1231,79d6be31-bcbb-49f1-9308-ef12548ab1ae,1x12 Epicenter,,,,,,1x12 CAB,,,,,,"Guitar,Modeled",effects:62c642a4-6ec6-4812-8b87-ecc02aec416f
0b29eb03-9209-46b6-a089-4510c813e5aa,f4ad6589-72fe-48ac-84c0-7b750cbd1231,18c86a48-6793-420e-9a21-809fa12cfa01,Ballistic Fuzz,,,Harmonic Coloration,,,,,,,,,"Guitar,Modeled,Stomp",effects:62c642a4-6ec6-4812-8b87-ecc02aec416f
add441c6-9579-4768-a7dd-68de5a69030a,f4ad6589-72fe-48ac-84c0-7b750cbd1231,571ddcbf-516f-4246-be52-da922b6cb03c,Smart Harmony,,Legacy,"Delay,Modulation,Pitch Tools,Spatial Processing",,,,Embedded in Helix Native,,,,,"Guitar,Modeled,Stomp",effects:62c642a4-6ec6-4812-8b87-ecc02aec416f
c3522b94-dcfc-45ef-8d7f-fad94a113ff6,f4ad6589-72fe-48ac-84c0-7b750cbd1231,571ddcbf-516f-4246-be52-da922b6cb03c,Twin Harmony,,,"Delay,Modulation,Pitch Tools,Spatial Processing",,,,Embedded in Helix Native,,,,,"Guitar,Modeled,Stomp",effects:62c642a4-6ec6-4812-8b87-ecc02aec416f
b62e5555-c266-40cf-82e9-7e9df5007cc0,f4ad6589-72fe-48ac-84c0-7b750cbd1231,4dbec6df-87d7-42e5-9b4b-6ef59943949a,US Small Tweed,,,,,,,Fender '57 Champ TOP,,,,,"Guitar,Modeled",effects:62c642a4-6ec6-4812-8b87-ecc02aec416f
c4646bae-55d7-41b1-bb42-9babfeecee7a,f4ad6589-72fe-48ac-84c0-7b750cbd1231,ec50ba25-c961-4631-aff1-085b7457d4bf,4x10 Tweed P10R,,,,,,4x10 CAB,Embedded in Helix Native,,,,,"Guitar,Modeled",effects:62c642a4-6ec6-4812-8b87-ecc02aec416f
28287a23-9a9a-444d-8d3e-f0bc4361ffec,f4ad6589-72fe-48ac-84c0-7b750cbd1231,ec50ba25-c961-4631-aff1-085b7457d4bf,Tweed Blues Brt,,,,,,"2 Models/Channels (normal, bright)",Fender ’59 Bassman TOP,,,,,"Guitar,Modeled",effects:62c642a4-6ec6-4812-8b87-ecc02aec416f
b9c18f24-7dbe-4fd1-853f-9f55891704ba,f4ad6589-72fe-48ac-84c0-7b750cbd1231,ec50ba25-c961-4631-aff1-085b7457d4bf,Tweed Blues Nrm,,,,,,"2 Models/Channels (normal, bright)",Fender ’59 Bassman TOP,,,,,"Guitar,Modeled",effects:62c642a4-6ec6-4812-8b87-ecc02aec416f
5ac71955-b726-4e6d-84d5-7b31f31f5a48,f4ad6589-72fe-48ac-84c0-7b750cbd1231,3fcec5f5-e8ae-47ec-b4d7-ceb4118fbdcb,Optical Trem,,,Modulation,,,Optical Tremolo Circuit only,Fender Opto Trem TOP,,,,,"Guitar,Modeled",effects:62c642a4-6ec6-4812-8b87-ecc02aec416f
34cd92d4-aeca-45ec-9973-8003f595aa72,f4ad6589-72fe-48ac-84c0-7b750cbd1231,3fcec5f5-e8ae-47ec-b4d7-ceb4118fbdcb,Opto Tremolo,,Legacy,Modulation,,,Optical Tremolo Circuit only,Fender Opto Trem ALT (Tone),,,,,"Guitar,Modeled",effects:62c642a4-6ec6-4812-8b87-ecc02aec416f
f40ac0cf-3dd9-4686-b709-ca386ede7342,f4ad6589-72fe-48ac-84c0-7b750cbd1231,381fce48-2ff9-421c-891a-11af645a1f0c,1x12 US Deluxe,,,,,,1x12 CAB,Oxford 12K5-6 TOP,,,,,"Guitar,Modeled",effects:62c642a4-6ec6-4812-8b87-ecc02aec416f
5d2d5900-f5ed-46d4-a73a-097d58d58d6c,f4ad6589-72fe-48ac-84c0-7b750cbd1231,381fce48-2ff9-421c-891a-11af645a1f0c,US Deluxe Nrm,,,,,,"2 Models/Channels (normal, vibrato)",Fender '65 Deluxe Reverb TOP,,,,,"Guitar,Modeled",effects:62c642a4-6ec6-4812-8b87-ecc02aec416f
7d2cca3c-454e-4181-bb1b-f520a030c10b,f4ad6589-72fe-48ac-84c0-7b750cbd1231,381fce48-2ff9-421c-891a-11af645a1f0c,US Deluxe Vib,,,,,,"2 Models/Channels (normal, vibrato)",Fender '65 Deluxe Reverb TOP,,,,,"Guitar,Modeled",effects:62c642a4-6ec6-4812-8b87-ecc02aec416f
40237e5d-ea4d-433f-b36d-639cabd1fd5d,f4ad6589-72fe-48ac-84c0-7b750cbd1231,c1f9d024-b0ef-404b-992d-175d64e0fcba,1x10 US Princess,,,,,,1x10 CAB Jensen C10R,Fender '65 Princeton Reverb CAB TOP,,,,,"Guitar,Modeled",effects:62c642a4-6ec6-4812-8b87-ecc02aec416f
77562b79-ed3d-4fde-9296-0f78fa992cb8,f4ad6589-72fe-48ac-84c0-7b750cbd1231,c1f9d024-b0ef-404b-992d-175d64e0fcba,1x12 US Princess,,Legacy,,,,Modded 1x12 CAB Celestion Blue,Fender '65 Princeton Reverb CAB ALT (Tone),,,,,"Guitar,Modeled",effects:62c642a4-6ec6-4812-8b87-ecc02aec416f
bf0f1ed5-5e80-4fc5-9543-51ff2882a338,f4ad6589-72fe-48ac-84c0-7b750cbd1231,c1f9d024-b0ef-404b-992d-175d64e0fcba,US Princess,,,,,,,Fender '65 Princeton Reverb TOP,,,,,"Guitar,Modeled",effects:62c642a4-6ec6-4812-8b87-ecc02aec416f
7a90709c-7c20-43c8-9694-e7b20eb72f54,f4ad6589-72fe-48ac-84c0-7b750cbd1231,d6888014-2edc-4157-8d80-63731103cce7,4x10 US Super,,,,,,4x10 CAB,Fender '65 Super Reverb (CAB) TOP,,,,,"Guitar,Modeled",effects:62c642a4-6ec6-4812-8b87-ecc02aec416f
a5773426-d0bd-4d84-a49c-b8402ce93366,f4ad6589-72fe-48ac-84c0-7b750cbd1231,d6888014-2edc-4157-8d80-63731103cce7,US Super Nrm,,,,,,"2 Models/Channels (normal, vibrato)",Fender '65 Super Reverb TOP,,,,,"Guitar,Modeled",effects:62c642a4-6ec6-4812-8b87-ecc02aec416f
2c4038b2-0a33-426d-bc9e-31c5bb0d1541,f4ad6589-72fe-48ac-84c0-7b750cbd1231,d6888014-2edc-4157-8d80-63731103cce7,US Super Vib,,,,,,"2 Models/Channels (normal, vibrato)",Fender '65 Super Reverb TOP,,,,,"Guitar,Modeled",effects:62c642a4-6ec6-4812-8b87-ecc02aec416f
603076b4-3a6f-4180-827d-59c3226ae66d,f4ad6589-72fe-48ac-84c0-7b750cbd1231,9b1831fe-fa8a-46d5-a765-efbed73e83c3,2x12 Double C12N,,,,,,2x12 CAB Jensen C12N,Fender '65 Twin Reverb (CAB) TOP,,,,,"Guitar,Modeled",effects:62c642a4-6ec6-4812-8b87-ecc02aec416f
cdb08ef9-b9e1-49c8-bbe5-7e068cedff40,f4ad6589-72fe-48ac-84c0-7b750cbd1231,9b1831fe-fa8a-46d5-a765-efbed73e83c3,US Double Nrm,,,,,,"2 Models/Channels (normal, vibrato)",Fender '65 Twin Reverb TOP,,,,,"Guitar,Modeled",effects:62c642a4-6ec6-4812-8b87-ecc02aec416f
75eadc12-337f-44f5-9058-a68b8d7374ed,f4ad6589-72fe-48ac-84c0-7b750cbd1231,9b1831fe-fa8a-46d5-a765-efbed73e83c3,US Double Vib,,,,,,"2 Models/Channels (normal, vibrato)",Fender '65 Twin Reverb TOP,,,,,"Guitar,Modeled",effects:62c642a4-6ec6-4812-8b87-ecc02aec416f
712bb28c-362b-4cd7-aeda-09a837be2ea3,f4ad6589-72fe-48ac-84c0-7b750cbd1231,9818eb80-3f3b-4870-97e3-63d80453c1a6,1x12 Fullerton,,,,,,1x12 CAB,,,,,,"Guitar,Modeled",effects:62c642a4-6ec6-4812-8b87-ecc02aec416f
71111e84-1505-4c56-97bb-9b5c5f817ff6,f4ad6589-72fe-48ac-84c0-7b750cbd1231,9818eb80-3f3b-4870-97e3-63d80453c1a6,Fullerton Brt,,,,,,"3 Models/Channels (normal, bright, jumped)",,,,,,"Guitar,Modeled",effects:62c642a4-6ec6-4812-8b87-ecc02aec416f
45fa4dd7-628f-42c5-bb07-72b23965075a,f4ad6589-72fe-48ac-84c0-7b750cbd1231,9818eb80-3f3b-4870-97e3-63d80453c1a6,Fullerton Jump,,,,,,"3 Models/Channels (normal, bright, jumped)",,,,,,"Guitar,Modeled",effects:62c642a4-6ec6-4812-8b87-ecc02aec416f
bd4abe13-43ad-48a2-80cc-316e29090fc7,f4ad6589-72fe-48ac-84c0-7b750cbd1231,9818eb80-3f3b-4870-97e3-63d80453c1a6,Fullerton Nrm,,,,,,"3 Models/Channels (normal, bright, jumped)",,,,,,"Guitar,Modeled",effects:62c642a4-6ec6-4812-8b87-ecc02aec416f
51d60719-6bc6-473a-8695-cbeb22528297,f4ad6589-72fe-48ac-84c0-7b750cbd1231,a56d805d-ce9f-4469-a374-c4c7a818aa6f,US Dripman Nrm,,,,,,,Fender Bassman 100 Silverface TOP,,,,,"Guitar,Modeled",effects:62c642a4-6ec6-4812-8b87-ecc02aec416f
6ee44deb-2497-4a54-b210-b20379570780,f4ad6589-72fe-48ac-84c0-7b750cbd1231,17f271bb-0676-484e-b192-0393439c2cbb,2x15 US Dripman,,,,,,2x15 CAB,Fender Dual Showman (CAB) TOP,,,,,"Guitar,Modeled",effects:62c642a4-6ec6-4812-8b87-ecc02aec416f
941f08dd-ccc3-42c8-ae58-88254ce14b5b,f4ad6589-72fe-48ac-84c0-7b750cbd1231,5f4ee01c-3a94-46da-8943-ae008a1e47d6,EV Panama Blue,,,,,,2 Models/Channels (Blue; Red),Fender EVH 5150 III 100W (6L6) TOP,,,,,"Guitar,Modeled",effects:62c642a4-6ec6-4812-8b87-ecc02aec416f
655a5bf1-dd6f-4f63-8589-a25580a1dfac,f4ad6589-72fe-48ac-84c0-7b750cbd1231,5f4ee01c-3a94-46da-8943-ae008a1e47d6,EV Panama Red,,,,,,2 Models/Channels (Blue; Red),Fender EVH 5150 III 100W (6L6) TOP,,,,,"Guitar,Modeled",effects:62c642a4-6ec6-4812-8b87-ecc02aec416f
2d3f9faa-ecf9-4a4d-9974-fe97e1345619,f4ad6589-72fe-48ac-84c0-7b750cbd1231,7fab0022-1e78-4001-b3c3-20d6e3407ce2,1x8 Small Tweed,,,,,,1x8 CAB,,,,,,"Guitar,Modeled",effects:62c642a4-6ec6-4812-8b87-ecc02aec416f
abfd5ff4-196c-4e19-9cb1-65e37a700d0f,f4ad6589-72fe-48ac-84c0-7b750cbd1231,1b6f3aef-53e4-4905-bd53-5aec1130166b,Rotary Drum,,Legacy,Modulation,,,,Fender Vibratone ALT (Tone),,,,,Modeled,effects:62c642a4-6ec6-4812-8b87-ecc02aec416f
0859b01f-a245-4b2e-ab3a-270fc2d7cffd,f4ad6589-72fe-48ac-84c0-7b750cbd1231,1b6f3aef-53e4-4905-bd53-5aec1130166b,Vibe Rotary,,,Modulation,,,,Fender Vibratone TOP,,,,,"Guitar,Modeled",effects:62c642a4-6ec6-4812-8b87-ecc02aec416f
2dc3215a-5a08-49e5-8c3b-3e4baebf78c4,f4ad6589-72fe-48ac-84c0-7b750cbd1231,dc5e14e4-4ce4-497e-a08a-b28cb1079e4c,Placater Clean,,,,,,"2 Models/Channels (clean, BE/HBE)",Friedman BE100 TOP,,,,,"Guitar,Modeled",effects:62c642a4-6ec6-4812-8b87-ecc02aec416f
9c5c75e9-e636-4e73-8a82-3a925a63902b,f4ad6589-72fe-48ac-84c0-7b750cbd1231,dc5e14e4-4ce4-497e-a08a-b28cb1079e4c,Placater Dirty,,,,,,"2 Models/Channels (clean, BE/HBE)",Friedman BE100 TOP,,,,,"Guitar,Modeled",effects:62c642a4-6ec6-4812-8b87-ecc02aec416f
35a750cf-283a-49c9-84bb-1bd77fb4b308,f4ad6589-72fe-48ac-84c0-7b750cbd1231,939bd7d5-5a2b-475a-9987-20b209e952bb,Compulsive Drive,,,Harmonic Coloration,,,,Fulltone OCD TOP,,,,,"Guitar,Modeled,Stomp",effects:62c642a4-6ec6-4812-8b87-ecc02aec416f
0b1207f1-bae9-46e0-bcd5-d3d5e7d521f4,f4ad6589-72fe-48ac-84c0-7b750cbd1231,38d7028b-e3d7-4c95-9155-480e93d2d454,G Cougar 800,,,,,,,Gallien-Krueger 800RB TOP,,,,,"Bass,Modeled",effects:62c642a4-6ec6-4812-8b87-ecc02aec416f
1913082c-d302-4f91-a241-70444bea619f,f4ad6589-72fe-48ac-84c0-7b750cbd1231,bc4b0680-0cb3-4d3b-93bf-1cad1349fe9f,1x12 Field Coil,,Legacy,,,,1x12 CAB,,,,,,"Guitar,Modeled",effects:62c642a4-6ec6-4812-8b87-ecc02aec416f
8dfc138b-5a99-499c-9173-dccdf58f8976,f4ad6589-72fe-48ac-84c0-7b750cbd1231,bc4b0680-0cb3-4d3b-93bf-1cad1349fe9f,Stone Age 185,,,,,,,,,,,,"Guitar,Modeled",effects:62c642a4-6ec6-4812-8b87-ecc02aec416f
782d7116-17fe-457c-8050-2da2d93eaabd,f4ad6589-72fe-48ac-84c0-7b750cbd1231,3c301812-5154-43a1-8bcc-96c7ffe62822,Grammatico GSG,,,,,,,,,,,,"Guitar,Modeled",effects:62c642a4-6ec6-4812-8b87-ecc02aec416f
533e3dd3-6c5d-489c-aade-772e45a4e244,f4ad6589-72fe-48ac-84c0-7b750cbd1231,dcb3ced7-1933-4b28-bf32-c4e7158a880e,1x12 Grammatico,,,,,,1x12 CAB,,,,,,"Guitar,Modeled",effects:62c642a4-6ec6-4812-8b87-ecc02aec416f
a75cd17b-6861-41fd-861e-c394c3fa60bf,f4ad6589-72fe-48ac-84c0-7b750cbd1231,dcb3ced7-1933-4b28-bf32-c4e7158a880e,Grammatico LG Brt,,,,,,,,,,,,"Guitar,Modeled",effects:62c642a4-6ec6-4812-8b87-ecc02aec416f
1b1eec7d-de17-4abc-a3a7-bca22d7562cd,f4ad6589-72fe-48ac-84c0-7b750cbd1231,dcb3ced7-1933-4b28-bf32-c4e7158a880e,Grammatico LG Jmp,,,,,,,,,,,,"Guitar,Modeled",effects:62c642a4-6ec6-4812-8b87-ecc02aec416f
089cb42e-17da-41c6-a04e-99c324edd003,f4ad6589-72fe-48ac-84c0-7b750cbd1231,dcb3ced7-1933-4b28-bf32-c4e7158a880e,Grammatico LG Nrm,,,,,,,,,,,,"Guitar,Modeled",effects:62c642a4-6ec6-4812-8b87-ecc02aec416f
e27cf76c-b5d5-4716-be91-72b4c74aa2b1,f4ad6589-72fe-48ac-84c0-7b750cbd1231,a7972c26-f124-4b5d-b876-0665521a374d,30 Dynamic,,,Microphone,,,,,,,,,"Guitar,Modeled",effects:62c642a4-6ec6-4812-8b87-ecc02aec416f
2de49c23-e2d0-4869-b742-4abb2cfcf827,f4ad6589-72fe-48ac-84c0-7b750cbd1231,edd10c3f-17d1-4a63-9a66-43d02f7ec69c,40 Dynamic,,,Microphone,,,,,,,,,"Modeled,Bass",effects:62c642a4-6ec6-4812-8b87-ecc02aec416f
c47986f4-5015-4e6c-9cd0-7ec382e6af1f,f4ad6589-72fe-48ac-84c0-7b750cbd1231,c37e6c64-6593-43f5-9495-be1b2444fa24,Dhyana Drive,,,Harmonic Coloration,,,,,,,,,"Guitar,Modeled,Stomp",effects:62c642a4-6ec6-4812-8b87-ecc02aec416f
c264b4b0-343a-4cca-9694-34a973da83da,f4ad6589-72fe-48ac-84c0-7b750cbd1231,513194a9-ed9c-4280-a619-98621cd9147a,WhoWatt 100,,,,,,(Brilliant Channel),Hiwatt DR103 Custom 100 TOP,,,,,"Guitar,Modeled",effects:62c642a4-6ec6-4812-8b87-ecc02aec416f
ffae8fe4-8f45-43e0-a508-4904063da241,f4ad6589-72fe-48ac-84c0-7b750cbd1231,aa588b88-05f3-491c-9157-262b921c3011,4x12 WhoWatt,,,,,,4x12 CAB,Hiwatt 4123F TOP,,,,,"Guitar,Modeled",effects:62c642a4-6ec6-4812-8b87-ecc02aec416f
37b3db38-632e-4201-8fd0-5b71bcab3b04,f4ad6589-72fe-48ac-84c0-7b750cbd1231,aa588b88-05f3-491c-9157-262b921c3011,4x12 WhoWatt 100,,,,,,4x12 CAB,Hiwatt 4123F TOP,,,,,"Guitar,Modeled",effects:62c642a4-6ec6-4812-8b87-ecc02aec416f
cb378d53-d340-42d0-a495-bed594966728,f4ad6589-72fe-48ac-84c0-7b750cbd1231,5d383335-6b08-4ef8-b43b-e7d73f19e194,Horizon Gate,,,Dynamics,,,Gate Circuit,,,,,,"Guitar,Modeled,Stomp",effects:62c642a4-6ec6-4812-8b87-ecc02aec416f
1fa28ca2-0670-4d7d-b4a4-169f7ca7fef9,f4ad6589-72fe-48ac-84c0-7b750cbd1231,5d383335-6b08-4ef8-b43b-e7d73f19e194,Horizon Drive,,,Harmonic Coloration,,,,,,,,,"Guitar,Modeled,Stomp",effects:62c642a4-6ec6-4812-8b87-ecc02aec416f
3d236387-6636-4b29-a86f-81c735a9c24e,f4ad6589-72fe-48ac-84c0-7b750cbd1231,eb724b44-82ad-4090-8244-789723334692,Panned Phaser,,Legacy,Modulation,,,,,,,,,"Guitar,Modeled,Stomp",effects:62c642a4-6ec6-4812-8b87-ecc02aec416f
89758ff2-0b38-41f7-9e1a-7ec329b16498,f4ad6589-72fe-48ac-84c0-7b750cbd1231,2cc0bdbc-a0a3-4d40-b1f2-9ddbf893052e,Scream 808,,,Harmonic Coloration,,,,Ibanez TS808 TOP,,,,,"Guitar,Modeled,Stomp",effects:62c642a4-6ec6-4812-8b87-ecc02aec416f
b9f8fb46-a284-458e-bb1e-afbd9bc59ce3,f4ad6589-72fe-48ac-84c0-7b750cbd1231,2cc0bdbc-a0a3-4d40-b1f2-9ddbf893052e,Screamer,,Legacy,Harmonic Coloration,,,,Ibanez TS808 ALT (Tone),,,,,"Guitar,Modeled,Stomp",effects:62c642a4-6ec6-4812-8b87-ecc02aec416f
22eb76f0-92a7-4aaa-b1cf-81c20ddfc581,f4ad6589-72fe-48ac-84c0-7b750cbd1231,154631dd-1488-4c6b-ae56-ff3ee6d7f58a,4x12 SoloLead EM,,,,,,4x12 CAB,,,,,,"Guitar,Modeled",effects:62c642a4-6ec6-4812-8b87-ecc02aec416f
bedc4748-34e7-42bc-bc45-3f781de4775e,f4ad6589-72fe-48ac-84c0-7b750cbd1231,0c78be61-a3fd-4a78-87c8-7e0fb22e4ff2,Pocket Fuzz,,,Harmonic Coloration,,,,,,,,,"Guitar,Modeled,Stomp",effects:62c642a4-6ec6-4812-8b87-ecc02aec416f
b982a977-18dd-4ff1-8661-68371a86fdb0,f4ad6589-72fe-48ac-84c0-7b750cbd1231,c7f1d245-57d9-454e-a0be-712a16ca75eb,Minotaur,,,Harmonic Coloration,,,,Klon Centaur TOP,,,,,"Guitar,Modeled,Stomp",effects:62c642a4-6ec6-4812-8b87-ecc02aec416f
8ecb88a3-b889-4d01-bb62-8aeca14b1f83,f4ad6589-72fe-48ac-84c0-7b750cbd1231,cf6a377d-bc76-4a3e-aa01-ed9f3fd91d34,Mystery Filter,,,"Delay,Harmonic Coloration,Dynamics,Modulation,Pitch Tools,Reverb&Room",,,,Embedded in Helix Native,,,,,Modeled,effects:62c642a4-6ec6-4812-8b87-ecc02aec416f
a384e5fc-bfbc-4b5e-b11c-32edb97106ba,f4ad6589-72fe-48ac-84c0-7b750cbd1231,aa8dbb66-3a70-4561-8f19-3546ceab49e4,Attack Synth,,Legacy,"Harmonic Coloration,Pitch Tools,Modulation",,,,,,,,,Modeled,effects:62c642a4-6ec6-4812-8b87-ecc02aec416f
ff97c4f9-7c2e-498c-81bf-8108ea6a7f28,f4ad6589-72fe-48ac-84c0-7b750cbd1231,1c36172d-b5d1-46f5-b2bd-9c1ed27bda0a,122 Rotary,,,Modulation,,,,"Leslie 122 TOP
Embedded in Helix Native",,,,,Modeled,effects:62c642a4-6ec6-4812-8b87-ecc02aec416f
098e09a4-0d7c-4903-b2c9-2b65effc2590,f4ad6589-72fe-48ac-84c0-7b750cbd1231,b2bd9797-32c3-4b59-bcc8-d7820f67cba9,145 Rotary,,,Modulation,,,,"Leslie 147 TOP
Embedded in Helix Native",,,,,Modeled,effects:62c642a4-6ec6-4812-8b87-ecc02aec416f
b63efca7-dcfb-4365-a1ca-385be879388a,f4ad6589-72fe-48ac-84c0-7b750cbd1231,b2bd9797-32c3-4b59-bcc8-d7820f67cba9,Rotary Drum/Horn,,Legacy,Modulation,,,,"Leslie 147 TOP
Embedded in Helix Native",,,,,Modeled,effects:62c642a4-6ec6-4812-8b87-ecc02aec416f
3df0aaf3-3226-43c0-8b4b-4ee902f69c16,f4ad6589-72fe-48ac-84c0-7b750cbd1231,3d705140-043f-4f12-b1bb-0baed670664a,Bleat Chop Trem,,,Modulation,,,,,,,,,"Guitar,Modeled,Stomp",effects:62c642a4-6ec6-4812-8b87-ecc02aec416f
c65ca196-d236-4f3a-be04-e62e3fd0a3f8,f4ad6589-72fe-48ac-84c0-7b750cbd1231,ee6dc5f2-ba89-4883-ad04-9a023ee1020f,Bronze Master,,Legacy,Harmonic Coloration,,,,,,,,,"Bass,Modeled,Stomp",effects:62c642a4-6ec6-4812-8b87-ecc02aec416f
5a508977-9367-4126-83e7-9aed777ad451,f4ad6589-72fe-48ac-84c0-7b750cbd1231,8e1a83f8-4320-4d8a-8ab3-bd284beb2b84,Conductor,,,Modulation,,,,,,,,,"Guitar,Modeled,Stomp",effects:62c642a4-6ec6-4812-8b87-ecc02aec416f
a9a60ac5-9ce6-4cac-9e90-425ba981bb83,f4ad6589-72fe-48ac-84c0-7b750cbd1231,f8c022b7-e3ff-40f2-93dd-4889a123926b,Tube Echo,,Legacy,Delay,,,,,,,,,"Guitar,Modeled,Stomp",effects:62c642a4-6ec6-4812-8b87-ecc02aec416f
4c86ef39-3391-4e0f-b091-e9a84bbc727e,f4ad6589-72fe-48ac-84c0-7b750cbd1231,cb5c24ee-d657-41e2-a49e-3af4e41451cd,Tape Echo,,Legacy,Delay,,,,Maestro Echoplex EP-3 ALT (Tone),,,,,Modeled,effects:62c642a4-6ec6-4812-8b87-ecc02aec416f
9b46d67a-6760-42ae-a4a2-abe5b63b9bd1,f4ad6589-72fe-48ac-84c0-7b750cbd1231,cb5c24ee-d657-41e2-a49e-3af4e41451cd,Transistor Tape,,,Delay,,,,Maestro Echoplex EP-3 TOP,,,,,Modeled,effects:62c642a4-6ec6-4812-8b87-ecc02aec416f
9c197013-46fc-4221-933c-681c67a3ca52,f4ad6589-72fe-48ac-84c0-7b750cbd1231,36377344-328d-40cc-8e8c-2fec04366992,Buzz Saw,,Legacy,Harmonic Coloration,,,,Maestro FZ-1 Fuzz Tone ALT (Tone),,,,,"Guitar,Modeled,Stomp",effects:62c642a4-6ec6-4812-8b87-ecc02aec416f
7c573112-d861-439f-bd62-2f0b90bc1379,f4ad6589-72fe-48ac-84c0-7b750cbd1231,4e6d9491-ede6-4b91-a696-c8975907b9b2,Brit Plexi Brt,,,,,,"3 Models/Channels (normal, bright, jumped)",Marshall 1959 SLP TOP,,,,,"Guitar,Modeled",effects:62c642a4-6ec6-4812-8b87-ecc02aec416f
8768d2d8-e50b-4cef-a0ce-b3c33d8db37c,f4ad6589-72fe-48ac-84c0-7b750cbd1231,4e6d9491-ede6-4b91-a696-c8975907b9b2,Brit Plexi Jump,,,,,,"3 Models/Channels (normal, bright, jumped)",Marshall 1959 SLP TOP,,,,,"Guitar,Modeled",effects:62c642a4-6ec6-4812-8b87-ecc02aec416f
cfb5c6dc-5ca9-4822-b46a-9417455c1e0c,f4ad6589-72fe-48ac-84c0-7b750cbd1231,4e6d9491-ede6-4b91-a696-c8975907b9b2,Brit Plexi Nrm,,,,,,"3 Models/Channels (normal, bright, jumped)",Marshall 1959 SLP TOP,,,,,"Guitar,Modeled",effects:62c642a4-6ec6-4812-8b87-ecc02aec416f
14df07a2-a85a-4881-be5e-832815cd56f7,f4ad6589-72fe-48ac-84c0-7b750cbd1231,9e0e9905-632b-4894-bb94-a3338e4fb1c4,4x12 1960A T75,,,,,,4x12 CAB,Marshall 1960A TOP,,,,,"Guitar,Modeled",effects:62c642a4-6ec6-4812-8b87-ecc02aec416f
3cc5885b-a681-4786-8a1f-29c484bfcecc,f4ad6589-72fe-48ac-84c0-7b750cbd1231,1dd8d18f-cfbc-4536-9ffa-6485cc62de5f,4x12 Greenback20,,,,,,4x12 CAB Celestion G12M (Legacy),Marshall 1960A Basketweave TOP,,,,,"Guitar,Modeled",effects:62c642a4-6ec6-4812-8b87-ecc02aec416f
ffb18f15-0e94-471b-b74a-cb7112d91d7e,f4ad6589-72fe-48ac-84c0-7b750cbd1231,1dd8d18f-cfbc-4536-9ffa-6485cc62de5f,4x12 Greenback25,,,,,,4x12 CAB,Marshall 1960A Basketweave TOP,,,,,"Guitar,Modeled",effects:62c642a4-6ec6-4812-8b87-ecc02aec416f
5be7fd68-d4fb-44b3-97e4-2034aa62b26d,f4ad6589-72fe-48ac-84c0-7b750cbd1231,1dd8d18f-cfbc-4536-9ffa-6485cc62de5f,4x12 Greenback30,,,,,,4x12 CAB/ Celestion G12H (75),Marshall 1960A Basketweave TOP,,,,,"Guitar,Modeled",effects:62c642a4-6ec6-4812-8b87-ecc02aec416f
ffb88150-010a-43d6-b8a3-ad834e4ca7d0,f4ad6589-72fe-48ac-84c0-7b750cbd1231,052efd26-95a7-420a-98db-d96f1c7a4dde,4x12 Brit V30,,,,,,4x12 CAB,Marshall 1960AV TOP,,,,,"Guitar,Modeled",effects:62c642a4-6ec6-4812-8b87-ecc02aec416f
0d83a2dc-6018-4e4d-bee7-552fa0851091,f4ad6589-72fe-48ac-84c0-7b750cbd1231,c2f2d7d4-2d47-4fad-b822-60dc7ffd7a4e,Brit 2203,,,,,,,Marshall JCM800 TOP,,,,,"Guitar,Modeled",effects:62c642a4-6ec6-4812-8b87-ecc02aec416f
a212b5e9-519c-4cda-a2d0-334cbedb99ca,f4ad6589-72fe-48ac-84c0-7b750cbd1231,e52f0402-2f61-48e8-bcb0-0a3673997448,Brit 2204,,,,,,,,,,,,"Guitar,Modeled",effects:62c642a4-6ec6-4812-8b87-ecc02aec416f
fb8beef0-b82d-4ca0-84a1-fce4a5c06a70,f4ad6589-72fe-48ac-84c0-7b750cbd1231,f76d8124-fc9d-42a0-ab7d-b78bbbe9efe8,Brit Trem Brt,,,,,,"3 Models/Channels (normal, bright, jumped)",Marshall JTM 45/50 Mk II TOP,,,,,"Guitar,Modeled",effects:62c642a4-6ec6-4812-8b87-ecc02aec416f
7aa4c2bc-97c3-4393-b3a3-7a59fa944d4c,f4ad6589-72fe-48ac-84c0-7b750cbd1231,f76d8124-fc9d-42a0-ab7d-b78bbbe9efe8,Brit Trem Jump,,,,,,"3 Models/Channels (normal, bright, jumped)",Marshall JTM 45/50 Mk II TOP,,,,,"Guitar,Modeled",effects:62c642a4-6ec6-4812-8b87-ecc02aec416f
5a75c762-2bb7-4aac-85a0-53d63ad406cc,f4ad6589-72fe-48ac-84c0-7b750cbd1231,f76d8124-fc9d-42a0-ab7d-b78bbbe9efe8,Brit Trem Nrm,,,,,,"3 Models/Channels (normal, bright, jumped)",Marshall JTM 45/50 Mk II TOP,,,,,"Guitar,Modeled",effects:62c642a4-6ec6-4812-8b87-ecc02aec416f
9a8643b4-6693-4084-beb2-48af0c168124,f4ad6589-72fe-48ac-84c0-7b750cbd1231,7e4b4ea4-912e-45ea-bc91-0fc536a3428f,Brit J45 Brt,,,,,,"2 Models/Channels (normal, bright)",Marshall JTM45 2245 TOP,,,,,"Guitar,Modeled",effects:62c642a4-6ec6-4812-8b87-ecc02aec416f
7c7ffd2d-7c86-49ff-853d-c6f0e39f4b83,f4ad6589-72fe-48ac-84c0-7b750cbd1231,7e4b4ea4-912e-45ea-bc91-0fc536a3428f,Brit J45 Nrm,,,,,,"2 Models/Channels (normal, bright)",Marshall JTM45 2245 TOP,,,,,"Guitar,Modeled",effects:62c642a4-6ec6-4812-8b87-ecc02aec416f
0d4bd87e-e77d-45fd-a63c-60a2453e7f94,f4ad6589-72fe-48ac-84c0-7b750cbd1231,0627939c-d300-4649-9f0d-f25467d047ed,Matchstick Ch1,,,,,,"3 Models/Channels (ch1, ch2, jumped)",Matchless DC-30 TOP,,,,,"Guitar,Modeled",effects:62c642a4-6ec6-4812-8b87-ecc02aec416f
a394caee-d1eb-45f4-bd01-c6245dc61354,f4ad6589-72fe-48ac-84c0-7b750cbd1231,0627939c-d300-4649-9f0d-f25467d047ed,Matchstick Ch2,,,,,,"3 Models/Channels (ch1, ch2, jumped)",Matchless DC-30 TOP,,,,,"Guitar,Modeled",effects:62c642a4-6ec6-4812-8b87-ecc02aec416f
fca0d732-f92f-4e43-891e-b24f044f3ef6,f4ad6589-72fe-48ac-84c0-7b750cbd1231,0627939c-d300-4649-9f0d-f25467d047ed,Matchstick Jump,,,,,,"3 Models/Channels (ch1, ch2, jumped)",Matchless DC-30 TOP,,,,,"Guitar,Modeled",effects:62c642a4-6ec6-4812-8b87-ecc02aec416f
6ac4b2be-6af6-4f26-b442-4b0b1c57f548,f4ad6589-72fe-48ac-84c0-7b750cbd1231,00b49771-7f79-40df-b257-750fd50e7538,2x12 Match G25,,,,,,Modded 2x12 CAB Celestion Ruby,Matchless ESD212 TOP,,,,,"Guitar,Modeled",effects:62c642a4-6ec6-4812-8b87-ecc02aec416f
094d9312-0545-4641-8b54-fbd13106f1b4,f4ad6589-72fe-48ac-84c0-7b750cbd1231,00b49771-7f79-40df-b257-750fd50e7538,2x12 Match H30,,,,,,Modded 2x12 CAB Celestion G12H (75),Matchless ESD212 TOP,,,,,"Guitar,Modeled",effects:62c642a4-6ec6-4812-8b87-ecc02aec416f
9fd626e6-aa6e-4e45-a079-c8961abdc3c7,f4ad6589-72fe-48ac-84c0-7b750cbd1231,9e4311e5-8c0e-4cb9-bd44-aa8a87338e9c,Hedgehog D9,,,Harmonic Coloration,,,,,,,,,"Guitar,Modeled,Stomp",effects:62c642a4-6ec6-4812-8b87-ecc02aec416f
a1fcad5a-129a-445e-b606-efdf9433a6aa,f4ad6589-72fe-48ac-84c0-7b750cbd1231,ebfdadb4-9cf4-47c5-8166-8d576eed8ecb,1x12 Cali EXT,,,,,,1x12 CAB Electro-Voice EVM12L,,,,,,"Guitar,Modeled",effects:62c642a4-6ec6-4812-8b87-ecc02aec416f
6bb316cc-efa2-417e-957e-e335eeb7aa35,f4ad6589-72fe-48ac-84c0-7b750cbd1231,f3324edf-ed08-42d6-81bd-b09b91d99b86,4x12 Cali V30,,,,,,4x12 CAB,Mesa/Boogie 4x12 Rectifier Standard Slant TOP,,,,,"Guitar,Modeled",effects:62c642a4-6ec6-4812-8b87-ecc02aec416f
ab6df632-25ec-4ecc-917d-688d66c26726,f4ad6589-72fe-48ac-84c0-7b750cbd1231,a169e774-a54b-4928-bdff-0f07424a70e6,Cali 400 Ch1,,,,,,"(ch1, ch2)",Mesa/Boogie Bass 400+ TOP,,,,,"Bass,Modeled",effects:62c642a4-6ec6-4812-8b87-ecc02aec416f
b1e2ab18-fe3b-467e-a481-451cee62feda,f4ad6589-72fe-48ac-84c0-7b750cbd1231,a169e774-a54b-4928-bdff-0f07424a70e6,Cali 400 Ch2,,,,,,"(ch1, ch2)",Mesa/Boogie Bass 400+ TOP,,,,,"Bass,Modeled",effects:62c642a4-6ec6-4812-8b87-ecc02aec416f
ea699ae7-4632-4fb7-95c6-b8c262cae8c0,f4ad6589-72fe-48ac-84c0-7b750cbd1231,b9a1d9c3-3cfc-4d49-8712-dd5711c9b1db,Cali Rectifire,,,,,,,Mesa/Boogie Dual Rectifier TOP,,,,,"Guitar,Modeled",effects:62c642a4-6ec6-4812-8b87-ecc02aec416f
7df04cf4-da15-4d4a-8aaa-ca77b5436f6b,f4ad6589-72fe-48ac-84c0-7b750cbd1231,03e5654c-74bc-47ee-8584-92aa0caa4e8c,Cali Texas Ch1,,,,,,"2 Models/Channels (clean, drive)",Mesa/Boogie Lone Star TOP,,,,,"Guitar,Modeled",effects:62c642a4-6ec6-4812-8b87-ecc02aec416f
5b19eca1-bbb5-4536-adb8-abfd44168c4b,f4ad6589-72fe-48ac-84c0-7b750cbd1231,03e5654c-74bc-47ee-8584-92aa0caa4e8c,Cali Texas Ch2,,,,,,"2 Models/Channels (clean, drive)",Mesa/Boogie Lone Star TOP,,,,,"Guitar,Modeled",effects:62c642a4-6ec6-4812-8b87-ecc02aec416f
15e892fc-9d23-4b84-8f53-fe163fdf40f6,f4ad6589-72fe-48ac-84c0-7b750cbd1231,31541d3c-00e3-4df3-bf8d-aeb63b64f68d,Cali Bass,,,,,,,,,,,,"Guitar,Modeled",effects:62c642a4-6ec6-4812-8b87-ecc02aec416f
38e1aece-c50c-494d-890f-ca937070c45a,f4ad6589-72fe-48ac-84c0-7b750cbd1231,e9194049-5efa-4dc5-b253-26769d05e9d7,1x12 Cali IV,,,,,,1x12 CAB (Combo),Mesa/Boogie Mark IV A (CAB) TOP,,,,,"Guitar,Modeled",effects:62c642a4-6ec6-4812-8b87-ecc02aec416f
220bfd6c-5cd2-4ace-a103-9978281e8b98,f4ad6589-72fe-48ac-84c0-7b750cbd1231,e9194049-5efa-4dc5-b253-26769d05e9d7,Cali IV Lead,,,,,,"3 Models/Channels (ch1, ch2, lead)",Mesa/Boogie Mark IV A TOP,,,,,"Guitar,Modeled",effects:62c642a4-6ec6-4812-8b87-ecc02aec416f
dfa716d6-bc07-429f-9a9e-c267e20034c8,f4ad6589-72fe-48ac-84c0-7b750cbd1231,e9194049-5efa-4dc5-b253-26769d05e9d7,Cali IV Rhythm 1,,,,,,"3 Models/Channels (ch1, ch2, lead)",Mesa/Boogie Mark IV A TOP,,,,,"Guitar,Modeled",effects:62c642a4-6ec6-4812-8b87-ecc02aec416f
998175c4-80a3-4122-a9cf-02bed44928f1,f4ad6589-72fe-48ac-84c0-7b750cbd1231,e9194049-5efa-4dc5-b253-26769d05e9d7,Cali IV Rhythm 2,,,,,,"3 Models/Channels (ch1, ch2, lead)",Mesa/Boogie Mark IV A TOP,,,,,"Guitar,Modeled",effects:62c642a4-6ec6-4812-8b87-ecc02aec416f
d95f1a8b-6814-4efb-8a77-35943ff80426,f4ad6589-72fe-48ac-84c0-7b750cbd1231,e9194049-5efa-4dc5-b253-26769d05e9d7,Cali Q Graphic,,,EQ,,,GEQ Only,,,,,,"Guitar,Modeled,Stomp",effects:62c642a4-6ec6-4812-8b87-ecc02aec416f
d03339e0-8a17-49b2-b1f9-8fc5c2f725b9,f4ad6589-72fe-48ac-84c0-7b750cbd1231,52ca7720-91a5-42fe-b8a2-5ebfd427051a,2x15 Brute,,,,,,2x15 CAB Electro-Voice EVM15B,,,,,,"Guitar,Modeled",effects:62c642a4-6ec6-4812-8b87-ecc02aec416f
20b73b19-742b-4776-8e4d-d0f8a1b4c69f,f4ad6589-72fe-48ac-84c0-7b750cbd1231,965858ac-af08-493b-80da-dc4f86126be2,6x10 Cali Power,,,,,,6x10 CAB,,,,,,"Guitar,Modeled",effects:62c642a4-6ec6-4812-8b87-ecc02aec416f
8dce01ef-632a-496a-bf13-8c92e3bed606,f4ad6589-72fe-48ac-84c0-7b750cbd1231,d265c5a0-edb8-413b-b768-389c322625ae,Asheville Pattern,,,Modulation,,,,,,,,,"Guitar,Modeled,Stomp",effects:62c642a4-6ec6-4812-8b87-ecc02aec416f
c59cf05f-cbbf-4ed0-8133-263d1ed58c10,f4ad6589-72fe-48ac-84c0-7b750cbd1231,50b10408-1597-4eff-a0d9-a4e7aefa8f69,Dual Phaser,,Legacy,Modulation,,,,,,,,,"Guitar,Modeled,Stomp",effects:62c642a4-6ec6-4812-8b87-ecc02aec416f
fc40f933-25d0-46bc-ad9a-c05c68ba321b,f4ad6589-72fe-48ac-84c0-7b750cbd1231,b35f5f50-4f8f-45bb-aaac-61b0f4ee9f3f,Mutant Filter,,,Modulation,,,,Musitronics Mu-Tron III TOP,,,,,"Guitar,Modeled,Stomp",effects:62c642a4-6ec6-4812-8b87-ecc02aec416f
74d1b3ff-097b-4f75-a6c0-068de79ac7ea,f4ad6589-72fe-48ac-84c0-7b750cbd1231,b35f5f50-4f8f-45bb-aaac-61b0f4ee9f3f,Tron Down,,Legacy,Modulation,,,down and up positions in separate plugins,Musitronics Mu-Tron III ALT (Tone),,,,,"Guitar,Modeled,Stomp",effects:62c642a4-6ec6-4812-8b87-ecc02aec416f
1c0f9315-73f1-4c63-be49-26ff7667674a,f4ad6589-72fe-48ac-84c0-7b750cbd1231,b35f5f50-4f8f-45bb-aaac-61b0f4ee9f3f,Tron Up,,Legacy,Modulation,,,down and up positions in separate plugins,Musitronics Mu-Tron III ALT (Tone),,,,,"Guitar,Modeled,Stomp",effects:62c642a4-6ec6-4812-8b87-ecc02aec416f
945e0dde-d4a6-4b3b-874e-b8f9a4039dc0,f4ad6589-72fe-48ac-84c0-7b750cbd1231,b35f5f50-4f8f-45bb-aaac-61b0f4ee9f3f,V Tron,,Legacy,Modulation,,,,Musitronics Mu-Tron III ALT (Tone),,,,,"Guitar,Stomp,Modeled",effects:62c642a4-6ec6-4812-8b87-ecc02aec416f
8b6cf28c-8f32-4030-86af-aaa208004ce9,f4ad6589-72fe-48ac-84c0-7b750cbd1231,8a4fb42d-c8d7-4755-8be0-da9ebafdccbb,Red Comp,,Legacy,Dynamics,,,,MXR Dyna Comp DNU,,,,,"Guitar,Modeled,Stomp",effects:62c642a4-6ec6-4812-8b87-ecc02aec416f
03efd28d-5e46-41ab-84ac-d2a083b64f02,f4ad6589-72fe-48ac-84c0-7b750cbd1231,8a4fb42d-c8d7-4755-8be0-da9ebafdccbb,Red Squeeze,,,Dynamics,,,,MXR Dyna Comp TOP,,,,,"Modeled,Stomp",effects:62c642a4-6ec6-4812-8b87-ecc02aec416f
90bca72b-6112-4591-b251-fc419a790d16,f4ad6589-72fe-48ac-84c0-7b750cbd1231,267c9c83-8f62-490a-9ce7-226d54c02e88,AC Flanger,,Legacy,Modulation,,,,MXR Flanger ALT (Tone),,,,,"Guitar,Modeled,Stomp",effects:62c642a4-6ec6-4812-8b87-ecc02aec416f
7adc3030-8e8f-4fd2-bd99-bcb80c44122a,f4ad6589-72fe-48ac-84c0-7b750cbd1231,267c9c83-8f62-490a-9ce7-226d54c02e88,Analog Flanger,,Legacy,Modulation,,,,MXR Flanger ALT (Tone),,,,,"Guitar,Modeled,Stomp",effects:62c642a4-6ec6-4812-8b87-ecc02aec416f
f7857c99-392b-4f06-a6ab-13eaed8541bd,f4ad6589-72fe-48ac-84c0-7b750cbd1231,267c9c83-8f62-490a-9ce7-226d54c02e88,Gray Flanger,,,Modulation,,,,MXR Flanger TOP,,,,,"Guitar,Modeled,Stomp",effects:62c642a4-6ec6-4812-8b87-ecc02aec416f
6a3131d2-307f-40a7-aeed-b0d887179ca9,f4ad6589-72fe-48ac-84c0-7b750cbd1231,59cb17c9-ad7e-4c99-b0f0-c5da773feb0f,Boost Comp,,Legacy,Dynamics,,,,,,,,,"Guitar,Modeled,Stomp",effects:62c642a4-6ec6-4812-8b87-ecc02aec416f
75d178ea-4642-48fb-a06b-faaa3d8637e3,f4ad6589-72fe-48ac-84c0-7b750cbd1231,44a8a307-4562-4b7f-9d4c-400c7e9070f2,Teemah!,,,Harmonic Coloration,,,,,,,,,"Guitar,Modeled,Stomp",effects:62c642a4-6ec6-4812-8b87-ecc02aec416f
a3b7daf7-6fe8-4b7a-95a9-14bd29b93c44,f4ad6589-72fe-48ac-84c0-7b750cbd1231,d957ebad-2823-42e4-9f73-df2f5a2606a0,Phaser,,Legacy,Modulation,,,,MXR Phase 90 ALT (Tone),,,,,"Guitar,Modeled,Stomp",effects:62c642a4-6ec6-4812-8b87-ecc02aec416f
18023982-86f3-40b4-988b-41bb58f7902b,f4ad6589-72fe-48ac-84c0-7b750cbd1231,39746504-9951-4c94-9c6c-f734a0fa6af9,Script Mod Phase,,,Modulation,,,,MXR Phase 90 (Script) TOP,,,,,"Guitar,Modeled,Stomp",effects:62c642a4-6ec6-4812-8b87-ecc02aec416f
3507bc4a-d3b7-4af6-a093-920bc42c1ea8,f4ad6589-72fe-48ac-84c0-7b750cbd1231,39746504-9951-4c94-9c6c-f734a0fa6af9,Script Phase,,Legacy,Modulation,,,,MXR Phase 90 (Script) AL (Tone),,,,,"Guitar,Modeled,Stomp",effects:62c642a4-6ec6-4812-8b87-ecc02aec416f
c4395ac4-3f41-44f8-9b70-0383e8b9b843,f4ad6589-72fe-48ac-84c0-7b750cbd1231,887ddb64-0dbe-4b14-83d4-d317c3a30b21,10 Band Graphic,,,EQ,,,,MXR Ten Band EQ TOP,,,,,"Guitar,Modeled,Stomp",effects:62c642a4-6ec6-4812-8b87-ecc02aec416f
b4530124-e4c6-411a-858e-8bd6fc22646c,f4ad6589-72fe-48ac-84c0-7b750cbd1231,f112a239-2846-4773-a279-03ca0b72dff6,84 Cond,,Legacy,Microphone,,,,Embedded in Helix Native,,,,,Modeled,effects:62c642a4-6ec6-4812-8b87-ecc02aec416f
8242cba7-d4a9-419f-ad21-80e405e5191a,f4ad6589-72fe-48ac-84c0-7b750cbd1231,879f78f1-9ea2-48ae-8a80-512d09baaaef,47 Cond FET,,,Microphone,,,,Embedded in Helix Native,,,,,"Guitar,Bass,Modeled",effects:62c642a4-6ec6-4812-8b87-ecc02aec416f
ac9fdf6b-84da-4b18-9eb6-1e1a4aba94a8,f4ad6589-72fe-48ac-84c0-7b750cbd1231,4b9f69ac-efbc-490c-8509-49ef51dd8983,67 Cond,,,Microphone,,,,Embedded in Helix Native,,,,,"Guitar,Bass,Modeled",effects:62c642a4-6ec6-4812-8b87-ecc02aec416f
00a90799-2eef-48ac-8f62-3cf1e79fb40f,f4ad6589-72fe-48ac-84c0-7b750cbd1231,851fbdce-1ba8-480f-bc5a-5911742f3072,87 Cond,,Legacy,Microphone,,,,Embedded in Helix Native,,,,,Modeled,effects:62c642a4-6ec6-4812-8b87-ecc02aec416f
3f73b3d4-921c-4719-b98e-da5a49f6405d,f4ad6589-72fe-48ac-84c0-7b750cbd1231,eff16a4b-4b2d-40a2-bb48-a14ba684da87,Prize Drive,,,Harmonic Coloration,,,,Nobels ODR-1(bc) TOP,,,,,"Guitar,Modeled,Stomp",effects:62c642a4-6ec6-4812-8b87-ecc02aec416f
cebfdee7-66d6-43de-8a5a-a02dec46bf3e,f4ad6589-72fe-48ac-84c0-7b750cbd1231,b1704184-f15a-484a-97e4-622e14c11d62,Regal Bass DI,,,Preamp,,,,,,,,,"Bass,Modeled,Stomp",effects:62c642a4-6ec6-4812-8b87-ecc02aec416f
27ad3c9d-cda0-472d-9a2c-34ed5c5aa70b,f4ad6589-72fe-48ac-84c0-7b750cbd1231,f52e00fd-5253-494e-8925-b684d4a0802f,Obi Wah,,Legacy,Modulation,,,,,,,,,"Guitar,Modeled,Stomp",effects:62c642a4-6ec6-4812-8b87-ecc02aec416f
6687275b-9792-4554-b964-6bdf95337dfd,f4ad6589-72fe-48ac-84c0-7b750cbd1231,7494213e-d754-4596-95b8-7b72f692e170,Mandarin Bass 200,,,,,,,,,,,,"Bass,Modeled",effects:62c642a4-6ec6-4812-8b87-ecc02aec416f
9ceb3ab8-1012-472d-9b00-e91d868da507,f4ad6589-72fe-48ac-84c0-7b750cbd1231,f29785d9-6ebe-4669-a386-7bd4069e2006,Mandarin 80,,,,,,,,,,,,"Guitar,Modeled",effects:62c642a4-6ec6-4812-8b87-ecc02aec416f
dce29a2b-adee-478b-ab64-df9d5b46fa59,f4ad6589-72fe-48ac-84c0-7b750cbd1231,df34cd44-ccaf-4c2e-a21b-9e2ff0b4ea38,2x12 Mandarin 30,,,,,,2x12 CAB,Orange PPC212 TOP,,,,,"Guitar,Modeled",effects:62c642a4-6ec6-4812-8b87-ecc02aec416f
a6bf4863-b211-4bad-a9a3-822a9a61f277,f4ad6589-72fe-48ac-84c0-7b750cbd1231,b287b35d-ee85-4976-88df-d43f6040220c,4x12 Mandarin EM,,,,,,4x12 CAB Eminence Governor,Orange PPC412 TOP,,,,,"Guitar,Modeled",effects:62c642a4-6ec6-4812-8b87-ecc02aec416f
d2e5babd-a508-4aec-9dad-8922d35bf434,f4ad6589-72fe-48ac-84c0-7b750cbd1231,3da6da6a-9537-455b-bac0-03ab0eb54152,Mandarin Rocker,,,,,,(Dirty channel),,,,,,"Guitar,Modeled",effects:62c642a4-6ec6-4812-8b87-ecc02aec416f
343860fa-2a40-4245-978a-1decb3c4e5cf,f4ad6589-72fe-48ac-84c0-7b750cbd1231,4dfccd68-f9a0-42d5-975e-9fbfc5ee0b83,Sub Oct Fuzz,,Legacy,Harmonic Coloration,,,,,,,,,"Guitar,Modeled,Stomp",effects:62c642a4-6ec6-4812-8b87-ecc02aec416f
71fb792d-4a62-4cd7-b937-b125797e0c0e,f4ad6589-72fe-48ac-84c0-7b750cbd1231,617b3418-f921-491a-9721-1f5fa3f18086,Brit P75 Brt,,,,,,"2 Models/Channels (normal, bright)",,,,,,"Guitar,Modeled",effects:62c642a4-6ec6-4812-8b87-ecc02aec416f
ee2db117-c3a4-471a-af32-6cc6513af8e7,f4ad6589-72fe-48ac-84c0-7b750cbd1231,617b3418-f921-491a-9721-1f5fa3f18086,Brit P75 Nrm,,,,,,"2 Models/Channels (normal, bright)",,,,,,"Guitar,Modeled",effects:62c642a4-6ec6-4812-8b87-ecc02aec416f
6b2d08df-0009-4f32-80eb-eb3e8c67b70c,f4ad6589-72fe-48ac-84c0-7b750cbd1231,6f81ea80-62a4-4bd6-8173-2bcf41edbab0,Busy One Ch1,,,,,,"preamp (ch1, ch2, jumped)",,,,,,"Bass,Modeled",effects:62c642a4-6ec6-4812-8b87-ecc02aec416f
12d05c21-64f3-4e34-ba6b-4cbd48ecbf37,f4ad6589-72fe-48ac-84c0-7b750cbd1231,6f81ea80-62a4-4bd6-8173-2bcf41edbab0,Busy One Ch2,,,,,,"preamp (ch1, ch2, jumped)",,,,,,"Bass,Modeled",effects:62c642a4-6ec6-4812-8b87-ecc02aec416f
f8ab18c5-d698-4cc4-9d66-82eba8e99883,f4ad6589-72fe-48ac-84c0-7b750cbd1231,6f81ea80-62a4-4bd6-8173-2bcf41edbab0,Busy One Jump,,,,,,"preamp (ch1, ch2, jumped)",,,,,,"Bass,Modeled",effects:62c642a4-6ec6-4812-8b87-ecc02aec416f
83ca2c33-66bf-4ec2-9bc7-b15bea64d8eb,f4ad6589-72fe-48ac-84c0-7b750cbd1231,be3e14fd-a028-4948-9b3d-c3634d99e443,PV Panama,,,,,,,Peavey 5150 TOP,,,,,"Guitar,Modeled",effects:62c642a4-6ec6-4812-8b87-ecc02aec416f
7858b6d7-e7b9-4137-beda-8cd632823538,f4ad6589-72fe-48ac-84c0-7b750cbd1231,d0abd76a-009b-4da4-8413-b07d8ecc6d07,PV Vitriol Clean,,,,,,"3 Models/Channels (clean, crunch, lead)",,,,,,"Guitar,Modeled",effects:62c642a4-6ec6-4812-8b87-ecc02aec416f
6ec3ad80-cf96-442c-9cb4-d9d083717555,f4ad6589-72fe-48ac-84c0-7b750cbd1231,d0abd76a-009b-4da4-8413-b07d8ecc6d07,PV Vitriol Crunch,,,,,,"3 Models/Channels (clean, crunch, lead)",,,,,,"Guitar,Modeled",effects:62c642a4-6ec6-4812-8b87-ecc02aec416f
4cdb5b23-df48-4e27-81cc-e2e4f43e5414,f4ad6589-72fe-48ac-84c0-7b750cbd1231,d0abd76a-009b-4da4-8413-b07d8ecc6d07,PV VItriol Lead,,,,,,"3 Models/Channels (clean, crunch, lead)",,,,,,"Guitar,Modeled",effects:62c642a4-6ec6-4812-8b87-ecc02aec416f
a8bf87f0-d6ef-479e-8291-7abc2d49fbb0,f4ad6589-72fe-48ac-84c0-7b750cbd1231,5a1297bd-4bab-4a1a-b551-7856537656a8,Classic Dist,,Legacy,Harmonic Coloration,,,,ProCo Rat ALT (Tone),,,,,"Guitar,Modeled,Stomp",effects:62c642a4-6ec6-4812-8b87-ecc02aec416f
df7521f9-b779-46f3-b8c1-0c1e1246d05e,f4ad6589-72fe-48ac-84c0-7b750cbd1231,5a1297bd-4bab-4a1a-b551-7856537656a8,Ratatoullie Dist,,,Harmonic Coloration,,,,ProCo Rat TOP,,,,,"Guitar,Modeled,Stomp",effects:62c642a4-6ec6-4812-8b87-ecc02aec416f
5e42f229-b29d-4c62-bc91-8695b88a38d8,f4ad6589-72fe-48ac-84c0-7b750cbd1231,b1934cea-cddb-4281-a6df-04a74b67387c,Vermin Dist,,,Harmonic Coloration,,,,,,,,,"Guitar,Modeled,Stomp",effects:62c642a4-6ec6-4812-8b87-ecc02aec416f
fe7589b6-195b-4ec7-9d24-e0103d566092,f4ad6589-72fe-48ac-84c0-7b750cbd1231,cfddc671-9286-46a8-ae2f-b4301a8c0aaf,Archetype Clean,,,,,,"2 Models/Channels (clean, lead)",PRS Archon 100 TOP,,,,,"Guitar,Modeled",effects:62c642a4-6ec6-4812-8b87-ecc02aec416f
877b929a-ce78-4f43-ae05-bf72f11d94b0,f4ad6589-72fe-48ac-84c0-7b750cbd1231,cfddc671-9286-46a8-ae2f-b4301a8c0aaf,Archetype Lead,,,,,,"2 Models/Channels (clean, lead)",PRS Archon 100 TOP,,,,,"Guitar,Modeled",effects:62c642a4-6ec6-4812-8b87-ecc02aec416f
b5b6c10e-1fdb-4b98-9bff-6e8a237a51d7,f4ad6589-72fe-48ac-84c0-7b750cbd1231,5257b8ab-94c3-4f70-aefd-b8be6a97c81e,Studio Tube Pre,,,,,,,,,,,,"Guitar,Modeled",effects:62c642a4-6ec6-4812-8b87-ecc02aec416f
44a989c8-adbe-4d68-9daa-992e996ed059,f4ad6589-72fe-48ac-84c0-7b750cbd1231,0564cb9d-a907-4ac1-a46d-a615b81a3a71,Revv Gen Purple,,,,,,"2 Models/Channels (purple/gain ch 3, red/high gain ch 4)",,,,,,"Guitar,Modeled",effects:62c642a4-6ec6-4812-8b87-ecc02aec416f
3d09b0fa-de6b-4a38-bec6-47e681e56dc7,f4ad6589-72fe-48ac-84c0-7b750cbd1231,0564cb9d-a907-4ac1-a46d-a615b81a3a71,Revv Gen Red,,,,,,"2 Models/Channels (purple/gain ch 3, red/high gain ch 4)",,,,,,"Guitar,Modeled",effects:62c642a4-6ec6-4812-8b87-ecc02aec416f
5219b275-2f71-4ba5-8b9b-f1e135528e5a,f4ad6589-72fe-48ac-84c0-7b750cbd1231,a91cdc30-830d-45fd-abac-8bd6799a5b38,Throaty,,,Modulation,,,,,,,,,"Guitar,Modeled,Stomp",effects:62c642a4-6ec6-4812-8b87-ecc02aec416f
0da4e29a-482f-437c-a88c-aa4621c10d5f,f4ad6589-72fe-48ac-84c0-7b750cbd1231,125a0b4a-3bb4-4996-ae2d-cbc89f870ea7,Jet Fuzz,,Legacy,"Modulation,Harmonic Coloration",,,,,,,,,"Guitar,Modeled,Stomp",effects:62c642a4-6ec6-4812-8b87-ecc02aec416f
32ad4a00-ed2f-4d8e-bf86-611793c4fbd2,f4ad6589-72fe-48ac-84c0-7b750cbd1231,272f2c78-8ea8-42b3-9f79-873fa5cfd728,Synth String,,Legacy,Pitch Tools,,,,,,,,,"Guitar,Modeled",effects:62c642a4-6ec6-4812-8b87-ecc02aec416f
64d125a4-f3bc-4497-87b2-57cad7b34a6f,f4ad6589-72fe-48ac-84c0-7b750cbd1231,b6496468-8d49-4bdd-af12-0e5ee03662d0,2x12 Jazz Rivet (Cab),,,,,,2x12 CAB,Roland JC-120 (CAB) TOP,,,,,"Guitar,Modeled",effects:62c642a4-6ec6-4812-8b87-ecc02aec416f
9de6a527-b268-4acc-84c1-5f6a16a8c217,f4ad6589-72fe-48ac-84c0-7b750cbd1231,b6496468-8d49-4bdd-af12-0e5ee03662d0,Jazz Rivet 120,,,,,,,Roland JC-120 TOP,,,,,"Guitar,Modeled",effects:62c642a4-6ec6-4812-8b87-ecc02aec416f
3de8612f-f57b-488b-a700-0360ac2ec873,f4ad6589-72fe-48ac-84c0-7b750cbd1231,8fc6fbd7-3a5e-4828-9a28-ba6b56fa568d,Cosmos Echo,,,"Delay,Reverb&Room",,,,Embedded in Helix Native,,,,,"Modeled,Guitar",effects:62c642a4-6ec6-4812-8b87-ecc02aec416f
ce8db6d2-e68d-4928-93e9-825ee7154c8c,f4ad6589-72fe-48ac-84c0-7b750cbd1231,8fc6fbd7-3a5e-4828-9a28-ba6b56fa568d,Multi-Head,,Legacy,"Delay,Reverb&Room",,,,Embedded in Helix Native,,,,,"Modeled,Guitar",effects:62c642a4-6ec6-4812-8b87-ecc02aec416f
860f7425-f441-4612-af39-b221370d715e,f4ad6589-72fe-48ac-84c0-7b750cbd1231,cc0258d8-4053-4b9a-8c30-08fa0d3a88e8,Dimension,,Legacy,Modulation,,,,Embedded in Helix Native,,,,,Modeled,effects:62c642a4-6ec6-4812-8b87-ecc02aec416f
577011e2-81c0-46de-928d-64f60274fab0,f4ad6589-72fe-48ac-84c0-7b750cbd1231,0ad2770c-712f-444f-9736-16c6440c2f73,121 Ribbon,,,Microphone,,,,Embedded in Helix Native,,,,,"Guitar,Modeled",effects:62c642a4-6ec6-4812-8b87-ecc02aec416f
da16dc2c-6995-4efb-9c7a-6b14e8224132,f4ad6589-72fe-48ac-84c0-7b750cbd1231,dee4d362-d40c-4e76-a6dc-948574899f81,906 Dynamic,,,Microphone,,,,,,,,,"Guitar,Modeled",effects:62c642a4-6ec6-4812-8b87-ecc02aec416f
e97c651a-55b2-42fc-8d56-7fe0ec4c88d7,f4ad6589-72fe-48ac-84c0-7b750cbd1231,3a7be804-7dd6-4253-ac46-36876fe65e81,409 Dynamic,,Legacy,Microphone,,,,Embedded in Helix Native,,,,,Modeled,effects:62c642a4-6ec6-4812-8b87-ecc02aec416f
103a5bd3-fbad-4e9b-a842-29d5b961dc84,f4ad6589-72fe-48ac-84c0-7b750cbd1231,23136b4f-7a6c-4002-91cf-e8eeddbd7886,421 Dynamic,,,Microphone,,,,Embedded in Helix Native,,,,,"Guitar,Modeled,Bass",effects:62c642a4-6ec6-4812-8b87-ecc02aec416f
535f1342-354e-4ec1-96a7-b7da67510665,f4ad6589-72fe-48ac-84c0-7b750cbd1231,d285c26f-ab38-4541-bf33-b8f8d4c87fd6,U-Vibe,,Legacy,Modulation,,,,Shin-ei Uni-Vibe ALT (Tone),,,,,"Guitar,Modeled,Stomp",effects:62c642a4-6ec6-4812-8b87-ecc02aec416f
4caa1631-a7bd-4247-ac9a-f5cc51b690e3,f4ad6589-72fe-48ac-84c0-7b750cbd1231,d285c26f-ab38-4541-bf33-b8f8d4c87fd6,Ubiquitous Vibe,,,Modulation,,,,Shin-ei Uni-Vibe TOP,,,,,"Guitar,Modeled,Stomp",effects:62c642a4-6ec6-4812-8b87-ecc02aec416f
a0406365-e795-4c93-bbf4-764d853d85af,f4ad6589-72fe-48ac-84c0-7b750cbd1231,52937d47-4b45-469b-8520-67013337c9a3,52 Dynamic,,,Microphone,,,(Shure Beta 52A),Embedded in Helix Native,,,,,"Modeled,Bass",effects:62c642a4-6ec6-4812-8b87-ecc02aec416f
a0e32f85-70ab-4ab1-945a-87b06f1bf5ee,f4ad6589-72fe-48ac-84c0-7b750cbd1231,549bb580-b01e-49b8-90ac-406c42939502,57 Dynamic,,,Microphone,,,,Embedded in Helix Native,,,,,"Guitar,Modeled,Bass",effects:62c642a4-6ec6-4812-8b87-ecc02aec416f
9dde025f-bb6b-41c6-b346-a3365230d44e,f4ad6589-72fe-48ac-84c0-7b750cbd1231,ead73cce-8ef0-461d-9f69-4c11a9888b47,7 Dynamic,,,Microphone,,,,Embedded in Helix Native,,,,,"Guitar,Modeled,Bass",effects:62c642a4-6ec6-4812-8b87-ecc02aec416f
54aecc22-6859-4502-a1c5-6695c237b9dd,f4ad6589-72fe-48ac-84c0-7b750cbd1231,63ea55bf-308b-43ff-8301-706fa026b33e,2x12 Mail C12Q,,,,,,2x12 CAB Jensen C12Q,,,,,,"Guitar,Modeled",effects:62c642a4-6ec6-4812-8b87-ecc02aec416f
382cc232-6b84-4b0e-bd66-1ff4097abb92,f4ad6589-72fe-48ac-84c0-7b750cbd1231,63ea55bf-308b-43ff-8301-706fa026b33e,Mail Order Twin,,,,,,,Silvertone Twin Twelve 1484 TOP,,,,,"Guitar,Modeled",effects:62c642a4-6ec6-4812-8b87-ecc02aec416f
a2883dc6-0ec0-4198-b3d0-3b9268972af3,f4ad6589-72fe-48ac-84c0-7b750cbd1231,fa5ebb67-737a-481d-9416-3ba3992e41f4,Solo Lead Clean,,,,,,"3 Models/Channels (clean, crunch, overdrive)",Soldano SLO-100 TOP,,,,,"Guitar,Modeled",effects:62c642a4-6ec6-4812-8b87-ecc02aec416f
31c92282-b286-47a3-85f3-33a0caae06ff,f4ad6589-72fe-48ac-84c0-7b750cbd1231,fa5ebb67-737a-481d-9416-3ba3992e41f4,Solo Lead Crunch,,,,,,"3 Models/Channels (clean, crunch, overdrive)",Soldano SLO-100 TOP,,,,,"Guitar,Modeled",effects:62c642a4-6ec6-4812-8b87-ecc02aec416f
f823a1fe-e703-44b4-a605-87cc7d0c2445,f4ad6589-72fe-48ac-84c0-7b750cbd1231,fa5ebb67-737a-481d-9416-3ba3992e41f4,Solo Lead OD,,,,,,"3 Models/Channels (clean, crunch, overdrive)",Soldano SLO-100 TOP,,,,,"Guitar,Modeled",effects:62c642a4-6ec6-4812-8b87-ecc02aec416f
bfdd3ef3-2fcd-4edb-b70c-9192ab886482,f4ad6589-72fe-48ac-84c0-7b750cbd1231,7dbcb887-c2d8-45dd-87fd-481a73593111,Xenomorph Fuzz,,,Harmonic Coloration,,,,,,,,,"Guitar,Modeled,Stomp",effects:62c642a4-6ec6-4812-8b87-ecc02aec416f
8cde0308-677d-4ccf-857c-b9a230a8d5cb,f4ad6589-72fe-48ac-84c0-7b750cbd1231,e086b0a7-8a37-4b90-b661-f0df6ffa9d92,1x12 Del Sol,,Legacy,,,,1x12 CAB,,,,,,"Guitar,Modeled",effects:62c642a4-6ec6-4812-8b87-ecc02aec416f
3e724419-afb4-4192-a075-c0b54cf616bc,f4ad6589-72fe-48ac-84c0-7b750cbd1231,e086b0a7-8a37-4b90-b661-f0df6ffa9d92,1x18 Del Sol,,Legacy,,,,1x18 CAB,,,,,,"Guitar,Modeled",effects:62c642a4-6ec6-4812-8b87-ecc02aec416f
85b8945c-823a-46f0-b5ae-3a35fb2e3269,f4ad6589-72fe-48ac-84c0-7b750cbd1231,e086b0a7-8a37-4b90-b661-f0df6ffa9d92,Del Sol 300,,,,,,,,,,,,"Bass,Modeled",effects:62c642a4-6ec6-4812-8b87-ecc02aec416f
28ca2b42-5aa8-4e7d-9a88-e8858f63dae4,f4ad6589-72fe-48ac-84c0-7b750cbd1231,4a10f129-3346-4800-98e1-0278290bbb06,Moo)))N T Brt,,,,,,"3 Models/Channels (normal, bright, jumped)",,,,,,"Guitar,Modeled",effects:62c642a4-6ec6-4812-8b87-ecc02aec416f
8c887a6c-19a8-41a6-a962-5b41a92e043e,f4ad6589-72fe-48ac-84c0-7b750cbd1231,4a10f129-3346-4800-98e1-0278290bbb06,Moo)))N T Jump,,,,,,"3 Models/Channels (normal, bright, jumped)",,,,,,"Guitar,Modeled",effects:62c642a4-6ec6-4812-8b87-ecc02aec416f
bae10c5e-bb81-46d1-a447-563040ff4e5a,f4ad6589-72fe-48ac-84c0-7b750cbd1231,4a10f129-3346-4800-98e1-0278290bbb06,Moo)))N T Nrm,,,,,,"3 Models/Channels (normal, bright, jumped)",,,,,,"Guitar,Modeled",effects:62c642a4-6ec6-4812-8b87-ecc02aec416f
c18f44e0-faab-4bca-b2ad-6f927a2869bd,f4ad6589-72fe-48ac-84c0-7b750cbd1231,f1759320-0f10-4f9b-b8c6-42186daaaeb6,Soup Pro Ellipse,,,,,,1x6x9,,,,,,"Guitar,Modeled",effects:62c642a4-6ec6-4812-8b87-ecc02aec416f
c05713fe-a98b-4ff9-aa63-6537b82e9467,f4ad6589-72fe-48ac-84c0-7b750cbd1231,f1759320-0f10-4f9b-b8c6-42186daaaeb6,Soup Pro,,,,,,,,,,,,"Guitar,Modeled",effects:62c642a4-6ec6-4812-8b87-ecc02aec416f
765ab8ab-aa0e-4a46-9439-fbe1bc6f53c3,f4ad6589-72fe-48ac-84c0-7b750cbd1231,71bd4004-3ac7-452f-a625-81d487427b7b,Ducked Delay,,,Delay,,,,TC Electronic 2290 TOP,,,,,"Guitar,Modeled,Stomp",effects:62c642a4-6ec6-4812-8b87-ecc02aec416f
aada53ab-6ceb-4b56-90e2-9efc174013fc,f4ad6589-72fe-48ac-84c0-7b750cbd1231,71bd4004-3ac7-452f-a625-81d487427b7b,Dynamic,,Legacy,Delay,,,,TC Electronic 2290 ALT (Tone),,,,,"Guitar,Modeled,Stomp",effects:62c642a4-6ec6-4812-8b87-ecc02aec416f
af2a3e77-ab8d-4564-a44e-576955534f49,f4ad6589-72fe-48ac-84c0-7b750cbd1231,71bd4004-3ac7-452f-a625-81d487427b7b,Ping Pong,,Legacy,Delay,,,,TC Electronic 2290 ALT (Tone),,,,,"Guitar,Modeled,Stomp",effects:62c642a4-6ec6-4812-8b87-ecc02aec416f
f871f1c6-8b42-4b7d-bafe-7e61c1024d09,f4ad6589-72fe-48ac-84c0-7b750cbd1231,2897f1b5-8577-4a6b-8857-8d8e94d60101,ZeroAmp Bass DI,,,Preamp,,,,Tech 21 SansAmp Bass Driver DI TOP,,,,,"Bass,Modeled,Stomp",effects:62c642a4-6ec6-4812-8b87-ecc02aec416f
52fc29de-ad65-4096-a027-205053349c9d,f4ad6589-72fe-48ac-84c0-7b750cbd1231,15418602-13b7-444d-b651-740180bc63e4,LA Studio Comp,,,Dynamics,,,,Embedded in Helix Native,,,,,Modeled,effects:62c642a4-6ec6-4812-8b87-ecc02aec416f
0614d09a-fb3c-4b17-ad63-9b51b41067c8,f4ad6589-72fe-48ac-84c0-7b750cbd1231,15418602-13b7-444d-b651-740180bc63e4,Tube Comp,,Legacy,Dynamics,,,,Embedded in Helix Native,,,,,Modeled,effects:62c642a4-6ec6-4812-8b87-ecc02aec416f
ab8a45ff-2a5d-4897-b732-2afbb5c97230,f4ad6589-72fe-48ac-84c0-7b750cbd1231,8605e2b9-be4d-4fd8-8236-4e061714bc4e,Derailed Ingrid,,,,,,,,,,,,"Guitar,Modeled",effects:62c642a4-6ec6-4812-8b87-ecc02aec416f
baa08d53-c97d-4051-9b15-3adac1468037,f4ad6589-72fe-48ac-84c0-7b750cbd1231,a7e0feaf-de0e-4f6a-8708-63818cf234e2,Octave Fuzz,,Legacy,Harmonic Coloration,,,,Tycbrahe Octavia ALT (Tone),,,,,"Guitar,Modeled,Stomp",effects:62c642a4-6ec6-4812-8b87-ecc02aec416f
0f934eb7-7214-4041-8b1b-815b09c2cd05,f4ad6589-72fe-48ac-84c0-7b750cbd1231,a7e0feaf-de0e-4f6a-8708-63818cf234e2,Tycoctavia Fuzz,,,Harmonic Coloration,,,,Tycbrahe Octavia TOP,,,,,"Guitar,Modeled,Stomp",effects:62c642a4-6ec6-4812-8b87-ecc02aec416f
2d6a8f4b-5b59-4b3e-9a36-07d8a996124d,f4ad6589-72fe-48ac-84c0-7b750cbd1231,b1f1b354-3766-4ae9-9080-791722b4ccf5,Voltage Queen,,,,,,,,,,,,"Guitar,Modeled",effects:62c642a4-6ec6-4812-8b87-ecc02aec416f
3ba52bf5-e8c4-4bc9-9c2f-dfb10e72cea1,f4ad6589-72fe-48ac-84c0-7b750cbd1231,33f59ecf-e723-4d75-94b2-2ca5d08b3d3b,UK Wah 846,,,Modulation,,,,Vox 846 Wah TOP,,,,,"Guitar,Modeled,Stomp",effects:62c642a4-6ec6-4812-8b87-ecc02aec416f
7a4e9274-e439-4ec1-b6d9-b740e1077363,f4ad6589-72fe-48ac-84c0-7b750cbd1231,5ed0ab79-b776-453a-9426-3a4bcf7fb67a,Chrome,,,Modulation,,,,Vox 847 Wah TOP,,,,,"Guitar,Modeled,Stomp",effects:62c642a4-6ec6-4812-8b87-ecc02aec416f
d2d05d68-c93c-445f-985e-7f20084c4aa8,f4ad6589-72fe-48ac-84c0-7b750cbd1231,5ed0ab79-b776-453a-9426-3a4bcf7fb67a,Chrome Custom,,,Modulation,,,modded,Vox 847 Wah TOP,,,,,"Guitar,Modeled,Stomp",effects:62c642a4-6ec6-4812-8b87-ecc02aec416f
f4cf7566-967e-4e09-be18-c1cbbb3f984c,f4ad6589-72fe-48ac-84c0-7b750cbd1231,4b3a6643-7e6f-4075-9a68-052d8bbfea8a,1x12 Blue Bell,,,,,,1x12 CAB,,,,,,"Guitar,Modeled",effects:62c642a4-6ec6-4812-8b87-ecc02aec416f
b714288b-a345-4d6b-8b2c-84687dd7f74e,f4ad6589-72fe-48ac-84c0-7b750cbd1231,4b3a6643-7e6f-4075-9a68-052d8bbfea8a,Essex A15,,,,,,,Vox AC15 (Trem Circuit) TOP,,,,,"Guitar,Modeled",effects:62c642a4-6ec6-4812-8b87-ecc02aec416f
70eeb78d-e778-4b68-97f7-7eb730c948a9,f4ad6589-72fe-48ac-84c0-7b750cbd1231,4b3a6643-7e6f-4075-9a68-052d8bbfea8a,60s Bias Trem,,,Modulation,,,Vox Tremolo Circuit Only,Vox AC15 (Trem Circuit) TOP,,,,,"Guitar,Modeled",effects:62c642a4-6ec6-4812-8b87-ecc02aec416f
ad7c1516-cc2a-4736-9d0f-96134ac2f2f6,f4ad6589-72fe-48ac-84c0-7b750cbd1231,4b3a6643-7e6f-4075-9a68-052d8bbfea8a,Bias Tremolo,,Legacy,Modulation,,,Vox Tremolo Circuit Only,Vox AC15 (Trem Circuit) ALT (Tone),,,,,"Guitar,Modeled",effects:62c642a4-6ec6-4812-8b87-ecc02aec416f
59d38ef0-8d12-49ed-a519-749d2a9b520f,f4ad6589-72fe-48ac-84c0-7b750cbd1231,50d88147-f141-4cac-be05-055cccb0ed32,2x12 Silver Bell,,,,,,2x12 CAB Celestion Silver Bulldog (rare),,,,,,"Guitar,Modeled",effects:62c642a4-6ec6-4812-8b87-ecc02aec416f
f1a5e488-09bd-42e6-97bc-1e835f8d9e67,f4ad6589-72fe-48ac-84c0-7b750cbd1231,50d88147-f141-4cac-be05-055cccb0ed32,2x12 Blue Bell,,,,,,2x12 CAB,Vox AC30 (CAB) TOP,,,,,"Guitar,Modeled",effects:62c642a4-6ec6-4812-8b87-ecc02aec416f
f2141b74-ad52-4eb9-b281-04c13a7f35db,f4ad6589-72fe-48ac-84c0-7b750cbd1231,50d88147-f141-4cac-be05-055cccb0ed32,Essex A30,,,,,,,Vox AC30 TOP,,,,,"Guitar,Modeled",effects:62c642a4-6ec6-4812-8b87-ecc02aec416f
4dbd59da-e055-41a8-b9bc-c0d51aea1fce,f4ad6589-72fe-48ac-84c0-7b750cbd1231,ea494dff-6cd3-4209-b491-0f70492aaf06,A30 Fawn Brt,,,,,,"2 Models/Channels (normal, bright)",Vox AC30/6 TOP,,,,,"Guitar,Modeled",effects:62c642a4-6ec6-4812-8b87-ecc02aec416f
713c06e7-cc61-48b7-9e32-071b006f8115,f4ad6589-72fe-48ac-84c0-7b750cbd1231,ea494dff-6cd3-4209-b491-0f70492aaf06,A30 Fawn Nrm,,,,,,"2 Models/Channels (normal, bright)",Vox AC30/6 TOP,,,,,"Guitar,Modeled",effects:62c642a4-6ec6-4812-8b87-ecc02aec416f
5ce8bb5d-607d-4f0c-b38e-11971a308b7b,f4ad6589-72fe-48ac-84c0-7b750cbd1231,8bb5d13b-752f-43df-8099-a8672195c69a,Jumbo Fuzz,,Legacy,Harmonic Coloration,,,,,,,,,"Guitar,Modeled,Stomp",effects:62c642a4-6ec6-4812-8b87-ecc02aec416f
4b5a0378-dd49-48ed-97a4-8d22f3290159,f4ad6589-72fe-48ac-84c0-7b750cbd1231,3c6a31a3-eefd-4727-9e63-bf70a5e9ba17,Alpaca Rogue,,,Harmonic Coloration,,,modded,,,,,,"Guitar,Modeled,Stomp",effects:62c642a4-6ec6-4812-8b87-ecc02aec416f
14a5d92f-8036-46c8-9721-d2c700ebe4bb,f4ad6589-72fe-48ac-84c0-7b750cbd1231,f4624cf8-2ddd-416c-a7bf-bc2082de8e35,Clawthorn Drive,,,Harmonic Coloration,,,,,,,,,"Guitar,Modeled,Stomp",effects:62c642a4-6ec6-4812-8b87-ecc02aec416f
b8c96788-db6c-4578-9b1f-10931fc30048,f4ad6589-72fe-48ac-84c0-7b750cbd1231,c4ba54d4-c4d9-4cdc-b602-236e5fea26ef,Kinky Boosts,,,Harmonic Coloration,,,,,,,,,"Guitar,Modeled,Stomp",effects:62c642a4-6ec6-4812-8b87-ecc02aec416f
53b84888-8f57-4842-aadb-db82ec4b55e2,f4ad6589-72fe-48ac-84c0-7b750cbd1231,46e57f56-44b5-4013-ab95-b1aadae326fa,Kinky Comp,,,Dynamics,,,,,,,,,"Guitar,Modeled,Stomp",effects:62c642a4-6ec6-4812-8b87-ecc02aec416f
8dcfa1d1-b011-47d6-90d4-39fd4fe08423,f4ad6589-72fe-48ac-84c0-7b750cbd1231,1545bf69-f230-4d8a-9c7e-42190dabc5fb,Triple Rotary,,,Modulation,,,,,,,,,Modeled,effects:62c642a4-6ec6-4812-8b87-ecc02aec416f
ec2d8f06-2823-4703-9935-55b52221ec52,f4ad6589-72fe-48ac-84c0-7b750cbd1231,a2d977e8-093e-4bff-a9b9-1022fd45dff4,Industrial Fuzz,,,Harmonic Coloration,,,,Z Vex Fuzz Factory TOP,,,,,"Guitar,Modeled,Stomp",effects:62c642a4-6ec6-4812-8b87-ecc02aec416f
c0fbe2c1-f7fb-4112-b422-bf0ea03c5cb9,f4ad6589-72fe-48ac-84c0-7b750cbd1231,15adc374-d956-423f-99fe-2595d17aca0d,Seeker,,Legacy,Modulation,,,,Z Vex Seek Wah ALT (Tone),,,,,"Guitar,Modeled,Stomp",effects:62c642a4-6ec6-4812-8b87-ecc02aec416f
a89381c3-8ff1-459a-9638-e10373cc59d9,f4ad6589-72fe-48ac-84c0-7b750cbd1231,,Line 6 2204 mod,,,,,,,,,,,,Guitar,effects:62c642a4-6ec6-4812-8b87-ecc02aec416f
64a83b3a-b214-4bd5-874b-0ea2a8a251f5,f4ad6589-72fe-48ac-84c0-7b750cbd1231,,Line 6 Aristocrat,,,,,,,,,,,,Guitar,effects:62c642a4-6ec6-4812-8b87-ecc02aec416f
8276ade3-a61c-41a9-bafd-85006561af83,f4ad6589-72fe-48ac-84c0-7b750cbd1231,,Line 6 Badonk,,,,,,,,,,,,Guitar,effects:62c642a4-6ec6-4812-8b87-ecc02aec416f
970c2b5a-4a2c-48d0-9caa-ad483cf8b1bc,f4ad6589-72fe-48ac-84c0-7b750cbd1231,,Line 6 Carillon,,,,,,,,,,,,Guitar,effects:62c642a4-6ec6-4812-8b87-ecc02aec416f
705d21bc-24ff-4d4a-ac30-1c0514838c32,f4ad6589-72fe-48ac-84c0-7b750cbd1231,,LIne 6 Clarity,,,,,,,,,,,,Guitar,effects:62c642a4-6ec6-4812-8b87-ecc02aec416f
5a81cf87-018f-4962-937c-0dc856b70900,f4ad6589-72fe-48ac-84c0-7b750cbd1231,,Line 6 Doom,,,,,,,,,,,,Guitar,effects:62c642a4-6ec6-4812-8b87-ecc02aec416f
474f912c-e63d-45ff-b6b3-58418fcb8f5f,f4ad6589-72fe-48ac-84c0-7b750cbd1231,,Line 6 Elektrik,,,,,,,,,,,,Guitar,effects:62c642a4-6ec6-4812-8b87-ecc02aec416f
cc5dffe0-f03d-4994-a10f-9ac4b3885c90,f4ad6589-72fe-48ac-84c0-7b750cbd1231,,LIne 6 Elmsley,,,,,,,,,,,,Guitar,effects:62c642a4-6ec6-4812-8b87-ecc02aec416f
18ee6f14-de02-4840-bab2-b75ab09dd209,f4ad6589-72fe-48ac-84c0-7b750cbd1231,,Line 6 Epic,,,,,,,,,,,,Guitar,effects:62c642a4-6ec6-4812-8b87-ecc02aec416f
ed0e9772-1a73-457f-b8e5-23ee3419bde4,f4ad6589-72fe-48ac-84c0-7b750cbd1231,,Line 6 Fatality,,,,,,,,,,,,Guitar,effects:62c642a4-6ec6-4812-8b87-ecc02aec416f
0fe55c82-6883-482f-aaba-c6d22a2cb27f,f4ad6589-72fe-48ac-84c0-7b750cbd1231,,Line 6 Kinetic,,,,,,,,,,,,Guitar,effects:62c642a4-6ec6-4812-8b87-ecc02aec416f
4cdac91d-c878-472d-a559-395b42cd5e0d,f4ad6589-72fe-48ac-84c0-7b750cbd1231,,Line 6 Litigator,,,,,,,,,,,,Guitar,effects:62c642a4-6ec6-4812-8b87-ecc02aec416f
75412c66-ea85-45b6-96e3-2e0657038417,f4ad6589-72fe-48ac-84c0-7b750cbd1231,,Line 6 Oblivion,,,,,,,,,,,,Guitar,effects:62c642a4-6ec6-4812-8b87-ecc02aec416f
ab22421f-6daa-443a-802a-4afb112699da,f4ad6589-72fe-48ac-84c0-7b750cbd1231,,Line 6 Ventoux,,,,,,,,,,,,Guitar,effects:62c642a4-6ec6-4812-8b87-ecc02aec416f
b21e0aff-a970-4a39-b410-73ec374cb4a3,f4ad6589-72fe-48ac-84c0-7b750cbd1231,,Line 6 Voltage,,,,,,,,,,,,Guitar,effects:62c642a4-6ec6-4812-8b87-ecc02aec416f
17a14e1b-212c-4a3a-9543-64a3878a849d,f4ad6589-72fe-48ac-84c0-7b750cbd1231,,Poly Sustain,,,Delay,,,,,,very high DSP,,,"Guitar,Stomp",effects:62c642a4-6ec6-4812-8b87-ecc02aec416f
90f3684e-00aa-4cd0-84d2-afb1410c353c,f4ad6589-72fe-48ac-84c0-7b750cbd1231,,Adriatic Swell,,,Delay,,,,,,,,,"Guitar,Stomp",effects:62c642a4-6ec6-4812-8b87-ecc02aec416f
c09499b0-8d67-45a7-9313-b0b8cb56f37e,f4ad6589-72fe-48ac-84c0-7b750cbd1231,,ADT,,,Delay,,,,,,,,,"Guitar,Stomp",effects:62c642a4-6ec6-4812-8b87-ecc02aec416f
48a8416a-a7a0-41cf-b18d-33537f9e8547,f4ad6589-72fe-48ac-84c0-7b750cbd1231,,Auto-Volume Echo,,Legacy,Delay,,,,,,,,,"Guitar,Stomp",effects:62c642a4-6ec6-4812-8b87-ecc02aec416f
a25995bb-59df-42c4-b78b-b1bb72c5dea5,f4ad6589-72fe-48ac-84c0-7b750cbd1231,,Bubble Echo,,Legacy,Delay,,,,,,,,,"Guitar,Stomp",effects:62c642a4-6ec6-4812-8b87-ecc02aec416f
793c6e8e-c364-4709-9350-be9e46f1488b,f4ad6589-72fe-48ac-84c0-7b750cbd1231,,Crisscross,,,Delay,,,,,,,,,"Guitar,Stomp",effects:62c642a4-6ec6-4812-8b87-ecc02aec416f
26bae1e7-d3f6-4027-a456-7bf8063136c9,f4ad6589-72fe-48ac-84c0-7b750cbd1231,,Dig w/ Mod,,Legacy,Delay,,,,,,,,,"Guitar,Stomp",effects:62c642a4-6ec6-4812-8b87-ecc02aec416f
a43f1ec2-1669-452d-b3c9-9d63de8fb40a,f4ad6589-72fe-48ac-84c0-7b750cbd1231,,Digital,,Legacy,Delay,,,,,,,,,"Guitar,Stomp",effects:62c642a4-6ec6-4812-8b87-ecc02aec416f
4e03d929-916e-44d1-838d-f4b0828c5f3e,f4ad6589-72fe-48ac-84c0-7b750cbd1231,,Dual Delay,,,Delay,,,,,,,,,"Guitar,Stomp",effects:62c642a4-6ec6-4812-8b87-ecc02aec416f
43a28eda-6025-4f19-b7c7-717eaa5a3928,f4ad6589-72fe-48ac-84c0-7b750cbd1231,,Euclidean Delay,,,Delay,,,,,,,,,"Guitar,Stomp",effects:62c642a4-6ec6-4812-8b87-ecc02aec416f
689f544e-a60f-42ff-9956-5cf5dbeabe69,f4ad6589-72fe-48ac-84c0-7b750cbd1231,,Glitch Delay,,,Delay,,,,,,,,,"Guitar,Stomp",effects:62c642a4-6ec6-4812-8b87-ecc02aec416f
3252a014-48d3-4796-8167-b6ac9ba677c9,f4ad6589-72fe-48ac-84c0-7b750cbd1231,,Harmony Delay,,,Delay,,,,,,,,,"Guitar,Stomp",effects:62c642a4-6ec6-4812-8b87-ecc02aec416f
f65806d8-30d9-414e-9ca3-0240de5c919d,f4ad6589-72fe-48ac-84c0-7b750cbd1231,,Heliosphere,,,Delay,,,,,,,,,"Guitar,Stomp",effects:62c642a4-6ec6-4812-8b87-ecc02aec416f
b97ae53d-c40b-4377-8d3f-8cc6513719bf,f4ad6589-72fe-48ac-84c0-7b750cbd1231,,Lo Res,,Legacy,Delay,,,,,,,,,"Guitar,Stomp",effects:62c642a4-6ec6-4812-8b87-ecc02aec416f
a387492e-74bb-4082-8659-3bf7a6a13f4d,f4ad6589-72fe-48ac-84c0-7b750cbd1231,,Mod/Chorus Echo,,,Delay,,,,,,,,,"Guitar,Stomp",effects:62c642a4-6ec6-4812-8b87-ecc02aec416f
93aa04aa-1108-471f-b53b-cd39547641a3,f4ad6589-72fe-48ac-84c0-7b750cbd1231,,Multi Pass,,,Delay,,,,,,,,,"Guitar,Stomp",effects:62c642a4-6ec6-4812-8b87-ecc02aec416f
45067053-0332-4e56-9232-791a46ea1bbd,f4ad6589-72fe-48ac-84c0-7b750cbd1231,,Multitap 4,,,Delay,,,,,,,,,"Guitar,Stomp",effects:62c642a4-6ec6-4812-8b87-ecc02aec416f
f03d3edf-09d3-49f8-a349-d6d3b9821a65,f4ad6589-72fe-48ac-84c0-7b750cbd1231,,Multitap 6,,,Delay,,,,,,,,,"Guitar,Stomp",effects:62c642a4-6ec6-4812-8b87-ecc02aec416f
f16d7c16-de5a-481a-a1f8-52ed224a761c,f4ad6589-72fe-48ac-84c0-7b750cbd1231,,Phaze Eko,,Legacy,Delay,,,,,,,,,"Guitar,Stomp",effects:62c642a4-6ec6-4812-8b87-ecc02aec416f
f2080f2b-91b2-45bf-a7d2-c443aba6c54b,f4ad6589-72fe-48ac-84c0-7b750cbd1231,,Ping Pong,,,Delay,,,,,,,,,"Guitar,Stomp",effects:62c642a4-6ec6-4812-8b87-ecc02aec416f
978e143e-21af-4daa-8ab7-68959a3f9b6e,f4ad6589-72fe-48ac-84c0-7b750cbd1231,,Pitch Echo,,,Delay,,,,,,,,,"Guitar,Stomp",effects:62c642a4-6ec6-4812-8b87-ecc02aec416f
a7fbe6ae-dcaf-49b8-8916-63726348b359,f4ad6589-72fe-48ac-84c0-7b750cbd1231,,Ratchet,,,Delay,,,,,,,,,"Guitar,Stomp",effects:62c642a4-6ec6-4812-8b87-ecc02aec416f
6e63c3a0-d3e4-47e0-8452-2aae3d545aa9,f4ad6589-72fe-48ac-84c0-7b750cbd1231,,Reverse,,Legacy,Delay,,,,,,,,,"Guitar,Stomp",effects:62c642a4-6ec6-4812-8b87-ecc02aec416f
1e1c9619-2962-47af-8419-933970ed5b75,f4ad6589-72fe-48ac-84c0-7b750cbd1231,,Reverse Delay,,,Delay,,,,,,,,,"Guitar,Stomp",effects:62c642a4-6ec6-4812-8b87-ecc02aec416f
0d134367-aac7-4751-abfd-672c59c67fb6,f4ad6589-72fe-48ac-84c0-7b750cbd1231,,Simple Delay,,,Delay,,,,,,,,,"Guitar,Stomp",effects:62c642a4-6ec6-4812-8b87-ecc02aec416f
bd55006e-cd44-4b61-a666-bc82629d95f0,f4ad6589-72fe-48ac-84c0-7b750cbd1231,,Stereo,,Legacy,Delay,,,,,,,,,"Guitar,Stomp",effects:62c642a4-6ec6-4812-8b87-ecc02aec416f
7fa52b8d-cdf0-4a8b-b422-27cca5da3dfe,f4ad6589-72fe-48ac-84c0-7b750cbd1231,,Sweep Echo,,Legacy,Delay,,,,,,,,,"Guitar,Stomp",effects:62c642a4-6ec6-4812-8b87-ecc02aec416f
7fa52b8d-cdf0-4a8b-b422-27cca5da3dfe,f4ad6589-72fe-48ac-84c0-7b750cbd1231,,Sweep Echo,,,Delay,,,,,,,,,"Guitar,Stomp",effects:62c642a4-6ec6-4812-8b87-ecc02aec416f
0b62d4f0-aa2d-43be-9c0c-014d28860e82,f4ad6589-72fe-48ac-84c0-7b750cbd1231,,Tesselator,,,Delay,,,,,,,,,"Guitar,Stomp",effects:62c642a4-6ec6-4812-8b87-ecc02aec416f
85bc81a9-9ad0-4b19-a4e8-283535e9fee0,f4ad6589-72fe-48ac-84c0-7b750cbd1231,,Vintage Digital,,,Delay,,,,,,,,,"Guitar,Stomp",effects:62c642a4-6ec6-4812-8b87-ecc02aec416f
9bff51d9-d313-4711-b7ab-e20ff572e0de,f4ad6589-72fe-48ac-84c0-7b750cbd1231,,Vintage Swell,,,Delay,,,,,,,,,"Guitar,Stomp",effects:62c642a4-6ec6-4812-8b87-ecc02aec416f
211d1946-89fe-4a0c-ab95-1990a1c94181,f4ad6589-72fe-48ac-84c0-7b750cbd1231,,3-Band Comp,,,Dynamics,,,,,,,,,"Bass,Guitar,Stomp",effects:62c642a4-6ec6-4812-8b87-ecc02aec416f
723cc2d7-bd13-4b46-9ca4-2e071c9904e5,f4ad6589-72fe-48ac-84c0-7b750cbd1231,,Autoswell,,,Dynamics,,,,,,,,,"Guitar,Stomp",effects:62c642a4-6ec6-4812-8b87-ecc02aec416f
cbf9c44b-c442-4e05-8d80-5a60c46f4b4f,f4ad6589-72fe-48ac-84c0-7b750cbd1231,,Deluxe Comp,,,Dynamics,,,,,,,,,"Guitar,Stomp",effects:62c642a4-6ec6-4812-8b87-ecc02aec416f
124a583d-a45d-464a-b6d7-acb720702fce,f4ad6589-72fe-48ac-84c0-7b750cbd1231,,Feedbacker,,,Dynamics,,,,,,,,,"Guitar,Stomp",effects:62c642a4-6ec6-4812-8b87-ecc02aec416f
62a1d40c-ba0c-4b17-b886-8568f42465bb,f4ad6589-72fe-48ac-84c0-7b750cbd1231,,Gain,,,Dynamics,,,,,,,,,"Guitar,Stomp",effects:62c642a4-6ec6-4812-8b87-ecc02aec416f
83d4176b-064a-40fb-9e30-6ba591b0f1d0,f4ad6589-72fe-48ac-84c0-7b750cbd1231,,Hard Gate,,,Dynamics,,,,,,,,,"Guitar,Stomp",effects:62c642a4-6ec6-4812-8b87-ecc02aec416f
6f15ac38-80ef-4099-a2cb-1eb0b5404329,f4ad6589-72fe-48ac-84c0-7b750cbd1231,,Noise Gate,,,Dynamics,,,,,,,,,"Guitar,Stomp",effects:62c642a4-6ec6-4812-8b87-ecc02aec416f
438b0333-499e-47bd-a2f2-ea975a9d63f6,f4ad6589-72fe-48ac-84c0-7b750cbd1231,,Vetta Comp,,Legacy,Dynamics,,,,,,,,,"Guitar,Stomp",effects:62c642a4-6ec6-4812-8b87-ecc02aec416f
2192d042-d333-45ca-86c1-b7de372fb24f,f4ad6589-72fe-48ac-84c0-7b750cbd1231,,Vetta Juice,,Legacy,Dynamics,,,,,,,,,"Guitar,Stomp",effects:62c642a4-6ec6-4812-8b87-ecc02aec416f
5236b36c-c037-4228-9f04-367e9bac1a51,f4ad6589-72fe-48ac-84c0-7b750cbd1231,,Volume Pedal,,,Dynamics,,,,,,,,,"Guitar,Stomp",effects:62c642a4-6ec6-4812-8b87-ecc02aec416f
1ba2c770-538b-4fb7-836e-3ab861b29739,f4ad6589-72fe-48ac-84c0-7b750cbd1231,,Acoustic Sim,,,EQ,,,,,,,,,"Guitar,Stomp",effects:62c642a4-6ec6-4812-8b87-ecc02aec416f
413793d5-4773-4a4a-885a-a5a43784c8de,f4ad6589-72fe-48ac-84c0-7b750cbd1231,,Low and High Cut,,,EQ,,,,,,,,,"Guitar,Stomp",effects:62c642a4-6ec6-4812-8b87-ecc02aec416f
467cf7f8-bce3-4239-ace5-4a317e30abdc,f4ad6589-72fe-48ac-84c0-7b750cbd1231,,Low/High Shelf,,,EQ,,,,,,,,,"Guitar,Stomp",effects:62c642a4-6ec6-4812-8b87-ecc02aec416f
adad4645-f830-4c6c-afb7-0ef08f56b8f2,f4ad6589-72fe-48ac-84c0-7b750cbd1231,,Parametric,,,EQ,,,,,,,,,"Guitar,Stomp",effects:62c642a4-6ec6-4812-8b87-ecc02aec416f
25922d24-7f66-4ffd-b2ef-a2abe3706dbd,f4ad6589-72fe-48ac-84c0-7b750cbd1231,,Simple EQ,,,EQ,,,,,,,,,"Guitar,Stomp",effects:62c642a4-6ec6-4812-8b87-ecc02aec416f
da3ca3ce-b43c-4850-b3d1-1dbd8ce8ae63,f4ad6589-72fe-48ac-84c0-7b750cbd1231,,Tilt,,,EQ,,,,,,,,,"Guitar,Stomp",effects:62c642a4-6ec6-4812-8b87-ecc02aec416f
f3fa3dcb-2fbc-439d-b4a3-bfbcbeee984e,f4ad6589-72fe-48ac-84c0-7b750cbd1231,,Bitcrusher,,,Harmonic Coloration,,,,,,,,,"Guitar,Stomp",effects:62c642a4-6ec6-4812-8b87-ecc02aec416f
42ab6add-a976-4d78-a3b1-d7744648a8c0,f4ad6589-72fe-48ac-84c0-7b750cbd1231,,L6 Distortion,,Legacy,Harmonic Coloration,,,,,,,,,"Guitar,Stomp",effects:62c642a4-6ec6-4812-8b87-ecc02aec416f
adba57e6-b45a-4790-9659-52e32f564cbb,f4ad6589-72fe-48ac-84c0-7b750cbd1231,,Megaphone,,,Harmonic Coloration,,,,,,,,,"Guitar,Stomp",effects:62c642a4-6ec6-4812-8b87-ecc02aec416f
9a68c874-17d9-4667-af74-15b6463b784d,f4ad6589-72fe-48ac-84c0-7b750cbd1231,,Thrifter Fuzz,,,Harmonic Coloration,,,,,,,,,"Guitar,Stomp",effects:62c642a4-6ec6-4812-8b87-ecc02aec416f
092b8fdf-3cd5-485f-9c85-e21d36fa1508,f4ad6589-72fe-48ac-84c0-7b750cbd1231,,4-Voice Chorus,,,Modulation,,,,,,,,,"Guitar,Stomp",effects:62c642a4-6ec6-4812-8b87-ecc02aec416f
0e0438d3-bf7f-46d1-b5b3-1c10da52ac62,f4ad6589-72fe-48ac-84c0-7b750cbd1231,,AM Ring Mod,,,Modulation,,,,,,,,,"Guitar,Stomp",effects:62c642a4-6ec6-4812-8b87-ecc02aec416f
98bb421e-c517-4b49-9bdd-26b2efbff5a6,f4ad6589-72fe-48ac-84c0-7b750cbd1231,,Autofilter,,,Modulation,,,,,,,,,"Guitar,Stomp",effects:62c642a4-6ec6-4812-8b87-ecc02aec416f
8cdcfe9d-4549-4b82-a007-f78d0e9ed81c,f4ad6589-72fe-48ac-84c0-7b750cbd1231,,Barberpole,,Legacy,Modulation,,,,,,,,,"Guitar,Stomp",effects:62c642a4-6ec6-4812-8b87-ecc02aec416f
d2169631-f3a9-45cb-ba42-b5d5a37b914a,f4ad6589-72fe-48ac-84c0-7b750cbd1231,,Chorus,,,Modulation,,,,,,,,,"Guitar,Stomp",effects:62c642a4-6ec6-4812-8b87-ecc02aec416f
9051dbed-2d2e-4649-82f1-0c65d246ad0e,f4ad6589-72fe-48ac-84c0-7b750cbd1231,,Comet Trails,,Legacy,Modulation,,,,,,,,,"Guitar,Stomp",effects:62c642a4-6ec6-4812-8b87-ecc02aec416f
811415a6-81e4-47d0-8ad9-f88e16e93656,f4ad6589-72fe-48ac-84c0-7b750cbd1231,,Deluxe Phaser,,,Modulation,,,,,,,,,"Guitar,Stomp",effects:62c642a4-6ec6-4812-8b87-ecc02aec416f
7097bdf5-4d81-4b13-9cc0-53424b66b0f6,f4ad6589-72fe-48ac-84c0-7b750cbd1231,,Double Take,,,Modulation,,,,,,,,,"Guitar,Stomp",effects:62c642a4-6ec6-4812-8b87-ecc02aec416f
679517d3-a812-49d8-b266-aac6fea4a655,f4ad6589-72fe-48ac-84c0-7b750cbd1231,,Dynamix Flanger,,,Modulation,,,,,,,,,"Guitar,Stomp",effects:62c642a4-6ec6-4812-8b87-ecc02aec416f
73c736d7-4077-4749-ba9b-eb61f399f9b4,f4ad6589-72fe-48ac-84c0-7b750cbd1231,,FlexoVibe,,,Modulation,,,,,,,,,"Guitar,Stomp",effects:62c642a4-6ec6-4812-8b87-ecc02aec416f
d24491d4-3e36-45db-bcde-3edba7b65d2b,f4ad6589-72fe-48ac-84c0-7b750cbd1231,,Frequency Shift,,Legacy,Modulation,,,,,,,,,"Guitar,Stomp",effects:62c642a4-6ec6-4812-8b87-ecc02aec416f
367a32ef-a63b-49ea-824d-d3179fe1f2f4,f4ad6589-72fe-48ac-84c0-7b750cbd1231,,Harmonic Tremolo,,,Modulation,,,,,,,,,"Guitar,Stomp",effects:62c642a4-6ec6-4812-8b87-ecc02aec416f
709629ad-1158-4390-8be8-6f4d48a8ee7b,f4ad6589-72fe-48ac-84c0-7b750cbd1231,,Panner,,Legacy,Modulation,,,,,,,,,"Guitar,Stomp",effects:62c642a4-6ec6-4812-8b87-ecc02aec416f
3356e711-bfcb-4dd8-9007-a2eea425d1e7,f4ad6589-72fe-48ac-84c0-7b750cbd1231,,Pattern Tremolo,,Legacy,Modulation,,,,,,,,,"Guitar,Stomp",effects:62c642a4-6ec6-4812-8b87-ecc02aec416f
550c38de-1b82-4fe5-bc96-1ef3b150a377,f4ad6589-72fe-48ac-84c0-7b750cbd1231,,Pitch Ring Mod,,,Modulation,,,,,,,,,"Guitar,Stomp",effects:62c642a4-6ec6-4812-8b87-ecc02aec416f
a385a00f-0cf8-4f92-a359-0cc94206625c,f4ad6589-72fe-48ac-84c0-7b750cbd1231,,Poly Detune,,,Modulation,,,,,,,,,"Guitar,Stomp",effects:62c642a4-6ec6-4812-8b87-ecc02aec416f
0ee3a3f0-722e-40b1-911b-f9e468c3db8e,f4ad6589-72fe-48ac-84c0-7b750cbd1231,,Q Filter,,Legacy,Modulation,,,,,,,,,"Guitar,Stomp",effects:62c642a4-6ec6-4812-8b87-ecc02aec416f
8515fdfd-13f3-420d-8d36-b07892c9da1a,f4ad6589-72fe-48ac-84c0-7b750cbd1231,,Random S&H,,Legacy,Modulation,,,,,,,,,"Guitar,Stomp",effects:62c642a4-6ec6-4812-8b87-ecc02aec416f
3985b6ec-3427-4e0b-baeb-399b6589b6e7,f4ad6589-72fe-48ac-84c0-7b750cbd1231,,Retro Reel,,,Modulation,,,,,,,,,"Guitar,Stomp",effects:62c642a4-6ec6-4812-8b87-ecc02aec416f
1d941c45-19d2-4590-af56-0cf40134031c,f4ad6589-72fe-48ac-84c0-7b750cbd1231,,Ring Modulator,,Legacy,Modulation,,,,,,,,,"Guitar,Stomp",effects:62c642a4-6ec6-4812-8b87-ecc02aec416f
a1026554-3639-4071-9786-bb902e1816ce,f4ad6589-72fe-48ac-84c0-7b750cbd1231,,Slow Filter,,Legacy,Modulation,,,,,,,,,"Guitar,Stomp",effects:62c642a4-6ec6-4812-8b87-ecc02aec416f
0be7a4b3-0da0-4425-8d25-dd49fe510fb4,f4ad6589-72fe-48ac-84c0-7b750cbd1231,,Sweeper,,Legacy,Modulation,,,,,,,,,"Guitar,Stomp",effects:62c642a4-6ec6-4812-8b87-ecc02aec416f
a4292582-0cff-463d-9772-c532f8e55b72,f4ad6589-72fe-48ac-84c0-7b750cbd1231,,Tape Eater,,Legacy,Modulation,,,,,,,,,"Guitar,Stomp",effects:62c642a4-6ec6-4812-8b87-ecc02aec416f
d7edf30f-1d9e-4954-b1a3-4240deb994fe,f4ad6589-72fe-48ac-84c0-7b750cbd1231,,Vetta Wah,,,Modulation,,,,,,,,,"Guitar,Stomp",effects:62c642a4-6ec6-4812-8b87-ecc02aec416f
d8b247c2-8a50-4e78-9b13-c6040ecbfc04,f4ad6589-72fe-48ac-84c0-7b750cbd1231,,Voice Box,,Legacy,Modulation,,,,,,,,,"Guitar,Stomp",effects:62c642a4-6ec6-4812-8b87-ecc02aec416f
72d5cbd2-b79e-427e-8718-bda42cb3ecc2,f4ad6589-72fe-48ac-84c0-7b750cbd1231,,Warble-Matic,,Legacy,Modulation,,,,,,,,,"Guitar,Stomp",effects:62c642a4-6ec6-4812-8b87-ecc02aec416f
591893aa-6311-4cab-b4fc-07ce9ae86f42,f4ad6589-72fe-48ac-84c0-7b750cbd1231,,12 String,,,Pitch Tools,,,,,,High DSP,,,"Guitar,Stomp",effects:62c642a4-6ec6-4812-8b87-ecc02aec416f
a157fc5e-2513-4241-b394-17e294daf947,f4ad6589-72fe-48ac-84c0-7b750cbd1231,,Poly Capo,,,Pitch Tools,,,,,,High DSP,,,"Guitar,Stomp",effects:62c642a4-6ec6-4812-8b87-ecc02aec416f
ac61b645-bda7-4638-94c3-16f29987b4a5,f4ad6589-72fe-48ac-84c0-7b750cbd1231,,Poly Pitch,,,Pitch Tools,,,,,,High DSP,,,"Guitar,Stomp",effects:62c642a4-6ec6-4812-8b87-ecc02aec416f
88dae98d-3cfa-4d96-af6f-a1bf9c8ca98c,f4ad6589-72fe-48ac-84c0-7b750cbd1231,,Poly Wham,,,Pitch Tools,,,,,,High DSP,,,"Guitar,Stomp",effects:62c642a4-6ec6-4812-8b87-ecc02aec416f
de2f46da-9666-4499-8007-cf9a2a9ae370,f4ad6589-72fe-48ac-84c0-7b750cbd1231,,3 Note Generator,,,Pitch Tools,,,Off By Default,,,,,,"Guitar,Stomp",effects:62c642a4-6ec6-4812-8b87-ecc02aec416f
e59d7af9-6d93-4c64-8509-9929e5d721f5,f4ad6589-72fe-48ac-84c0-7b750cbd1231,,3 OSC Synth,,,Pitch Tools,,,,,,,,,"Guitar,Stomp",effects:62c642a4-6ec6-4812-8b87-ecc02aec416f
adc28314-87d1-4a50-b771-444551b11694,f4ad6589-72fe-48ac-84c0-7b750cbd1231,,4 OSC Generator,,,Pitch Tools,,,Off By Default,,,,,,"Guitar,Stomp",effects:62c642a4-6ec6-4812-8b87-ecc02aec416f
2cfb91ce-855c-480b-8193-55dab7e8ceac,f4ad6589-72fe-48ac-84c0-7b750cbd1231,,Analog Synth,,Legacy,Pitch Tools,,,,,,,,,"Guitar,Stomp",effects:62c642a4-6ec6-4812-8b87-ecc02aec416f
497f2e08-1db3-4b7b-b22f-2df40de70736,f4ad6589-72fe-48ac-84c0-7b750cbd1231,,Buzz Wave,,Legacy,Pitch Tools,,,,,,,,,"Guitar,Stomp",effects:62c642a4-6ec6-4812-8b87-ecc02aec416f
ba7cdb14-6a72-4ae7-ad24-d06ac50d7505,f4ad6589-72fe-48ac-84c0-7b750cbd1231,,Double Bass,,Legacy,Pitch Tools,,,,,,,,,"Guitar,Stomp",effects:62c642a4-6ec6-4812-8b87-ecc02aec416f
bb8faf8c-614a-4e23-bf58-cd49eb761628,f4ad6589-72fe-48ac-84c0-7b750cbd1231,,Dual Pitch,,,Pitch Tools,,,,,,,,,"Guitar,Stomp",effects:62c642a4-6ec6-4812-8b87-ecc02aec416f
c53e923f-89d1-45cc-b365-296cc551ff05,f4ad6589-72fe-48ac-84c0-7b750cbd1231,,Growler,,Legacy,Pitch Tools,,,,,,,,,"Guitar,Stomp",effects:62c642a4-6ec6-4812-8b87-ecc02aec416f
1a074e76-e8a0-4444-a9bb-06fc224e52ee,f4ad6589-72fe-48ac-84c0-7b750cbd1231,,Octi Synth,,Legacy,Pitch Tools,,,,,,,,,"Guitar,Stomp",effects:62c642a4-6ec6-4812-8b87-ecc02aec416f
9e2f8ee0-615c-41d1-9f68-f8779bf1629f,f4ad6589-72fe-48ac-84c0-7b750cbd1231,,Rez Synth,,Legacy,Pitch Tools,,,,,,,,,"Guitar,Stomp",effects:62c642a4-6ec6-4812-8b87-ecc02aec416f
67c16bc6-9ff3-45ff-aec8-58803eaddbdc,f4ad6589-72fe-48ac-84c0-7b750cbd1231,,Saturn 5 Ring Mod,,Legacy,Pitch Tools,,,,,,,,,"Guitar,Stomp",effects:62c642a4-6ec6-4812-8b87-ecc02aec416f
a6b9c58f-6bdf-4bcf-bf23-034dab9da60f,f4ad6589-72fe-48ac-84c0-7b750cbd1231,,Seismik Synth,,Legacy,Pitch Tools,,,,,,,,,"Guitar,Stomp",effects:62c642a4-6ec6-4812-8b87-ecc02aec416f
c8443687-a185-4ccf-832a-9fc5deec3976,f4ad6589-72fe-48ac-84c0-7b750cbd1231,,Simple Pitch,,,Pitch Tools,,,,,,,,,"Guitar,Stomp",effects:62c642a4-6ec6-4812-8b87-ecc02aec416f
d78f6502-090b-476f-b78a-d10b827c39b5,f4ad6589-72fe-48ac-84c0-7b750cbd1231,,String Theory,,Legacy,Pitch Tools,,,,,,,,,"Guitar,Stomp",effects:62c642a4-6ec6-4812-8b87-ecc02aec416f
0aca29c0-aad3-4a66-bbd6-156a16e9f352,f4ad6589-72fe-48ac-84c0-7b750cbd1231,,Synth FX,,Legacy,Pitch Tools,,,,,,,,,"Guitar,Stomp",effects:62c642a4-6ec6-4812-8b87-ecc02aec416f
da8a1b3c-2b15-4bb7-a618-8ad9068e9789,f4ad6589-72fe-48ac-84c0-7b750cbd1231,,Synth Harmony,,Legacy,Pitch Tools,,,,,,,,,"Guitar,Stomp",effects:62c642a4-6ec6-4812-8b87-ecc02aec416f
509877fe-e638-415b-8070-dd3c1dc5c026,f4ad6589-72fe-48ac-84c0-7b750cbd1231,,Synth Lead,,Legacy,Pitch Tools,,,,,,,,,"Guitar,Stomp",effects:62c642a4-6ec6-4812-8b87-ecc02aec416f
78ff6722-b712-4e68-bcfb-5f0a2f51470e,f4ad6589-72fe-48ac-84c0-7b750cbd1231,,Synth O Matic,,Legacy,Pitch Tools,,,,,,,,,"Guitar,Stomp",effects:62c642a4-6ec6-4812-8b87-ecc02aec416f
38c8dbbb-e6ad-41fb-bd90-cc634ab3b8c8,f4ad6589-72fe-48ac-84c0-7b750cbd1231,,63 Spring,,Legacy,Reverb&Room,,,,,,,,,"Guitar,Stomp",effects:62c642a4-6ec6-4812-8b87-ecc02aec416f
b784930c-46fe-4d3a-bda2-a1494af90835,f4ad6589-72fe-48ac-84c0-7b750cbd1231,,Cave,,Legacy,Reverb&Room,,,,,,,,,"Guitar,Stomp",effects:62c642a4-6ec6-4812-8b87-ecc02aec416f
5feb381f-0b09-413d-8aa8-db539f68c4f9,f4ad6589-72fe-48ac-84c0-7b750cbd1231,,Chamber,,Legacy,Reverb&Room,,,,,,,,,"Guitar,Stomp",effects:62c642a4-6ec6-4812-8b87-ecc02aec416f
d2ba0011-94d8-47c8-be15-a61c6968519b,f4ad6589-72fe-48ac-84c0-7b750cbd1231,,Double Tank,,,Reverb&Room,,,,,,,,,"Guitar,Stomp",effects:62c642a4-6ec6-4812-8b87-ecc02aec416f
4ae887dc-d5b9-4c13-8fa6-b1b0831a7425,f4ad6589-72fe-48ac-84c0-7b750cbd1231,,Ducking,,Legacy,Reverb&Room,,,,,,,,,"Guitar,Stomp",effects:62c642a4-6ec6-4812-8b87-ecc02aec416f
6a2296cd-2eb3-4bd1-89d5-1e0d7960a935,f4ad6589-72fe-48ac-84c0-7b750cbd1231,,Dynamic Ambience,,,Reverb&Room,,,,,,,,,"Guitar,Stomp",effects:62c642a4-6ec6-4812-8b87-ecc02aec416f
effa9b41-7679-44b0-9af0-81f5185eca86,f4ad6589-72fe-48ac-84c0-7b750cbd1231,,Dynamic Bloom,,,Reverb&Room,,,,,,,,,"Guitar,Stomp",effects:62c642a4-6ec6-4812-8b87-ecc02aec416f
aecdab28-5c04-4afe-8ca3-fb9485b8f7ef,f4ad6589-72fe-48ac-84c0-7b750cbd1231,,Dynamic Hall,,,Reverb&Room,,,,,,,,,"Guitar,Stomp",effects:62c642a4-6ec6-4812-8b87-ecc02aec416f
312f91af-83c7-476e-be26-1fc839c165d2,f4ad6589-72fe-48ac-84c0-7b750cbd1231,,Dynamic Plate,,,Reverb&Room,,,,,,,,,"Guitar,Stomp",effects:62c642a4-6ec6-4812-8b87-ecc02aec416f
95e4010e-b59b-4971-9d27-f5559cdf7295,f4ad6589-72fe-48ac-84c0-7b750cbd1231,,Dynamic Room,,,Reverb&Room,,,,,,,,,"Guitar,Stomp",effects:62c642a4-6ec6-4812-8b87-ecc02aec416f
12cc7f8e-c6c8-46ca-beca-2e7025181cdb,f4ad6589-72fe-48ac-84c0-7b750cbd1231,,Echo,,Legacy,Reverb&Room,,,,,,,,,"Guitar,Stomp",effects:62c642a4-6ec6-4812-8b87-ecc02aec416f
2a6e6df3-00f9-4530-9d90-9759a5900e7e,f4ad6589-72fe-48ac-84c0-7b750cbd1231,,Ganymede,,,Reverb&Room,,,,,,,,,"Guitar,Stomp",effects:62c642a4-6ec6-4812-8b87-ecc02aec416f
3eda6662-9148-43f2-ac86-c584e29624b8,f4ad6589-72fe-48ac-84c0-7b750cbd1231,,Glitz,,,Reverb&Room,,,,,,,,,"Guitar,Stomp",effects:62c642a4-6ec6-4812-8b87-ecc02aec416f
bb076230-f577-4c1a-8563-9c0eb4004226,f4ad6589-72fe-48ac-84c0-7b750cbd1231,,Hall,,Legacy,Reverb&Room,,,,,,,,,"Guitar,Stomp",effects:62c642a4-6ec6-4812-8b87-ecc02aec416f
d88119ff-bc3c-463a-b64a-67563c90eba4,f4ad6589-72fe-48ac-84c0-7b750cbd1231,,Hot Springs,,,Reverb&Room,,,,,,,,,"Guitar,Stomp",effects:62c642a4-6ec6-4812-8b87-ecc02aec416f
5f9a4c10-2d67-45ca-89ce-63478f81375c,f4ad6589-72fe-48ac-84c0-7b750cbd1231,,Nonlinear,,,Reverb&Room,,,,,,,,,"Guitar,Stomp",effects:62c642a4-6ec6-4812-8b87-ecc02aec416f
b5fa56e2-ea67-4a49-babd-d033777e05d6,f4ad6589-72fe-48ac-84c0-7b750cbd1231,,Octo,,Legacy,Reverb&Room,,,,,,,,,"Guitar,Stomp",effects:62c642a4-6ec6-4812-8b87-ecc02aec416f
5b585293-8014-49dd-b735-02c7d604d5a9,f4ad6589-72fe-48ac-84c0-7b750cbd1231,,Particle Verb,,Legacy,Reverb&Room,,,,,,,,,"Guitar,Stomp",effects:62c642a4-6ec6-4812-8b87-ecc02aec416f
5e233e85-f55f-4ad0-9d8f-a6ddf8e95b06,f4ad6589-72fe-48ac-84c0-7b750cbd1231,,Plate,,Legacy,Reverb&Room,,,,,,,,,"Guitar,Stomp",effects:62c642a4-6ec6-4812-8b87-ecc02aec416f
cc6c2dbe-09f1-4d92-bbc3-c69429d0ddc6,f4ad6589-72fe-48ac-84c0-7b750cbd1231,,Plateaux,,,Reverb&Room,,,,,,,,,"Guitar,Stomp",effects:62c642a4-6ec6-4812-8b87-ecc02aec416f
083a2629-c727-4ba7-bf9d-aa3e8f7156f8,f4ad6589-72fe-48ac-84c0-7b750cbd1231,,Room,,Legacy,Reverb&Room,,,,,,,,,"Guitar,Stomp",effects:62c642a4-6ec6-4812-8b87-ecc02aec416f
f86a9655-0c78-4932-8ed7-d50f32ee81c4,f4ad6589-72fe-48ac-84c0-7b750cbd1231,,Searchlights,,,Reverb&Room,,,,,,,,,"Guitar,Stomp",effects:62c642a4-6ec6-4812-8b87-ecc02aec416f
9eabe831-7560-4621-85f5-47b141a4901f,f4ad6589-72fe-48ac-84c0-7b750cbd1231,,Shimmer,,,Reverb&Room,,,,,,,,,"Guitar,Stomp",effects:62c642a4-6ec6-4812-8b87-ecc02aec416f
6c1f7351-73a0-4fde-b969-6d4a2a87a826,f4ad6589-72fe-48ac-84c0-7b750cbd1231,,Spring,,Legacy,Reverb&Room,,,,,,,,,"Guitar,Stomp",effects:62c642a4-6ec6-4812-8b87-ecc02aec416f
b528da97-ce55-49cf-a579-163eacc992a2,f4ad6589-72fe-48ac-84c0-7b750cbd1231,,Tile,,Legacy,Reverb&Room,,,,,,,,,"Guitar,Stomp",effects:62c642a4-6ec6-4812-8b87-ecc02aec416f
c85688df-55b8-4f6b-8278-9be2989cd568,f4ad6589-72fe-48ac-84c0-7b750cbd1231,,Pan,,,Spatial Processing,,,,Only use when inside Helix Native,,,,,"Guitar,Stomp",effects:62c642a4-6ec6-4812-8b87-ecc02aec416f
af16386f-279e-4fbb-9a95-b5dba4b9e191,f4ad6589-72fe-48ac-84c0-7b750cbd1231,,Stereo Imager,,,Spatial Processing,,,,Only use when inside Helix Native,,,,,"Guitar,Stomp",effects:62c642a4-6ec6-4812-8b87-ecc02aec416f
d6ffb72d-787b-4e6f-a91d-d802f224c05f,f4ad6589-72fe-48ac-84c0-7b750cbd1231,,Stereo Width,,,Spatial Processing,,,,Only use when inside Helix Native,,,,,"Guitar,Stomp",effects:62c642a4-6ec6-4812-8b87-ecc02aec416f
391eaa7e-a755-4a1c-8fea-870d748e302f,f772e5f8-1e3c-11f1-a0d3-0072ee78ad39,e0eae940-eb8b-4dbd-94aa-b10de0468a15,DN-112,,,Microphone,,,,AKG D112 TOP,,,,,Modeled,effects:823ecc0d-7cff-4c9e-a015-3956def0fd5a
efe7a30a-9f4c-4c60-9669-5e324af6a100,f772e5f8-1e3c-11f1-a0d3-0072ee78ad39,a0ab16d0-36dd-4d67-9c06-1087eba6d516,DN-6,,,Microphone,,,,Audix D6 TOP,,,,,Modeled,effects:823ecc0d-7cff-4c9e-a015-3956def0fd5a
963434fb-796b-4f24-bebd-4430a21cbcc8,f772e5f8-1e3c-11f1-a0d3-0072ee78ad39,af62b14e-67c6-4672-a925-11be6495b263,DN-88,,,Microphone,,,,Beyerdynamic M88 TOP,,,,,Modeled,effects:823ecc0d-7cff-4c9e-a015-3956def0fd5a
91e90b15-b654-4234-b137-a64fe07ab2c5,f772e5f8-1e3c-11f1-a0d3-0072ee78ad39,401b478b-4be5-4865-92f3-f4a3911da7ba,DN-4,,,Microphone,,,,,,,,,Modeled,effects:823ecc0d-7cff-4c9e-a015-3956def0fd5a
65161aec-1ebc-42a0-a2a4-977f3bbe1367,f772e5f8-1e3c-11f1-a0d3-0072ee78ad39,6b94d5a6-2030-4cc6-8c53-8e20d661c30f,SD-K54,,,Microphone,,,,Neumann KM54 TOP,,,,,Modeled,effects:823ecc0d-7cff-4c9e-a015-3956def0fd5a
384480a0-7efe-4587-864f-f3d4debbdf02,f772e5f8-1e3c-11f1-a0d3-0072ee78ad39,99890e91-61a9-4151-abdb-09ac429bfa2c,SD-56,,,Microphone,,,,,,,,,Modeled,effects:823ecc0d-7cff-4c9e-a015-3956def0fd5a
46e5cd98-208c-443f-9e18-6b1cc06b6c2a,f772e5f8-1e3c-11f1-a0d3-0072ee78ad39,f112a239-2846-4773-a279-03ca0b72dff6,SD-84,,,Microphone,,,,Neumann KM84 TOP,,,,,Modeled,effects:823ecc0d-7cff-4c9e-a015-3956def0fd5a
5c695e9c-cfc4-49a0-ad20-99b4c8e6a0db,f772e5f8-1e3c-11f1-a0d3-0072ee78ad39,e40f9ee5-9eb3-4e65-980c-decea16eaf0f,SD-86,,,Microphone,,,,,,,,,Modeled,effects:823ecc0d-7cff-4c9e-a015-3956def0fd5a
80f3d586-09e7-4ae7-90cd-1a967df455be,f772e5f8-1e3c-11f1-a0d3-0072ee78ad39,04f76ddc-ef06-4ad0-aa6b-44d513e8f8ce,DN-604,,,Microphone,,,,,,,,,Modeled,effects:823ecc0d-7cff-4c9e-a015-3956def0fd5a
2e5b94c5-3042-48c6-8689-133701f3c386,f772e5f8-1e3c-11f1-a0d3-0072ee78ad39,d9a78bee-a323-40f7-b84c-61cb41b25635,DN-441,,,Microphone,,,,Sennheiser MD441 TOP,,,,,Modeled,effects:823ecc0d-7cff-4c9e-a015-3956def0fd5a
a0e901ee-bc5b-4280-bec2-0a9e75f497a3,f772e5f8-1e3c-11f1-a0d3-0072ee78ad39,52937d47-4b45-469b-8520-67013337c9a3,DN-52,,,Microphone,,,(Shure Beta 52A),Shure Beta 52A TOP,,,,,Modeled,effects:823ecc0d-7cff-4c9e-a015-3956def0fd5a
a6e1d464-0fa0-4a50-af51-7f08ce159f25,f772e5f8-1e3c-11f1-a0d3-0072ee78ad39,43640540-df3a-49bd-bbe9-4353bd29113b,DN-SUB,,,Microphone,,,,,,,,,Modeled,effects:823ecc0d-7cff-4c9e-a015-3956def0fd5a
7efc5ba8-62f4-43c2-9b3d-9ec8cda2beba,f772e5f8-1e3c-11f1-a0d3-0072ee78ad39,8ba74380-a514-4fa9-ba2d-883ce6c02da5,BP-545,,,Microphone,,,,Shure 545SD TOP,,,,,Modeled,"effects:823ecc0d-7cff-4c9e-a015-3956def0fd5a,effects:19b0dc56-9efc-45f0-bce4-1cfac0cfe49d"
4ded0d5b-2b10-4d3c-a7e9-10cb39d917b7,f772e5f8-1e3c-11f1-a0d3-0072ee78ad39,29b93ab2-6e7d-45af-bb18-f5e1281d3e1a,LD-12,,,Microphone,,,,AKG C12 TOP,,,,,Modeled,"effects:823ecc0d-7cff-4c9e-a015-3956def0fd5a,effects:4d355fdc-432e-43f9-9355-ceece55c4c4b"
b814992e-269d-4fa0-bd7a-cc8fd63a4929,f772e5f8-1e3c-11f1-a0d3-0072ee78ad39,e915b850-4041-4cc1-ba80-b22d908dd569,SD-451,,,Microphone,,,,,,,,,Modeled,"effects:823ecc0d-7cff-4c9e-a015-3956def0fd5a,effects:4d355fdc-432e-43f9-9355-ceece55c4c4b"
087599fa-d6e0-4a3b-9568-ca97c87a758f,f772e5f8-1e3c-11f1-a0d3-0072ee78ad39,0d66672b-e3fe-4488-943c-c0a38afc8ebe,DN-12A,,,Microphone,,,,,,,,,Modeled,"effects:823ecc0d-7cff-4c9e-a015-3956def0fd5a,effects:4d355fdc-432e-43f9-9355-ceece55c4c4b"
dec9b421-a876-41a6-9e37-6ee29eab0314,f772e5f8-1e3c-11f1-a0d3-0072ee78ad39,11b07f9e-f95f-4b9c-b7f9-fbe6b6fa10df,RB-160,,,Microphone,,,,Beyerdynamic M160 TOP,,,,,Modeled,"effects:823ecc0d-7cff-4c9e-a015-3956def0fd5a,effects:4d355fdc-432e-43f9-9355-ceece55c4c4b"
027df6cd-3101-4775-90b1-7a7c07cabd1f,f772e5f8-1e3c-11f1-a0d3-0072ee78ad39,ea997eeb-dbbc-4195-9ab7-ba340575d571,DN-20,,,Microphone,,,,Electro-Voice RE20 TOP,,,,,Modeled,"effects:823ecc0d-7cff-4c9e-a015-3956def0fd5a,effects:4d355fdc-432e-43f9-9355-ceece55c4c4b"
5043ceae-c137-4465-9500-7d2f4e863a12,f772e5f8-1e3c-11f1-a0d3-0072ee78ad39,6819594b-64c2-484e-92b7-c5f042126e33,LD-103,,,Microphone,,,,Neumann TLM103 TOP,,,,,Modeled,"effects:823ecc0d-7cff-4c9e-a015-3956def0fd5a,effects:4d355fdc-432e-43f9-9355-ceece55c4c4b"
4e63e411-58af-470f-a9c9-11769fd69dcf,f772e5f8-1e3c-11f1-a0d3-0072ee78ad39,82ef1423-3e83-4450-a8c4-8c9839e77443,LD-47K,,,Microphone,,,(1947) K47 Capsule / Telefunken V14 tube.,Neumann U47 TOP,,"[ vocals, acoustic guitar, bass amp ]",,,Modeled,"effects:823ecc0d-7cff-4c9e-a015-3956def0fd5a,effects:4d355fdc-432e-43f9-9355-ceece55c4c4b"
ab96f027-c02e-4a22-82a3-f87c1257a330,f772e5f8-1e3c-11f1-a0d3-0072ee78ad39,4b9f69ac-efbc-490c-8509-49ef51dd8983,LD-67 NOS,,,Microphone,,,(1960s) NOS EF86 Tube,Neumann U67 TOP,,"warm w/o sounding dull. Shines on distorted guitar amps. More modern sounding [ Vocals, acoustic guitar, piano ]",,,Modeled,"effects:823ecc0d-7cff-4c9e-a015-3956def0fd5a,effects:4d355fdc-432e-43f9-9355-ceece55c4c4b"
71070108-6ccd-45ad-aa97-4dfef265c9d0,f772e5f8-1e3c-11f1-a0d3-0072ee78ad39,851fbdce-1ba8-480f-bc5a-5911742f3072,LD-87 Vintage,,,Microphone,,,(1970s) vintage w/ split backplate capsule,Neumann U87 TOP,,"Different sound from modern U87s [ Vocals, acoustic guitar, guitar amp ]",,,Modeled,"effects:823ecc0d-7cff-4c9e-a015-3956def0fd5a,effects:4d355fdc-432e-43f9-9355-ceece55c4c4b"
4e9bb14f-30b7-48e3-9df2-4fc121f3f23d,f772e5f8-1e3c-11f1-a0d3-0072ee78ad39,2aada67c-8d54-4d97-a291-84e97434996e,RB-77DX Satin,,,Microphone,,,Satin finish,,,,,,Modeled,"effects:823ecc0d-7cff-4c9e-a015-3956def0fd5a,effects:4d355fdc-432e-43f9-9355-ceece55c4c4b"
5c9a71a0-4b06-4b5b-8bb4-70cb0e211cc6,f772e5f8-1e3c-11f1-a0d3-0072ee78ad39,3a7be804-7dd6-4253-ac46-36876fe65e81,DN-409N,,,Microphone,,,,,,,,,Modeled,"effects:823ecc0d-7cff-4c9e-a015-3956def0fd5a,effects:4d355fdc-432e-43f9-9355-ceece55c4c4b"
6f49fd36-1996-49e7-8f5d-26eb5e164776,f772e5f8-1e3c-11f1-a0d3-0072ee78ad39,49aeb2b7-e465-4342-88a7-7cead92ea2ac,DN-409U,,,Microphone,,,,,,,,,Modeled,"effects:823ecc0d-7cff-4c9e-a015-3956def0fd5a,effects:4d355fdc-432e-43f9-9355-ceece55c4c4b"
05348db9-4610-4a27-85e9-324d2297e8dc,f772e5f8-1e3c-11f1-a0d3-0072ee78ad39,23136b4f-7a6c-4002-91cf-e8eeddbd7886,DN-421S,,,Microphone,,,,Sennheiser MD421 TOP,,,,,Modeled,"effects:823ecc0d-7cff-4c9e-a015-3956def0fd5a,effects:4d355fdc-432e-43f9-9355-ceece55c4c4b"
7545dd73-69fa-4d53-bf3e-d10c706ec919,f772e5f8-1e3c-11f1-a0d3-0072ee78ad39,91e0932a-d76d-4e6f-a096-4afdceecb341,DN-421B,,,Microphone,,,,Sennheiser MD421 II TOP,,,,,Modeled,"effects:823ecc0d-7cff-4c9e-a015-3956def0fd5a,effects:4d355fdc-432e-43f9-9355-ceece55c4c4b"
c6e8990f-cb0a-4437-8169-d8b0e6cc07d3,f772e5f8-1e3c-11f1-a0d3-0072ee78ad39,549bb580-b01e-49b8-90ac-406c42939502,DN-57,,,Microphone,,,,Shure SM57 TOP,,,,,Modeled,"effects:823ecc0d-7cff-4c9e-a015-3956def0fd5a,effects:4d355fdc-432e-43f9-9355-ceece55c4c4b"
173d2e08-9bca-40d4-9ad0-79e5031130cf,f772e5f8-1e3c-11f1-a0d3-0072ee78ad39,ead73cce-8ef0-461d-9f69-4c11a9888b47,DN-7,,,Microphone,,,,Shure SM7B TOP,,,,,Modeled,"effects:823ecc0d-7cff-4c9e-a015-3956def0fd5a,effects:4d355fdc-432e-43f9-9355-ceece55c4c4b"
cba10a4d-9347-49ac-865e-d51cdd072338,f772e5f8-1e3c-11f1-a0d3-0072ee78ad39,eff5d47d-32c6-43bc-90c7-afeb12f1a45e,LD-800,,,Microphone,,,,Sony C800G TOP,,,,,Modeled,"effects:823ecc0d-7cff-4c9e-a015-3956def0fd5a,effects:4d355fdc-432e-43f9-9355-ceece55c4c4b"
d5f45b87-ff4f-45af-8e97-356f07f7d741,f772e5f8-1e3c-11f1-a0d3-0072ee78ad39,ebc9235b-f4ed-4c62-a491-3586c4bc721d,LD-251,,,Microphone,,,,Telefunken ELA M 251E TOP,,,,,Modeled,"effects:823ecc0d-7cff-4c9e-a015-3956def0fd5a,effects:4d355fdc-432e-43f9-9355-ceece55c4c4b"
8d32b8ea-df08-4b62-b9d1-9c5128c81e7e,f772e5f8-1e3c-11f1-a0d3-0072ee78ad39,39e881dd-cdc4-4644-90bd-c25363dbc866,Electro-Voice 631,,,Microphone,,,,,,,,,Modeled,effects:e1f2ac4f-2827-49b0-ace6-532848891a6e
e7951359-e1b5-42d0-aa5e-4a8f5981232d,f772e5f8-1e3c-11f1-a0d3-0072ee78ad39,e40f9ee5-9eb3-4e65-980c-decea16eaf0f,Neumann KM86,,,Microphone,,,Sole Motown Mic for a period of time.,Embedded in Hitsville Studios,,"Chamber 1 (cardioid); 
Chamber 2 (figure 8 Blumlein setup when used w/ Altec 605; omni w/ Bose 901)",,,Modeled,effects:e1f2ac4f-2827-49b0-ace6-532848891a6e
d9d89f30-9802-4b39-bb9e-174240b84175,f772e5f8-1e3c-11f1-a0d3-0072ee78ad39,10a88880-3467-476d-8fb6-a23dac534355,RCA 44-BX,,,Microphone,,,First mic used at Hitsville.,Embedded in Hitsville Studios,,2-sided reach for corners / open-space,,,Modeled,effects:e1f2ac4f-2827-49b0-ace6-532848891a6e
ff6aab1b-914a-4bf2-912b-c315d6407374,f772e5f8-1e3c-11f1-a0d3-0072ee78ad39,8ba74380-a514-4fa9-ba2d-883ce6c02da5,Shure Unidyne 545,,,Microphone,,,,Embedded in Hitsville Studios,,most frequently used mic in 2648 West Grand Blvd,,,Modeled,effects:e1f2ac4f-2827-49b0-ace6-532848891a6e
21ff10e1-8bce-402b-ac33-3ede98b7235c,f772e5f8-1e3c-11f1-a0d3-0072ee78ad39,8c3d65ce-82a2-479a-97a6-4b325e0b753e,D65,,,,,,4x12 CAB,,,mic'd w/ Sennheiser MD 421 + Royer R121. Tight bottom end clarity (good for rock and blues),,,"Guitar,Modeled",effects:c53645e6-94da-4b53-9519-bf7309fe4633
6e1c1bfc-08ef-4778-9156-563f26959628,f772e5f8-1e3c-11f1-a0d3-0072ee78ad39,4027005e-d4f3-4939-a802-2e9f5bee048c,GB30,,,,,,4x12 CAB Closed back,,,mic'd w/ Royer R121 + Shure SM57; Tight bass + good treble definition. Great for distorted classic rock tones.,,,"Guitar,Modeled",effects:c53645e6-94da-4b53-9519-bf7309fe4633
645f9a25-dc06-4331-81cd-9e7faf121eb5,f772e5f8-1e3c-11f1-a0d3-0072ee78ad39,0067e1f5-df2e-400a-af9b-301a3177898f,V30,,,,,,4x12 CAB,,,"mic'd w/ AKG C414 (standard for modern rock + metal. Tight bottom end + high end punch) ""Scooped sound""",,,"Guitar,Modeled",effects:c53645e6-94da-4b53-9519-bf7309fe4633
3324f564-bf6e-4b9f-b9cb-b782fc7e2652,f772e5f8-1e3c-11f1-a0d3-0072ee78ad39,1dd8d18f-cfbc-4536-9ffa-6485cc62de5f,Brown JB,,,,,,(1968) 4x12 CAB; 2x12 Celestion G12M Greenback; 2x12 JBL D120F,Marshall 1960A Basketweave ALT (Tone),,Combines the girth and midrange of the greenbacks with the high end sizzle of the JBF speakers. Cones are mic'd  and pre-mixed separately w/ Shure SM57s,,,"Guitar,Modeled",effects:c53645e6-94da-4b53-9519-bf7309fe4633
2e5a386a-e990-4402-bb0d-9758416646cc,f772e5f8-1e3c-11f1-a0d3-0072ee78ad39,1dd8d18f-cfbc-4536-9ffa-6485cc62de5f,Stripped On-Axis,,,,,,(1968) 4x12 CAB Celestion G12M Greenback,Marshall 1960A Basketweave ALT (Tone),,mic'd w/ Beyerdynamic M160 (open midrange) + Shure SM57 (edge),,,"Guitar,Modeled",effects:c53645e6-94da-4b53-9519-bf7309fe4633
7fd5a23e-b0cd-42f4-812d-d90df15d605e,f772e5f8-1e3c-11f1-a0d3-0072ee78ad39,1dd8d18f-cfbc-4536-9ffa-6485cc62de5f,Stripped Off-Axis,,,,,,(1968) 4x12 CAB Celestion G12M Greenback,Marshall 1960A Basketweave ALT (Tone),,mic'd w/ Beyerdynamic M160 (open midrange) + Shure SM57 (edge)  [ mic'd off-axis --> less edge / brightness ],,,"Guitar,Modeled",effects:c53645e6-94da-4b53-9519-bf7309fe4633
b88b05cb-4c9c-48b6-9e0b-9b728cf12e25,07c4b938-7505-4597-9461-cebfb162ae82,df5aaddf-66f2-48c7-b0d6-7323b736dc61,R44C,,,Microphone,,,,,,,,,Modeled,effects:79640c5c-1849-46de-ae9e-7141076d9162
f2f99bcd-9616-4da5-a943-a77addaad457,07c4b938-7505-4597-9461-cebfb162ae82,af5e2559-1b38-4e70-9830-e833fafd2856,460B/CK61-ULS,,,Microphone,,,,,,,,,Modeled,effects:79640c5c-1849-46de-ae9e-7141076d9162
545f1186-365a-4b24-974d-32d8d2d5fdcc,07c4b938-7505-4597-9461-cebfb162ae82,2129737b-3b42-40f0-a7a8-0c139719c77e,C1000S,,,Microphone,,,,,,,,,Modeled,effects:79640c5c-1849-46de-ae9e-7141076d9162
ee6edb00-6f3a-46db-bb95-cf2e8880320a,07c4b938-7505-4597-9461-cebfb162ae82,32812029-82af-4472-bc67-800f949950b9,C12A,,,Microphone,,,,AKG C12A ALT (Tone),,,,,Modeled,effects:79640c5c-1849-46de-ae9e-7141076d9162
9e4f9d15-7b5d-44c0-b5db-bf74d4e3bf9c,07c4b938-7505-4597-9461-cebfb162ae82,1394f829-0e88-4da6-b595-a3ccc2470cce,C12VR,,,Microphone,,,,,,,,,Modeled,effects:79640c5c-1849-46de-ae9e-7141076d9162
4d1c9d0d-798d-4dc4-b619-ab43e2c82110,07c4b938-7505-4597-9461-cebfb162ae82,88c922dd-16a2-4c10-b239-01a76ee09e34,C 3000,,,Microphone,,,,,,,,,Modeled,effects:79640c5c-1849-46de-ae9e-7141076d9162
f1c7384b-4b0a-40bc-86be-92d207cc08dd,07c4b938-7505-4597-9461-cebfb162ae82,b74f7441-654a-49b2-ac68-32d0a67689a6,C 4000 B,,,Microphone,,,,,,,,,Modeled,effects:79640c5c-1849-46de-ae9e-7141076d9162
464ff608-9159-4015-9112-079a7f76f23a,07c4b938-7505-4597-9461-cebfb162ae82,79814379-1425-4319-be7b-f74f7f55b17f,C414EB,,,Microphone,,,,AKG C414 EB ALT (Tone),,,,,Modeled,effects:79640c5c-1849-46de-ae9e-7141076d9162
33d83677-7578-49b2-9852-456438e1a307,07c4b938-7505-4597-9461-cebfb162ae82,57af42b3-b011-4f40-b569-b811b95ce070,C414,,,Microphone,,,,AKG C414 XLS ALT (Tone),,,,,Modeled,effects:79640c5c-1849-46de-ae9e-7141076d9162
1f6efbbf-1463-4ddc-8545-af6b291ab3ce,07c4b938-7505-4597-9461-cebfb162ae82,32f6da38-806f-4f13-9a2e-8ed9e220ec1e,C414/ULS,,,Microphone,,,,AKG C414/ULS ALT (Tone),,,,,Modeled,effects:79640c5c-1849-46de-ae9e-7141076d9162
cfa34299-7433-4c44-9233-92becf6df712,07c4b938-7505-4597-9461-cebfb162ae82,32f6da38-806f-4f13-9a2e-8ed9e220ec1e,C414/ULS (mod1),,,Microphone,,,Modified by Audio Upgrades,AKG C414/ULS ALT (Tone),,,,,Modeled,effects:79640c5c-1849-46de-ae9e-7141076d9162
c363a0d9-5b8a-42b3-ac78-d9b61409f585,07c4b938-7505-4597-9461-cebfb162ae82,32f6da38-806f-4f13-9a2e-8ed9e220ec1e,C414/ULS (mod2),,,Microphone,,,Modified by Jim Williams,AKG C414/ULS ALT (Tone),,,,,Modeled,effects:79640c5c-1849-46de-ae9e-7141076d9162
202cef3f-14b8-4021-a169-efb7109d3500,07c4b938-7505-4597-9461-cebfb162ae82,736b2f86-b086-4534-a784-d9ae4d3ffd2d,C535 EB,,,Microphone,,,,,,,,,Modeled,effects:79640c5c-1849-46de-ae9e-7141076d9162
1dbeee19-a512-442a-92ce-ee7f0cf76409,07c4b938-7505-4597-9461-cebfb162ae82,e0eae940-eb8b-4dbd-94aa-b10de0468a15,D112,,,Microphone,,,,Got,,,,,Modeled,effects:79640c5c-1849-46de-ae9e-7141076d9162
5feebc27-02fa-49f9-8b68-b9d55dab2273,07c4b938-7505-4597-9461-cebfb162ae82,c9c6e652-37e3-4c30-9ef8-799116533d4e,D790,,,Microphone,,,,,,,,,Modeled,effects:79640c5c-1849-46de-ae9e-7141076d9162
234a5900-692c-4529-9ab6-8e612fd88a27,07c4b938-7505-4597-9461-cebfb162ae82,2961a4d6-dadf-4fbb-be07-712bfcde2078,Perception 120,,,Microphone,,,,,,,,,Modeled,effects:79640c5c-1849-46de-ae9e-7141076d9162
575b384c-6262-4b5e-b6c4-e2e589a6fa3d,07c4b938-7505-4597-9461-cebfb162ae82,0aa621b2-4aaf-439d-a077-24117b8cac0f,Perception 220,,,Microphone,,,,,,,,,Modeled,effects:79640c5c-1849-46de-ae9e-7141076d9162
bb9f1147-e2ef-44c2-b2b0-5931edc4ff7f,07c4b938-7505-4597-9461-cebfb162ae82,f49eb225-9f91-471c-b3ff-89948bcb1f9e,Solid Tube,,,Microphone,,,,,,,,,Modeled,effects:79640c5c-1849-46de-ae9e-7141076d9162
5b1e1c5c-fc58-4875-af8b-a6cf36952a4c,07c4b938-7505-4597-9461-cebfb162ae82,ece9254c-5caf-4aba-a926-6b4c6255406e,The Tube,,,Microphone,,,,,,,,,Modeled,effects:79640c5c-1849-46de-ae9e-7141076d9162
71114c0e-9e41-4e61-b86a-e2505071987e,07c4b938-7505-4597-9461-cebfb162ae82,0fe480ff-8ded-4dc3-ab75-87767ba301e1,AM61,,,Microphone,,,,,,,,,Modeled,effects:79640c5c-1849-46de-ae9e-7141076d9162
2cfcd1bb-39e4-402f-88a3-1ca2156a2d4e,07c4b938-7505-4597-9461-cebfb162ae82,99c5a296-d5cd-40b8-ab44-4a945db7970e,AT2020,,,Microphone,,,,,,,,,Modeled,effects:79640c5c-1849-46de-ae9e-7141076d9162
9c6512ca-207e-49c4-8ca6-e58c803f1155,07c4b938-7505-4597-9461-cebfb162ae82,31209067-571c-4b4b-8406-665d21d9b907,AT3525,,,Microphone,,,,,,,,,Modeled,effects:79640c5c-1849-46de-ae9e-7141076d9162
7c1ef859-020c-4ed8-a3cf-0dc331d1a273,07c4b938-7505-4597-9461-cebfb162ae82,319de1af-c2c0-49c4-8d20-7a92e0b033cb,AT 4033a/Sm,,,Microphone,,,,,,,,,Modeled,effects:79640c5c-1849-46de-ae9e-7141076d9162
c894f40a-e181-47e2-a680-db20b2187c8a,07c4b938-7505-4597-9461-cebfb162ae82,02a08bae-5946-4960-8488-81bf911948aa,AT 4047/SV,,,Microphone,,,,,,,,,Modeled,effects:79640c5c-1849-46de-ae9e-7141076d9162
be9de19f-d928-43df-b0ed-02816929dbe2,07c4b938-7505-4597-9461-cebfb162ae82,d34001a3-f867-42c5-b755-ef5052284a98,AT 4050,,,Microphone,,,,,,,,,Modeled,effects:79640c5c-1849-46de-ae9e-7141076d9162
ca6e1665-d452-4b88-b9dc-c32f81a5f081,07c4b938-7505-4597-9461-cebfb162ae82,d112668d-4bb8-4158-bb4a-b35165aafd8e,AT 4051,,,Microphone,,,,,,,,,Modeled,effects:79640c5c-1849-46de-ae9e-7141076d9162
6630d5b0-5a49-4bf2-b440-c9717704d15c,07c4b938-7505-4597-9461-cebfb162ae82,e200d702-f272-4b9d-b028-f50fc53908d1,AT 4055,,,Microphone,,,,,,,,,Modeled,effects:79640c5c-1849-46de-ae9e-7141076d9162
2fad576e-6646-4622-acb3-7a9b453b821b,07c4b938-7505-4597-9461-cebfb162ae82,bffed7ae-e33a-4bc8-a64a-b6e33e5b1607,AT 4060,,,Microphone,,,,,,,,,Modeled,effects:79640c5c-1849-46de-ae9e-7141076d9162
2c2ee759-077b-49bf-8048-8a471342ff07,07c4b938-7505-4597-9461-cebfb162ae82,09170b11-da68-43da-905e-71d1f52cc8fe,AT813a,,,Microphone,,,,,,,,,Modeled,effects:79640c5c-1849-46de-ae9e-7141076d9162
39241b50-7959-461c-8e9d-2a71540493b2,07c4b938-7505-4597-9461-cebfb162ae82,cfd70793-90cc-4210-bdc6-23a69f617fcd,AT853Rx,,,Microphone,,,,,,,,,Modeled,effects:79640c5c-1849-46de-ae9e-7141076d9162
de54891b-f32b-48d8-96f4-a86119f249d0,07c4b938-7505-4597-9461-cebfb162ae82,b4c26d72-3fef-4d9a-810a-976b9a9aaaef,ATM11,,,Microphone,,,,,,,,,Modeled,effects:79640c5c-1849-46de-ae9e-7141076d9162
af01a86e-2c98-4bf0-8a61-04a8124af1aa,07c4b938-7505-4597-9461-cebfb162ae82,4ebf2005-39a1-40d8-ae70-843368963dad,ATM25,,,Microphone,,,,,,,,,Modeled,effects:79640c5c-1849-46de-ae9e-7141076d9162
99dfccd4-5520-4daa-8826-891b14b297c4,07c4b938-7505-4597-9461-cebfb162ae82,e0bc2aab-68b2-47b2-a03c-93815643ec78,ATM31,,,Microphone,,,,,,,,,Modeled,effects:79640c5c-1849-46de-ae9e-7141076d9162
c4c5f689-2d23-4522-8184-5838e1985938,07c4b938-7505-4597-9461-cebfb162ae82,1d47ac62-0bc3-45f9-8db1-975d43ea348e,CX111,,,Microphone,,,,,,,,,Modeled,effects:79640c5c-1849-46de-ae9e-7141076d9162
ee5bd3d4-45ee-4d7b-a8e4-dabb1e0f8064,07c4b938-7505-4597-9461-cebfb162ae82,9fe963a3-e90e-42cd-90f2-b9e5e78e448c,D1,,,Microphone,,,,,,,,,Modeled,effects:79640c5c-1849-46de-ae9e-7141076d9162
99c678ef-3524-4430-b395-45474d9acae0,07c4b938-7505-4597-9461-cebfb162ae82,16a06bad-67ed-4307-baeb-13a0d74250a2,D4,,,Microphone,,,,,,,,,Modeled,effects:79640c5c-1849-46de-ae9e-7141076d9162
51005eb2-a56e-480e-b8c1-fc74971f4af5,07c4b938-7505-4597-9461-cebfb162ae82,da95483d-b4e7-42f1-9443-3329226f1017,OM2,,,Microphone,,,,,,,,,Modeled,effects:79640c5c-1849-46de-ae9e-7141076d9162
e602302e-cddb-4de1-87ec-7645ac863056,07c4b938-7505-4597-9461-cebfb162ae82,586e986a-34d3-47ea-893d-8e431996d9b3,OM3-xb,,,Microphone,,,,,,,,,Modeled,effects:79640c5c-1849-46de-ae9e-7141076d9162
ef1dcb33-f065-455f-bdeb-10a7a043a06d,07c4b938-7505-4597-9461-cebfb162ae82,bb2b2f34-4c45-470d-ad1d-f61d00222eae,OM5,,,Microphone,,,,,,,,,Modeled,effects:79640c5c-1849-46de-ae9e-7141076d9162
9291bbcd-2894-4955-8593-a0a67f29fab5,07c4b938-7505-4597-9461-cebfb162ae82,749d9ce5-642a-46fd-bd92-783f8e451556,OM6,,,Microphone,,,,,,,,,Modeled,effects:79640c5c-1849-46de-ae9e-7141076d9162
8d68fcce-6e57-4d2d-9a05-f1c6b6685176,07c4b938-7505-4597-9461-cebfb162ae82,3d425328-ac59-4bf5-b137-c6ecb2744524,SCX1,,,Microphone,,,,,,,,,Modeled,effects:79640c5c-1849-46de-ae9e-7141076d9162
1f882033-c32e-43d6-9121-103aaa6f90df,07c4b938-7505-4597-9461-cebfb162ae82,172818a7-7591-4e8e-b568-5a6f0062d020,Ultravoice XM8500,,,Microphone,,,,,,,,,Modeled,effects:79640c5c-1849-46de-ae9e-7141076d9162
3988a772-5ced-4262-926c-d1d3c7ea51d6,07c4b938-7505-4597-9461-cebfb162ae82,bb94742d-b377-4021-8c38-7a5d1abab512,M-500,,,Microphone,,,,,,,,,Modeled,effects:79640c5c-1849-46de-ae9e-7141076d9162
21d6eaf2-c993-47c3-a13c-790dde4cfd5d,07c4b938-7505-4597-9461-cebfb162ae82,bb94742d-b377-4021-8c38-7a5d1abab512,M-500 Limited Edition Classic (Silver),,,Microphone,,,Limited Edition Classic (Silver),,,,,,Modeled,effects:79640c5c-1849-46de-ae9e-7141076d9162
fc583ce0-3bd5-4e2e-8673-91f413dcb0c4,07c4b938-7505-4597-9461-cebfb162ae82,a811d8e7-af49-456e-8146-d767a1705779,MC-834,,,Microphone,,,,,,,,,Modeled,effects:79640c5c-1849-46de-ae9e-7141076d9162
a326a583-e84b-4dcf-8cd4-9e63d04f68c8,07c4b938-7505-4597-9461-cebfb162ae82,eccbce4b-20a6-4f3d-9c71-0d32a737ab77,Blueberry,,,Microphone,,,,,,,,,Modeled,effects:79640c5c-1849-46de-ae9e-7141076d9162
20322f55-9f4c-40c7-a011-501d91950c93,07c4b938-7505-4597-9461-cebfb162ae82,9e7dd459-589e-4817-b39e-c8ce5f10abdf,Bluebird,,,Microphone,,,,,,,,,Modeled,effects:79640c5c-1849-46de-ae9e-7141076d9162
33b925f0-a27a-4dd5-869c-8350044111dc,07c4b938-7505-4597-9461-cebfb162ae82,73fd50b6-6b00-433e-b825-d925ce73362b,Mouse,,,Microphone,,,,,,,,,Modeled,effects:79640c5c-1849-46de-ae9e-7141076d9162
b2960c37-e543-4adc-92d7-e380f4efa04b,07c4b938-7505-4597-9461-cebfb162ae82,b5bef097-1445-4382-a109-8bb2957b0158,The Bottle w/ B6 Capsule,,,Microphone,,,,,,,,,Modeled,effects:79640c5c-1849-46de-ae9e-7141076d9162
9a163932-1ba6-4db0-aee1-158993df0269,07c4b938-7505-4597-9461-cebfb162ae82,a19a8cc2-270c-4a7f-9e9d-f13e143bbab6,Valvet,,,Microphone,,,,,,,,,Modeled,effects:79640c5c-1849-46de-ae9e-7141076d9162
7427b77b-7675-4c27-a5a7-a7e115d1eb46,07c4b938-7505-4597-9461-cebfb162ae82,ee9d0cd3-2467-4d96-a412-c7fc0b339063,VM1,,,Microphone,,,,Brauner VM1 ALT (Tone),,,,,Modeled,effects:79640c5c-1849-46de-ae9e-7141076d9162
7815d420-7243-42f2-943e-f6be3f29e6a6,07c4b938-7505-4597-9461-cebfb162ae82,a30fefc2-8518-4090-a6d3-2b692200864b,Type 4007,,,Microphone,,,,,,,,,Modeled,effects:79640c5c-1849-46de-ae9e-7141076d9162
fe91181c-279a-4624-9efb-89f837bfade6,07c4b938-7505-4597-9461-cebfb162ae82,b906461a-93d2-4064-a93d-6e7fcd2b6e32,C400S,,,Microphone,,,,,,,,,Modeled,effects:79640c5c-1849-46de-ae9e-7141076d9162
7d6bd63f-08f2-42db-88ee-ac7e36c054ec,07c4b938-7505-4597-9461-cebfb162ae82,66168ade-3e40-4610-84e2-8a6dcd580cc4,95Ni,,,Microphone,,,,,,,,,Modeled,effects:79640c5c-1849-46de-ae9e-7141076d9162
90c5184f-bdcf-48b3-9e31-a1ebec1dda30,07c4b938-7505-4597-9461-cebfb162ae82,ef9cd7cf-cb3f-412e-857f-075779042328,Equitek E100,,,Microphone,,,,,,,,,Modeled,effects:79640c5c-1849-46de-ae9e-7141076d9162
1019071c-f674-4421-9713-7908aedd3cec,07c4b938-7505-4597-9461-cebfb162ae82,7e141cdb-32a5-4c78-86a7-12f203cfb7fe,Equitek E200,,,Microphone,,,,,,,,,Modeled,effects:79640c5c-1849-46de-ae9e-7141076d9162
feacd2a1-2380-40a6-9214-bedbcdf86ec1,07c4b938-7505-4597-9461-cebfb162ae82,418174a1-a738-4d57-82b9-4d8c4fa50209,Equitek E350,,,Microphone,,,,,,,,,Modeled,effects:79640c5c-1849-46de-ae9e-7141076d9162
0cb2e13a-7e4f-4d32-8e44-8c99e17a8132,07c4b938-7505-4597-9461-cebfb162ae82,0254ede2-1d08-4c00-b77d-62bcc09fd75a,VSM1,,,Microphone,,,,,,,,,Modeled,effects:79640c5c-1849-46de-ae9e-7141076d9162
99237e2d-aa31-4342-bdaf-0af47804d245,07c4b938-7505-4597-9461-cebfb162ae82,8dd8a0a8-3b5d-4b07-ac41-f3c5a0c6ea1a,4038,,,Microphone,,,,Coles 4038 ALT (Tone),,,,,Modeled,effects:79640c5c-1849-46de-ae9e-7141076d9162
f8aeefd9-42cf-4ac0-a133-477c4647f259,07c4b938-7505-4597-9461-cebfb162ae82,0247a06f-b15d-41ba-a047-d8fbd3158941,QTC1,,,Microphone,,,,,,,,,Modeled,effects:79640c5c-1849-46de-ae9e-7141076d9162
0aeff968-2b04-49f7-a646-7c6ca89f1891,07c4b938-7505-4597-9461-cebfb162ae82,e865377c-2404-49be-a158-aa0c98fbdb1f,TC30K,,,Microphone,,,,,,,,,Modeled,effects:79640c5c-1849-46de-ae9e-7141076d9162
cf2680fe-56fe-4316-b7ac-a553a118bcb9,07c4b938-7505-4597-9461-cebfb162ae82,cf7b1150-f31f-475c-81df-0e584ce595cc,Z30x,,,Microphone,,,,,,,,,Modeled,effects:79640c5c-1849-46de-ae9e-7141076d9162
83c408c4-94f0-4bf7-be76-9e49ed4a035d,07c4b938-7505-4597-9461-cebfb162ae82,8e79848f-5bcc-47b0-b2b7-ffcf73664e39,635A,,,Microphone,,,,,,,,,Modeled,effects:79640c5c-1849-46de-ae9e-7141076d9162
4057a50a-7915-4add-b95f-dbb9063843bf,07c4b938-7505-4597-9461-cebfb162ae82,d8cf3a40-83ab-4f62-921d-02538ab08620,N/D357,,,Microphone,,,,,,,,,Modeled,effects:79640c5c-1849-46de-ae9e-7141076d9162
6c3b842a-3148-4cf8-9586-82ae88d85004,07c4b938-7505-4597-9461-cebfb162ae82,2a1e295e-8a46-434e-be4a-2b5b8f6754fd,N/D767A,,,Microphone,,,,,,,,,Modeled,effects:79640c5c-1849-46de-ae9e-7141076d9162
6bcb72a7-bd06-4340-929a-8614e6174af4,07c4b938-7505-4597-9461-cebfb162ae82,1a17a9fe-e272-4bd0-8203-2902df4a5879,N/D868,,,Microphone,,,,,,,,,Modeled,effects:79640c5c-1849-46de-ae9e-7141076d9162
89106401-ac3c-422e-9c06-108278d6d132,07c4b938-7505-4597-9461-cebfb162ae82,692c9bef-b55c-4bfc-acfe-91d8e8d7866a,PL20,,,Microphone,,,,,,,,,Modeled,effects:79640c5c-1849-46de-ae9e-7141076d9162
ab49006a-ebf0-42ca-bc7c-52e304662659,07c4b938-7505-4597-9461-cebfb162ae82,0d46a9ea-066f-4986-8225-49a8c8ea4527,RE15,,,Microphone,,,,,,,,,Modeled,effects:79640c5c-1849-46de-ae9e-7141076d9162
085c3c7e-9c90-4538-afb0-8f7c782abb06,07c4b938-7505-4597-9461-cebfb162ae82,11046ba7-8f8b-4c12-9100-089277e8f8b3,RE16,,,Microphone,,,,,,,,,Modeled,effects:79640c5c-1849-46de-ae9e-7141076d9162
111f3319-e026-41c7-8129-26bf34faf2b8,07c4b938-7505-4597-9461-cebfb162ae82,2d64aca1-9778-4037-a2df-72f532fd7bc3,RE55,,,Microphone,,,,,,,,,Modeled,effects:79640c5c-1849-46de-ae9e-7141076d9162
05c030a5-de0f-4736-9855-123c6fa818dd,07c4b938-7505-4597-9461-cebfb162ae82,35fe28a4-8349-4eb8-9a14-8c0737dd4fee,MD-1,,,Microphone,,,,,,,,,Modeled,effects:79640c5c-1849-46de-ae9e-7141076d9162
59e58496-15f8-4d33-9463-621055afb5c7,07c4b938-7505-4597-9461-cebfb162ae82,3c2ac382-ca6e-46e3-aa6d-6f4fec5d25de,L47MP,,,Microphone,,,,,,,,,Modeled,effects:79640c5c-1849-46de-ae9e-7141076d9162
d0c81bc8-5095-406f-a384-eca69e841db2,07c4b938-7505-4597-9461-cebfb162ae82,50f0972c-a9d7-4e01-bbc9-57dc6592f38b,CR-3A,,,Microphone,,,,,,,,,Modeled,effects:79640c5c-1849-46de-ae9e-7141076d9162
f19b41d5-2f14-4f02-8d77-cfb4e37db728,07c4b938-7505-4597-9461-cebfb162ae82,4cd5dee8-35c3-40ba-94f2-a5be9da2dc33,Reference Gold,,,Microphone,,,,,,,,,Modeled,effects:79640c5c-1849-46de-ae9e-7141076d9162
8d12792f-4969-440c-8277-22ab6b1a9365,07c4b938-7505-4597-9461-cebfb162ae82,a90c9a02-5167-4c59-82fa-f767fe60d5d4,Gefell UMT 800,,,Microphone,,,,,,,,,Modeled,effects:79640c5c-1849-46de-ae9e-7141076d9162
260d3cba-c8c6-4157-81d7-067fc917ff82,07c4b938-7505-4597-9461-cebfb162ae82,f57111d7-77f6-4d38-b3a7-4332bafbf484,MXL 2001P,,,Microphone,,,,,,,,,Modeled,effects:79640c5c-1849-46de-ae9e-7141076d9162
19724a07-5a19-4fe2-8857-554f4dedb3fc,07c4b938-7505-4597-9461-cebfb162ae82,1884f8ce-2912-4a54-ad59-ddc579e3bb0d,MXL 2003,,,Microphone,,,,,,,,,Modeled,effects:79640c5c-1849-46de-ae9e-7141076d9162
78f601ac-27b3-46db-89de-7e67677c924d,07c4b938-7505-4597-9461-cebfb162ae82,b2f430de-a3aa-44cc-b351-55b721027fa7,KM 184,,,Microphone,,,,,,,,,Modeled,effects:79640c5c-1849-46de-ae9e-7141076d9162
f173c563-cf05-4e11-a566-eddf3424bb65,07c4b938-7505-4597-9461-cebfb162ae82,f112a239-2846-4773-a279-03ca0b72dff6,KM 84,,,Microphone,,,,Neumann KM84 ALT (Tone),,,,,Modeled,effects:79640c5c-1849-46de-ae9e-7141076d9162
a4000766-03f4-4872-829d-638500bc3bfd,07c4b938-7505-4597-9461-cebfb162ae82,e1c5b351-a93c-4c62-9759-190bc21ebffc,M 149,,,Microphone,,,,,,,,,Modeled,effects:79640c5c-1849-46de-ae9e-7141076d9162
61f314ce-01c3-4642-89ef-50a199686a90,07c4b938-7505-4597-9461-cebfb162ae82,6819594b-64c2-484e-92b7-c5f042126e33,TLM 103,,,Microphone,,,,Neumann TLM103 ALT (Tone),,,,,Modeled,effects:79640c5c-1849-46de-ae9e-7141076d9162
9164cb4f-fb35-48a7-8423-689a4967d916,07c4b938-7505-4597-9461-cebfb162ae82,053b1d61-bde4-49f6-b75a-36c437e5c694,TLM 193,,,Microphone,,,,,,,,,Modeled,effects:79640c5c-1849-46de-ae9e-7141076d9162
c1423d6d-611a-4916-815d-3f64816e8647,07c4b938-7505-4597-9461-cebfb162ae82,82ef1423-3e83-4450-a8c4-8c9839e77443,U47,,,Microphone,,,,Neumann U47 ALT (Tone),,,,,Modeled,effects:79640c5c-1849-46de-ae9e-7141076d9162
15bfb896-f477-42fa-92ba-e867bc4b47bc,07c4b938-7505-4597-9461-cebfb162ae82,851fbdce-1ba8-480f-bc5a-5911742f3072,U87,,,Microphone,,,,Neumann U87 ALT (Tone),,,,,Modeled,effects:79640c5c-1849-46de-ae9e-7141076d9162
de54a629-26fc-45a2-89b3-52b273bb1bf6,07c4b938-7505-4597-9461-cebfb162ae82,851fbdce-1ba8-480f-bc5a-5911742f3072,U87 70th Anniversary Gold Edition,,,Microphone,,,70th Anniversary Gold Edition,Neumann U87 ALT (Tone),,,,,Modeled,effects:79640c5c-1849-46de-ae9e-7141076d9162
35fe67fd-30cd-4403-a931-1d157eeb552e,07c4b938-7505-4597-9461-cebfb162ae82,640780d4-22c8-4d56-9317-1fb099452bbb,U89i,,,Microphone,,,,,,,,,Modeled,effects:79640c5c-1849-46de-ae9e-7141076d9162
7b1cd975-e90e-414e-8701-a6f2ee69c194,07c4b938-7505-4597-9461-cebfb162ae82,3575a7c9-6f72-4f6d-94a9-6517ff8b208c,MC-012,,,Microphone,,,,,,,,,Modeled,effects:79640c5c-1849-46de-ae9e-7141076d9162
cde9d529-cde2-4dbe-83dd-0436e53325ce,07c4b938-7505-4597-9461-cebfb162ae82,b08d03a9-fb20-46e9-8388-013ae8a30bbf,MK-219,,,Microphone,,,,,,,,,Modeled,effects:79640c5c-1849-46de-ae9e-7141076d9162
d8d2529e-821c-4811-8b50-110fe7b85221,07c4b938-7505-4597-9461-cebfb162ae82,775f79b8-bc7d-4fcf-9ed4-c019700ef596,MK-319,,,Microphone,,,,,,,,,Modeled,effects:79640c5c-1849-46de-ae9e-7141076d9162
20876396-68aa-4760-8c0b-e9663e96916d,07c4b938-7505-4597-9461-cebfb162ae82,bddabc83-6975-4b5e-9d09-fd9e25597c11,44,,,Microphone,,,,,,,,,Modeled,effects:79640c5c-1849-46de-ae9e-7141076d9162
1fcbbb7a-33f0-4cf3-b3d5-c82314b0b091,07c4b938-7505-4597-9461-cebfb162ae82,6da7d880-813a-420f-9d55-73b479f4d2ba,BK5A,,,Microphone,,,,,,,,,Modeled,effects:79640c5c-1849-46de-ae9e-7141076d9162
62d679c0-ccc3-48e8-821f-c405fbe08322,07c4b938-7505-4597-9461-cebfb162ae82,65f3f94b-e34e-4c3a-b9d1-fcd47a66a42f,NT1,,,Microphone,,,,,,,,,Modeled,effects:79640c5c-1849-46de-ae9e-7141076d9162
72974cc8-b969-4493-876d-2c54d6c6d084,07c4b938-7505-4597-9461-cebfb162ae82,db0d63f8-73f4-4275-bbd4-17fb8177e2ce,NT1-A,,,Microphone,,,,,,,,,Modeled,effects:79640c5c-1849-46de-ae9e-7141076d9162
fc8bc51d-ebd9-4a77-93de-281a80c78691,07c4b938-7505-4597-9461-cebfb162ae82,850d1a8c-b54c-4543-8fe5-6dc1484212fb,NT2,,,Microphone,,,,,,,,,Modeled,effects:79640c5c-1849-46de-ae9e-7141076d9162
91382ad7-8c22-4d40-b9ee-cc8989d67994,07c4b938-7505-4597-9461-cebfb162ae82,572a9399-c8ef-4c90-af9d-c4e90b2f675d,NTV,,,Microphone,,,,,,,,,Modeled,effects:79640c5c-1849-46de-ae9e-7141076d9162
d7a7bcd0-c79f-4da9-8245-76a100606200,07c4b938-7505-4597-9461-cebfb162ae82,0ad2770c-712f-444f-9736-16c6440c2f73,R-121,,,Microphone,,,,Royer R121 ALT (Tone),,,,,Modeled,effects:79640c5c-1849-46de-ae9e-7141076d9162
8bce119f-5cea-4f8a-8efb-8e76a3312cd6,07c4b938-7505-4597-9461-cebfb162ae82,2a833bc8-ccbd-4153-bbf1-eb210aa8c81f,E609,,,Microphone,,,,Sennheiser e609 ALT (Tone),,,,,Modeled,effects:79640c5c-1849-46de-ae9e-7141076d9162
8c33ea66-aadf-43de-9e60-b40958f4721e,07c4b938-7505-4597-9461-cebfb162ae82,c7c9fe8c-d24a-43c7-86b3-7f4fd7dd58aa,E835S,,,Microphone,,,,,,,,,Modeled,effects:79640c5c-1849-46de-ae9e-7141076d9162
a53d27b9-4714-4ca6-9348-5df54873c2ca,07c4b938-7505-4597-9461-cebfb162ae82,23136b4f-7a6c-4002-91cf-e8eeddbd7886,MD421,,,Microphone,,,,Sennheiser MD421 ALT (None),,,,,Modeled,effects:79640c5c-1849-46de-ae9e-7141076d9162
eef8b08c-4446-4a69-bde0-d98e4f043190,07c4b938-7505-4597-9461-cebfb162ae82,d9a78bee-a323-40f7-b84c-61cb41b25635,MD441,,,Microphone,,,,Sennheiser MD441 ALT (Tone),,,,,Modeled,effects:79640c5c-1849-46de-ae9e-7141076d9162
5afb5051-217f-4673-95d7-72cbced821dc,07c4b938-7505-4597-9461-cebfb162ae82,20cc94d1-8b1b-4ad0-88ed-7d18e5224617,K6-ME64,,,Microphone,,,,,,,,,Modeled,effects:79640c5c-1849-46de-ae9e-7141076d9162
44cb65d9-a561-4d02-8a7d-f636362d7fd7,07c4b938-7505-4597-9461-cebfb162ae82,52937d47-4b45-469b-8520-67013337c9a3,Beta 52,,,Microphone,,,,,,,,,Modeled,effects:79640c5c-1849-46de-ae9e-7141076d9162
3b0cb3b9-979b-4f81-b921-f30c423e9e13,07c4b938-7505-4597-9461-cebfb162ae82,98d862f6-55e9-4e53-9337-73a9cbddce34,Beta 57A,,,Microphone,,,,,,,,,Modeled,effects:79640c5c-1849-46de-ae9e-7141076d9162
afd45767-2919-47af-a7b3-d6aa2fc42aa4,07c4b938-7505-4597-9461-cebfb162ae82,d9a484c2-efec-43bf-b270-1bb3ed25e0a2,Beta 58,,,Microphone,,,,,,,,,Modeled,effects:79640c5c-1849-46de-ae9e-7141076d9162
d8177387-3523-487d-b6f8-cc4c7e4531a3,07c4b938-7505-4597-9461-cebfb162ae82,e9e8bd73-3536-4c60-8f30-55de2954c038,Beta 87A,,,Microphone,,,,,,,,,Modeled,effects:79640c5c-1849-46de-ae9e-7141076d9162
8de28cc2-8b8e-4a09-bf4a-87ac19215d5e,07c4b938-7505-4597-9461-cebfb162ae82,aaaa9fc5-af8d-454b-b0dc-b1f74b048050,Beta 98D/S,,,Microphone,,,,,,,,,Modeled,effects:79640c5c-1849-46de-ae9e-7141076d9162
0119c525-afef-4b3c-896e-cda40b4e8876,07c4b938-7505-4597-9461-cebfb162ae82,a31a8372-a2e8-4d7d-a9e0-f729e030932c,KSM141,,,Microphone,,,,,,,,,Modeled,effects:79640c5c-1849-46de-ae9e-7141076d9162
5f542ae5-9f0e-4354-ae47-cb5f8e2824ba,07c4b938-7505-4597-9461-cebfb162ae82,2403f017-518f-4bd1-a98c-58ca647a505a,KSM32,,,Microphone,,,,,,,,,Modeled,effects:79640c5c-1849-46de-ae9e-7141076d9162
56604825-a483-4665-8e72-8a09f8c88b6d,07c4b938-7505-4597-9461-cebfb162ae82,549bb580-b01e-49b8-90ac-406c42939502,SM57,,,Microphone,,,,Shure SM57 ALT (None),,,,,Modeled,effects:79640c5c-1849-46de-ae9e-7141076d9162
77b8f41c-ecca-48ec-b3e9-7ee2d69535a6,07c4b938-7505-4597-9461-cebfb162ae82,f6e348fe-82cd-4ccc-be0c-14ffa1027b36,SM58,,,Microphone,,,,Shure SM58 ALT (Tone),,,,,Modeled,effects:79640c5c-1849-46de-ae9e-7141076d9162
6ad51b54-873d-435b-aa51-1ddb8e65f11c,07c4b938-7505-4597-9461-cebfb162ae82,e8f2d9e8-2e52-4b4e-b4a7-28efd43e63be,SM7A,,,Microphone,,,,,,,,,Modeled,effects:79640c5c-1849-46de-ae9e-7141076d9162
bb3c70c0-1981-463c-b0aa-3030cba2f1b9,07c4b938-7505-4597-9461-cebfb162ae82,49936cae-9ad0-4806-a35c-064f7316a50f,SM81,,,Microphone,,,,,,,,,Modeled,effects:79640c5c-1849-46de-ae9e-7141076d9162
4e801ae8-c488-4537-8b6f-0c15fb23846d,07c4b938-7505-4597-9461-cebfb162ae82,c02ffed8-f1e8-4f8f-a747-d981f1796c43,SM98A,,,Microphone,,,,,,,,,Modeled,effects:79640c5c-1849-46de-ae9e-7141076d9162
fb0f3a70-bfde-4091-b7a7-f494f32b9c3c,07c4b938-7505-4597-9461-cebfb162ae82,81004290-07ec-4f35-9478-af963ee8bfc1,VP88,,,Microphone,,,,,,,,,Modeled,effects:79640c5c-1849-46de-ae9e-7141076d9162
65868041-7f03-4be2-b8df-d340143e8cac,07c4b938-7505-4597-9461-cebfb162ae82,0628be1f-b05c-4a0e-9937-e750edc10d74,C37P,,,Microphone,,,,Sony C37P ALT (Tone),,,,,Modeled,effects:79640c5c-1849-46de-ae9e-7141076d9162
247a73e4-4c38-4141-b3b4-aa3d663d78ab,07c4b938-7505-4597-9461-cebfb162ae82,f44ebb75-d580-4fd1-8c81-8d92963529a5,C48,,,Microphone,,,,,,,,,Modeled,effects:79640c5c-1849-46de-ae9e-7141076d9162
6d9ef039-6077-4f4f-9598-f7d3d4740cb7,07c4b938-7505-4597-9461-cebfb162ae82,eff5d47d-32c6-43bc-90c7-afeb12f1a45e,C800G,,,Microphone,,,,Sony C800G TOP ALT (Tone),,,,,Modeled,effects:79640c5c-1849-46de-ae9e-7141076d9162
3e81ab70-4bae-426c-b98d-554964464c9e,07c4b938-7505-4597-9461-cebfb162ae82,16bc470a-ff43-411e-ada2-f81d11e30175,U95S,,,Microphone,,,,,,,,,Modeled,effects:79640c5c-1849-46de-ae9e-7141076d9162
4f74300f-8c65-4d57-a821-77d5187ace19,07c4b938-7505-4597-9461-cebfb162ae82,1dd53731-b9dc-483f-83ce-d2b23d8e4191,Large Vintage Ribbon,,,Microphone,,,,,,,,,Modeled,effects:79640c5c-1849-46de-ae9e-7141076d9162
b66ed4aa-9a50-458a-a98b-1882f98e55dd,07c4b938-7505-4597-9461-cebfb162ae82,2d2d34fc-6524-4bef-8ecd-9efdd8fea54e,Small Vintage Ribbon,,,Microphone,,,,,,,,,Modeled,effects:79640c5c-1849-46de-ae9e-7141076d9162
1d23a681-4052-4c07-bbde-8da661ea70d0,07c4b938-7505-4597-9461-cebfb162ae82,30cc03a5-fbd8-4504-bab9-76c79120a9a9,ELA M 251,,,Microphone,,,,Telefunken ELA M 251 ALT (Tone),,,,,Modeled,effects:79640c5c-1849-46de-ae9e-7141076d9162
ec9a6408-e1a8-4d5d-8985-e36d0cd6c681,07c4b938-7505-4597-9461-cebfb162ae82,89b8ec76-62fc-424e-8efd-92e336795c9f,U-47,,,Microphone,,,Modeled w/ Original Tube,,,,,,Modeled,effects:79640c5c-1849-46de-ae9e-7141076d9162
b013e707-a088-4537-9620-0c5e8b220961,acd9f372-74fb-4c7d-b2a3-ea540c5917f2,beb34d49-70ba-4beb-a2e1-abc4c0306164,Vintage Dynamic,,,Microphone,,,,Shure SM57 ALT (None),,,,,Modeled,effects:f3124776-1500-420e-996e-9d4e27744245
9931df32-c96d-4ed0-8b7a-602659261cae,acd9f372-74fb-4c7d-b2a3-ea540c5917f2,f6e348fe-82cd-4ccc-be0c-14ffa1027b36,Dynamic 58,,,Microphone,,,,Shure SM58 TOP,,,,,Modeled,effects:f3124776-1500-420e-996e-9d4e27744245
03385547-9497-4cd7-9560-5dada05f5d3a,acd9f372-74fb-4c7d-b2a3-ea540c5917f2,,Old Telephone Mic,,,Microphone,,,Old carbon phone capsule,,,,,,,effects:f3124776-1500-420e-996e-9d4e27744245
690d8db8-5d7b-4602-95fe-b1a3e41a0fc9,acd9f372-74fb-4c7d-b2a3-ea540c5917f2,ee75247e-b210-4688-86be-db5767cea96d,Ensemble,,,Modulation,,,Chorus effect only,,,,,,Modeled,effects:010d8f6b-1a96-43d6-852b-2722899cd2f6
cc40f3a3-7322-46f3-a833-8cb822598889,acd9f372-74fb-4c7d-b2a3-ea540c5917f2,cb5c24ee-d657-41e2-a49e-3af4e41451cd,Tape Echo,6.3.0,T-Racks,Delay,Plugin,"AU,VST3",,"Maestro Echoplex EP-3 ALT (Tone)
Embedded in MixBox",,,,,Modeled,effects:010d8f6b-1a96-43d6-852b-2722899cd2f6
3e8814b9-c181-4fd2-9d27-f7af22817722,acd9f372-74fb-4c7d-b2a3-ea540c5917f2,6bcc7dc4-4f61-437f-8641-ce1c0b6e6e0b,EQ-PA,6.3.0,T-Racks,EQ,Plugin,"AU,VST3",,"Pultec MEQ-5 Mid-Range EQ ALT (Tone)
Embedded in MixBox",,,,,Modeled,effects:010d8f6b-1a96-43d6-852b-2722899cd2f6
346150a5-768b-4f1a-a909-212d6b47170e,acd9f372-74fb-4c7d-b2a3-ea540c5917f2,2e98392b-849a-44d4-92fc-fed070a3650a,British Dynamics,,,Dynamics,,,Dynamics Only,SSL 4000E ALT (Dynamics Only),,,,,Modeled,effects:010d8f6b-1a96-43d6-852b-2722899cd2f6
15bf0978-5fe1-4e25-a87f-d852c28baa89,acd9f372-74fb-4c7d-b2a3-ea540c5917f2,2e98392b-849a-44d4-92fc-fed070a3650a,British EQ,,,EQ,,,EQ Only,SSL 4000E ALT (EQ Only),,,,,Modeled,effects:010d8f6b-1a96-43d6-852b-2722899cd2f6
55dc8f78-94bc-4eff-8859-cd43c618abfd,acd9f372-74fb-4c7d-b2a3-ea540c5917f2,5bf699eb-1f16-4a8b-8dd0-066881a15853,Bus Compressor,6.3.0,T-Racks,Dynamics,Plugin,"AU,VST3",,"SSL 4000G Bus Compressor ALT (Tone)
Embedded in MixBox",,,,,"Mastering,Modeled",effects:010d8f6b-1a96-43d6-852b-2722899cd2f6
bedbb1a1-c91d-45da-a92a-83c8be7b6197,acd9f372-74fb-4c7d-b2a3-ea540c5917f2,3dffed58-688e-4c34-9b47-70403380e38d,Sunset Plates,,Sunset Studios,Reverb&Room,,,,,,Based on Plate Reverbs 1 and 2 from Sunset Sound Studios. Two different plate reverb models switchable within the module.,,,Modeled,effects:010d8f6b-1a96-43d6-852b-2722899cd2f6
b44e10de-c67f-453e-8b53-43108800db51,acd9f372-74fb-4c7d-b2a3-ea540c5917f2,3dffed58-688e-4c34-9b47-70403380e38d,Sunset Chamber,,Sunset Studios,Reverb&Room,,,,,,Based on the chamber reverb located in Studio 1 of Sunset Sound Studios. A chamber style reverb with strong ambience and generous reverberation times.,,,Modeled,effects:010d8f6b-1a96-43d6-852b-2722899cd2f6
4c999dad-23fc-46ba-8584-3ea0f6b53a4c,acd9f372-74fb-4c7d-b2a3-ea540c5917f2,3dffed58-688e-4c34-9b47-70403380e38d,Sunset ISO Booth,,Sunset Studios,Reverb&Room,,,,,,Based on the ISO Booth of Studio 1 of Sunset Sound Studios. Instant ambiance with shorter decay times.,,,Modeled,effects:010d8f6b-1a96-43d6-852b-2722899cd2f6
16824f68-00e5-46f2-84c1-de412c1e1f3b,acd9f372-74fb-4c7d-b2a3-ea540c5917f2,3dffed58-688e-4c34-9b47-70403380e38d,Sunset Live Room,,Sunset Studios,Reverb&Room,,,,,,Based on the Live Room of Studio 1 of Sunset Sound Studios. A room reverberation sound for realistic ambience.,,,Modeled,effects:010d8f6b-1a96-43d6-852b-2722899cd2f6
abe67821-d561-41a3-bafe-b0acb79005b0,acd9f372-74fb-4c7d-b2a3-ea540c5917f2,3dffed58-688e-4c34-9b47-70403380e38d,Sunset Spring,,Sunset Studios,Reverb&Room,,,,,,Based on the Spring Reverb unit in Sunset Sound Studios. Spring reverbs create an artificial reverb by connecting a transducer and pickup on either end of a mechanical spring.,,,Modeled,effects:010d8f6b-1a96-43d6-852b-2722899cd2f6
d3a1d7fd-92e5-4bd4-b6f9-6779746db589,acd9f372-74fb-4c7d-b2a3-ea540c5917f2,,Cabinet,,,,,,"9 generic cabinet models (Little, Direct, 1x12, 1x12 II, 4x10V, 4x10M, 2x12, 4x12V, 4x12M)",,,,,,Guitar,effects:010d8f6b-1a96-43d6-852b-2722899cd2f6
56c88983-a582-4980-9ce3-32509d73d71e,acd9f372-74fb-4c7d-b2a3-ea540c5917f2,,Flexi Amp,,,,,,Low CPU usage generic amp modeler,,,,,,Guitar,effects:010d8f6b-1a96-43d6-852b-2722899cd2f6
993c632d-96ec-4add-b0f0-3469de9abb64,acd9f372-74fb-4c7d-b2a3-ea540c5917f2,,Preamp,,,,,,generic emulator for classic tube guitar amps,,,,,,Guitar,effects:010d8f6b-1a96-43d6-852b-2722899cd2f6
5bb8ec6e-7d75-4455-acb6-a520c74890ff,acd9f372-74fb-4c7d-b2a3-ea540c5917f2,,Reverb Delay,,,"Delay,Reverb&Room",,,,,,Combined reverb w/ delay mixed in for a spacious effect,,,,effects:010d8f6b-1a96-43d6-852b-2722899cd2f6
13cc870d-1f73-4139-9c2b-537d276a0363,acd9f372-74fb-4c7d-b2a3-ea540c5917f2,,DeEsser,6.3.0,T-Racks,Dynamics,Plugin,"AU,VST3",4-Band de-esser,Standalone; Embedded in MixBox,,,,,Voice,effects:010d8f6b-1a96-43d6-852b-2722899cd2f6
18de445b-70fb-48be-964c-1e8581cc4d6a,acd9f372-74fb-4c7d-b2a3-ea540c5917f2,,Classic Multi Band Limiter,6.3.0,T-Racks,"Dynamics,EQ",Plugin,"AU,VST3",Multiband (3) Peak Limiter,Standalone; Embedded in MixBox,,,,,Mastering,effects:010d8f6b-1a96-43d6-852b-2722899cd2f6
15f635e6-1529-4c5b-a54b-d45299df7ea8,acd9f372-74fb-4c7d-b2a3-ea540c5917f2,,Limiter,6.3.0,T-Racks,"Dynamics,EQ",Plugin,"AU,VST3",Multiband (3) Peak Limiter,Standalone; Embedded in MixBox,,,,,Mastering,effects:010d8f6b-1a96-43d6-852b-2722899cd2f6
66debb12-87da-4cb2-9473-785ae466d644,acd9f372-74fb-4c7d-b2a3-ea540c5917f2,,EQ Comp,,,"Dynamics,EQ",,,"This effect features a semi-parametric EQ and an easy-to-use compressor. Both units are very high quality, giving a very musical sounding equalizer and an “analog-style” compression.",,,,,,,effects:010d8f6b-1a96-43d6-852b-2722899cd2f6
341962f7-edf7-4130-b26c-f565e208abd7,acd9f372-74fb-4c7d-b2a3-ea540c5917f2,,Channel Strip X,6.3.0,T-Racks,"Dynamics,EQ,Preamp",Plugin,"AU,VST3","EQ, De-esser, compression, analog vintage harmonics",Standalone; Embedded in MixBox,,,,,Channel Strip,effects:010d8f6b-1a96-43d6-852b-2722899cd2f6
2f4cce61-4bfa-4b14-8ec3-9f2f7c93b732,acd9f372-74fb-4c7d-b2a3-ea540c5917f2,,Lo-Fi,,,Harmonic Coloration,,,"degrades the audio quality to simulate a “Lo-Fidelity” sound. In MixBox, this effect is designed to be used as a speaker and cabinet simulator, too.",,,,,,,effects:010d8f6b-1a96-43d6-852b-2722899cd2f6
070bcf91-77e8-48da-b4e5-3f3e609f2c31,acd9f372-74fb-4c7d-b2a3-ea540c5917f2,,Phonograph,,,Harmonic Coloration,,,adds disk noises to simulate the sound of music played by vinyl records on old record players.,,,,,,,effects:010d8f6b-1a96-43d6-852b-2722899cd2f6
494c0215-9d7f-4840-8bfd-a24ed84416fa,acd9f372-74fb-4c7d-b2a3-ea540c5917f2,,Tone Control,,,Harmonic Coloration,,,A classic tube tone control that recreates the tone shaping stage found on the best tube amplifiers. The Tone Control effect can deliver incredible presence and warmth to the sound.,,,,,,,effects:010d8f6b-1a96-43d6-852b-2722899cd2f6
9b968765-ff85-40f2-b315-7bf14ca630d2,acd9f372-74fb-4c7d-b2a3-ea540c5917f2,,Env Flanger,,,Modulation,,,"This particular kind of flanger has its feedback parameter, which is internally controlled by the envelope of the audio signal.",,,,,,,effects:010d8f6b-1a96-43d6-852b-2722899cd2f6
214ad42b-2190-480f-bebe-263b742e0e5f,acd9f372-74fb-4c7d-b2a3-ea540c5917f2,,Multi Chorus,,,Modulation,,,special type of chorus effect with a random pitching character. It is designed to be less regular and noticeable than a classic chorus.,,,,,,,effects:010d8f6b-1a96-43d6-852b-2722899cd2f6
4b661a15-f602-4d87-973c-ec99d6265e51,acd9f372-74fb-4c7d-b2a3-ea540c5917f2,,Multi Filter,,,Modulation,,,"This is a particular kind of filter where instead of selecting the type of filter (LPF, BPF or HPF) you can use them all together with independent levels.",,,,,,,effects:010d8f6b-1a96-43d6-852b-2722899cd2f6
6549bc4b-b0eb-4f5c-b446-676d13cc2c39,acd9f372-74fb-4c7d-b2a3-ea540c5917f2,,Ambience,,,Reverb&Room,,,"produces a very short reverb, very useful for emulating the typical ambience of small closed spaces, like studio rooms or little concert suites.",,,,,,,effects:010d8f6b-1a96-43d6-852b-2722899cd2f6
3afd5419-1899-4f8f-a2a5-ff2cf25fe6c7,acd9f372-74fb-4c7d-b2a3-ea540c5917f2,,Convo Room,,,Reverb&Room,,,This is a convolution reverb that processes the incoming signal with real sampled spaces providing the ultra- realistic sound of the actual rooms recorded.,,,,,,,effects:010d8f6b-1a96-43d6-852b-2722899cd2f6
61066c77-e3c0-4036-a98a-3805da918654,acd9f372-74fb-4c7d-b2a3-ea540c5917f2,,Spring Reverb,,,Reverb&Room,,,"sounds very close to a real mechanical spring unit, featuring their signature warmth with that typical metallic and resonant vibe. This reverb is mono.",,,,,,,effects:010d8f6b-1a96-43d6-852b-2722899cd2f6
4fdd12f2-8361-4b4e-ba1b-a93646ca087e,acd9f372-74fb-4c7d-b2a3-ea540c5917f2,,Stereo Imager,,,Spatial Processing,,,"Adjusts the stereo image from 0 (mono) to 200% ultra-wide stereo. Note that values over 100% start to lose mono compatibility due to the phase manipulation used, so be sure to check your sound in mono if that is a concern.",Only use this if I'm working in MixBox,,,,,,effects:010d8f6b-1a96-43d6-852b-2722899cd2f6
4d38d4d2-944d-4a4b-8a6c-c652e109fd25,acd9f372-74fb-4c7d-b2a3-ea540c5917f2,e22b70bd-e1dc-4285-9c7f-5c2fbec05910,Digital Delay,,Amplitube Collection,Delay,,,,,,,,,Modeled,"effects:010d8f6b-1a96-43d6-852b-2722899cd2f6,effects:560887e9-8a5f-42c5-b8fd-ffd183041b33"
4f6b9c40-1821-4791-b2ec-28a58c819568,f772e5f8-1e3c-11f1-a0d3-0072ee78ad39,29b93ab2-6e7d-45af-bb18-f5e1281d3e1a,OW-12 #2,,,Microphone,,,,AKG C12 ALT,,"Allen Sides default choice for drum overheads / vocal overheads; ""warmer and smoother than any other C12 they had heard""",,,Modeled,effects:0ef688ea-f817-4cab-b69f-2ed7b172483a
27571930-c490-4d72-8005-b08a77fbfe37,f772e5f8-1e3c-11f1-a0d3-0072ee78ad39,29b93ab2-6e7d-45af-bb18-f5e1281d3e1a,OW-12 #1,,,Microphone,,,,AKG C12 ALT,,,,,Modeled,effects:0ef688ea-f817-4cab-b69f-2ed7b172483a
9fb9df1c-7119-41d5-a37c-de55940848bb,f772e5f8-1e3c-11f1-a0d3-0072ee78ad39,6b94d5a6-2030-4cc6-8c53-8e20d661c30f,OW-K54,,,Microphone,,,,Neumann KM54 ALT (Tone),,,,,Modeled,effects:0ef688ea-f817-4cab-b69f-2ed7b172483a
1dda88a0-9b9a-4717-b0a9-09e53cb99ddf,f772e5f8-1e3c-11f1-a0d3-0072ee78ad39,e81e2e1f-4500-459f-ab6d-6275932ffb77,OW-269,,,Microphone,,,,,,,,,Modeled,effects:0ef688ea-f817-4cab-b69f-2ed7b172483a
5dc49da8-2862-40bc-84f5-2f3789b4b7a3,f772e5f8-1e3c-11f1-a0d3-0072ee78ad39,f2e9979d-11c8-44f0-a022-6565710e7d9c,OW-49,,,Microphone,,,,Neumann M49b ALT (Tone),,,,,Modeled,effects:0ef688ea-f817-4cab-b69f-2ed7b172483a
5dd06fbf-8bac-44ea-bfcd-3b4efa5feaaf,f772e5f8-1e3c-11f1-a0d3-0072ee78ad39,03c78609-f3e7-4d3d-8692-91aed1d5d048,OW-50,,,Microphone,,,"SN 294, aluminum diaphragm.",,,Common for movie scores and orchestra,,,Modeled,effects:0ef688ea-f817-4cab-b69f-2ed7b172483a
340c8e19-4a87-4688-ab59-47bc1470f220,f772e5f8-1e3c-11f1-a0d3-0072ee78ad39,82ef1423-3e83-4450-a8c4-8c9839e77443,OW-47,,Allen Sides,Microphone,,,SN 2679. One of Allen Sides favorites,Neumann U47 TOP,,,,,Modeled,effects:0ef688ea-f817-4cab-b69f-2ed7b172483a
40ca1ebe-961a-427d-9e0b-f9d9abb9ecad,f772e5f8-1e3c-11f1-a0d3-0072ee78ad39,3f62bc81-a30d-4f59-8671-42e379397f03,OW-K3A,,,Microphone,,,,,,,,,Modeled,effects:0ef688ea-f817-4cab-b69f-2ed7b172483a
7282fc0d-62d0-47f1-8296-e6cbe0f5ae2b,f772e5f8-1e3c-11f1-a0d3-0072ee78ad39,549bb580-b01e-49b8-90ac-406c42939502,OW-57U3,,,Microphone,,,Unidyne III capsule. (Based on late 60s release),Shure SM57 ALT (None),,,,,Modeled,effects:0ef688ea-f817-4cab-b69f-2ed7b172483a
653220cf-ff1b-44bf-939d-23c93eb539ac,f772e5f8-1e3c-11f1-a0d3-0072ee78ad39,e4eea8a2-0fac-4b64-aed4-b76c4c2c0887,OW-55,,,Microphone,,,,,,,,,Modeled,effects:0ef688ea-f817-4cab-b69f-2ed7b172483a
2e649d2f-2e76-4b4c-a42a-344a63d9e634,f772e5f8-1e3c-11f1-a0d3-0072ee78ad39,03b6c232-100e-476d-8b9a-5dbc943c5805,OW-800,,,Microphone,,,,Sony C800G TOP ALT (Tone - Prototype),,,,,Modeled,effects:0ef688ea-f817-4cab-b69f-2ed7b172483a
6a7bcc9c-6b75-4e4e-8102-347a781fd146,f772e5f8-1e3c-11f1-a0d3-0072ee78ad39,29b93ab2-6e7d-45af-bb18-f5e1281d3e1a,C12,,,Microphone,,,,Embedded in the Ocean Way Studios,,,,,Modeled,effects:7650c0d7-5886-45a6-b96c-0ba724f0e11c
665c59c3-4454-48c1-84be-8d206cd8a9ab,f772e5f8-1e3c-11f1-a0d3-0072ee78ad39,32812029-82af-4472-bc67-800f949950b9,C12A,,,Microphone,,,,Embedded in the Ocean Way Studios,,,,,Modeled,effects:7650c0d7-5886-45a6-b96c-0ba724f0e11c
f01bce49-7911-4f0a-b25b-b453bff6705d,f772e5f8-1e3c-11f1-a0d3-0072ee78ad39,fe519d8d-4a9d-4295-88d2-f9f0c54175c1,4006,,,Microphone,,,,,,,,,Modeled,effects:7650c0d7-5886-45a6-b96c-0ba724f0e11c
1e496d80-2412-4475-bf74-4c516cef1069,f772e5f8-1e3c-11f1-a0d3-0072ee78ad39,6b94d5a6-2030-4cc6-8c53-8e20d661c30f,KM54,,,Microphone,,,,Embedded in Ocean Way Studios,,,,,Modeled,effects:7650c0d7-5886-45a6-b96c-0ba724f0e11c
6bcd7d7e-b333-4ec0-9076-4b63b180662e,f772e5f8-1e3c-11f1-a0d3-0072ee78ad39,0c7cc262-3f4e-4175-a798-25d20deda508,M50,,,Microphone,,,,,,Allen Sides’ favorite microphone,,,Modeled,effects:7650c0d7-5886-45a6-b96c-0ba724f0e11c
d9678de1-c627-4cf0-a42e-4b28f4c5f87c,f772e5f8-1e3c-11f1-a0d3-0072ee78ad39,82ef1423-3e83-4450-a8c4-8c9839e77443,U47,,,Microphone,,,,Embedded in Ocean Way Studios,,,,,Modeled,effects:7650c0d7-5886-45a6-b96c-0ba724f0e11c
edf20a28-f09f-40b5-87b6-c0e9516c3b60,f772e5f8-1e3c-11f1-a0d3-0072ee78ad39,4b9f69ac-efbc-490c-8509-49ef51dd8983,U67,,,Microphone,,,,Embedded in Ocean Way Studios,,,,,Modeled,effects:7650c0d7-5886-45a6-b96c-0ba724f0e11c
4ebf2a59-0a04-4c5a-9a5a-add1d4f79b73,f772e5f8-1e3c-11f1-a0d3-0072ee78ad39,bddabc83-6975-4b5e-9d09-fd9e25597c11,44,,,Microphone,,,,Embedded in Ocean Way Studios,,,,,Modeled,effects:7650c0d7-5886-45a6-b96c-0ba724f0e11c
6da62ab5-eee8-4150-8a55-809574bb6ca9,f772e5f8-1e3c-11f1-a0d3-0072ee78ad39,3f62bc81-a30d-4f59-8671-42e379397f03,KU3A,,,Microphone,,,,Embedded in Ocean Way Studios,,,,,Modeled,effects:7650c0d7-5886-45a6-b96c-0ba724f0e11c
0144e8de-2d15-42d8-80e2-0c19148870da,f772e5f8-1e3c-11f1-a0d3-0072ee78ad39,4128f994-26dc-4c13-93c0-bb6c8e6f34d2,MKH20,,,Microphone,,,,,,,,,Modeled,effects:7650c0d7-5886-45a6-b96c-0ba724f0e11c
30ae8c49-cad6-4758-8dfd-472ce9555dd0,f772e5f8-1e3c-11f1-a0d3-0072ee78ad39,549bb580-b01e-49b8-90ac-406c42939502,SM57,,,Microphone,,,,Embedded in Ocean Way Studios,,,,,Modeled,effects:7650c0d7-5886-45a6-b96c-0ba724f0e11c
e22163ce-62b9-43e4-8e91-0fe7a7387d15,f772e5f8-1e3c-11f1-a0d3-0072ee78ad39,b4864be2-5ccd-4ba8-a063-75de422b21ec,Brigade Chorus,11.8.1 (UAD-2) 1.2.16 (UADx),,Modulation,Plugin,"UAD-2,UADx",,Boss CE-1 TOP,,,,,"Guitar,Modeled,Stomp",effects:0989d441-dc1c-4746-9b22-80bb2a67d38a
7d8e911a-ae76-4480-8702-2ed49148aa4d,f772e5f8-1e3c-11f1-a0d3-0072ee78ad39,4027005e-d4f3-4939-a802-2e9f5bee048c,4x12 UK GB30,,,,,,4x12 CAB Closed back,,,mic'd w/ Royer R121 + Shure SM57; Tight bass + good treble definition. Great for distorted classic rock tones.,,,"Guitar,Modeled",effects:0989d441-dc1c-4746-9b22-80bb2a67d38a
5a19c79e-2394-496f-9c47-2826f9470f24,f772e5f8-1e3c-11f1-a0d3-0072ee78ad39,4027005e-d4f3-4939-a802-2e9f5bee048c,2x12 Green Ace,,,,,,"2x12 CAB modern British boutique 
[ Matchless DC30; Marshall 2061, Friedman, Orange ]",,,"More midrange honk and tamer highs, thicker when used w/ distortion; mic'd w/ Beyerdynamic M160",,,"Guitar,Modeled",effects:0989d441-dc1c-4746-9b22-80bb2a67d38a
a7b643c7-babf-42fb-9bd4-eea5fcaf0b80,f772e5f8-1e3c-11f1-a0d3-0072ee78ad39,81077865-69ac-472c-9e47-82c0b0f1b8fc,1x12 GB25,,,,,,1x12 CAB,,,"Greenback warmth with clarity, and a nicely balanced high end. Good for thick cleans and punchy overdrive tones. mic'd w/ Beyerdynamic M160",,,"Guitar,Modeled",effects:0989d441-dc1c-4746-9b22-80bb2a67d38a
e000b2b2-377e-473d-b046-912cddac5875,f772e5f8-1e3c-11f1-a0d3-0072ee78ad39,9384ad82-59a3-4c02-b20c-911cdcf6e195,1x12 Gold TR,,,,,,1x12 Boutique CAB [TR might be a Two-Rock style cab],,,"Narrower sound, midrange forward, thicker with less high end; mic'd w/ Sennheiser MD421",,,"Guitar,Modeled",effects:0989d441-dc1c-4746-9b22-80bb2a67d38a
aa00ef27-f556-4aaf-ac89-cfcbc6614999,f772e5f8-1e3c-11f1-a0d3-0072ee78ad39,0067e1f5-df2e-400a-af9b-301a3177898f,4x12 UK V30,,,,,,4x12 CAB (UK built),,,"- Normal: miked w/ a Sennheiser MD421. Bottom end chunk and fullness. Great for a big lead sound or thick rhythm sounds. 
- Modern: miked w/ an AKG C414 condenser. Standard for modern rock + metal. Tight bottom end and high end punch. If you want a more scooped sound, this is it.",,,"Guitar,Modeled",effects:0989d441-dc1c-4746-9b22-80bb2a67d38a
4e4cf3c6-2347-4464-bc90-0d719d1d71bc,f772e5f8-1e3c-11f1-a0d3-0072ee78ad39,0067e1f5-df2e-400a-af9b-301a3177898f,4x12 UK V30 Modern,,,,,,4x12 CAB (UK built),,,"- Normal: miked w/ a Sennheiser MD421. Bottom end chunk and fullness. Great for a big lead sound or thick rhythm sounds. 
- Modern: miked w/ an AKG C414 condenser. Standard for modern rock + metal. Tight bottom end and high end punch. If you want a more scooped sound, this is it.",,,"Guitar,Modeled",effects:0989d441-dc1c-4746-9b22-80bb2a67d38a
a798a475-e3a1-4033-80c2-602daadcd918,f772e5f8-1e3c-11f1-a0d3-0072ee78ad39,d7aa9733-5fa2-4cfd-b1ac-a6984b2e9dd5,Pitch Shift Delay,,,"Delay,Modulation",,,modded,Chase Bliss Audio Thermae TOP,,Use at very low mix settings for wildly distorted background sound design-style beds.,,,"Guitar,Modeled,Stomp",effects:0989d441-dc1c-4746-9b22-80bb2a67d38a
dc3b1283-a7bf-4931-bd68-b51843fb5387,f772e5f8-1e3c-11f1-a0d3-0072ee78ad39,c1bd552e-d5b0-44ca-8d0a-d0e89587d9b4,1x12 JBG125 Deluxe,,,,,,1x12 JBL D120F; Rare custom cab w/ modified JBL (silk dust cap),,,Clarity with a sweeter top end than the D120F Delivers; an articulate sound for cleans but with a warmer overall tone; mic'd w/ a Sennheiser MD421,,,"Guitar,Modeled",effects:0989d441-dc1c-4746-9b22-80bb2a67d38a
1610c0a6-bc3b-45bc-8322-87144212d943,f772e5f8-1e3c-11f1-a0d3-0072ee78ad39,20ad200f-fcac-4f86-bb67-d33e19121f75,2x12 Boutique D65,,,,,,"2x12 CAB Celestion G12-65s 
used by Robben Ford",,,"Regular Version:  Classic California ported combo cab sound (80's Dumble; boutique) great for mildly overdriven sounds and cleans up well; mic'd w/ Shure SM57 + Royer R121
Thick Version: Tight bottom  end and crisp high end clarity, favored by many blues and rock players. (Mixed w/ the 121 louder for a thicker sound) 
Non-Boutique: same as the ""thick verrsion"", but mic'd w/ a Sennheiser 421 instead of the 57",,,"Guitar,Modeled",effects:0989d441-dc1c-4746-9b22-80bb2a67d38a
34a853d9-e6e5-472f-89c9-fa93b20ccdbc,f772e5f8-1e3c-11f1-a0d3-0072ee78ad39,20ad200f-fcac-4f86-bb67-d33e19121f75,2x12 Boutique D65 Thick,,,,,,"2x12 CAB Celestion G12-65s 
used by Robben Ford",,,"Regular Version:  Classic California ported combo cab sound (80's Dumble; boutique) great for mildly overdriven sounds and cleans up well; mic'd w/ Shure SM57 + Royer R121
Thick Version: Tight bottom  end and crisp high end clarity, favored by many blues and rock players. (Mixed w/ the 121 louder for a thicker sound) 
Non-Boutique: same as the ""thick verrsion"", but mic'd w/ a Sennheiser 421 instead of the 57",,,"Guitar,Modeled",effects:0989d441-dc1c-4746-9b22-80bb2a67d38a
ed73d716-aee4-448f-9f37-a1e716d59491,f772e5f8-1e3c-11f1-a0d3-0072ee78ad39,20ad200f-fcac-4f86-bb67-d33e19121f75,2x12 D65,,,,,,"2x12 CAB Celestion G12-65s 
used by Robben Ford",,,"Regular Version:  Classic California ported combo cab sound (80's Dumble; boutique) great for mildly overdriven sounds and cleans up well; mic'd w/ Shure SM57 + Royer R121
Thick Version: Tight bottom  end and crisp high end clarity, favored by many blues and rock players. (Mixed w/ the 121 louder for a thicker sound) 
Non-Boutique: same as the ""thick verrsion"", but mic'd w/ a Sennheiser 421 instead of the 57",,,"Guitar,Modeled",effects:0989d441-dc1c-4746-9b22-80bb2a67d38a
44c1a4ae-d68d-4da8-932d-274daf73def0,f772e5f8-1e3c-11f1-a0d3-0072ee78ad39,20ad200f-fcac-4f86-bb67-d33e19121f75,2x12 Boutique D-EV12,,,,,,(1970s) 2x12 CAB front-ported; closed back oversized Electro-Voice EVM12L;,,,"Made for Larry Carlton and heard on several famous recordings. 
Bigger and warmer than its 1x12 cousin. Front port delivers a uniquely vocal midrange quality w/ a narrow frequency range. Great for mild OD, slide and sweet melodies. mic'd w AKG C414",,,"Guitar,Modeled",effects:0989d441-dc1c-4746-9b22-80bb2a67d38a
78696df0-0dd4-4c3c-844b-947d24b35360,f772e5f8-1e3c-11f1-a0d3-0072ee78ad39,20ad200f-fcac-4f86-bb67-d33e19121f75,2x12 Brute,,,,,,"(1990s) 2x12 CAB partial open-back Electro-Voice EVM12L
custom made for Robben Ford",,,"Round, warm lows, thick and midrange forward, with soft top end. Never strident, even with heaps of gain; mic'd w/ Neumann U67",,,"Guitar,Modeled",effects:0989d441-dc1c-4746-9b22-80bb2a67d38a
76308395-8e5b-4161-861a-1d7e2c6cf06a,f772e5f8-1e3c-11f1-a0d3-0072ee78ad39,"aea08fde-e93c-41eb-bb95-1661cc7ec055,4f4be953-917e-41d4-a0e6-28a9f6a2cbfb,ab01b84e-c280-4f4e-a605-121012a911e7",Enigmatic 82,1.0.4,,,,,,,,,,,"Guitar,Modeled",effects:0989d441-dc1c-4746-9b22-80bb2a67d38a
0a6ce333-58b9-441c-a693-73ff39b95f4d,f772e5f8-1e3c-11f1-a0d3-0072ee78ad39,0ad3940a-a936-495f-85f1-a3d3c97b0c1d,Vintage Fuzz,,,Harmonic Coloration,,,,Dunlop Germanium Fuzz Face TOP,,"Pair with the Lion Bass model for soaring psychedelic blues tones. For more brightness and clarity, use Lion's Low inputs.",,,"Guitar,Modeled,Stomp",effects:0989d441-dc1c-4746-9b22-80bb2a67d38a
22d18832-e687-418a-b7e3-7203a500b356,f772e5f8-1e3c-11f1-a0d3-0072ee78ad39,f9691b9c-6294-4e8e-88b1-a40dad5aef60,Big Fuzz,,,Harmonic Coloration,,,,Electro-Harmonix Big Muff Pi TOP,,"Super Saturated w/ huge low end and massive sustain. Thick heavy and loose. Bypass tone knob for even more gain + mids. The tone control on these pedals is an unusual ""tilt"" design that increases highs while reducing lows,and vice-versa. This can yield massive tonal changes with small moves. Set low for extremely dark ""in a cave"" tones, or high for AM radio-type effects. 
Pair with Lion's Bass model and the UK GB30 4x12 cab for a huge '90s alternative rock sound. Adjusting the Volume between 11 and 1 o'clock yields a wide range of tones.",,,"Guitar,Modeled,Stomp",effects:0989d441-dc1c-4746-9b22-80bb2a67d38a
ca27b7f2-ae50-4342-b0bd-125ae975093a,f772e5f8-1e3c-11f1-a0d3-0072ee78ad39,f926e1cc-0cc0-4743-baff-a4a43af8735c,Analog Memory Delay,,,"Delay,Modulation",,,,Electro-Harmonix Deluxe Memory Man ALT (Tone),,"Add the preamp to color the dry tone, and use the vibrato and chorus to add texture to repeats.Enable the warm preamp circuit with the Color switch. Set Blend to minimum, and crank up Level to add warmth and gain, when placed in the Pre FX section. Set Color off to add gain only to delayed signals.
Enable Sync for the ultra-famous Dublin dotted eighth delay (1/8D)",,,"Guitar,Modeled,Stomp",effects:0989d441-dc1c-4746-9b22-80bb2a67d38a
921bce76-fc7e-4f45-bf95-370944079321,f772e5f8-1e3c-11f1-a0d3-0072ee78ad39,c6a39df9-1a61-42f6-b429-05f545286017,1x12 EV12 Classic,,,,,,1x12 CAB,,,"Focused single speaker, thick and tight bottom, with airy top end. A wonderful, versatile speaker when clean or overdriven; mic'd w/ AKG C414",,,"Guitar,Modeled",effects:0989d441-dc1c-4746-9b22-80bb2a67d38a
def9a36e-6f3b-4eae-be0b-7a4fb68667c0,f772e5f8-1e3c-11f1-a0d3-0072ee78ad39,c6a39df9-1a61-42f6-b429-05f545286017,1x12 EV12 Deluxe,,,,,,1x12 CAB,,,"Focused single speaker, thick and tight bottom, with airy top end. A wonderful, versatile speaker. HPF disabled for a bit more subsonic punch; mic'd w/ AKG C414",,,"Guitar,Modeled",effects:0989d441-dc1c-4746-9b22-80bb2a67d38a
c9732e86-ea0a-4e48-b588-9eb8d0a10ab5,f772e5f8-1e3c-11f1-a0d3-0072ee78ad39,d8bce077-bd5e-439c-bf5c-4b08cd46a3e3,Plate 140 Reverb,,,Reverb&Room,,,,Embedded in Paradise Guitar Studio,,"Big, dense, and lush metallic reflections, with a smooth decay. Dark, warm, and colored mid-range wash. Add modulation for subtle swirling modulation on the reverb tails. 
Set Decay to 4.0 seconds for a classic album-ready plate reverb.",,,"Guitar,Modeled,Stomp",effects:0989d441-dc1c-4746-9b22-80bb2a67d38a
3eaa0f73-ec36-4a56-bf74-d1ad076a2cff,f772e5f8-1e3c-11f1-a0d3-0072ee78ad39,"74d71cbc-01c4-4b8c-8b78-306b753f78be,7d2b41c7-0314-4bd7-bbd6-84329f383667",1x12 Tweed JBF120,,,,,,1x12 CAB JBL D120F,"Fender '53 Tweed Deluxe TOP
Fender '55 Tweed Deluxe TOP",,"Bright, hi-fi and midrange-y; mic'd w/ AKG C414",,,"Guitar,Modeled",effects:0989d441-dc1c-4746-9b22-80bb2a67d38a
c1b524b4-a31d-4686-8754-0abbeaee2ccb,f772e5f8-1e3c-11f1-a0d3-0072ee78ad39,"74d71cbc-01c4-4b8c-8b78-306b753f78be,7d2b41c7-0314-4bd7-bbd6-84329f383667",1x12 Tweed Blu15,,,,,,1x12 CAB Celestion Blue,"Fender '53 Tweed Deluxe TOP
Fender '55 Tweed Deluxe TOP",,Darker than the stock Jensen P12R; mic'd w/ Neumann U67,,,"Guitar,Modeled",effects:0989d441-dc1c-4746-9b22-80bb2a67d38a
cbd20a12-8f28-4282-9f18-1f376f00bf94,f772e5f8-1e3c-11f1-a0d3-0072ee78ad39,"74d71cbc-01c4-4b8c-8b78-306b753f78be,7d2b41c7-0314-4bd7-bbd6-84329f383667",1x12 Tweed GB25,,,,,,1x12 CAB Celestion G25M Greenback,"Fender '53 Tweed Deluxe TOP
Fender '55 Tweed Deluxe TOP",,"Modern and thick w/ a clear high end, fuller w/ distortion pedals or higher gain; mic'd w/ Shure SM57",,,"Guitar,Modeled",effects:0989d441-dc1c-4746-9b22-80bb2a67d38a
1a310cc1-3561-4e65-a517-83a025ce2c50,f772e5f8-1e3c-11f1-a0d3-0072ee78ad39,"74d71cbc-01c4-4b8c-8b78-306b753f78be,7d2b41c7-0314-4bd7-bbd6-84329f383667",1x12 Tweed JP12,,,,,,1x12 CAB,"Fender '53 Tweed Deluxe TOP
Fender '55 Tweed Deluxe TOP",,thinner and less aggressive side; mic'd w/ Shure SM57,,,"Guitar,Modeled",effects:0989d441-dc1c-4746-9b22-80bb2a67d38a
caaf891c-e3df-4c87-adf6-725b3677c6ed,f772e5f8-1e3c-11f1-a0d3-0072ee78ad39,7d2b41c7-0314-4bd7-bbd6-84329f383667,Fender 55 Tweed Deluxe,11.8.1(UAD-2); 1.0.4 (UADx),,,Plugin,"UAD-2,UADx",,"Fender '55 Tweed Deluxe TOP
Standalone; Embedded in Paradise Guitar Studio",,,,,"Guitar,Modeled",effects:0989d441-dc1c-4746-9b22-80bb2a67d38a
e8746f05-9ff1-42bb-a6e0-147b4ab4567e,f772e5f8-1e3c-11f1-a0d3-0072ee78ad39,7d2b41c7-0314-4bd7-bbd6-84329f383667,Woodrow 55 Instrument Amp,11.8.1(UAD-2); 1.0.4 (UADx),,,Plugin,"UAD-2,UADx",,"Fender '55 Tweed Deluxe TOP
Standalone; Embedded in Paradise Guitar Studio",,,,,"Guitar,Modeled",effects:0989d441-dc1c-4746-9b22-80bb2a67d38a
6e89f935-0828-488c-a3cd-779c8ed7c84e,f772e5f8-1e3c-11f1-a0d3-0072ee78ad39,ec50ba25-c961-4631-aff1-085b7457d4bf,4x10 Tweed B-Man,,,,,,4x10 CAB,Embedded in Paradise,,"Great scooped, high fidelity sound when used clean. Use w/ low gain sounds for clean, somewhat pristine sounds. mic'd w/ Shure SM57",,,"Guitar,Modeled",effects:0989d441-dc1c-4746-9b22-80bb2a67d38a
ef78cd15-80dc-4c82-bdf1-3400453a377e,f772e5f8-1e3c-11f1-a0d3-0072ee78ad39,381fce48-2ff9-421c-891a-11af645a1f0c,1x12 Oxford,,,,,,1x12 CAB,,,Classic sound right off the shelf from 1965; mic'd w/ Shure SM57,,,"Guitar,Modeled",effects:0989d441-dc1c-4746-9b22-80bb2a67d38a
79729f89-1321-40fb-af84-4d23a79fbd38,f772e5f8-1e3c-11f1-a0d3-0072ee78ad39,381fce48-2ff9-421c-891a-11af645a1f0c,Dream 65 Reverb Amp,1.0.5,,,Plugin,UADx,,"Fender '65 Deluxe Reverb TOP
Standalone; Embedded in Paradise Guitar Studio",,,,,"Guitar,Modeled",effects:0989d441-dc1c-4746-9b22-80bb2a67d38a
f8da4c58-292e-4224-a231-c571a88028a6,f772e5f8-1e3c-11f1-a0d3-0072ee78ad39,381fce48-2ff9-421c-891a-11af645a1f0c,Trem 675,,,Modulation,,,Optical Tremolo Circuit only,Fender Opto Trem TOP,,"Added versatility of tempo sync, stereo operation, and square or sine wave modulation. Try the square wave for ""glitchy"" tremolo sounds. This is especially effective when the speed is adjusted freely when Sync is off.
Enable Sync with the sine wave in stereo for luscious synchronized swimming tremolo sounds.",,,"Guitar,Modeled,Stomp",effects:0989d441-dc1c-4746-9b22-80bb2a67d38a
740be1e1-0764-4bef-a528-f6d8c3ae8dd2,f772e5f8-1e3c-11f1-a0d3-0072ee78ad39,d6888014-2edc-4157-8d80-63731103cce7,4x10 S-Verb,,,,,,(1966) 4x10 CAB Fender CTS,Fender '65 Super Reverb (CAB) ALT (Tone),,"Plenty of midrange, great for surf sounds, almost lo-fi. mic'd w/ an AKG C414",,,"Guitar,Modeled",effects:0989d441-dc1c-4746-9b22-80bb2a67d38a
107084f8-b958-45d3-aeb3-bc9711d9b668,f772e5f8-1e3c-11f1-a0d3-0072ee78ad39,9b1831fe-fa8a-46d5-a765-efbed73e83c3,2x12 Twin Modern,,,,,,2x12 CAB Jensen C12K (Modern Reissue),Fender '65 Twin Reverb (CAB) TOP,,"Mic'd w/ AKG C414;  provides a detailed and transparent sound that is distinctly different from a dynamic mic. With extended low and high frequency response, the 414 captures a full-bodied representation of the amp.",,,"Guitar,Modeled",effects:0989d441-dc1c-4746-9b22-80bb2a67d38a
747e5231-d226-403a-abae-6ed54948ab2c,f772e5f8-1e3c-11f1-a0d3-0072ee78ad39,9b1831fe-fa8a-46d5-a765-efbed73e83c3,2x12 Twin Classic,,,,,,2x12 CAB,Fender '65 Twin Reverb (CAB) TOP,,"Mic'd w/ Shure SM57 (provides aggressive upper midrange punch and presence)
blended w/ Royer R121 (fills out the sound with rich, smooth, low end and reduced top end)
Classic Mic Combination",,,"Guitar,Modeled",effects:0989d441-dc1c-4746-9b22-80bb2a67d38a
1b1c4ef5-1e25-476e-bb6f-c4014c7f9f92,f772e5f8-1e3c-11f1-a0d3-0072ee78ad39,9b1831fe-fa8a-46d5-a765-efbed73e83c3,2x12 Twin Vintage,,,,,,2x12 CAB,Fender '65 Twin Reverb (CAB) TOP,,Mic'd w/ unique cardioid double-ribbon Beyerdynamic M160; provides a very focused sound with detail and warmth. Its natural sound with a smooth top-end tames the higher frequencies often present in tube amplifiers. This choice is especially smooth when adding distortion or overdrive to a clean amp.,,,"Guitar,Modeled",effects:0989d441-dc1c-4746-9b22-80bb2a67d38a
26050f1f-9e2c-4de6-8dc4-f9713f96b45f,f772e5f8-1e3c-11f1-a0d3-0072ee78ad39,ba9eded9-0e7c-45b5-afb4-9bed2c1dd71c,2x12 JBF120 Thick,,,,,,2x12 CAB JBL D120F (Factory Upgrade Option),Fender '68 Twin Reverb (CAB) TOP,,"Mic'd w/ Shure SM57 + AKG C414; Shines with loud and clean tube amps. Used by the biggest players in country, surf, and psychedelic rock, who relied on the incredible punch and articulation of these speakers",,,"Guitar,Modeled",effects:0989d441-dc1c-4746-9b22-80bb2a67d38a
1e9e6dcd-48e5-4759-837c-ea91fb796138,f772e5f8-1e3c-11f1-a0d3-0072ee78ad39,ba9eded9-0e7c-45b5-afb4-9bed2c1dd71c,2x12 JBF120,,,,,,2x12 CAB JBL D120F (Factory Upgrade Option),Fender '68 Twin Reverb (CAB) TOP,,"Mic'd w/ Shure SM57 + Royer R121; Very detailed cabinet, great for clean and low gain, excellent for finger style playing. Very forward and sizzly when used w/ more gain.",,,"Guitar,Modeled",effects:0989d441-dc1c-4746-9b22-80bb2a67d38a
965f30b1-5dd1-4648-9466-3e0166db6577,f772e5f8-1e3c-11f1-a0d3-0072ee78ad39,7e30d018-0b78-49a2-87c7-435deb41f234,Drip Spring 65 Reverb,,,Reverb&Room,,,,,,"Drippy, syrupy spring reverb, warmed by tubes and with your choice of three different tanks, plus bass and treble controls. 

Tank A: Bright drip and pingy aggressiveness
Tank B: Midrange warmth and longer sustain 
Tank C: Smooth and warm tube spring ambience; This reverb is always mono, for true spring reverb authenticity. 
Use the EQ knobs to adjust the reverb tone in the mix. Increase treble for lively, snappy, out-front reverb, and reduce Treble and increase Bass for dark subtlety.",,,"Guitar,Modeled,Stomp",effects:0989d441-dc1c-4746-9b22-80bb2a67d38a
b3e70618-50a5-463e-b733-e6f066201a61,f772e5f8-1e3c-11f1-a0d3-0072ee78ad39,67c24bb5-c992-4b1c-8185-8173ca123b07,Showtime 64 Tube Amp,1.0.1,,,Plugin,UADx,,"Fender Showman TOP
Standalone; Embedded in Paradise Guitar Studio",,,,,"Guitar,Modeled",effects:0989d441-dc1c-4746-9b22-80bb2a67d38a
47e70b43-cf70-4eeb-a401-62df123891a1,f772e5f8-1e3c-11f1-a0d3-0072ee78ad39,2cc0bdbc-a0a3-4d40-b1f2-9ddbf893052e,TS Overdrive,11.8.1,,Harmonic Coloration,Plugin,UAD-2,,"Ibanez TS808 ALT (Tone)
Standalone; Embedded in Paradise Guitar Studio",,,,,"Guitar,Modeled,Stomp",effects:0989d441-dc1c-4746-9b22-80bb2a67d38a
fc7a44cd-c155-4fe2-bb9a-336a91e04e9c,f772e5f8-1e3c-11f1-a0d3-0072ee78ad39,c7f1d245-57d9-454e-a0be-712a16ca75eb,Gold Overdrive,,,Harmonic Coloration,,,,Klon Centaur TOP,,"works as a clean boost at low gain settings, with thick midrange-forward drive when gain is set higher. Many players prefer to use the Gold Overdrive as a clean boost. Set Gain at the minimum and push the Output for a mid-forward boost sound. 
For a classic Gold Overdrive lead sound with a clean amp, set Gain to 3 o'clock, Treble to noon, and Output to 9 o'clock.",,,"Guitar,Modeled,Stomp",effects:0989d441-dc1c-4746-9b22-80bb2a67d38a
20b8cf37-60b5-4351-8dc4-80996674f7f5,f772e5f8-1e3c-11f1-a0d3-0072ee78ad39,9c4b248a-bc5c-41a9-bf0f-d21b2920560e,Reverb 224,,,Reverb&Room,,,,Embedded in Paradise Guitar Studio,,,,,"Guitar,Modeled,Stomp",effects:0989d441-dc1c-4746-9b22-80bb2a67d38a
e0033b61-c55f-4e28-b37d-77350b2db93e,f772e5f8-1e3c-11f1-a0d3-0072ee78ad39,cb5c24ee-d657-41e2-a49e-3af4e41451cd,EP-III Tape Echo,,,Delay,,,,Maestro Echoplex EP-3 ALT (Tone),,,,,Modeled,effects:0989d441-dc1c-4746-9b22-80bb2a67d38a
462caa44-e005-4f42-b9f6-f66b72e92ee3,f772e5f8-1e3c-11f1-a0d3-0072ee78ad39,9c1658d0-203b-42c1-8ba6-cd0e9234a9aa,Vintage Vibrato,,,Modulation,,,Vibrator Circuit only,,,,,,"Guitar,Modeled,Stomp",effects:0989d441-dc1c-4746-9b22-80bb2a67d38a
56d35bdd-6d84-4a79-93f6-2d39519fd26d,f772e5f8-1e3c-11f1-a0d3-0072ee78ad39,efbc27ef-1cc6-4d83-9041-26a1c7551ee9,Studio EQ,,,EQ,,,Stompified version of outboard gear,Embedded in Paradise,,"For instant S-Verb amp sound, place in front of the Showtime amp with the Bright switch on and the S-Verb cab, and cut 6-10 dB with the LMF fader at the default 400 Hz. 
Mix helper: easily brighten a dark amp to cut through a dense mix, or cut crucial lows or mids to sit better in the mix. Use the Studio EQ in a Post FX slot and have at it!",,,"Guitar,Modeled",effects:0989d441-dc1c-4746-9b22-80bb2a67d38a
c53645e6-94da-4b53-9519-bf7309fe4633,f772e5f8-1e3c-11f1-a0d3-0072ee78ad39,"4e6d9491-ede6-4b91-a696-c8975907b9b2,0e7727dd-eb6f-43b1-8a7e-5323526f9b2f",Lion 68 Super Lead Amp,1.0.5,,,Plugin,UADx,,"Marshall 1959 SLP TOP
Marshall 1959 SBP TOP
Standalone; Embedded in Paradise Guitar Studio",,"2 Versions of 1959SLP
1. LEAD (stock version)
2. BROWN - EVH, ""Brown"" Mod.",,,"Guitar,Modeled",effects:0989d441-dc1c-4746-9b22-80bb2a67d38a
5626bf7f-a219-4949-a09c-52f90d628fde,f772e5f8-1e3c-11f1-a0d3-0072ee78ad39,1dd8d18f-cfbc-4536-9ffa-6485cc62de5f,4x12 UK Brown JB,,,,,,(1968) 4x12 CAB; 2x12 Celestion G12M Greenback; 2x12 JBL D120F,Marshall 1960A Basketweave ALT (Tone),,Combines the girth and midrange of the greenbacks with the high end sizzle of the JBF speakers. Cones are mic'd  and pre-mixed separately w/ Shure SM57s,,,"Guitar,Modeled",effects:0989d441-dc1c-4746-9b22-80bb2a67d38a
2658c67f-94c7-4997-8d2e-d531e1bcde43,f772e5f8-1e3c-11f1-a0d3-0072ee78ad39,1dd8d18f-cfbc-4536-9ffa-6485cc62de5f,4x12 Stripped GB,,,,,,4x12 CAB,Marshall 1960A Basketweave ALT (Tone),,"Mic 'd w/ Beyerdynamic M160 + Shure SM57; Power, bottom-end girth, and warmth. Great for mellowing out overdriven sound. Classic greenback bark w/ the smooth open midrange of a '60s ribbon mic and edge of a 57.
- Off Axis (smoother, darker tones)
- On Axis (brighter, livelier tones)",,,"Guitar,Modeled",effects:0989d441-dc1c-4746-9b22-80bb2a67d38a
63e5395c-f566-4429-961a-611f6e5ea578,f772e5f8-1e3c-11f1-a0d3-0072ee78ad39,1dd8d18f-cfbc-4536-9ffa-6485cc62de5f,4x12 Stripped Off-Axis,,,,,,4x12 CAB,Marshall 1960A Basketweave ALT (Tone),,"Mic 'd w/ Beyerdynamic M160 + Shure SM57; Power, bottom-end girth, and warmth. Great for mellowing out overdriven sound. Classic greenback bark w/ the smooth open midrange of a '60s ribbon mic and edge of a 57.
- Off Axis (smoother, darker tones)
- On Axis (brighter, livelier tones)",,,"Guitar,Modeled",effects:0989d441-dc1c-4746-9b22-80bb2a67d38a
c13adb6b-a999-4b5e-bfa1-1f3f4cdd3b37,f772e5f8-1e3c-11f1-a0d3-0072ee78ad39,1dd8d18f-cfbc-4536-9ffa-6485cc62de5f,4x12 Stripped On-Axis,,,,,,4x12 CAB,Marshall 1960A Basketweave ALT (Tone),,"Mic 'd w/ Beyerdynamic M160 + Shure SM57; Power, bottom-end girth, and warmth. Great for mellowing out overdriven sound. Classic greenback bark w/ the smooth open midrange of a '60s ribbon mic and edge of a 57.
- Off Axis (smoother, darker tones)
- On Axis (brighter, livelier tones)",,,"Guitar,Modeled",effects:0989d441-dc1c-4746-9b22-80bb2a67d38a
375f1069-b4c8-4168-959c-7772f5d97e87,f772e5f8-1e3c-11f1-a0d3-0072ee78ad39,0627939c-d300-4649-9f0d-f25467d047ed,2x12 Match,,,,,,2x12 CAB G12H-75 Creambacks,Matchless DC-30 (CAB) TOP,,Muscular and modern take on classic chime. Great with an overdrive or distortion pedal in front of the am; mic'd w/ Shure SM57,,,"Guitar,Modeled",effects:0989d441-dc1c-4746-9b22-80bb2a67d38a
644a8b3e-7c39-4d67-b5b4-3348cf986004,f772e5f8-1e3c-11f1-a0d3-0072ee78ad39,8a4fb42d-c8d7-4755-8be0-da9ebafdccbb,Red Comp,,,Dynamics,,,,MXR Dyna Comp TOP,,"The signal is somewhat clipped when pushed, with plenty of over-the-top squish. Not the most subtle compressor, so blend it with the custom Mix knob. For classic picking, set the sensitivity high (2 to 4 o'clock), and adjust Output to match unity level. Great for fast picking runs with an edgy bite when you dig in. 
For a more subtle always-on compressor, set Sensitivity between 9 and 10 o'clock, and Output to taste. Blend in initial pick attack with the Mix knob.",,,"Guitar,Modeled,Stomp",effects:0989d441-dc1c-4746-9b22-80bb2a67d38a
0d1a45a3-0804-4f01-806c-1c8a8caddb99,f772e5f8-1e3c-11f1-a0d3-0072ee78ad39,b6235521-bbb2-46cc-ba1c-cde79303a31a,Blue Flanger,,,Modulation,,,Stompified version of outboard gear,MXR Model 126 Flanger/Doubler TOP,,"Jet-style flanging, broad phasey sweeps, or more subtle doubler effects, all in one pedal. For ""frozen"" phasey flanger sounds, set Width to 0. 
For unique manual flanging, automate the Manual control, with Width set to 0.",,,"Guitar,Modeled,Stomp",effects:0989d441-dc1c-4746-9b22-80bb2a67d38a
6a6980ee-9315-4ecf-b9b4-1e982a09fc6a,f772e5f8-1e3c-11f1-a0d3-0072ee78ad39,"d957ebad-2823-42e4-9f73-df2f5a2606a0,39746504-9951-4c94-9c6c-f734a0fa6af9",Orange Phaser,,,Modulation,,,,"MXR Phase 90 TOP
MXR Phase 90 (Script) AL (Tone)",,"The original orange, single-knob phaser for bubbling, swirling modulation. Switch between vintage ""script"" and modern ""block"" models. For classic, vintage phasing, use the Vintage (""Script"") phaser. The effect is less aggressive and mellower. 
For more pronounced, pulsing phasing, the Modern (""Block"") phaser feeds some signal back into the phaser output, for more midrange and a more aggressive sweep.",,,"Guitar,Modeled,Stomp",effects:0989d441-dc1c-4746-9b22-80bb2a67d38a
7efca2c1-656f-457c-81ed-d726530c4d8b,f772e5f8-1e3c-11f1-a0d3-0072ee78ad39,887ddb64-0dbe-4b14-83d4-d317c3a30b21,10-Band Graphic EQ,,,EQ,,,,MXR Ten Band EQ ALT (Tone),,"Precise control of 10 EQ bands for your sound. Use for tone shaping or emphasizing certain frequencies to drive an amp harder.Use to shape your sound before or after a distortion pedal. For example, you can boost low frequencies after the Raw Distortion pedal (which reduces bass at low gain settings), or cut some mid frequencies from the Gold Overdrive (which can be mid-heavy).
Create your own treble booster in a Pre FX slot before Ruby's Normal channel: Boost all of the bands between 1k and 16k on the EQ, then add gain with the OUT knob.",,,"Guitar,Modeled,Stomp",effects:0989d441-dc1c-4746-9b22-80bb2a67d38a
9e321f3c-d295-4488-8d79-9e536f5704bc,f772e5f8-1e3c-11f1-a0d3-0072ee78ad39,eff16a4b-4b2d-40a2-bb48-a14ba684da87,Nashville Overdrive,,,Harmonic Coloration,,,,Nobels ODR-1(bc) ALT (Tone),,"Prized for warm, transparent tube-like distortion, this Nashville favorite is often paired with Dream- and Showtime-style amps to enhance their natural compression and drive. The original Nashville OD can have more bass than you need, but we put it on a knob so you can dial it down. Bass has the stock sound when set to 10. The Spectrum control is unusual. Below noon, treble and bass are reduced, for a very mid-forward sound. At high settings, the sound gets scooped with extra bass and treble. Use high spectrum settings to brighten the Ruby normal channel, and lower settings to de-emphasize the scooped sound of Dream. 
For a fat boost effect, set Bass and Level to Max, set Drive to minimum, then adjust Spectrum to taste.",,,"Guitar,Modeled,Stomp",effects:0989d441-dc1c-4746-9b22-80bb2a67d38a
397beb61-c64c-48c5-859b-cbde60c0b41a,f772e5f8-1e3c-11f1-a0d3-0072ee78ad39,5a1297bd-4bab-4a1a-b551-7856537656a8,Raw,11.8.1,,Harmonic Coloration,Plugin,UAD-2,,"ProCo Rat TOP
Standalone; Embedded in Paradise Guitar Studio",,,,,"Modeled,Stomp",effects:0989d441-dc1c-4746-9b22-80bb2a67d38a
14bd2ae1-1b85-4115-97fd-ad6fd644f6ac,f772e5f8-1e3c-11f1-a0d3-0072ee78ad39,5a1297bd-4bab-4a1a-b551-7856537656a8,RAW Distortion (Paradise),11.8.1,,Harmonic Coloration,Plugin,UAD-2,,"ProCo Rat TOP
Standalone; Embedded in Paradise Guitar Studio",,,,,"Modeled,Stomp",effects:0989d441-dc1c-4746-9b22-80bb2a67d38a
2e880aac-00b9-4bba-bbe6-d1f14d6ac823,f772e5f8-1e3c-11f1-a0d3-0072ee78ad39,cc0258d8-4053-4b9a-8c30-08fa0d3a88e8,Multi-Chorus,,,Modulation,,,,Embedded in Paradise,,"Multi-tap 6 voice chorus w/ deep flexibility for broad textures and soundscapes. Reduce Level and increase Regen for wild sci-fi ""sound in a tunnel"" effects.
Try high Regen settings combined with six taps, high Depth, and the square wave shape to create bell-like, FM synth-style soundscapes.",,,"Guitar,Modeled,Stomp",effects:0989d441-dc1c-4746-9b22-80bb2a67d38a
43cfcebc-0395-4100-ba5f-13a221271228,f772e5f8-1e3c-11f1-a0d3-0072ee78ad39,71bd4004-3ac7-452f-a625-81d487427b7b,Digital Delay,,,Delay,,,,TC Electronic 2290 TOP,,"Pristine, mirror-image repeats with dynamic, shimmering modulation effects. Lots of options to filter, sync, and tweak your echoes. Enable Sync to add dual time offsets like 1/4 + 1/8 in stereo. Use the low and high cut filters for creative delay washes. For example, create a dark atmosphere by setting Low Cut to minimum and High Cut in the 300-400 Hz range.   
For long repeat trails without runaway, you can set Feedback as high as 100%. Unlike analog delay models, Digital Delay never goes into self-oscillation.",,,Modeled,effects:0989d441-dc1c-4746-9b22-80bb2a67d38a
0ca638bc-7e51-411e-997d-48ddece708f9,f772e5f8-1e3c-11f1-a0d3-0072ee78ad39,e5fd1173-10f2-448d-aecb-7323fec6b86b,Digital Reverb,,,Reverb&Room,,,"Based on [ EMT 140, Fender 6G15 Reverb; Lexicon 224 ]",,,"Church algorithm (lush, large reverb tails with great warmth and a real sense of space. Place this reverb type after a delay with modulated echoes to create a beautiful shimmering tail for guitar chord work and solo guitar sounds); Studio algorithm (short decay for the tight room sound of a well-designed studio space)",,,"Guitar,Modeled,Stomp",effects:0989d441-dc1c-4746-9b22-80bb2a67d38a
29c21748-dd00-4a55-a979-837be5147cb0,f772e5f8-1e3c-11f1-a0d3-0072ee78ad39,785599d3-cf26-4cfc-bea2-f9e13bac432e,Micropitch Shifter,,,"Modulation,Pitch Tools",,,,,,"Tweakable chorus and detune effect for lush and wide modulation, especially in stereo. To shift chorusing to the left or right in stereo, use the blend knob. 
At high levels, the Depth knob can create ""seasick"" or almost robotic sounds.",,,"Guitar,Modeled,Stomp",effects:0989d441-dc1c-4746-9b22-80bb2a67d38a
55b4d1de-17a5-428c-81d9-74f4c2daaf08,f772e5f8-1e3c-11f1-a0d3-0072ee78ad39,e834df33-7018-4575-8ace-400e9f6457f8,1176 Compressor (Paradise),1.0.3,,Dynamics,,UADx,Stompified version of outboard gear,"UREI 1176 LN Rev E ALT (Simplified)
Embedded in Paradise",,"Deselect Ratio and turn Input up to max for huge, sputtery, vocal distortion that rivals classic overdrive and fuzz sounds; Set Attack and Release to max for fastest response, and some pleasant distortion.",,,"Modeled,Stomp",effects:0989d441-dc1c-4746-9b22-80bb2a67d38a
0ec33788-1e62-4c97-be91-3b23f66a4ef1,f772e5f8-1e3c-11f1-a0d3-0072ee78ad39,e834df33-7018-4575-8ace-400e9f6457f8,1176 FET Compressor,1.0.3,,Dynamics,,UADx,Stompified version of outboard gear,"UREI 1176 LN Rev E ALT (Simplified)
Embedded in Paradise",,"Deselect Ratio and turn Input up to max for huge, sputtery, vocal distortion that rivals classic overdrive and fuzz sounds; Set Attack and Release to max for fastest response, and some pleasant distortion.",,,"Modeled,Stomp",effects:0989d441-dc1c-4746-9b22-80bb2a67d38a
854a2045-fd19-430c-81ab-177e4e195c20,f772e5f8-1e3c-11f1-a0d3-0072ee78ad39,50d88147-f141-4cac-be05-055cccb0ed32,2x12 Silver Ace,,,,,,2x12 CAB Celestion Silver Bulldog (rare),,,"High end warmth and sheen, with open midrange. mic/d w/ Shure SM57",,,"Guitar,Modeled",effects:0989d441-dc1c-4746-9b22-80bb2a67d38a
01045e4a-1e99-4d8b-b527-99e15977b735,f772e5f8-1e3c-11f1-a0d3-0072ee78ad39,50d88147-f141-4cac-be05-055cccb0ed32,2x12 Blue Mod,,,,,,Modded 2x12 CAB w/ Modern Celestion Blue,Vox AC30 (CAB) TOP,,"Brighter and w/ more chime, clarity and jangle than blue vintage cab; mic'd w/ Shure SM57",,,"Guitar,Modeled",effects:0989d441-dc1c-4746-9b22-80bb2a67d38a
4829499e-5131-48be-b1b9-ab9d7f883534,f772e5f8-1e3c-11f1-a0d3-0072ee78ad39,50d88147-f141-4cac-be05-055cccb0ed32,2x12 Blue Vintage,,,,,,2x12 CAB,Vox AC30 (CAB) TOP,,Classic speaker w/ more high end and chime; mic'd w/ Shure SM57,,,"Guitar,Modeled",effects:0989d441-dc1c-4746-9b22-80bb2a67d38a
89c4ee83-7205-4b29-ae77-a651cd6265cd,f772e5f8-1e3c-11f1-a0d3-0072ee78ad39,50d88147-f141-4cac-be05-055cccb0ed32,Ruby 63 Top Boost Amp,1.0.5,,,Plugin,UADx,,"Vox AC30 TOP
Standalone; Embedded in Paradise Guitar Studio",,"Queen [ Silver cab, Normal Channel ] 
U2 / Beatles [ Blue cab, Brilliant channel ]",,,"Guitar,Modeled",effects:0989d441-dc1c-4746-9b22-80bb2a67d38a
52b1af51-6c20-479d-98f1-2494490712b1,f772e5f8-1e3c-11f1-a0d3-0072ee78ad39,,Volume,,,Dynamics,,,,,,,,,"Guitar,Stomp",effects:0989d441-dc1c-4746-9b22-80bb2a67d38a
46ef484a-9dbd-44eb-bad3-b46da2a327d5,f772e5f8-1e3c-11f1-a0d3-0072ee78ad39,32812029-82af-4472-bc67-800f949950b9,BP-12A,,,Microphone,,,,AKG C12A TOP,,,,,Modeled,effects:19b0dc56-9efc-45f0-bce4-1cfac0cfe49d
6bc64850-45bf-4f64-9ae0-6e839c187add,f772e5f8-1e3c-11f1-a0d3-0072ee78ad39,82ef1423-3e83-4450-a8c4-8c9839e77443,BP-47M,,Bill Putnam,Microphone,,,,Neumann U47 TOP,,M7 capsule. More airy than other U47s,,,Modeled,effects:19b0dc56-9efc-45f0-bce4-1cfac0cfe49d
8636d812-94ae-4a91-884d-42c9b1a49768,f772e5f8-1e3c-11f1-a0d3-0072ee78ad39,4b9f69ac-efbc-490c-8509-49ef51dd8983,BP-67,,Bill Putnam,Microphone,,,(1960s),Neumann U67 TOP,,,,,Modeled,effects:19b0dc56-9efc-45f0-bce4-1cfac0cfe49d
c69a5166-46d4-4b92-9adf-7ed347831976,f772e5f8-1e3c-11f1-a0d3-0072ee78ad39,10a88880-3467-476d-8fb6-a23dac534355,BP-44BX,,,Microphone,,,,,,,,,Modeled,effects:19b0dc56-9efc-45f0-bce4-1cfac0cfe49d
81cde5dc-ca8e-4140-a5e7-df1c2eda3bdc,f772e5f8-1e3c-11f1-a0d3-0072ee78ad39,222379ed-864c-4cae-bc2a-67fc6c990a37,BP-405,,,Microphone,,,,,,,,,Modeled,effects:19b0dc56-9efc-45f0-bce4-1cfac0cfe49d
082d527b-e0bd-4857-9cd2-f699768aa46d,f772e5f8-1e3c-11f1-a0d3-0072ee78ad39,b0ce4284-0d20-4a3b-b76e-6f7b1ec84ef2,BP-37A,,,Microphone,,,,Sony C37A ALT (Tone),,,,,Modeled,effects:19b0dc56-9efc-45f0-bce4-1cfac0cfe49d
81960c5c-22ae-497d-8c9d-03dba1fa7517,f772e5f8-1e3c-11f1-a0d3-0072ee78ad39,30cc03a5-fbd8-4504-bab9-76c79120a9a9,BP-251A,,,Microphone,,,,Telefunken ELA M 251 TOP,,,,,Modeled,effects:19b0dc56-9efc-45f0-bce4-1cfac0cfe49d
42355cec-1f2b-42e6-a0c8-94eb583098ed,f772e5f8-1e3c-11f1-a0d3-0072ee78ad39,ebc9235b-f4ed-4c62-a491-3586c4bc721d,BP-251E,,,Microphone,,,,Telefunken ELA M 251E ALT (Tone),,,,,Modeled,effects:19b0dc56-9efc-45f0-bce4-1cfac0cfe49d
a051e295-ef43-4558-a0fb-185cc176dd4f,725a2764-55b5-4e7c-a469-a4970c0aa267,,Banaan Electrique,,,,,,amp simulator,,,,,,Guitar,instruments:b5ac6b24-5303-4280-ba5c-9dae1f88cbb7
ea320b5a-fb48-4239-85f0-1406c2ef5348,725a2764-55b5-4e7c-a469-a4970c0aa267,,Echomania,,,Delay,,,,,,,,,,instruments:b5ac6b24-5303-4280-ba5c-9dae1f88cbb7
d9ef8920-1b11-4c8a-914d-d07ec82d86b6,725a2764-55b5-4e7c-a469-a4970c0aa267,,Cyan,,,"Delay,Modulation",,,chorus; delay,,,,,,,instruments:b5ac6b24-5303-4280-ba5c-9dae1f88cbb7
51c33693-9534-4e56-a95d-3901fdb8c16d,725a2764-55b5-4e7c-a469-a4970c0aa267,,Longflow,,,"Delay,Modulation",,,,,,,,,,instruments:b5ac6b24-5303-4280-ba5c-9dae1f88cbb7
d5a53243-b205-4313-8d57-bd93f14c2071,725a2764-55b5-4e7c-a469-a4970c0aa267,,Fusion Reflections,,,"Delay,Reverb&Room,Modulation",,,,,,,,,,instruments:b5ac6b24-5303-4280-ba5c-9dae1f88cbb7
8ffd766e-6520-432b-896f-8354ce965130,725a2764-55b5-4e7c-a469-a4970c0aa267,,Grainstates FX,,,"Delay,Reverb&Room,Modulation",,,,,,,,,,instruments:b5ac6b24-5303-4280-ba5c-9dae1f88cbb7
08811ff0-cf9f-4989-abd3-5da3ac1d54e2,725a2764-55b5-4e7c-a469-a4970c0aa267,,Flatblaster,,,Dynamics,,,"multiband compressor, true peak limiter, finalizing",,,,,,Mastering,instruments:b5ac6b24-5303-4280-ba5c-9dae1f88cbb7
e73bd459-3a31-4139-b442-faac624db8e9,725a2764-55b5-4e7c-a469-a4970c0aa267,,Flatblaster 2,,,Dynamics,,,"multiband compressor, true peak limiter, finalizing",,,,,,Mastering,instruments:b5ac6b24-5303-4280-ba5c-9dae1f88cbb7
5a7ba5a6-2f94-4fb7-8270-0984d32ee594,725a2764-55b5-4e7c-a469-a4970c0aa267,,Two Knees Compressor,,,Dynamics,,,compressor,,,,,,,instruments:b5ac6b24-5303-4280-ba5c-9dae1f88cbb7
8893971e-a420-4e7c-ba8d-4d15f76058de,725a2764-55b5-4e7c-a469-a4970c0aa267,,Fast FX,,,"Dynamics,EQ,Modulation,Time/Phase,Delay",,,"filters, gate, delay, time sync",,,,,,,instruments:b5ac6b24-5303-4280-ba5c-9dae1f88cbb7
d54c6f76-579e-429c-a107-58f1a873f54e,725a2764-55b5-4e7c-a469-a4970c0aa267,,Anima,,,"EQ,Modulation",,,filters,,,,,,,instruments:b5ac6b24-5303-4280-ba5c-9dae1f88cbb7
6eb399c8-ef48-438c-9c46-98ab2d7ad1d5,725a2764-55b5-4e7c-a469-a4970c0aa267,,Filter Box,,,"EQ,Modulation",,,filters,,,,,,,instruments:b5ac6b24-5303-4280-ba5c-9dae1f88cbb7
11467366-0340-4364-9de9-922ca0a38829,725a2764-55b5-4e7c-a469-a4970c0aa267,,EnFx,,,"EQ,Modulation,Delay,Harmonic Coloration",,,"filter, distortion, delay",,,,,,,instruments:b5ac6b24-5303-4280-ba5c-9dae1f88cbb7
39c2fc4c-8b7e-434c-a5d5-2e6d99a28254,725a2764-55b5-4e7c-a469-a4970c0aa267,,Classic Vocoder,,,Pitch Tools,,,vocoder,,,,,,Voice,instruments:b5ac6b24-5303-4280-ba5c-9dae1f88cbb7
351b530b-1f70-41c6-b10b-e37e56faa4ea,725a2764-55b5-4e7c-a469-a4970c0aa267,,Space Master,,,Reverb&Room,,,,,,,,,,instruments:b5ac6b24-5303-4280-ba5c-9dae1f88cbb7
6920f3a6-6edd-4d0a-90e3-69888bdfe965,725a2764-55b5-4e7c-a469-a4970c0aa267,,Space Master 2,,,Reverb&Room,,,,,,,,,,instruments:b5ac6b24-5303-4280-ba5c-9dae1f88cbb7
56ac514c-18da-4a2c-90eb-944b9553f23a,725a2764-55b5-4e7c-a469-a4970c0aa267,,Spring Tank,,,"Reverb&Room,Delay",,,,,,,,,,instruments:b5ac6b24-5303-4280-ba5c-9dae1f88cbb7
4385bf12-8027-4bf5-8e21-14e2dcbdd36d,f772e5f8-1e3c-11f1-a0d3-0072ee78ad39,376cf751-5094-4af0-a67f-b4a282ebaf5d,Blue Mod,,,,,,2x12 CAB,,,mic'd w/ Shure SM57,,,"Guitar,Modeled",effects:89c4ee83-7205-4b29-ae77-a651cd6265cd
088a0c49-ee43-4bdb-87b4-9b025c795f4e,f772e5f8-1e3c-11f1-a0d3-0072ee78ad39,ddf99b57-5be8-4e9d-86b8-e6055ccd7d7e,Blue,,,,,,2x12 CAB,,,mic'd w/ Shure SM57,,,"Guitar,Modeled",effects:89c4ee83-7205-4b29-ae77-a651cd6265cd
94a8052f-3929-47a4-9a4d-d6924a9f9f65,f772e5f8-1e3c-11f1-a0d3-0072ee78ad39,4027005e-d4f3-4939-a802-2e9f5bee048c,Green,,,,,,2x12 CAB,,,mic'd w/ Beyerdynamic M160,,,"Guitar,Modeled",effects:89c4ee83-7205-4b29-ae77-a651cd6265cd
725d9369-9741-480b-b401-bad42a0dfe34,f772e5f8-1e3c-11f1-a0d3-0072ee78ad39,87b1dab1-ffe3-4ec7-bf35-7fc8b5d7ae44,Silver,,,,,,2x12 CAB,,,,,,"Guitar,Modeled",effects:89c4ee83-7205-4b29-ae77-a651cd6265cd
75b37111-e9c5-4b08-96d7-1b29ab28127f,f772e5f8-1e3c-11f1-a0d3-0072ee78ad39,00b49771-7f79-40df-b257-750fd50e7538,Match,,,,,,2x12 CAB,Matchless ESD212 ALT (Tone),,mic'd w/ Shure SM57,,,"Guitar,Modeled",effects:89c4ee83-7205-4b29-ae77-a651cd6265cd
0b9cd3f2-cca7-452d-aabe-2535bd58430d,f772e5f8-1e3c-11f1-a0d3-0072ee78ad39,bae8e80c-7cc8-4da1-a470-41706c522175,Gold,,,,,,,,,mic'd w/ Sennheiser MD421,,,"Guitar,Modeled",effects:89c4ee83-7205-4b29-ae77-a651cd6265cd
2547568d-8853-4137-888a-d397ac0b743e,f772e5f8-1e3c-11f1-a0d3-0072ee78ad39,c2f2d7d4-2d47-4fad-b822-60dc7ffd7a4e,UAD Softube Vintage Amp Room (White),,Softube (Modeled by),,,,,Marshall JCM800 TOP,,Recorded w/ Marshall 1960A 4x12 Cab,,,"Guitar,Modeled","effects:d1ec540e-bbd2-4495-9222-85a402a20780,effects:5028f20f-f2d0-4a54-b821-2ee9d69d68e4"
a6d100c1-b1e4-47fd-b21b-83affcc38eab,f772e5f8-1e3c-11f1-a0d3-0072ee78ad39,0fd51081-a4db-4218-a9a9-959fe78b19a7,Softube Bass Amp Room 8x10,2.5.16,Softube (Modeled by),,Plugin,UAD-2,,Ampeg SVT810E TOP,,Mic'd by a Sennheiser MD421; fat sound and lots of low end,,,"Bass,Modeled",effects:6f1ad24e-dac4-4bfe-9ad8-f2191c96c92b
72371204-8b82-4322-b0a8-28372d18b607,f772e5f8-1e3c-11f1-a0d3-0072ee78ad39,81077865-69ac-472c-9e47-82c0b0f1b8fc,1x12,,,,,,1x12 CAB (Speaker),,,mic'd by a Sennheiser MD421,,,"Guitar,Modeled",effects:6f1ad24e-dac4-4bfe-9ad8-f2191c96c92b
da3a69ef-10c8-4c6f-9c3d-6fe28a49907f,f772e5f8-1e3c-11f1-a0d3-0072ee78ad39,,4x12,,,,,,4x12 CAB,,,mic'd by a Sennheiser MD421,,,Bass,effects:6f1ad24e-dac4-4bfe-9ad8-f2191c96c92b
7308347a-4ddb-404f-9eb5-05e04336d02f,f772e5f8-1e3c-11f1-a0d3-0072ee78ad39,10cbd4c9-3cf4-46a1-ba8a-3f4096e82867,Metal Cabinet,,,,,,4x12 CAB,Engl E412VGB ALT (Tone),,,,,"Guitar,Modeled",effects:f2e36290-1ecf-4f2c-84b4-47b09610c45d
d029d73f-826f-4d1d-a06a-a2b361a5e173,f772e5f8-1e3c-11f1-a0d3-0072ee78ad39,969c3b1d-defa-43c3-a560-79bd0e4cd3a9,Black Cabinet,,,,,,4x12 CAB,Marshall 1960B ALT (Tone),,,,,"Guitar,Modeled",effects:f2e36290-1ecf-4f2c-84b4-47b09610c45d
ee630657-2d17-4795-a8fc-b602ecd038c6,f772e5f8-1e3c-11f1-a0d3-0072ee78ad39,9b1831fe-fa8a-46d5-a765-efbed73e83c3,UAD Softube Vintage Amp Room (Brown),,Softube (Modeled by),,,,(1966) 2x12,Fender '65 Twin Reverb ALT (Tone),,,,,"Guitar,Modeled",effects:5028f20f-f2d0-4a54-b821-2ee9d69d68e4
d4cc3d92-8d4e-4e23-8f6b-8ec0003fcffb,f772e5f8-1e3c-11f1-a0d3-0072ee78ad39,ea494dff-6cd3-4209-b491-0f70492aaf06,UAD Softube Vintage Amp Room (Green),,,,,,,Vox AC30/6 ALT (Tone),,,,,"Guitar,Modeled",effects:5028f20f-f2d0-4a54-b821-2ee9d69d68e4
1718f7dc-b382-48a1-bde2-40b2750909e5,f772e5f8-1e3c-11f1-a0d3-0072ee78ad39,f0134ee2-9fa5-4d8e-9268-b057a76bf6eb,RE50,,,Microphone,,,,,,,,,Modeled,effects:27621fa1-526a-4b0a-94f6-7bb9c56c03c8
17604156-9e08-41c4-8436-8ea4c2b2038f,f772e5f8-1e3c-11f1-a0d3-0072ee78ad39,f112a239-2846-4773-a279-03ca0b72dff6,KM 84,,,Microphone,,,,Embedded in Sound City Studios,,,,,Modeled,effects:27621fa1-526a-4b0a-94f6-7bb9c56c03c8
ff39face-97d1-4f0b-955f-d1a3c90b2f92,f772e5f8-1e3c-11f1-a0d3-0072ee78ad39,0ad2770c-712f-444f-9736-16c6440c2f73,R-121,,,Microphone,,,,Embedded in Sound City Studios,,,,,Modeled,effects:27621fa1-526a-4b0a-94f6-7bb9c56c03c8
81625e03-14f4-4e8b-8cd4-29d698d11c33,f772e5f8-1e3c-11f1-a0d3-0072ee78ad39,79814379-1425-4319-be7b-f74f7f55b17f,LD-414 Brass,,,Microphone,,,Brass Capsule,AKG C414 EB TOP,,,,,Modeled,effects:4d355fdc-432e-43f9-9355-ceece55c4c4b
d70012e8-e93a-4c1f-86e8-6a1f96a81beb,f772e5f8-1e3c-11f1-a0d3-0072ee78ad39,79814379-1425-4319-be7b-f74f7f55b17f,LD-414 Nylon,,,Microphone,,,Nylon Capsule,AKG C414 EB TOP,,,,,Modeled,effects:4d355fdc-432e-43f9-9355-ceece55c4c4b
30c1864a-020a-4df3-acf8-4663e1c91c63,f772e5f8-1e3c-11f1-a0d3-0072ee78ad39,57af42b3-b011-4f40-b569-b811b95ce070,LD-414 T2,,,Microphone,,,,AKG C414 XLS TOP,,,,,Modeled,effects:4d355fdc-432e-43f9-9355-ceece55c4c4b
0a89d347-2c46-4843-b929-a0c4dd80ef99,f772e5f8-1e3c-11f1-a0d3-0072ee78ad39,32f6da38-806f-4f13-9a2e-8ed9e220ec1e,LD-414 US,,,Microphone,,,,AKG C414/ULS TOP,,,,,Modeled,effects:4d355fdc-432e-43f9-9355-ceece55c4c4b
cd7473b3-7f7a-4c4b-9dc4-b01c2a0c9f1b,f772e5f8-1e3c-11f1-a0d3-0072ee78ad39,8bef6bd1-d2c7-4a4c-a05f-eb7bfd35f0f3,DN-12E,,,Microphone,,,,,,,,,Modeled,effects:4d355fdc-432e-43f9-9355-ceece55c4c4b
1b9cbee8-dbf7-40a4-add9-2eb13462e7b2,f772e5f8-1e3c-11f1-a0d3-0072ee78ad39,ee9d0cd3-2467-4d96-a412-c7fc0b339063,LD-BV1,,,Microphone,,,Klaus Heyne Edition.,Brauner VM1 TOP,,,,,Modeled,effects:4d355fdc-432e-43f9-9355-ceece55c4c4b
0958f515-e93b-496a-9dc0-1bca12c7d8d9,f772e5f8-1e3c-11f1-a0d3-0072ee78ad39,8dd8a0a8-3b5d-4b07-ac41-f3c5a0c6ea1a,RB-4038,,,Microphone,,,,Coles 4038 TOP,,,,,Modeled,effects:4d355fdc-432e-43f9-9355-ceece55c4c4b
f2eeda87-fbe0-4d0b-9121-4451f433eb6a,f772e5f8-1e3c-11f1-a0d3-0072ee78ad39,b12f4d26-d42e-40f1-a098-24c00e3d49f7,LD-563,,,Microphone,,,,,,,,,Modeled,effects:4d355fdc-432e-43f9-9355-ceece55c4c4b
81fa0a8f-a7e2-4e19-89fa-4386a9c26d42,f772e5f8-1e3c-11f1-a0d3-0072ee78ad39,f2e9979d-11c8-44f0-a022-6565710e7d9c,LD-49K,,,Microphone,,,,Neumann M49b TOP,,,,,Modeled,effects:4d355fdc-432e-43f9-9355-ceece55c4c4b
be77e305-6ee0-4211-aa0b-4602ca5e9e6c,f772e5f8-1e3c-11f1-a0d3-0072ee78ad39,4b9f69ac-efbc-490c-8509-49ef51dd8983,LD-67,,,Microphone,,,,Neumann U67 TOP,,,,,Modeled,effects:4d355fdc-432e-43f9-9355-ceece55c4c4b
a85e572b-dde0-43d7-b586-80ad00e5d4bb,f772e5f8-1e3c-11f1-a0d3-0072ee78ad39,851fbdce-1ba8-480f-bc5a-5911742f3072,LD-87 TK,,Tracy Korby,Microphone,,,Tracy Korby's transformerless modified U87,Neumann U87 TOP,,Extends low/high end frequency sound. Modern sounding w/ higher-sibilance. (Some consider this the best version),,,Modeled,effects:4d355fdc-432e-43f9-9355-ceece55c4c4b
9c86eda6-5fb5-43ed-9a8f-67bcaf07334e,f772e5f8-1e3c-11f1-a0d3-0072ee78ad39,30a5bedb-aa8a-4aca-a333-d084bd47b8e2,LD-87 Modern,,,Microphone,,,,,,,,,Modeled,effects:4d355fdc-432e-43f9-9355-ceece55c4c4b
4e33d5d7-8778-4317-b650-81dc0657639a,f772e5f8-1e3c-11f1-a0d3-0072ee78ad39,d5e32abb-0803-426a-a82b-3877e4f5b3d9,RB-77DX Umber,,,Microphone,,,Umber finish,,,,,,Modeled,effects:4d355fdc-432e-43f9-9355-ceece55c4c4b
06b6a1fe-5aaf-4b3d-90a2-c5d3c3735cac,f772e5f8-1e3c-11f1-a0d3-0072ee78ad39,0ad2770c-712f-444f-9736-16c6440c2f73,RB-121,,,Microphone,,,,Royer R121 TOP,,,,,Modeled,effects:4d355fdc-432e-43f9-9355-ceece55c4c4b
5f379c54-82f7-41b8-a37b-32dcd8800dfc,f772e5f8-1e3c-11f1-a0d3-0072ee78ad39,23136b4f-7a6c-4002-91cf-e8eeddbd7886,DN-421N,,,Microphone,,,,Sennheiser MD421 TOP,,,,,Modeled,effects:4d355fdc-432e-43f9-9355-ceece55c4c4b
a0376a61-1ff2-4052-a84c-5c8f04fdc192,f772e5f8-1e3c-11f1-a0d3-0072ee78ad39,9bca8b58-1e78-4344-a00a-1e6f61757e22,SD-416,,,Microphone,,,,,,,,,Modeled,effects:4d355fdc-432e-43f9-9355-ceece55c4c4b
9682f8aa-5446-4c93-8f3d-13659053f1ec,f772e5f8-1e3c-11f1-a0d3-0072ee78ad39,b0ce4284-0d20-4a3b-b76e-6f7b1ec84ef2,LD-37A,,,Microphone,,,,Sony C37A TOP,,,,,Modeled,effects:4d355fdc-432e-43f9-9355-ceece55c4c4b
777730e2-83d5-4e7e-9add-6053c95e5ff4,f772e5f8-1e3c-11f1-a0d3-0072ee78ad39,0628be1f-b05c-4a0e-9937-e750edc10d74,LD-37P,,,Microphone,,,,Sony C37P TOP,,,,,Modeled,effects:4d355fdc-432e-43f9-9355-ceece55c4c4b
7c630526-c30f-4479-9e78-275d3b77535e,f772e5f8-1e3c-11f1-a0d3-0072ee78ad39,db2700df-555a-4bec-978c-31bfa767eef0,LD-017T,,,Microphone,,,,,,,,,Modeled,effects:4d355fdc-432e-43f9-9355-ceece55c4c4b
3f1c1e0e-d670-488d-a875-6d6b770f3ec0,f772e5f8-1e3c-11f1-a0d3-0072ee78ad39,,Sphere DIffuse,,,Microphone,,,,,,flat frequency response,,,,effects:4d355fdc-432e-43f9-9355-ceece55c4c4b
0d97edf2-c08a-4797-b702-8576ffc800e4,f772e5f8-1e3c-11f1-a0d3-0072ee78ad39,,Sphere Linear,,,Microphone,,,,,,flat frequency response,,,,effects:4d355fdc-432e-43f9-9355-ceece55c4c4b
97608d91-8b97-414a-b23a-ac43d5a2f3f2,f772e5f8-1e3c-11f1-a0d3-0072ee78ad39,,Sphere Direct,,,Microphone,,,no modeleing,,,,,,,effects:4d355fdc-432e-43f9-9355-ceece55c4c4b
ea96d9b0-79a8-474d-8fcd-e0e8581f29ac,f772e5f8-1e3c-11f1-a0d3-0072ee78ad39,a1246756-2b58-437c-9566-88d30f440896,Pete Thorn 2x12,,,,,,2x12 CAB M75 Scumback,,,,,,"Guitar,Modeled",effects:f4203416-cf64-4aa5-9ba5-dcc11222f327
ff5e4a8e-24de-4b52-952a-4a1fa80c09f8,f772e5f8-1e3c-11f1-a0d3-0072ee78ad39,6fe1969d-166c-46f1-944f-0be4be979e51,Pete Thorn 2x12 (open cab),,,,,,2x12 CAB Celestion Blue,,,,,,"Guitar,Modeled",effects:f4203416-cf64-4aa5-9ba5-dcc11222f327
23869bae-0b6d-485d-8100-16ffe73bd6e6,f772e5f8-1e3c-11f1-a0d3-0072ee78ad39,969c3b1d-defa-43c3-a560-79bd0e4cd3a9,Pete Thorn 4x12,,,,,,(1978) 4x12 CAB Celestion G12M Greenback,Marshall 1960B TOP,,,,,"Guitar,Modeled",effects:f4203416-cf64-4aa5-9ba5-dcc11222f327
99d26866-b6e5-4bb1-aef9-f3ee9f767976,f772e5f8-1e3c-11f1-a0d3-0072ee78ad39,23b37dbb-c2c6-48ce-ae1a-a0dd7158a396,Suhr PT 2x12,,,,,,2x12 CAB Closed back; 150W,,,,,,"Guitar,Modeled","effects:f4203416-cf64-4aa5-9ba5-dcc11222f327,effects:492eaeff-8d26-4934-8b57-1ce077bb64e7"
d8e6df37-b6b2-4476-b70d-7ca775d4f75a,f772e5f8-1e3c-11f1-a0d3-0072ee78ad39,a1a5ce7d-2e66-49bd-b856-0bc9025705e6,FEITEN 4x12,,,,,,Dual Ultralight 212 w/ Warehouse ET65 speakers. (Pair of 2x12 cabs),Fuchs Feiten Ultralight 212 TOP,,,,,"Guitar,Modeled",effects:492eaeff-8d26-4934-8b57-1ce077bb64e7
02313953-f0bc-4ef9-95aa-920e6fbe750f,acd9f372-74fb-4c7d-b2a3-ea540c5917f2,359e5d4c-1643-42f0-b1c2-1a92dbaa86b3,Joe Satriani Amp Vault,,"Premium Tone Model (Joe Satriani)
JS 3D Power",,,,M-Tech Audio Cab 112,,,,,,"Guitar,Modeled",effects:560887e9-8a5f-42c5-b8fd-ffd183041b33
e9f6f302-5d11-46df-ae21-cfc2aaacb43b,acd9f372-74fb-4c7d-b2a3-ea540c5917f2,359e5d4c-1643-42f0-b1c2-1a92dbaa86b3,JS 3D Power (Amplitube),,"Premium Tone Model (Joe Satriani)
JS 3D Power",,,,M-Tech Audio Cab 112,,,,,,"Guitar,Modeled",effects:560887e9-8a5f-42c5-b8fd-ffd183041b33
055eeb34-aac1-4cf1-9d8f-2801019ef216,acd9f372-74fb-4c7d-b2a3-ea540c5917f2,cc76ceca-1333-4d61-8567-334d515f810b,XR White,,,Harmonic Coloration,,,,,,,,,"Guitar,Modeled,Stomp",effects:560887e9-8a5f-42c5-b8fd-ffd183041b33
b04ca681-decc-4e4a-9ad7-54aa53bb1b0f,acd9f372-74fb-4c7d-b2a3-ea540c5917f2,6dc55c03-846e-4ed1-a49a-e6ed9a087b38,Black and Blue (Amplitube),,"Premium Tone Model
Black and Blue",,,,"Ampeg SVT-810E
Orange OBC810",Acoustic 360 ALT (Tone),,,,,"Bass,Modeled",effects:560887e9-8a5f-42c5-b8fd-ffd183041b33
97485ebd-d976-460d-9715-6a0db0e44199,acd9f372-74fb-4c7d-b2a3-ea540c5917f2,6e73d8ea-df5c-4689-b845-b2e98decd025,TONEX Amp Black (Amplitube),,"Premium Tone Model
TONEX Amp Black",,,,"Aguilar DB410
Trace Elliott 1084H 4x10",Aguilar DB750 TOP,,,,,"Bass,Modeled",effects:560887e9-8a5f-42c5-b8fd-ffd183041b33
ed3346f2-144a-445c-a195-1b48b8eb25c1,acd9f372-74fb-4c7d-b2a3-ea540c5917f2,1fd9067d-203f-468a-9b5b-1abbe28f2caa,Hyde Street Amp Locker,,Premium Tone Model (Hyde Street),,,,"1x12 Combo
[NOTE: This amp had a 1x10 Speaker in it. The TONEX Model is incorrect]",,,,,,"Guitar,Modeled",effects:560887e9-8a5f-42c5-b8fd-ffd183041b33
b3e5fd9b-3c1f-4690-a373-571b276e31a0,acd9f372-74fb-4c7d-b2a3-ea540c5917f2,57af42b3-b011-4f40-b569-b811b95ce070,C414,,,Microphone,,,,Embedded in TONEX,,,,,Modeled,effects:560887e9-8a5f-42c5-b8fd-ffd183041b33
8f7b7c70-073d-431e-9521-af0a846c17e3,acd9f372-74fb-4c7d-b2a3-ea540c5917f2,aca21b8c-9312-4981-989e-8227e6454048,Low End Chrome (Amplitube),,"Premium Tone Model
Low End Chrome",,,,"Ampeg Heritage B-15N 
[NOTE: This cab doesn't make sense. The ""heritage"" was just the B-15. This is likely the stock OEM Eminence Speaker in the B-15 (Heritage)]",Ampeg B-15 (Heritage) TOP,,,,,"Bass,Modeled",effects:560887e9-8a5f-42c5-b8fd-ffd183041b33
0f132f19-3103-40ef-89ae-8c6b731f2349,acd9f372-74fb-4c7d-b2a3-ea540c5917f2,37b9c165-c8d9-4219-9de7-3187b987f2d8,Deep Black (Amplitube),,"Premium Tone Model
Deep Black",,,,,B-15N TOP,,,,,"Bass,Modeled",effects:560887e9-8a5f-42c5-b8fd-ffd183041b33
b160a52a-12c1-47a4-a3ef-2366046ff636,acd9f372-74fb-4c7d-b2a3-ea540c5917f2,6a65394c-d82c-4ece-a80a-372cc8fc6b88,Low End Chrome (Amplitube),,"Premium Tone Model
Low End Chrome",,,,,B-15R TOP,,,,,"Bass,Modeled",effects:560887e9-8a5f-42c5-b8fd-ffd183041b33
779fc777-281c-4d57-b3e3-d18ac29e35c0,acd9f372-74fb-4c7d-b2a3-ea540c5917f2,777715ce-d1d7-450c-a32d-2b1678603be2,Low End Chrome (Amplitube),,"Premium Tone Model
Low End Chrome",,,,,,,,,,"Bass,Modeled",effects:560887e9-8a5f-42c5-b8fd-ffd183041b33
50e0f99a-1548-40cc-9247-ce68bbb91c2d,acd9f372-74fb-4c7d-b2a3-ea540c5917f2,ed19a130-ac1a-4173-8757-f58a091310e0,Tube Tradition (Amplitube),,"Premium Tone Model
Tube Tradition",,,,"2x10 Combo
Ampeg SVT410HLF",Ampeg BA500 TOP,,,,,"Bass,Modeled",effects:560887e9-8a5f-42c5-b8fd-ffd183041b33
4c4418bb-1108-40ce-b7a1-3415aeb3f701,acd9f372-74fb-4c7d-b2a3-ea540c5917f2,f0eae4db-e15f-4f06-9b6a-5f0075cf6233,Vintage & Lo-Fi,,"Premium Tone Model
Low End Chrome
Vintage & Lo-FI",,,,,Ampeg G-15 Gemini II TOP,,,,,"Guitar,Modeled",effects:560887e9-8a5f-42c5-b8fd-ffd183041b33
aa9c5996-0eee-421b-95f2-8f0787f041b7,acd9f372-74fb-4c7d-b2a3-ea540c5917f2,f0eae4db-e15f-4f06-9b6a-5f0075cf6233,Low End Chrome (Amplitube),,"Premium Tone Model
Low End Chrome
Vintage & Lo-FI",,,,,Ampeg G-15 Gemini II TOP,,,,,"Guitar,Modeled",effects:560887e9-8a5f-42c5-b8fd-ffd183041b33
4c4418bb-1108-40ce-b7a1-3415aeb3f701,acd9f372-74fb-4c7d-b2a3-ea540c5917f2,f0eae4db-e15f-4f06-9b6a-5f0075cf6233,Vintage & Lo-Fi,,"Premium Tone Model
Low End Chrome
Vintage & Lo-FI",,,,,Ampeg G-15 Gemini II ALT (Tone),,"""Mascis Drive""; Dinosaur Jr. sound. It's a specific unit mod",,,"Guitar,Modeled",effects:560887e9-8a5f-42c5-b8fd-ffd183041b33
aa9c5996-0eee-421b-95f2-8f0787f041b7,acd9f372-74fb-4c7d-b2a3-ea540c5917f2,f0eae4db-e15f-4f06-9b6a-5f0075cf6233,Low End Chrome (Amplitube),,"Premium Tone Model
Low End Chrome
Vintage & Lo-FI",,,,,Ampeg G-15 Gemini II ALT (Tone),,"""Mascis Drive""; Dinosaur Jr. sound. It's a specific unit mod",,,"Guitar,Modeled",effects:560887e9-8a5f-42c5-b8fd-ffd183041b33
57811b9b-c294-4fce-9241-fdc4230fe510,acd9f372-74fb-4c7d-b2a3-ea540c5917f2,9bf74e7d-f3ef-4de1-9cf9-a33084a80404,Tube Tradition (Amplitube),,"Premium Tone Model
Tube Tradition",,,,"Ampeg SVT810E
FBT Superbass 250W 1x15",Ampeg SVT-2 Pro TOP,,,,,"Bass,Modeled",effects:560887e9-8a5f-42c5-b8fd-ffd183041b33
d892eb59-b87e-4edf-804b-a34e33c0572c,acd9f372-74fb-4c7d-b2a3-ea540c5917f2,a746f728-c532-474a-b538-4e721faa5042,Tube Tradition (Amplitube),,"Premium Tone Model
Tube Tradition",,,,Ampeg SVT410HLF,Ampeg SVT-4 Pro ALT (Tone),,,,,"Bass,Modeled",effects:560887e9-8a5f-42c5-b8fd-ffd183041b33
04a2fd4e-1e99-4dd3-83c9-c1f991c51fb7,acd9f372-74fb-4c7d-b2a3-ea540c5917f2,304defe8-d9d4-4bc2-be04-9be44c83fc97,Tube Tradition (Amplitube),,"Premium Tone Model
Tube Tradition",,,,"Ampeg SVT810E
Orange OBC410",Ampeg SVT-CL TOP,,,,,"Bass,Modeled",effects:560887e9-8a5f-42c5-b8fd-ffd183041b33
b56e3db6-f2b8-4b9f-8cf9-5337c0849eaa,acd9f372-74fb-4c7d-b2a3-ea540c5917f2,20ef7c9d-5336-454a-897c-5da03f8f85eb,Tube Tradition (Amplitube),,"Premium Tone Model
Tube Tradition",,,,"Ampeg SVT810AV
Ampeg SVT810E",Ampeg SVT-VR TOP,,,,,"Bass,Modeled",effects:560887e9-8a5f-42c5-b8fd-ffd183041b33
e3f8fe59-6226-4f68-91cb-42bd980858f3,acd9f372-74fb-4c7d-b2a3-ea540c5917f2,9da11325-09db-440a-a2c3-31d16ced5904,Tube Tradition (Amplitube),,"Premium Tone Model
Tube Tradition",,,,"Ampeg SVT212AV
Orange OBC810",Ampeg V-4B TOP,,,,,"Bass,Modeled",effects:560887e9-8a5f-42c5-b8fd-ffd183041b33
39b16bce-67de-4ddc-9eb8-6e30ef199a7f,acd9f372-74fb-4c7d-b2a3-ea540c5917f2,67b5c7ee-5803-4d2e-8053-72c6c7054b26,Black Buff,,Black Buff,Harmonic Coloration,,,,,,,,,"Guitar,Modeled,Stomp",effects:560887e9-8a5f-42c5-b8fd-ffd183041b33
9a7b5a83-456c-41b7-a4d9-3a1a4c67fc93,acd9f372-74fb-4c7d-b2a3-ea540c5917f2,e647c8dd-b64f-44cb-b7b8-a1d11847edc6,Gus G. Tone Asylum,,Premium Tone Model (Gus G.),Harmonic Coloration,,,,,,,,,"Guitar,Modeled,Stomp",effects:560887e9-8a5f-42c5-b8fd-ffd183041b33
6e5d6ff1-8177-4f7c-9bdd-175e259f3da7,acd9f372-74fb-4c7d-b2a3-ea540c5917f2,73e16e12-9578-42cd-be59-c4744c1bc3f9,Gus G. Tone Asylum,,Premium Tone Model (Gus G.),,,,Blackstar Series One 412,,,,,,"Guitar,Modeled",effects:560887e9-8a5f-42c5-b8fd-ffd183041b33
33120b49-b0da-4be0-98c9-5ccc6f8aa0cb,acd9f372-74fb-4c7d-b2a3-ea540c5917f2,4f0c498d-1b72-48bb-a85f-8308de94083a,Gus G. Tone Asylum,,Premium Tone Model (Gus G.),"Harmonic Coloration,Reverb&Room,Preamp",,,Built In IR 4x12,,,,,,"Guitar,Modeled,Stomp",effects:560887e9-8a5f-42c5-b8fd-ffd183041b33
4d2e9954-81c0-40b1-ab00-5b8d9148d030,acd9f372-74fb-4c7d-b2a3-ea540c5917f2,afcf08ec-3ce4-4309-b4ea-0155d862413f,Gus G. Tone Asylum,,Premium Tone Model (Gus G.),,,,"Blackbird 50 Custom 4x12 
NOTE: This cab is the emulated 4x12 switch on the HT Metal 5",,,,,,"Guitar,Modeled",effects:560887e9-8a5f-42c5-b8fd-ffd183041b33
5c15f48a-1a90-4c89-a296-2e1db8d5d798,acd9f372-74fb-4c7d-b2a3-ea540c5917f2,a926de34-3a89-4973-8d10-2a3e44c30be9,Gus G. Tone Asylum,,Premium Tone Model (Gus G.),,,,"(50W 6L6 mode)
Blackstar Artisan 412
Blackstar Series One 412
CabRig Output (4x12) [DSP speaker simulation]",,,,,,"Guitar,Modeled",effects:560887e9-8a5f-42c5-b8fd-ffd183041b33
e1ac5d90-db34-4225-841c-6d5318a6b39e,acd9f372-74fb-4c7d-b2a3-ea540c5917f2,9f0b65c2-8cf2-46aa-89d4-af6ac7a3f09b,Bogeyman (Amplitube),,"Premium Tone Model
Bogeyman",,,,Marshall 1960A 4x12,Bogner Ecstasy 101B ALT (Tone),,,,,"Guitar,Modeled",effects:560887e9-8a5f-42c5-b8fd-ffd183041b33
29b50b14-d42e-4ca6-9fdf-bad86c246ac4,acd9f372-74fb-4c7d-b2a3-ea540c5917f2,9f0b65c2-8cf2-46aa-89d4-af6ac7a3f09b,Hard & Heavy,,"Premium Tone Model
Bogeyman
Hard and Heavy
High-Gain Heroes",,,,Bogner Uberkab 4x12,Bogner Ecstasy 101B ALT (Tone),,,,,"Guitar,Modeled",effects:560887e9-8a5f-42c5-b8fd-ffd183041b33
9a695158-bdcb-4107-95cd-ae09bd387ff1,acd9f372-74fb-4c7d-b2a3-ea540c5917f2,9f0b65c2-8cf2-46aa-89d4-af6ac7a3f09b,High-gain Heroes,,"Premium Tone Model
Bogeyman
Hard and Heavy
High-Gain Heroes",,,,Bogner Uberkab 4x12,Bogner Ecstasy 101B ALT (Tone),,,,,"Guitar,Modeled",effects:560887e9-8a5f-42c5-b8fd-ffd183041b33
e1ac5d90-db34-4225-841c-6d5318a6b39e,acd9f372-74fb-4c7d-b2a3-ea540c5917f2,9f0b65c2-8cf2-46aa-89d4-af6ac7a3f09b,Bogeyman (Amplitube),,"Premium Tone Model
Bogeyman
Hard and Heavy
High-Gain Heroes",,,,Bogner Uberkab 4x12,Bogner Ecstasy 101B ALT (Tone),,,,,"Guitar,Modeled",effects:560887e9-8a5f-42c5-b8fd-ffd183041b33
bc184486-575c-4ff8-9b7a-769ea3ea0b23,acd9f372-74fb-4c7d-b2a3-ea540c5917f2,c3797723-34ec-4684-90e6-3fe7c88a4305,Hard & Heavy,,"Premium Tone Model
Bogeyman
Hard and Heavy
High-Gain Chug",,,,"Marshall 1960AX 4x12
Mesa/Boogie 4x12 Rectifier Standard Straight Cabinet
Orange PPC112
Orange PPC212",,,,,,"Guitar,Modeled",effects:560887e9-8a5f-42c5-b8fd-ffd183041b33
4796e617-728c-4fa1-927d-c94ac7619f21,acd9f372-74fb-4c7d-b2a3-ea540c5917f2,c3797723-34ec-4684-90e6-3fe7c88a4305,High-Gain Chug,,"Premium Tone Model
Bogeyman
Hard and Heavy
High-Gain Chug",,,,"Marshall 1960AX 4x12
Mesa/Boogie 4x12 Rectifier Standard Straight Cabinet
Orange PPC112
Orange PPC212",,,,,,"Guitar,Modeled",effects:560887e9-8a5f-42c5-b8fd-ffd183041b33
2ce4b0ae-ac16-456d-b2e7-c58b40449a66,acd9f372-74fb-4c7d-b2a3-ea540c5917f2,c3797723-34ec-4684-90e6-3fe7c88a4305,Bogeyman (Amplitube),,"Premium Tone Model
Bogeyman
Hard and Heavy
High-Gain Chug",,,,"Marshall 1960AX 4x12
Mesa/Boogie 4x12 Rectifier Standard Straight Cabinet
Orange PPC112
Orange PPC212",,,,,,"Guitar,Modeled",effects:560887e9-8a5f-42c5-b8fd-ffd183041b33
bee4eeb1-780a-4b0c-a3a6-2f120e2b12a4,acd9f372-74fb-4c7d-b2a3-ea540c5917f2,466ae376-638b-4278-b1f1-f6f0ae041bca,Hard & Heavy,,"Premium Tone Model
Bogeyman
Hard and Heavy",,,,Marshall 1922 2x12,,,,,,"Guitar,Modeled",effects:560887e9-8a5f-42c5-b8fd-ffd183041b33
0485fd81-03ed-4f60-bfc1-6fd59c88483e,acd9f372-74fb-4c7d-b2a3-ea540c5917f2,466ae376-638b-4278-b1f1-f6f0ae041bca,Bogeyman (Amplitube),,"Premium Tone Model
Bogeyman
Hard and Heavy",,,,Marshall 1922 2x12,,,,,,"Guitar,Modeled",effects:560887e9-8a5f-42c5-b8fd-ffd183041b33
3111aa0d-70a4-4ec8-a8fb-83924c5bf4c4,acd9f372-74fb-4c7d-b2a3-ea540c5917f2,8e3ecde3-59d3-4a17-8a61-779f9f7bd716,Hard & Heavy,,"Premium Tone Model
Bogeyman
Hard and Heavy",,,,M-Tech Audio Cab 212,Bogner Shiva ALT (Tone),,,,,"Guitar,Modeled",effects:560887e9-8a5f-42c5-b8fd-ffd183041b33
b77a3e6c-da7b-48b7-894d-dc1cdcbfa9ae,acd9f372-74fb-4c7d-b2a3-ea540c5917f2,8e3ecde3-59d3-4a17-8a61-779f9f7bd716,Bogeyman (Amplitube),,"Premium Tone Model
Bogeyman
Hard and Heavy",,,,M-Tech Audio Cab 212,Bogner Shiva ALT (Tone),,,,,"Guitar,Modeled",effects:560887e9-8a5f-42c5-b8fd-ffd183041b33
175545cf-e42b-4583-94f0-b48a9adbc89a,acd9f372-74fb-4c7d-b2a3-ea540c5917f2,d66254df-de0d-4807-bd92-3135cb9212d4,Metal Gems,,"Premium Tone Model (Metal Gems) 
Modern Bogeyman",,,,"Johnson J412V (Celestion G12-50GL Lynchback)
Johnson J412V (2 x G12-50GL Lynchback; 2 x Vintage 30)
Johnson J412V (Celestion G12T-75) 
Marshall 1960A 4x12 (Celestion Vintage 30)
Marshall JCM800 4x12 (2 x G12 Greenback; 2x Electro-Voice EVM12L)
Mesa/Boogie 2x12 Horizontal Rectifier Cabinet",Bogner Uberschall ALT (Tone),,,,,"Guitar,Modeled",effects:560887e9-8a5f-42c5-b8fd-ffd183041b33
96aee929-2fcb-4539-a557-58d27fa418bf,acd9f372-74fb-4c7d-b2a3-ea540c5917f2,d66254df-de0d-4807-bd92-3135cb9212d4,Modern Bogeyman (Amplitube),,"Premium Tone Model (Metal Gems) 
Modern Bogeyman",,,,"Johnson J412V (Celestion G12-50GL Lynchback)
Johnson J412V (2 x G12-50GL Lynchback; 2 x Vintage 30)
Johnson J412V (Celestion G12T-75) 
Marshall 1960A 4x12 (Celestion Vintage 30)
Marshall JCM800 4x12 (2 x G12 Greenback; 2x Electro-Voice EVM12L)
Mesa/Boogie 2x12 Horizontal Rectifier Cabinet",Bogner Uberschall ALT (Tone),,,,,"Guitar,Modeled",effects:560887e9-8a5f-42c5-b8fd-ffd183041b33
636da712-c9d1-4d44-8b0a-8426bace163f,acd9f372-74fb-4c7d-b2a3-ea540c5917f2,28398815-1483-4338-9cae-1e5b5fe27d91,Orange Buff,,Orange Buff,Harmonic Coloration,,,,Boss DS-1 ALT (Tone),,,,,"Guitar,Modeled,Stomp",effects:560887e9-8a5f-42c5-b8fd-ffd183041b33
3619a609-f8a9-42f2-9a1e-2995ad02e8e5,acd9f372-74fb-4c7d-b2a3-ea540c5917f2,0c15c90c-78cd-4342-9243-a5320a567fc2,Orange Buff,,Orange Buff,Harmonic Coloration,,,Turbo I;  [ See Model ],,,,,,"Guitar,Modeled,Stomp",effects:560887e9-8a5f-42c5-b8fd-ffd183041b33
3619a609-f8a9-42f2-9a1e-2995ad02e8e5,acd9f372-74fb-4c7d-b2a3-ea540c5917f2,0c15c90c-78cd-4342-9243-a5320a567fc2,Orange Buff,,Orange Buff,Harmonic Coloration,,,Turbo II; [ See Model ],,,,,,"Guitar,Modeled,Stomp",effects:560887e9-8a5f-42c5-b8fd-ffd183041b33
8052b751-bcc6-4cc8-8b79-d18487fd3581,acd9f372-74fb-4c7d-b2a3-ea540c5917f2,f6ec7be3-95f7-4f44-8f9c-a82ca10f8baa,Silver Buff,,,Harmonic Coloration,,,MODE Octavia [See Model],,,,,,"Guitar,Modeled,Stomp",effects:560887e9-8a5f-42c5-b8fd-ffd183041b33
59a32dee-ea97-46c9-987b-0e6b34a95ede,acd9f372-74fb-4c7d-b2a3-ea540c5917f2,8c24e66a-a6cb-455e-a114-dc5c3baa2ff9,Black Buff,,Black Buff,Harmonic Coloration,,,,Boss HM-2 ALT (Tone),,,,,"Guitar,Modeled,Stomp",effects:560887e9-8a5f-42c5-b8fd-ffd183041b33
f1ad6b1b-51a7-4ad6-a9bb-f231b827b88e,acd9f372-74fb-4c7d-b2a3-ea540c5917f2,8c24e66a-a6cb-455e-a114-dc5c3baa2ff9,Pedals to the Medal,,"Premium Tone Model
Pedals to the Metal",Harmonic Coloration,,,,Boss HM-2 ALT (Tone),,,,,"Guitar,Modeled,Stomp",effects:560887e9-8a5f-42c5-b8fd-ffd183041b33
7c9d693c-9f66-4fe1-8bdf-bf1b25a330be,acd9f372-74fb-4c7d-b2a3-ea540c5917f2,d42900f8-c1d5-4072-9aa2-1ab62f321454,Grey Buff,,,Harmonic Coloration,,,,Boss MT-2 TOP,,,,,"Guitar,Modeled,Stomp",effects:560887e9-8a5f-42c5-b8fd-ffd183041b33
c21363ce-216c-4a78-9611-ed714c32de97,acd9f372-74fb-4c7d-b2a3-ea540c5917f2,d42900f8-c1d5-4072-9aa2-1ab62f321454,Pedals to the Medal,,"Premium Tone Model
Pedals to the Metal",Harmonic Coloration,,,,Boss MT-2 TOP,,,,,"Guitar,Modeled,Stomp",effects:560887e9-8a5f-42c5-b8fd-ffd183041b33
2159caa1-cfbd-4004-9d05-b71f3ce4efc0,acd9f372-74fb-4c7d-b2a3-ea540c5917f2,3814912c-c163-409f-96f6-fb4423419b66,Yellow Buff,,Yellow Buff,Harmonic Coloration,,,,Boss OD-1 TOP,,,,,"Guitar,Modeled,Stomp",effects:560887e9-8a5f-42c5-b8fd-ffd183041b33
8873298d-8be8-4644-9c1c-9ef0fe283932,acd9f372-74fb-4c7d-b2a3-ea540c5917f2,1b168b3a-fb23-4620-85f6-cb31a7d7187a,Gus G. Tone Asylum,,Premium Tone Model (Gus G.),Harmonic Coloration,,,,Boss SD-1 ALT (Tone),,,,,"Guitar,Modeled,Stomp",effects:560887e9-8a5f-42c5-b8fd-ffd183041b33
d944947f-d34a-439e-b5b3-97de02367aaa,acd9f372-74fb-4c7d-b2a3-ea540c5917f2,1b168b3a-fb23-4620-85f6-cb31a7d7187a,Yellow Buff,,Yellow Buff,Harmonic Coloration,,,,Boss SD-1 ALT (Tone),,,,,"Guitar,Modeled,Stomp",effects:560887e9-8a5f-42c5-b8fd-ffd183041b33
f696d49a-848a-454b-8f3e-fc00639590a2,acd9f372-74fb-4c7d-b2a3-ea540c5917f2,d8348059-9bd2-44c4-a606-ed54d59e59e5,Hyde Street Amp Locker,,Premium Tone Model (Hyde Street),,,,"2x12 
[Note: model shows 1x12 speaker; but this is a 2x12 combo]",,,,,,"Guitar,Modeled",effects:560887e9-8a5f-42c5-b8fd-ffd183041b33
561c15f7-27df-4f08-9287-4d0efde8d8fe,acd9f372-74fb-4c7d-b2a3-ea540c5917f2,cc3a32ee-df4e-4674-8a4c-d5d4285d13a5,Signature Collections Vol 1,,"Premium Tone Model
Signature Collections Vol. 1","Harmonic Coloration,EQ",,,,,,,,,"Guitar,Modeled,Stomp",effects:560887e9-8a5f-42c5-b8fd-ffd183041b33
0443a906-a6f7-491b-9f83-4a54371f0937,acd9f372-74fb-4c7d-b2a3-ea540c5917f2,6a2c49b3-09fe-45e9-ad6f-8cad03d5d264,XR Silver,,,EQ,,,,,,,,,"Guitar,Modeled,Stomp",effects:560887e9-8a5f-42c5-b8fd-ffd183041b33
5f9a46c1-3cb0-4b4d-b01a-722aa65c0a06,acd9f372-74fb-4c7d-b2a3-ea540c5917f2,ecece71d-a5ef-47ff-b248-d1691861bdca,Gus G. Tone Asylum (Fire & Fury),,Premium Tone Model (Gus G.),Harmonic Coloration,,,Hesu M412BK-B,,,,,,"Guitar,Modeled,Stomp",effects:560887e9-8a5f-42c5-b8fd-ffd183041b33
7e079d4c-a8af-4cad-a65a-6392331dd135,acd9f372-74fb-4c7d-b2a3-ea540c5917f2,ea5bd759-f93f-4dd1-8712-85f0ed1c320a,Gus G. Tone Asylum,,Premium Tone Model (Gus G.),Harmonic Coloration,,,,,,,,,"Guitar,Modeled,Stomp",effects:560887e9-8a5f-42c5-b8fd-ffd183041b33
ed47eb1e-aa21-4833-af04-47d34946fe2f,acd9f372-74fb-4c7d-b2a3-ea540c5917f2,9055e01b-d9be-4e2f-bfba-8ed00c95b42a,Double Black,,Double Black,"Harmonic Coloration,EQ,Preamp",,,,,,,,,"Bass,Modeled,Stomp",effects:560887e9-8a5f-42c5-b8fd-ffd183041b33
e9e45eaa-125b-44e7-8711-f2f7db53c91c,acd9f372-74fb-4c7d-b2a3-ea540c5917f2,0487e53e-e238-42ef-810e-a2561568636f,Double Black,,Double Black,"Harmonic Coloration,EQ,Preamp,Dynamics",,,,,,,,,"Bass,Modeled,Stomp",effects:560887e9-8a5f-42c5-b8fd-ffd183041b33
4080bbd4-8af6-474c-8616-a320cf5145ce,acd9f372-74fb-4c7d-b2a3-ea540c5917f2,966bf316-f88b-498f-bcb7-0ea625c9c299,Metal Gems,,"Premium Tone Model (Metal Gems) 
Herbie",,,,"Johnson J412V (Celestion G12-50GL Lynchback)
Johnson J412V (2 x G12-50GL Lynchback; 2 x Vintage 30)
Johnson J412V (Celestion G12T-75) 
Marshall 1960A 4x12 (Celestion Vintage 30)
Marshall 1960A 4x12 (2 x G12 Greenback; 2x Electro-Voice EVM12L)
Mesa/Boogie 2x12 Horizontal Rectifier Cabinet",Diezel Herbert TOP,,,,,"Guitar,Modeled",effects:560887e9-8a5f-42c5-b8fd-ffd183041b33
3b92f971-3960-46fd-88f1-5d990bc89e9c,acd9f372-74fb-4c7d-b2a3-ea540c5917f2,966bf316-f88b-498f-bcb7-0ea625c9c299,Herbie (Amplitube),,"Premium Tone Model (Metal Gems) 
Herbie",,,,"Johnson J412V (Celestion G12-50GL Lynchback)
Johnson J412V (2 x G12-50GL Lynchback; 2 x Vintage 30)
Johnson J412V (Celestion G12T-75) 
Marshall 1960A 4x12 (Celestion Vintage 30)
Marshall 1960A 4x12 (2 x G12 Greenback; 2x Electro-Voice EVM12L)
Mesa/Boogie 2x12 Horizontal Rectifier Cabinet",Diezel Herbert TOP,,,,,"Guitar,Modeled",effects:560887e9-8a5f-42c5-b8fd-ffd183041b33
85063ccb-cd73-4d77-92be-7afe7ff2daeb,acd9f372-74fb-4c7d-b2a3-ea540c5917f2,87fcb573-45cc-4dbc-a6ac-6f43e785efdf,Metal Heads,,"Premium Tone Model
Gasoline",,,,Engl E412VSB,Diezel VH4 ALT (Tone),,,,,"Guitar,Modeled",effects:560887e9-8a5f-42c5-b8fd-ffd183041b33
6b9b5343-71bc-4cd3-a97b-322212d5fe95,acd9f372-74fb-4c7d-b2a3-ea540c5917f2,87fcb573-45cc-4dbc-a6ac-6f43e785efdf,Gasoline (Amplitube),,"Premium Tone Model
Gasoline",,,,Engl E412VSB,Diezel VH4 ALT (Tone),,,,,"Guitar,Modeled",effects:560887e9-8a5f-42c5-b8fd-ffd183041b33
af2dfdc2-b59b-4ffd-9efa-ab821495ff1b,acd9f372-74fb-4c7d-b2a3-ea540c5917f2,528788da-3d62-4df0-92a2-e13c53050a76,XR Black,,,"Harmonic Coloration,EQ",,,,,,,,,"Guitar,Modeled,Stomp",effects:560887e9-8a5f-42c5-b8fd-ffd183041b33
a51f5bc4-1acf-4f50-b31e-9a5e8d7c9d87,acd9f372-74fb-4c7d-b2a3-ea540c5917f2,1adc6e86-47a2-482e-895c-7b2ccdca7c61,Black Buff,,Black Buff,Harmonic Coloration,,,,,,,,,"Guitar,Modeled,Stomp",effects:560887e9-8a5f-42c5-b8fd-ffd183041b33
26c470b9-b239-4b05-9e3b-e4cd5faea1c6,acd9f372-74fb-4c7d-b2a3-ea540c5917f2,1adc6e86-47a2-482e-895c-7b2ccdca7c61,Pedals to the Medal,,"Premium Tone Model
Pedals to the Metal",Harmonic Coloration,,,,,,,,,"Guitar,Modeled,Stomp",effects:560887e9-8a5f-42c5-b8fd-ffd183041b33
0ea0f0aa-163a-44ec-98e6-007c32f089ab,acd9f372-74fb-4c7d-b2a3-ea540c5917f2,80bf9d00-86b6-4068-a067-75d7b48418cd,TONEX Amp Red (Amplitube),,"Premium Tone Model
TONEX Amp Red",,,,1x12 Combo,Dr. Z MAZ 18 Jr TOP,,,,,"Guitar,Modeled",effects:560887e9-8a5f-42c5-b8fd-ffd183041b33
17f58826-734a-4985-a240-4b9c96d7dc7c,acd9f372-74fb-4c7d-b2a3-ea540c5917f2,f5e44cec-1f45-438b-aacf-80fe48db1785,TONEX Amp Black (Amplitube),,"Premium Tone Model
TONEX Amp Black",,,,"Marshall 1960A 4x12
Dr.Z Z Best 2x12",Dr. Z Z Wreck TOP,,,,,"Guitar,Modeled",effects:560887e9-8a5f-42c5-b8fd-ffd183041b33
99f50a32-3a53-4b93-ba6b-ae8a9f6d0730,acd9f372-74fb-4c7d-b2a3-ea540c5917f2,aea08fde-e93c-41eb-bb95-1661cc7ec055,ODS Legends,,Premium Tone Model (Overdrive Special),,,,(1983) 2x12 Dumble Cabinet w/  Electro-Voice EVM12L,,,,,,"Guitar,Modeled",effects:560887e9-8a5f-42c5-b8fd-ffd183041b33
f9d71f56-6d7d-46d9-ab3d-4978d06aaa0f,acd9f372-74fb-4c7d-b2a3-ea540c5917f2,4f4be953-917e-41d4-a0e6-28a9f6a2cbfb,ODS Legends,,Premium Tone Model (Overdrive Special),,,,(1979) Dumble 2x12 Cabinet Celestion JB-85,,,,,,"Guitar,Modeled",effects:560887e9-8a5f-42c5-b8fd-ffd183041b33
f9d71f56-6d7d-46d9-ab3d-4978d06aaa0f,acd9f372-74fb-4c7d-b2a3-ea540c5917f2,4f4be953-917e-41d4-a0e6-28a9f6a2cbfb,ODS Legends,,Premium Tone Model (Overdrive Special),,,,(1984) Van Weelden Twinkeland 2x12 2017,,,,,,"Guitar,Modeled",effects:560887e9-8a5f-42c5-b8fd-ffd183041b33
f9d71f56-6d7d-46d9-ab3d-4978d06aaa0f,acd9f372-74fb-4c7d-b2a3-ea540c5917f2,4f4be953-917e-41d4-a0e6-28a9f6a2cbfb,ODS Legends,,Premium Tone Model (Overdrive Special),,,,"(2004) (Premium Tone Model / Overdrive Special) 
Van Weelden Twinkeland 2x12 2017",,,,,,"Guitar,Modeled",effects:560887e9-8a5f-42c5-b8fd-ffd183041b33
78496321-1edb-4ff0-b9c5-eca186b876a1,acd9f372-74fb-4c7d-b2a3-ea540c5917f2,4f4be953-917e-41d4-a0e6-28a9f6a2cbfb,Overdrive Special,,"Premium Tone Model
Dumbell",,,,"(##0080) 1x12 Combo Celestion JB-85 
[Note: This appears to be modeled after a specific Dumble Combo, but the speakers are from a Fuchs JB-ODS.]",,,,,,"Guitar,Modeled",effects:560887e9-8a5f-42c5-b8fd-ffd183041b33
931fe74f-1f91-472d-b913-fd7a1ea16361,acd9f372-74fb-4c7d-b2a3-ea540c5917f2,4f4be953-917e-41d4-a0e6-28a9f6a2cbfb,Dumbell (Amplitube),,"Premium Tone Model
Dumbell",,,,"(##0080) 1x12 Combo Celestion JB-85 
[Note: This appears to be modeled after a specific Dumble Combo, but the speakers are from a Fuchs JB-ODS.]",,,,,,"Guitar,Modeled",effects:560887e9-8a5f-42c5-b8fd-ffd183041b33
221aee75-96ea-49f6-876b-1b3e528cbde9,acd9f372-74fb-4c7d-b2a3-ea540c5917f2,861a21c3-57fe-43ef-a112-f48f6b2ede42,Signature Collections Vol 1,,"Premium Tone Model
Signature Collections Vol. 1",Harmonic Coloration,,,,EarthQuaker Devices Life Pedal ALT (Tone),,,,,"Guitar,Modeled,Stomp",effects:560887e9-8a5f-42c5-b8fd-ffd183041b33
041c4122-0227-467e-aa74-b6c6175e45a4,acd9f372-74fb-4c7d-b2a3-ea540c5917f2,f9691b9c-6294-4e8e-88b1-a40dad5aef60,Fuzz Pedals,,"Premium Tone Model
Fuzz Pedals","Harmonic Coloration,Dynamics",,,,Electro-Harmonix Big Muff Pi ALT (Tone),,,,,"Guitar,Modeled,Stomp",effects:560887e9-8a5f-42c5-b8fd-ffd183041b33
6e63abd3-3e91-494a-9671-f83d6402ae18,acd9f372-74fb-4c7d-b2a3-ea540c5917f2,f9691b9c-6294-4e8e-88b1-a40dad5aef60,Muff,,Muff,"Harmonic Coloration,Dynamics",,,,Electro-Harmonix Big Muff Pi ALT (Tone),,,,,"Guitar,Modeled,Stomp",effects:560887e9-8a5f-42c5-b8fd-ffd183041b33
7f6af1a9-dd42-4e12-8274-40ee6f890f28,acd9f372-74fb-4c7d-b2a3-ea540c5917f2,ccd82a64-171e-4d20-9a25-27db9692f7b0,Black Fuzz,,Black Fuzz,"EQ,Harmonic Coloration",,,,Electro-Harmonix Graphic Fuzz TOP,,,,,"Guitar,Modeled,Stomp",effects:560887e9-8a5f-42c5-b8fd-ffd183041b33
6502c16e-8b65-42d2-82ed-b427281408d4,acd9f372-74fb-4c7d-b2a3-ea540c5917f2,ccd82a64-171e-4d20-9a25-27db9692f7b0,Fuzz Pedals,,"Premium Tone Model
Fuzz Pedals","EQ,Harmonic Coloration",,,,Electro-Harmonix Graphic Fuzz TOP,,,,,"Guitar,Modeled,Stomp",effects:560887e9-8a5f-42c5-b8fd-ffd183041b33
171d144b-35fc-49fb-91e2-f7245e92031a,acd9f372-74fb-4c7d-b2a3-ea540c5917f2,8a49c207-7e5c-4130-85b7-f07472fb1d52,Muff,,Muff,"Harmonic Coloration,Dynamics",,,,Electro-Harmonix Russian Big Muff Pi ALT (Tone),,,,,"Guitar,Modeled,Stomp",effects:560887e9-8a5f-42c5-b8fd-ffd183041b33
22dc777e-8d7e-4005-9b8b-5da45c7f93ca,acd9f372-74fb-4c7d-b2a3-ea540c5917f2,a03cfd4d-baa9-4e6f-ba40-a270b16bfc5f,Untamed (Amplitube),,"Premium Tone Model
Untamed",,,,Engl E412VSB,Engl E635 Fireball 100 ALT (Tone),,,,,"Guitar,Modeled",effects:560887e9-8a5f-42c5-b8fd-ffd183041b33
c1dbfdb0-ad29-4066-8b2a-2942b8bfc50e,acd9f372-74fb-4c7d-b2a3-ea540c5917f2,ffc73509-7b20-43d4-a4e6-63d757244db3,Hard & Heavy,,"Premium Tone Model
Hard and Heavy
Savag",,,,Dragoon 260C8CV,Engl E642 Invader 100 TOP,,,,,"Guitar,Modeled",effects:560887e9-8a5f-42c5-b8fd-ffd183041b33
958a5449-c4c5-4cd7-8a87-0b16e2d71188,acd9f372-74fb-4c7d-b2a3-ea540c5917f2,ffc73509-7b20-43d4-a4e6-63d757244db3,Savag (Amplitube),,"Premium Tone Model
Hard and Heavy
Savag",,,,Dragoon 260C8CV,Engl E642 Invader 100 TOP,,,,,"Guitar,Modeled",effects:560887e9-8a5f-42c5-b8fd-ffd183041b33
77a15978-5026-4ac5-90f8-0b41c1481bd5,acd9f372-74fb-4c7d-b2a3-ea540c5917f2,5dba056e-3007-4294-9c5d-fa76d1c248a2,Gus G. Tone Asylum,,Premium Tone Model (Gus G.),,,,Blackstar Series One 412,Engl E645 Powerball TOP,,,,,"Guitar,Modeled",effects:560887e9-8a5f-42c5-b8fd-ffd183041b33
b2881e3e-6d4f-4e85-b9fa-c60fd207e0af,acd9f372-74fb-4c7d-b2a3-ea540c5917f2,5dba056e-3007-4294-9c5d-fa76d1c248a2,Hard & Heavy,,"Premium Tone Model
Untamed",,,,Engl E412VSB,Engl E645 Powerball TOP,,,,,"Guitar,Modeled",effects:560887e9-8a5f-42c5-b8fd-ffd183041b33
cf3b7879-1e49-46fe-aec7-94b9ebfbeee0,acd9f372-74fb-4c7d-b2a3-ea540c5917f2,5dba056e-3007-4294-9c5d-fa76d1c248a2,Untamed (Amplitube),,"Premium Tone Model
Untamed",,,,Engl E412VSB,Engl E645 Powerball TOP,,,,,"Guitar,Modeled",effects:560887e9-8a5f-42c5-b8fd-ffd183041b33
cf3b7879-1e49-46fe-aec7-94b9ebfbeee0,acd9f372-74fb-4c7d-b2a3-ea540c5917f2,5dba056e-3007-4294-9c5d-fa76d1c248a2,Untamed (Amplitube),,"Premium Tone Model
Untamed",,,,Mesa/Boogie 2x12 Horizontal Rectifier Cabinet,Engl E645 Powerball TOP,,,,,"Guitar,Modeled",effects:560887e9-8a5f-42c5-b8fd-ffd183041b33
fb9886a4-3fba-4c08-83fc-86ca97bac786,acd9f372-74fb-4c7d-b2a3-ea540c5917f2,4bdf7896-734f-41d0-98ab-c06917927385,Untamed (Amplitube),,"Premium Tone Model
Untamed",,,,Engl E412VSB,,,,,,"Guitar,Modeled",effects:560887e9-8a5f-42c5-b8fd-ffd183041b33
d6b3b850-5fb0-429e-9bf6-40ce20bb4dbd,acd9f372-74fb-4c7d-b2a3-ea540c5917f2,4d7adc92-d38d-4369-90d2-bc149ecf11fa,Hard & Heavy,,"Premium Tone Model
Hard and Heavy
Savag",,,,Engl E412VSB,Engl E650 TOP,,,,,"Guitar,Modeled",effects:560887e9-8a5f-42c5-b8fd-ffd183041b33
f9bc129d-8628-4b0b-b585-947f0719d49f,acd9f372-74fb-4c7d-b2a3-ea540c5917f2,4d7adc92-d38d-4369-90d2-bc149ecf11fa,Savag (Amplitube),,"Premium Tone Model
Hard and Heavy
Savag",,,,Engl E412VSB,Engl E650 TOP,,,,,"Guitar,Modeled",effects:560887e9-8a5f-42c5-b8fd-ffd183041b33
6615d68c-df19-4531-9676-e3f1b2f5d0c1,acd9f372-74fb-4c7d-b2a3-ea540c5917f2,353aeb0d-c1aa-493c-b81c-7fb282bb6e74,Vintage & Lo-Fi,,"Premium Tone Model
OG Tweed
Vintage & Lo-FI",,,,1x15,Fender '53 Bassman TOP,,,,,"Guitar,Modeled",effects:560887e9-8a5f-42c5-b8fd-ffd183041b33
dea5fe5e-c940-43d9-b62f-e7de1f17db9c,acd9f372-74fb-4c7d-b2a3-ea540c5917f2,353aeb0d-c1aa-493c-b81c-7fb282bb6e74,OG Tweed (Amplitube),,"Premium Tone Model
OG Tweed
Vintage & Lo-FI",,,,1x15,Fender '53 Bassman TOP,,,,,"Guitar,Modeled",effects:560887e9-8a5f-42c5-b8fd-ffd183041b33
cdecd87a-cbd8-4ca7-9fc1-656cd349a262,acd9f372-74fb-4c7d-b2a3-ea540c5917f2,74d71cbc-01c4-4b8c-8b78-306b753f78be,Joe Satriani Amp Vault,,"Premium Tone Model (Joe Satriani) 
JS Tweedy Little",,,,1x12,Fender 53 Tweed Deluxe ALT (Tone),,,,,"Guitar,Modeled",effects:560887e9-8a5f-42c5-b8fd-ffd183041b33
f98b36be-e2e7-42d2-8cc5-3e5f36345345,acd9f372-74fb-4c7d-b2a3-ea540c5917f2,74d71cbc-01c4-4b8c-8b78-306b753f78be,JS Tweedy LIttle (Amplitube),,"Premium Tone Model (Joe Satriani) 
JS Tweedy Little",,,,1x12,Fender 53 Tweed Deluxe ALT (Tone),,,,,"Guitar,Modeled",effects:560887e9-8a5f-42c5-b8fd-ffd183041b33
62f8dc4d-82e9-4b8f-90ec-a9b9ffd53323,acd9f372-74fb-4c7d-b2a3-ea540c5917f2,5919021f-9929-410f-a610-897fe38d7e2a,Tweed 2,,"Premium Tone Model
Big Tweed
Tweed 2",,,,3x10,Fender '57 Bandmaster TOP,,,,,"Guitar,Modeled",effects:560887e9-8a5f-42c5-b8fd-ffd183041b33
fad9aa5f-072d-4893-95b9-72c1dc6c284c,acd9f372-74fb-4c7d-b2a3-ea540c5917f2,5919021f-9929-410f-a610-897fe38d7e2a,Big Tweed (Amplitube),,"Premium Tone Model
Big Tweed
Tweed 2",,,,3x10,Fender '57 Bandmaster TOP,,,,,"Guitar,Modeled",effects:560887e9-8a5f-42c5-b8fd-ffd183041b33
831acedc-3a4c-449f-bcee-3e076e297f8a,acd9f372-74fb-4c7d-b2a3-ea540c5917f2,4dbec6df-87d7-42e5-9b4b-6ef59943949a,Hyde Street Amp Locker,,Premium Tone Model (Hyde Street),,,,1x10,,,,,,"Guitar,Modeled",effects:560887e9-8a5f-42c5-b8fd-ffd183041b33
7357177d-3e11-46b8-9227-0c53d0f1cf80,acd9f372-74fb-4c7d-b2a3-ea540c5917f2,4dbec6df-87d7-42e5-9b4b-6ef59943949a,Silver (Amplitube),,Premium Tone Model (Hyde Street),,,,1x10,,,,,,"Guitar,Modeled",effects:560887e9-8a5f-42c5-b8fd-ffd183041b33
518e2849-3233-4dd7-8970-293a01ee56f2,acd9f372-74fb-4c7d-b2a3-ea540c5917f2,f3602f4b-0a01-41d0-ae3d-e8f5b7ce5e87,Joe Satriani Amp Vault,,"Premium Tone Model (Joe Satriani) 
JS Little White",,,,"1x12 
[Model called 57 Blonde. It is really a deluxe. Blondes were 60s]",Fender '57 Custom Deluxe TOP,,,,,"Guitar,Modeled",effects:560887e9-8a5f-42c5-b8fd-ffd183041b33
082a6369-22c7-48ed-9bf1-8d0a96897bdd,acd9f372-74fb-4c7d-b2a3-ea540c5917f2,f3602f4b-0a01-41d0-ae3d-e8f5b7ce5e87,JS LIttle White (Amplitube),,"Premium Tone Model (Joe Satriani) 
JS Little White",,,,"1x12 
[Model called 57 Blonde. It is really a deluxe. Blondes were 60s]",Fender '57 Custom Deluxe TOP,,,,,"Guitar,Modeled",effects:560887e9-8a5f-42c5-b8fd-ffd183041b33
91eaf03b-c9ec-48ea-bd34-d3e017c1cf0a,acd9f372-74fb-4c7d-b2a3-ea540c5917f2,f3602f4b-0a01-41d0-ae3d-e8f5b7ce5e87,Tweed 1,,"Premium Tone Model
Little Tweed
Tweed 1",,,,1x12,Fender '57 Custom Deluxe TOP,,,,,"Guitar,Modeled",effects:560887e9-8a5f-42c5-b8fd-ffd183041b33
d10af304-bdcf-487f-8dc1-00615f3a0e15,acd9f372-74fb-4c7d-b2a3-ea540c5917f2,f3602f4b-0a01-41d0-ae3d-e8f5b7ce5e87,LIttle Tweed (Amplitube),,"Premium Tone Model
Little Tweed
Tweed 1",,,,1x12,Fender '57 Custom Deluxe TOP,,,,,"Guitar,Modeled",effects:560887e9-8a5f-42c5-b8fd-ffd183041b33
56da8bd2-6766-4a6c-b8b9-0c13469e75e9,acd9f372-74fb-4c7d-b2a3-ea540c5917f2,920d8541-2100-4be6-a7e9-beb8733b6b91,Tweed 1,,"Premium Tone Model
Big Tweed
Tweed 1",,,,2x12,Fender '57 Custom Twin-Amp TOP,,,,,"Guitar,Modeled",effects:560887e9-8a5f-42c5-b8fd-ffd183041b33
94791784-2976-4211-bd1a-5b17f51445a1,acd9f372-74fb-4c7d-b2a3-ea540c5917f2,920d8541-2100-4be6-a7e9-beb8733b6b91,Big Tweed (Amplitube),,"Premium Tone Model
Big Tweed
Tweed 1",,,,2x12,Fender '57 Custom Twin-Amp TOP,,,,,"Guitar,Modeled",effects:560887e9-8a5f-42c5-b8fd-ffd183041b33
98d0c1a2-349b-4818-ad9f-dda97f386d63,acd9f372-74fb-4c7d-b2a3-ea540c5917f2,216d951b-384e-4031-b99c-b3c92ce5ff93,Tweed 2,,"Premium Tone Model
Big Tweed
Tweed 2",,,,4x10,Fender '59 Bassman LTD TOP,,,,,"Guitar,Modeled",effects:560887e9-8a5f-42c5-b8fd-ffd183041b33
1951c5e6-2970-4bbd-a81b-a0e448b15d18,acd9f372-74fb-4c7d-b2a3-ea540c5917f2,216d951b-384e-4031-b99c-b3c92ce5ff93,Big Tweed (Amplitube),,"Premium Tone Model
Big Tweed
Tweed 2",,,,4x10,Fender '59 Bassman LTD TOP,,,,,"Guitar,Modeled",effects:560887e9-8a5f-42c5-b8fd-ffd183041b33
35e1973a-6716-4696-8616-6e6cc3033281,acd9f372-74fb-4c7d-b2a3-ea540c5917f2,3fcec5f5-e8ae-47ec-b4d7-ceb4118fbdcb,Joe Satriani Amp Vault,,"Premium Tone Model (Joe Satriani)
JS Black Combo",,,,1x12,Fender '64 Custom Deluxe Reverb TOP,,,,,"Guitar,Modeled",effects:560887e9-8a5f-42c5-b8fd-ffd183041b33
36b5d18e-a03f-4dda-a88c-6e04f703e99e,acd9f372-74fb-4c7d-b2a3-ea540c5917f2,3fcec5f5-e8ae-47ec-b4d7-ceb4118fbdcb,JS Black Combo (Amplitube),,"Premium Tone Model (Joe Satriani)
JS Black Combo",,,,1x12,Fender '64 Custom Deluxe Reverb TOP,,,,,"Guitar,Modeled",effects:560887e9-8a5f-42c5-b8fd-ffd183041b33
32dbef45-7d38-4c3c-8f43-c02993f56d30,acd9f372-74fb-4c7d-b2a3-ea540c5917f2,7321c39e-62f0-4628-805a-047de6d27b67,Joe Satriani Amp Vault,,"Premium Tone Model (Joe Satriani)
JS Black Combo",,,,1x10,,,,,,"Guitar,Modeled",effects:560887e9-8a5f-42c5-b8fd-ffd183041b33
920fdcf9-bb83-48c9-8ae7-306855d0712a,acd9f372-74fb-4c7d-b2a3-ea540c5917f2,7321c39e-62f0-4628-805a-047de6d27b67,JS Black Combo (Amplitube),,"Premium Tone Model (Joe Satriani)
JS Black Combo",,,,1x10,,,,,,"Guitar,Modeled",effects:560887e9-8a5f-42c5-b8fd-ffd183041b33
a62ed8f7-c649-43db-8ec4-7077237ed699,acd9f372-74fb-4c7d-b2a3-ea540c5917f2,381fce48-2ff9-421c-891a-11af645a1f0c,Cali' 65,,"Premium Tone Model
Cali ' 65
Twin",,,,1x12,Fender '65 Deluxe Reverb ALT (Tone),,,,,"Guitar,Modeled",effects:560887e9-8a5f-42c5-b8fd-ffd183041b33
9c386c3e-57e5-48dc-8d8b-19d54c174b06,acd9f372-74fb-4c7d-b2a3-ea540c5917f2,381fce48-2ff9-421c-891a-11af645a1f0c,Twin (Amplitube),,"Premium Tone Model
Cali ' 65
Twin",,,,1x12,Fender '65 Deluxe Reverb ALT (Tone),,,,,"Guitar,Modeled",effects:560887e9-8a5f-42c5-b8fd-ffd183041b33
e4289752-548c-4ab4-87e7-27b1afed00c8,acd9f372-74fb-4c7d-b2a3-ea540c5917f2,c1f9d024-b0ef-404b-992d-175d64e0fcba,Cali' 65,,"Premium Tone Model
Cali ' 65
Twin",,,,1x10,Fender '65 Princeton Reverb ALT (Tone),,,,,"Guitar,Modeled",effects:560887e9-8a5f-42c5-b8fd-ffd183041b33
8b9c57bb-cc29-44d7-bf61-738a9b5dc789,acd9f372-74fb-4c7d-b2a3-ea540c5917f2,c1f9d024-b0ef-404b-992d-175d64e0fcba,Twin (Amplitube),,"Premium Tone Model
Cali ' 65
Twin",,,,1x10,Fender '65 Princeton Reverb ALT (Tone),,,,,"Guitar,Modeled",effects:560887e9-8a5f-42c5-b8fd-ffd183041b33
7abd4bd3-8e27-45dd-be3a-994d69b74d19,acd9f372-74fb-4c7d-b2a3-ea540c5917f2,c1f9d024-b0ef-404b-992d-175d64e0fcba,Joe Satriani Amp Vault,,"Premium Tone Model (Joe Satriani)
JS Black Combo",,,,1x10,Fender '65 Princeton Reverb ALT (Tone),,,,,"Guitar,Modeled",effects:560887e9-8a5f-42c5-b8fd-ffd183041b33
e72b5074-5998-4a5d-9549-453725235501,acd9f372-74fb-4c7d-b2a3-ea540c5917f2,c1f9d024-b0ef-404b-992d-175d64e0fcba,JS Black Combo (Amplitube),,"Premium Tone Model (Joe Satriani)
JS Black Combo",,,,1x10,Fender '65 Princeton Reverb ALT (Tone),,,,,"Guitar,Modeled",effects:560887e9-8a5f-42c5-b8fd-ffd183041b33
c46ed2ac-8976-40fa-acf2-0c2e8a51b84d,acd9f372-74fb-4c7d-b2a3-ea540c5917f2,d6888014-2edc-4157-8d80-63731103cce7,Hyde Street Amp Locker,,Premium Tone Model (Hyde Street),,,,"4x12 
[NOTE: The '65 Super Reverb was a 4x10, not a 4x12]",Fender '65 Super Reverb ALT (Tone),,,,,"Guitar,Modeled",effects:560887e9-8a5f-42c5-b8fd-ffd183041b33
8c5c46e9-28e3-4a84-9552-c445f0b953c9,acd9f372-74fb-4c7d-b2a3-ea540c5917f2,d6888014-2edc-4157-8d80-63731103cce7,Twin (Amplitube),,"Premium Tone Model
Twin",,,,4x10,Fender '65 Super Reverb ALT (Tone),,,,,"Guitar,Modeled",effects:560887e9-8a5f-42c5-b8fd-ffd183041b33
05445168-aee2-4dfa-9174-f35e34ec9a17,acd9f372-74fb-4c7d-b2a3-ea540c5917f2,9b1831fe-fa8a-46d5-a765-efbed73e83c3,Silver (Amplitube),,"Premium Tone Model
Silver",,,,2x12,Fender '65 Twin Reverb ALT (Tone),,,,,"Guitar,Modeled",effects:560887e9-8a5f-42c5-b8fd-ffd183041b33
494701d5-1efc-4a0c-bbdf-242e27891770,acd9f372-74fb-4c7d-b2a3-ea540c5917f2,9b1831fe-fa8a-46d5-a765-efbed73e83c3,Twin (Amplitube),,"Premium Tone Model
Twin",,,,2x12,Fender '65 Twin Reverb ALT (Tone),,,,,"Guitar,Modeled",effects:560887e9-8a5f-42c5-b8fd-ffd183041b33
5afb940d-84d3-4708-83ab-5d41acb16b56,acd9f372-74fb-4c7d-b2a3-ea540c5917f2,88e6f8de-1f87-47e4-9d56-5e1c9807c3fd,Joe Satriani Amp Vault,,"Premium Tone Model (Joe Satriani)
JS Silver Combo",,,,1x12,,,,,,"Guitar,Modeled",effects:560887e9-8a5f-42c5-b8fd-ffd183041b33
300c259d-fca3-4694-af1c-8fbe164b248c,acd9f372-74fb-4c7d-b2a3-ea540c5917f2,88e6f8de-1f87-47e4-9d56-5e1c9807c3fd,JS SIlver Combo (Amplitube),,"Premium Tone Model (Joe Satriani)
JS Silver Combo",,,,1x12,,,,,,"Guitar,Modeled",effects:560887e9-8a5f-42c5-b8fd-ffd183041b33
c6aaed94-3574-4d66-9bbe-bbf86672710f,acd9f372-74fb-4c7d-b2a3-ea540c5917f2,438c57c9-de91-4741-8339-56c04eca9d50,Joe Satriani Amp Vault,,"Premium Tone Model (Joe Satriani)
JS Silver Combo",,,,1x10,,,,,,"Guitar,Modeled",effects:560887e9-8a5f-42c5-b8fd-ffd183041b33
9e6b068c-2e8e-42d0-8f03-3e544a1c7edf,acd9f372-74fb-4c7d-b2a3-ea540c5917f2,438c57c9-de91-4741-8339-56c04eca9d50,JS Silver Combo (Amplitube),,"Premium Tone Model (Joe Satriani)
JS Silver Combo",,,,1x10,,,,,,"Guitar,Modeled",effects:560887e9-8a5f-42c5-b8fd-ffd183041b33
aa4d60d1-b07b-451c-9b1d-44b544ae0270,acd9f372-74fb-4c7d-b2a3-ea540c5917f2,34f0bb13-b31b-4eb4-9a42-2d525dd72306,Joe Satriani Amp Vault,,"Premium Tone Model (Joe Satriani)
JS Silver Combo",,,,"2x12 
[Note: Model showed this as 1x10. That's an error. Custom Pro is a 12"" amp]",Fender '68 Custom Pro Reverb TOP,,,,,"Guitar,Modeled",effects:560887e9-8a5f-42c5-b8fd-ffd183041b33
cd25b585-841b-4094-a17b-c140501b0712,acd9f372-74fb-4c7d-b2a3-ea540c5917f2,34f0bb13-b31b-4eb4-9a42-2d525dd72306,JS SIlver Combo (Amplitube),,"Premium Tone Model (Joe Satriani)
JS Silver Combo",,,,"2x12 
[Note: Model showed this as 1x10. That's an error. Custom Pro is a 12"" amp]",Fender '68 Custom Pro Reverb TOP,,,,,"Guitar,Modeled",effects:560887e9-8a5f-42c5-b8fd-ffd183041b33
1a49e5b0-0c1c-4695-a066-3883f6109f95,acd9f372-74fb-4c7d-b2a3-ea540c5917f2,34f0bb13-b31b-4eb4-9a42-2d525dd72306,Vintage & Lo-Fi,,"Premium Tone Model
Silver
Vintage & Lo-FI",,,,"2x12 
[NOTE: This seems to be a mixed model. The ""vintage"" blackface era was a 2x12. The actual 68 era reissue was a 1x12]",Fender '68 Custom Pro Reverb TOP,,,,,"Guitar,Modeled",effects:560887e9-8a5f-42c5-b8fd-ffd183041b33
d9f0da6c-3866-4a9f-9240-2ab605b0d889,acd9f372-74fb-4c7d-b2a3-ea540c5917f2,34f0bb13-b31b-4eb4-9a42-2d525dd72306,Silver (Amplitube),,"Premium Tone Model
Silver
Vintage & Lo-FI",,,,"2x12 
[NOTE: This seems to be a mixed model. The ""vintage"" blackface era was a 2x12. The actual 68 era reissue was a 1x12]",Fender '68 Custom Pro Reverb TOP,,,,,"Guitar,Modeled",effects:560887e9-8a5f-42c5-b8fd-ffd183041b33
78e3bd27-1cc0-4f13-a3a5-ba258fe27749,acd9f372-74fb-4c7d-b2a3-ea540c5917f2,e9d97e11-8ae9-40b7-b935-2857eb2d9eb3,Joe Satriani Amp Vault,,"Premium Tone Model (Joe Satriani)
JS Silver Combo",,,,1x10,Fender '68 Custom Vibro Champ Reverb TOP,,,,,"Guitar,Modeled",effects:560887e9-8a5f-42c5-b8fd-ffd183041b33
31b522f8-bbe2-43d0-b0a5-ec3d84bce72c,acd9f372-74fb-4c7d-b2a3-ea540c5917f2,e9d97e11-8ae9-40b7-b935-2857eb2d9eb3,JS SIlver Combo (Amplitube),,"Premium Tone Model (Joe Satriani)
JS Silver Combo",,,,1x10,Fender '68 Custom Vibro Champ Reverb TOP,,,,,"Guitar,Modeled",effects:560887e9-8a5f-42c5-b8fd-ffd183041b33
5951538f-4e92-4776-95cb-d6eec6be2b1a,acd9f372-74fb-4c7d-b2a3-ea540c5917f2,ba9eded9-0e7c-45b5-afb4-9bed2c1dd71c,Hyde Street Amp Locker,,Premium Tone Model (Hyde Street),,,,2x12,Fender 68 Twin Reverb TOP,,,,,"Guitar,Modeled",effects:560887e9-8a5f-42c5-b8fd-ffd183041b33
bece8fed-2d5d-46dd-9db6-a344d10f7892,acd9f372-74fb-4c7d-b2a3-ea540c5917f2,ba9eded9-0e7c-45b5-afb4-9bed2c1dd71c,Silver (Amplitube),,Premium Tone Model (Hyde Street),,,,2x12,Fender 68 Twin Reverb TOP,,,,,"Guitar,Modeled",effects:560887e9-8a5f-42c5-b8fd-ffd183041b33
fb257400-009e-46ee-ada8-3594bdc950ea,acd9f372-74fb-4c7d-b2a3-ea540c5917f2,dc06d96a-e121-48a3-827d-b658deaff90c,Hyde Street Amp Locker,,Premium Tone Model (Hyde Street),,,,2x12,Fender '68 Vibrolux Reverb TOP,,,,,"Guitar,Modeled",effects:560887e9-8a5f-42c5-b8fd-ffd183041b33
f6149e47-561f-441d-9409-50147f60550f,acd9f372-74fb-4c7d-b2a3-ea540c5917f2,dc06d96a-e121-48a3-827d-b658deaff90c,Silver (Amplitube),,Premium Tone Model (Hyde Street),,,,2x12,Fender '68 Vibrolux Reverb TOP,,,,,"Guitar,Modeled",effects:560887e9-8a5f-42c5-b8fd-ffd183041b33
53047652-0ef5-4671-b168-ff56b60f3720,acd9f372-74fb-4c7d-b2a3-ea540c5917f2,ed8a503a-d4fc-4492-89a6-dae28663c3b5,Da Fuzz,,,Harmonic Coloration,,,,Fender Blender ALT (Tone),,,,,"Guitar,Modeled,Stomp",effects:560887e9-8a5f-42c5-b8fd-ffd183041b33
5deefa3a-5c13-47f2-a0ec-314079f366cb,acd9f372-74fb-4c7d-b2a3-ea540c5917f2,ed8a503a-d4fc-4492-89a6-dae28663c3b5,Fuzz Pedals,,"Premium Tone Model
Fuzz Pedals",Harmonic Coloration,,,,Fender Blender TOP,,,,,"Guitar,Modeled,Stomp",effects:560887e9-8a5f-42c5-b8fd-ffd183041b33
1c00a0ee-5590-4ca7-b400-d1e60dcce84c,acd9f372-74fb-4c7d-b2a3-ea540c5917f2,e82b5bb5-99ed-4c6f-a01f-e91c59ac7e33,Big Tweed (Amplitube),,"Premium Tone Model
Big Tweed",,,,1x12,,,,,,"Guitar,Modeled",effects:560887e9-8a5f-42c5-b8fd-ffd183041b33
e1872300-9674-4620-bcbf-da16b1849cc1,acd9f372-74fb-4c7d-b2a3-ea540c5917f2,5f4ee01c-3a94-46da-8943-ae008a1e47d6,Dark Modern (Amplitube),,"Premium Tone Model
Dark Modern",,,,Marshall 1960B 4x12,Fender EVH 5150 III 100W (6L6) ALT (Tone),,,,,"Guitar,Modeled",effects:560887e9-8a5f-42c5-b8fd-ffd183041b33
dad57afa-c765-4ea5-bb1c-dbd90ce1662a,acd9f372-74fb-4c7d-b2a3-ea540c5917f2,5f4ee01c-3a94-46da-8943-ae008a1e47d6,Gus G. Tone Asylum,,Premium Tone Model (Gus G.),,,,"Blackstar Artisan 412
Blackstar Series One 412
Blackstar St. James 4x12",Fender EVH 5150 III 100W (6L6) ALT (Tone/Metal),,,,,"Guitar,Modeled",effects:560887e9-8a5f-42c5-b8fd-ffd183041b33
6a4e1db8-e6bc-49bc-925a-aada7ecf0db5,acd9f372-74fb-4c7d-b2a3-ea540c5917f2,5f4ee01c-3a94-46da-8943-ae008a1e47d6,Joe Satriani Amp Vault,,"Premium Tone Model (Joe Satriani)
JS Stealth",,,,"Marshall 1960A ""Stain"" 4x12",Fender EVH 5150 III 100W (6L6) ALT (Tone),,,,,"Guitar,Modeled",effects:560887e9-8a5f-42c5-b8fd-ffd183041b33
ea1882da-4642-4423-a5a6-37b41f749b04,acd9f372-74fb-4c7d-b2a3-ea540c5917f2,5f4ee01c-3a94-46da-8943-ae008a1e47d6,JS Stealth (Amplitube),,"Premium Tone Model (Joe Satriani)
JS Stealth",,,,"Marshall 1960A ""Stain"" 4x12",Fender EVH 5150 III 100W (6L6) ALT (Tone),,,,,"Guitar,Modeled",effects:560887e9-8a5f-42c5-b8fd-ffd183041b33
23a5247e-8e29-4d66-9426-4034d9e281ba,acd9f372-74fb-4c7d-b2a3-ea540c5917f2,0d38ec04-a5fa-4b0f-8962-2180dca97cfd,High-Gain Chug,,"Premium Tone Model
High-Gain Chug
Striped",,,,Mesa/Boogie 4x12 Rectifier Standard Straight Cabinet,,,,,,"Guitar,Modeled",effects:560887e9-8a5f-42c5-b8fd-ffd183041b33
bc59d06e-d9a6-417f-b83a-3336294632c2,acd9f372-74fb-4c7d-b2a3-ea540c5917f2,0d38ec04-a5fa-4b0f-8962-2180dca97cfd,Striped (Amplitube),,"Premium Tone Model
High-Gain Chug
Striped",,,,Mesa/Boogie 4x12 Rectifier Standard Straight Cabinet,,,,,,"Guitar,Modeled",effects:560887e9-8a5f-42c5-b8fd-ffd183041b33
20d77772-b630-41aa-99d2-3511d6fef876,acd9f372-74fb-4c7d-b2a3-ea540c5917f2,0d38ec04-a5fa-4b0f-8962-2180dca97cfd,High-gain Heroes,,"Premium Tone Model
High-Gain Heroes
Striped",,,,Mesa/Boogie 4x12 Rectifier Standard Straight Cabinet,,,,,,"Guitar,Modeled",effects:560887e9-8a5f-42c5-b8fd-ffd183041b33
bc59d06e-d9a6-417f-b83a-3336294632c2,acd9f372-74fb-4c7d-b2a3-ea540c5917f2,0d38ec04-a5fa-4b0f-8962-2180dca97cfd,Striped (Amplitube),,"Premium Tone Model
High-Gain Heroes
Striped",,,,Mesa/Boogie 4x12 Rectifier Standard Straight Cabinet,,,,,,"Guitar,Modeled",effects:560887e9-8a5f-42c5-b8fd-ffd183041b33
cab37850-b223-4cdb-876a-b699be25fad1,acd9f372-74fb-4c7d-b2a3-ea540c5917f2,3656a01e-fbcd-4f75-96ff-bc59b615d9cf,Joe Satriani Amp Vault,,"Premium Tone Model (Joe Satriani)
JS Goldie",,,,"Marshall 1960A ""Stain"" 4x12",,,,,,"Guitar,Modeled",effects:560887e9-8a5f-42c5-b8fd-ffd183041b33
567feb8f-c28f-473b-a027-c0bffd0850af,acd9f372-74fb-4c7d-b2a3-ea540c5917f2,3656a01e-fbcd-4f75-96ff-bc59b615d9cf,JS Goldie (Amplitube),,"Premium Tone Model (Joe Satriani)
JS Goldie",,,,"Marshall 1960A ""Stain"" 4x12",,,,,,"Guitar,Modeled",effects:560887e9-8a5f-42c5-b8fd-ffd183041b33
e7da60e1-4688-4a67-ac76-4b2a5d0ad0a4,acd9f372-74fb-4c7d-b2a3-ea540c5917f2,363cfad2-d09d-4f9e-beef-5c00428b18d2,Cali Hot Rods,,"Premium Tone Model
Cali Hot Rods
Hot Rod",,,,1x12,,,,,,"Guitar,Modeled",effects:560887e9-8a5f-42c5-b8fd-ffd183041b33
a7bdcf39-a5a3-4b88-becd-0fd6d4353943,acd9f372-74fb-4c7d-b2a3-ea540c5917f2,363cfad2-d09d-4f9e-beef-5c00428b18d2,Hot Rod (Amplitube),,"Premium Tone Model
Cali Hot Rods
Hot Rod",,,,1x12,,,,,,"Guitar,Modeled",effects:560887e9-8a5f-42c5-b8fd-ffd183041b33
e43d428d-bf67-4f55-b83a-d8e1bc07edb1,acd9f372-74fb-4c7d-b2a3-ea540c5917f2,d579e658-6848-42ad-a7c1-f6d9de02340c,Cali Hot Rods,,"Premium Tone Model
Cali Hot Rods
Hot Rod",,,,2x12,,,,,,"Guitar,Modeled",effects:560887e9-8a5f-42c5-b8fd-ffd183041b33
00ec7bbb-4fe5-4365-a1fd-9d68a219ef30,acd9f372-74fb-4c7d-b2a3-ea540c5917f2,d579e658-6848-42ad-a7c1-f6d9de02340c,Hot Rod (Amplitube),,"Premium Tone Model
Cali Hot Rods
Hot Rod",,,,2x12,,,,,,"Guitar,Modeled",effects:560887e9-8a5f-42c5-b8fd-ffd183041b33
b5c2c201-80a7-4aec-a91f-410e949cb2d4,acd9f372-74fb-4c7d-b2a3-ea540c5917f2,48807610-a8c4-48ab-8d6b-b7ba137ceb18,Cali Hot Rods,,"Premium Tone Model
Cali Hot Rods
Hot Rod",,,,4x10,,,,,,"Guitar,Modeled",effects:560887e9-8a5f-42c5-b8fd-ffd183041b33
a3bb8f59-3501-4571-9297-63adbf78e40c,acd9f372-74fb-4c7d-b2a3-ea540c5917f2,48807610-a8c4-48ab-8d6b-b7ba137ceb18,Hot Rod (Amplitube),,"Premium Tone Model
Cali Hot Rods
Hot Rod",,,,4x10,,,,,,"Guitar,Modeled",effects:560887e9-8a5f-42c5-b8fd-ffd183041b33
832f6226-2f94-48f8-bead-53cd96fc5bc1,acd9f372-74fb-4c7d-b2a3-ea540c5917f2,abd4eff7-fa98-448e-9d20-94541c0985e6,Little Tweed (Amplitube),,"Premium Tone Model
Little Tweed",,,,1x10,Fender Pro Junior TOP,,,,,"Guitar,Modeled",effects:560887e9-8a5f-42c5-b8fd-ffd183041b33
b750283e-ba86-47e1-9270-b263aa32a860,acd9f372-74fb-4c7d-b2a3-ea540c5917f2,371564df-778a-4002-9bb1-b8db89b47c52,Fuzz Pedals,,"Premium Tone Model
Fuzz Pedals",Harmonic Coloration,,,,Fender Sub-Lime Bass Fuzz TOP,,,,,"Bass,Modeled,Stomp",effects:560887e9-8a5f-42c5-b8fd-ffd183041b33
d86caa6e-130d-461c-b823-25ce3cff99db,acd9f372-74fb-4c7d-b2a3-ea540c5917f2,371564df-778a-4002-9bb1-b8db89b47c52,XR Yellow,,,Harmonic Coloration,,,,Fender Sub-Lime Bass Fuzz TOP,,,,,"Bass,Modeled,Stomp",effects:560887e9-8a5f-42c5-b8fd-ffd183041b33
00d16d00-c196-4ef3-b5bb-c6a1744f1fac,acd9f372-74fb-4c7d-b2a3-ea540c5917f2,9d267fb9-e239-4a6b-95ef-89ed8f22e618,Twin (Amplitube),,"Premium Tone Model
Twin",,,,"Aguilar DB410
Fender 810 PRO
Trace Elliot 1048H 4x10",Fender Super Bassman 300 TOP,,,,,"Guitar,Modeled",effects:560887e9-8a5f-42c5-b8fd-ffd183041b33
8a1e26fd-e4c3-4cdf-929b-1b434e38555a,acd9f372-74fb-4c7d-b2a3-ea540c5917f2,2d49bcc0-5112-4b36-be7e-7c48f2907013,Silver (Amplitube),,"Premium Tone Model
Silver",,,,6x10,,,,,,"Guitar,Modeled",effects:560887e9-8a5f-42c5-b8fd-ffd183041b33
fe236c01-0797-46f4-873f-83f86401e25f,acd9f372-74fb-4c7d-b2a3-ea540c5917f2,e8a6c0de-e7df-485d-8a49-09f1e082d0c6,Low End Chrome (Amplitube),,"Premium Tone Model
Low End Chrome",,,,Fender 810 PRO,Fender TBP-1 Bass Preamp TOP,,,,,"Bass,Modeled",effects:560887e9-8a5f-42c5-b8fd-ffd183041b33
b08977f8-59f4-436a-8860-d230f5b5ed8e,acd9f372-74fb-4c7d-b2a3-ea540c5917f2,b5382590-1f3c-46f3-b017-119ec9a96a33,Fruity Fuzz,,Premium Tone Model,Harmonic Coloration,,,,Frantone Peachfuzz TOP,,,,,"Guitar,Modeled,Stomp",effects:560887e9-8a5f-42c5-b8fd-ffd183041b33
d813f231-080b-4394-8359-6a264256eb4f,acd9f372-74fb-4c7d-b2a3-ea540c5917f2,b5382590-1f3c-46f3-b017-119ec9a96a33,PRODrive Yellow,,PRODrive Yellow,Harmonic Coloration,,,,Frantone Peachfuzz TOP,,,,,"Guitar,Modeled,Stomp",effects:560887e9-8a5f-42c5-b8fd-ffd183041b33
21a0c6b6-fabe-48ad-b7c1-6e297b863c41,acd9f372-74fb-4c7d-b2a3-ea540c5917f2,dc5e14e4-4ce4-497e-a08a-b28cb1079e4c,US Gold (Amplitube),,"Premium Tone Model
US Gold",,,,Johnson J412V,Friedman BE100 ALT (Tone),,,,,"Guitar,Modeled",effects:560887e9-8a5f-42c5-b8fd-ffd183041b33
1e692439-ea76-4718-8b63-c823077564fa,acd9f372-74fb-4c7d-b2a3-ea540c5917f2,04fa5700-1776-4937-af78-4aed5270077d,US Gold (Amplitube),,"Premium Tone Model
US Gold",,,,"Orange PPC212
Silvertone Twin Twelve 1484 (Cab Only)",,,,,,"Guitar,Modeled",effects:560887e9-8a5f-42c5-b8fd-ffd183041b33
fcc3fdf5-5c33-4769-9014-2483df8f27d5,acd9f372-74fb-4c7d-b2a3-ea540c5917f2,0b5287e0-42f1-4a5d-a341-af6a2a1aaafd,Joe Satriani Amp Vault,,"Premium Tone Model (Joe Satriani) 
JS Lil Box",,,,1x12,,,,,,"Guitar,Modeled",effects:560887e9-8a5f-42c5-b8fd-ffd183041b33
d244a169-9abd-41e0-9f42-e534f360815e,acd9f372-74fb-4c7d-b2a3-ea540c5917f2,0b5287e0-42f1-4a5d-a341-af6a2a1aaafd,JS Lil Box (Amplitube),,"Premium Tone Model (Joe Satriani) 
JS Lil Box",,,,1x12,,,,,,"Guitar,Modeled",effects:560887e9-8a5f-42c5-b8fd-ffd183041b33
33d89314-966d-45e6-97a8-4933c0cea736,acd9f372-74fb-4c7d-b2a3-ea540c5917f2,7ed1507f-6020-4915-9976-6106a1b7764c,Tonex Pedal,,TONEX Pedal,Harmonic Coloration,,,,,,,,,"Guitar,Modeled,Stomp",effects:560887e9-8a5f-42c5-b8fd-ffd183041b33
513e5346-7452-4461-b980-0c5a60b7422f,acd9f372-74fb-4c7d-b2a3-ea540c5917f2,8f5ffd57-9f3f-4330-9dea-3c87e6223a17,XR Dark Blue,,,Harmonic Coloration,,,,,,,,,"Guitar,Modeled,Stomp",effects:560887e9-8a5f-42c5-b8fd-ffd183041b33
ada130e4-71a0-4055-aecf-9e040890c91c,acd9f372-74fb-4c7d-b2a3-ea540c5917f2,cd9f0127-243c-4280-aba6-b9876ea2bef4,Double Red,,Double Red,Harmonic Coloration,,,,,,,,,"Guitar,Modeled,Stomp",effects:560887e9-8a5f-42c5-b8fd-ffd183041b33
b3c5674d-bcf9-4883-8aea-7a28806373dc,acd9f372-74fb-4c7d-b2a3-ea540c5917f2,939bd7d5-5a2b-475a-9987-20b209e952bb,XR White,,,Harmonic Coloration,,,,Fulltone OCD ALT (Tone),,,,,"Guitar,Modeled,Stomp",effects:560887e9-8a5f-42c5-b8fd-ffd183041b33
f69c0650-faf5-41ef-ad65-ff26ab4f9f3b,acd9f372-74fb-4c7d-b2a3-ea540c5917f2,9fb44bc9-91fe-40ec-8711-18f9be35b503,TS Dark Blue,,,Harmonic Coloration,,,,,,,,,"Guitar,Modeled,Stomp",effects:560887e9-8a5f-42c5-b8fd-ffd183041b33
3b7c8c4f-99d1-4d95-a014-b25f875e894e,acd9f372-74fb-4c7d-b2a3-ea540c5917f2,4beb8a17-2957-478b-b84b-292ed31dc407,GK Bass,,"Premium Tone Model
GK Bass
TONEX Amp Black",,,,Galien Krueger NEO 410,,,,,,"Bass,Modeled",effects:560887e9-8a5f-42c5-b8fd-ffd183041b33
f24ac288-e83c-4b49-a43a-6684f3e0f586,acd9f372-74fb-4c7d-b2a3-ea540c5917f2,4beb8a17-2957-478b-b84b-292ed31dc407,TONEX Amp Black (Amplitube),,"Premium Tone Model
GK Bass
TONEX Amp Black",,,,Galien Krueger NEO 410,,,,,,"Bass,Modeled",effects:560887e9-8a5f-42c5-b8fd-ffd183041b33
280d76ad-2d8c-4711-847e-1e1205db7dd4,acd9f372-74fb-4c7d-b2a3-ea540c5917f2,38d7028b-e3d7-4c95-9155-480e93d2d454,GK Bass,,"Premium Tone Model
GK Bass
TONEX Amp Black",,,,Aguilar DB410,Gallien-Krueger 800RB ALT (Tone),,,,,"Bass,Modeled",effects:560887e9-8a5f-42c5-b8fd-ffd183041b33
24f9e29f-57f4-4ddf-82a7-32e9e0f102db,acd9f372-74fb-4c7d-b2a3-ea540c5917f2,38d7028b-e3d7-4c95-9155-480e93d2d454,TONEX Amp Black (Amplitube),,"Premium Tone Model
GK Bass
TONEX Amp Black",,,,Aguilar DB410,Gallien-Krueger 800RB ALT (Tone),,,,,"Bass,Modeled",effects:560887e9-8a5f-42c5-b8fd-ffd183041b33
24f9e29f-57f4-4ddf-82a7-32e9e0f102db,acd9f372-74fb-4c7d-b2a3-ea540c5917f2,38d7028b-e3d7-4c95-9155-480e93d2d454,TONEX Amp Black (Amplitube),,"Premium Tone Model
TONEX Amp Black",,,,Ambeg BA500,Gallien-Krueger 800RB ALT (Tone),,,,,"Bass,Modeled",effects:560887e9-8a5f-42c5-b8fd-ffd183041b33
9d9d508f-4fe4-4ac8-a53e-cac3a2705cd6,acd9f372-74fb-4c7d-b2a3-ea540c5917f2,e8cda797-362d-471d-90e2-636433144b94,GK Bass,,"Premium Tone Model
GK Bass",,,,Gallien-Krueger 115 RBH,Gallien-Krueger MB150S TOP,,,,,"Bass,Modeled",effects:560887e9-8a5f-42c5-b8fd-ffd183041b33
05726ec5-1487-4b60-a89d-ad15a1415cc1,acd9f372-74fb-4c7d-b2a3-ea540c5917f2,e8cda797-362d-471d-90e2-636433144b94,TONEX Amp Black (Amplitube),,"Premium Tone Model
TONEX Amp Black",,,,Gallien-Krueger 115 RBH,Gallien-Krueger MB150S TOP,,,,,"Bass,Modeled",effects:560887e9-8a5f-42c5-b8fd-ffd183041b33
e2cf7f9e-2cb3-4fc6-ad66-508ae2affe57,acd9f372-74fb-4c7d-b2a3-ea540c5917f2,c2322170-18f1-41e9-961a-a3678f7954e5,Double Red,,Double Red,Harmonic Coloration,,,,,,,,,"Guitar,Modeled,Stomp",effects:560887e9-8a5f-42c5-b8fd-ffd183041b33
b20946f4-5cff-4f2f-8d6f-7aff260d8635,acd9f372-74fb-4c7d-b2a3-ea540c5917f2,dbad8417-293d-49a8-ac2f-64f76e1591b2,Vintage & Lo-Fi,,"Premium Tone Model
Low End Chrome
Vintage & Lo-FI",,,,,,,,,,"Guitar,Modeled",effects:560887e9-8a5f-42c5-b8fd-ffd183041b33
0f7c7012-03cd-4bdf-8f75-0022dd19e8ee,acd9f372-74fb-4c7d-b2a3-ea540c5917f2,dbad8417-293d-49a8-ac2f-64f76e1591b2,Low End Chrome (Amplitube),,"Premium Tone Model
Low End Chrome
Vintage & Lo-FI",,,,,,,,,,"Guitar,Modeled",effects:560887e9-8a5f-42c5-b8fd-ffd183041b33
fd84e28b-0b68-4a38-b9c8-4b5b30dd555c,acd9f372-74fb-4c7d-b2a3-ea540c5917f2,83e61f94-3561-408c-994f-a6d464c1da6b,Vintage & Lo-Fi,,"Premium Tone Model
Low End Chrome
Vintage & Lo-FI",,,,Handmade 1x12,,,,,,"Guitar,Modeled",effects:560887e9-8a5f-42c5-b8fd-ffd183041b33
b0941ef6-8a80-4ea7-8ce2-ca489208b31c,acd9f372-74fb-4c7d-b2a3-ea540c5917f2,83e61f94-3561-408c-994f-a6d464c1da6b,Low End Chrome (Amplitube),,"Premium Tone Model
Low End Chrome
Vintage & Lo-FI",,,,Handmade 1x12,,,,,,"Guitar,Modeled",effects:560887e9-8a5f-42c5-b8fd-ffd183041b33
233d0078-4de5-4b63-a1c5-cb8ff6881a50,acd9f372-74fb-4c7d-b2a3-ea540c5917f2,513194a9-ed9c-4280-a619-98621cd9147a,Joe Satriani Amp Vault,,"Premium Tone Model (Joe Satriani)
JS High Custom",,,,"Marshall 1960A ""Stain"" 4x12",Hiwatt DR103 Custom 100 ALT (Tone),,,,,"Guitar,Modeled",effects:560887e9-8a5f-42c5-b8fd-ffd183041b33
3574dba7-b000-4777-af79-e6d019333ca5,acd9f372-74fb-4c7d-b2a3-ea540c5917f2,513194a9-ed9c-4280-a619-98621cd9147a,JS High Custom (Amplitube),,"Premium Tone Model (Joe Satriani)
JS High Custom",,,,"Marshall 1960A ""Stain"" 4x12",Hiwatt DR103 Custom 100 ALT (Tone),,,,,"Guitar,Modeled",effects:560887e9-8a5f-42c5-b8fd-ffd183041b33
9533b57e-e8e0-43ca-9ce4-d697793a4560,acd9f372-74fb-4c7d-b2a3-ea540c5917f2,513194a9-ed9c-4280-a619-98621cd9147a,TONEX Amp Black (Amplitube),,"Premium Tone Model
TONEX Amp Black",,,,"Hiwatt 4x12
Marshall 1960B 4x12",Hiwatt DR103 Custom 100 ALT (Tone),,,,,"Guitar,Modeled",effects:560887e9-8a5f-42c5-b8fd-ffd183041b33
ba3f9baa-1cab-42b9-9f2b-53544eeb54e8,acd9f372-74fb-4c7d-b2a3-ea540c5917f2,5c523212-541e-44c0-a07e-bfed92ed6860,Alex Lifeson Legacy,,Premium Tone Model (Alex Lifeson),,,,Hughes & Kettner TC 412 A60,,,,,,"Guitar,Modeled",effects:560887e9-8a5f-42c5-b8fd-ffd183041b33
c7b6a22c-849a-4647-bafb-d67b05ede341,acd9f372-74fb-4c7d-b2a3-ea540c5917f2,2cc0bdbc-a0a3-4d40-b1f2-9ddbf893052e,TS Green,,,Harmonic Coloration,,,,Ibanez TS808 ALT (Tone),,,,,"Guitar,Modeled,Stomp",effects:560887e9-8a5f-42c5-b8fd-ffd183041b33
ab6750c8-f649-44e7-bf53-b58171b95bca,acd9f372-74fb-4c7d-b2a3-ea540c5917f2,2cc0bdbc-a0a3-4d40-b1f2-9ddbf893052e,ODS Legends,,"Premium Tone Model (Overdrive Special) 
Signature Collections Vol. 1",Harmonic Coloration,,,,Ibanez TS808 ALT (Tone),,,,,"Guitar,Modeled,Stomp",effects:560887e9-8a5f-42c5-b8fd-ffd183041b33
25b0edd2-6897-4325-bc22-8328c249d4bb,acd9f372-74fb-4c7d-b2a3-ea540c5917f2,2cc0bdbc-a0a3-4d40-b1f2-9ddbf893052e,Signature Collections Vol 1.,,"Premium Tone Model (Overdrive Special) 
Signature Collections Vol. 1",Harmonic Coloration,,,,Ibanez TS808 ALT (Tone),,,,,"Guitar,Modeled,Stomp",effects:560887e9-8a5f-42c5-b8fd-ffd183041b33
fa76c990-5c78-4811-9418-67a385d20316,acd9f372-74fb-4c7d-b2a3-ea540c5917f2,0979cb4a-b6c0-4571-8aaf-61c5ed660021,Gus G. Tone Asylum,,Premium Tone Model (Gus G.),Harmonic Coloration,,,,,,,,,"Guitar,Modeled,Stomp",effects:560887e9-8a5f-42c5-b8fd-ffd183041b33
9ea3fc55-53ee-4c76-8093-1fb1d58ae66a,acd9f372-74fb-4c7d-b2a3-ea540c5917f2,8206c3ea-828a-4f03-b3ed-2e2e59e63066,Jet Blue (Amplitube),,Premium Tone Model,,,,Orange PPC112,Jet City JCA 20H TOP,,,,,"Guitar,Modeled",effects:560887e9-8a5f-42c5-b8fd-ffd183041b33
a985dc9e-eed9-4a50-9a21-8270312fd4ab,acd9f372-74fb-4c7d-b2a3-ea540c5917f2,02337c84-a289-4411-8ec1-e32b5d7ad399,Signature Collections Vol 1.,,"Premium Tone Model
Signature Collections Vol. 1",Harmonic Coloration,,,,JHS Morning Glory TOP,,,,,"Guitar,Modeled,Stomp",effects:560887e9-8a5f-42c5-b8fd-ffd183041b33
54b5848c-bfd2-40da-95f7-d7cbf52a3597,acd9f372-74fb-4c7d-b2a3-ea540c5917f2,02337c84-a289-4411-8ec1-e32b5d7ad399,TS Gold,,,Harmonic Coloration,,,,JHS Morning Glory ALT (Tone),,,,,"Guitar,Modeled,Stomp",effects:560887e9-8a5f-42c5-b8fd-ffd183041b33
665c0a1c-b893-4cf1-bae1-0e366bbfd1bb,acd9f372-74fb-4c7d-b2a3-ea540c5917f2,c7f1d245-57d9-454e-a0be-712a16ca75eb,Golden Horse / Goldie Horsie,,Premium Tone Model,Harmonic Coloration,,,Golden Horse (Tonex) / Goldie Horsie (Amplitube),Klon Centaur ALT (Tone),,,,,"Guitar,Modeled,Stomp",effects:560887e9-8a5f-42c5-b8fd-ffd183041b33
b6ddc53f-da47-4646-878d-6a04690d222f,acd9f372-74fb-4c7d-b2a3-ea540c5917f2,c7f1d245-57d9-454e-a0be-712a16ca75eb,ODS Legends,,"Premium Tone Model (Overdrive Special) 
Signature Collections Vol. 1",Harmonic Coloration,,,,Klon Centaur ALT (Tone),,,,,"Guitar,Modeled,Stomp",effects:560887e9-8a5f-42c5-b8fd-ffd183041b33
94b6ecba-c804-4876-b38a-1c72782fde5b,acd9f372-74fb-4c7d-b2a3-ea540c5917f2,c7f1d245-57d9-454e-a0be-712a16ca75eb,Signature Collections Vol 1.,,"Premium Tone Model (Overdrive Special) 
Signature Collections Vol. 1",Harmonic Coloration,,,,Klon Centaur ALT (Tone),,,,,"Guitar,Modeled,Stomp",effects:560887e9-8a5f-42c5-b8fd-ffd183041b33
fb5da660-4efc-4880-b77e-c0d2eb036f55,acd9f372-74fb-4c7d-b2a3-ea540c5917f2,c4cea52b-8e3d-4611-a8fe-8c52afcab07c,Dynamic Drive,,Premium Tone Model,Harmonic Coloration,,,,Landgraff Dynamic Overdrive TOP,,,,,"Guitar,Modeled,Stomp",effects:560887e9-8a5f-42c5-b8fd-ffd183041b33
df22eb40-8a61-40ac-aad9-f1df529b8243,acd9f372-74fb-4c7d-b2a3-ea540c5917f2,c4cea52b-8e3d-4611-a8fe-8c52afcab07c,TS Blue,,,Harmonic Coloration,,,,Landgraff Dynamic Overdrive TOP,,,,,"Guitar,Modeled,Stomp",effects:560887e9-8a5f-42c5-b8fd-ffd183041b33
467fadb8-04d0-47ab-a199-2681195ffbf2,acd9f372-74fb-4c7d-b2a3-ea540c5917f2,c382c3fc-bfac-4dc9-845a-5fcf275a2f9c,Hot Rod (Amplitube),,"Premium Tone Model
Hot Rod",,,,2x12 Combo,,,,,,"Guitar,Modeled",effects:560887e9-8a5f-42c5-b8fd-ffd183041b33
8a68781d-e19f-4a1a-910a-63b45551de33,acd9f372-74fb-4c7d-b2a3-ea540c5917f2,768b1dd1-43e1-404e-9d30-733d0c362eb2,Alex Lifeson Legacy,,Premium Tone Model (Alex Lifeson),,,,"Lerxst Omega 4x12
Marshall 1960BV 4x12",,,,,,"Guitar,Modeled",effects:560887e9-8a5f-42c5-b8fd-ffd183041b33
36fc8549-b1c0-40cd-97c9-28ab1dbe9e61,acd9f372-74fb-4c7d-b2a3-ea540c5917f2,7f959773-1964-48a8-88c5-c345525e6fac,Hyde Street Amp Locker,,Premium Tone Model (Hyde Street),,,,Marshall 1960A 4x12,,,,,,"Guitar,Modeled",effects:560887e9-8a5f-42c5-b8fd-ffd183041b33
a76ed25a-e7b0-407f-851b-3f97113e9da1,acd9f372-74fb-4c7d-b2a3-ea540c5917f2,e8d0dd10-fc1b-48d7-8f2b-bff889d41339,Tone Fuzz,,,Harmonic Coloration,,,,Maestro FZ-1B Fuzz Tone TOP,,,,,"Guitar,Modeled,Stomp",effects:560887e9-8a5f-42c5-b8fd-ffd183041b33
94a84f9e-ae09-4ee4-a7b5-3ce2b1b867a0,acd9f372-74fb-4c7d-b2a3-ea540c5917f2,e8d0dd10-fc1b-48d7-8f2b-bff889d41339,Vintage & Lo-Fi Collection,,"Premium Tone Model
Vintage & Lo-FI",Harmonic Coloration,,,,Maestro FZ-1B Fuzz Tone TOP,,,,,"Guitar,Modeled,Stomp",effects:560887e9-8a5f-42c5-b8fd-ffd183041b33
11f39aab-cf1c-49e8-8dd6-5789ed944802,acd9f372-74fb-4c7d-b2a3-ea540c5917f2,4e6d9491-ede6-4b91-a696-c8975907b9b2,Joe Satriani Amp Vault,,"Premium Tone Model (Joe Satriani)
JS JTM",,,,"(1969) Marshall 1960A ""Stain"" 4x12",Marshall 1959 SLP TOP,,,,,"Guitar,Modeled",effects:560887e9-8a5f-42c5-b8fd-ffd183041b33
96f956e1-e0e9-41be-8aaf-5d54f90c7f56,acd9f372-74fb-4c7d-b2a3-ea540c5917f2,4e6d9491-ede6-4b91-a696-c8975907b9b2,JS JTM (Amplitube),,"Premium Tone Model (Joe Satriani)
JS JTM",,,,"(1969) Marshall 1960A ""Stain"" 4x12",Marshall 1959 SLP TOP,,,,,"Guitar,Modeled",effects:560887e9-8a5f-42c5-b8fd-ffd183041b33
11f39aab-cf1c-49e8-8dd6-5789ed944802,acd9f372-74fb-4c7d-b2a3-ea540c5917f2,4e6d9491-ede6-4b91-a696-c8975907b9b2,Joe Satriani Amp Vault,,"Premium Tone Model (Joe Satriani)
JS JTM",,,,"(1971) Marshall 1960A ""Stain"" 4x12",Marshall 1959 SLP TOP,,,,,"Guitar,Modeled",effects:560887e9-8a5f-42c5-b8fd-ffd183041b33
96f956e1-e0e9-41be-8aaf-5d54f90c7f56,acd9f372-74fb-4c7d-b2a3-ea540c5917f2,4e6d9491-ede6-4b91-a696-c8975907b9b2,JS JTM (Amplitube),,"Premium Tone Model (Joe Satriani)
JS JTM",,,,"(1971) Marshall 1960A ""Stain"" 4x12",Marshall 1959 SLP TOP,,,,,"Guitar,Modeled",effects:560887e9-8a5f-42c5-b8fd-ffd183041b33
b4ab210d-405e-405f-8945-845b0692c80e,acd9f372-74fb-4c7d-b2a3-ea540c5917f2,4e6d9491-ede6-4b91-a696-c8975907b9b2,Plexi Guard (Amplitube),,"Premium Tone Model
Plexi Guard",,,,Marshall 1960AV 4x12,Marshall 1959 SLP ALT (Tone),,,,,"Guitar,Modeled",effects:560887e9-8a5f-42c5-b8fd-ffd183041b33
661774a5-e5a2-48f9-821a-cc22106d4020,acd9f372-74fb-4c7d-b2a3-ea540c5917f2,4e6d9491-ede6-4b91-a696-c8975907b9b2,Plexi Tone,,"Premium Tone Model
Plexi Guard
Plexi Tone",,,,"Marshall 1960A 4x12
Marshall Lead 412
Orange PPC412",Marshall 1959 SLP ALT (Tone),,,,,"Guitar,Modeled",effects:560887e9-8a5f-42c5-b8fd-ffd183041b33
b4ab210d-405e-405f-8945-845b0692c80e,acd9f372-74fb-4c7d-b2a3-ea540c5917f2,4e6d9491-ede6-4b91-a696-c8975907b9b2,Plexi Guard (Amplitube),,"Premium Tone Model
Plexi Guard
Plexi Tone",,,,"Marshall 1960A 4x12
Marshall Lead 412
Orange PPC412",Marshall 1959 SLP ALT (Tone),,,,,"Guitar,Modeled",effects:560887e9-8a5f-42c5-b8fd-ffd183041b33
8534f5fe-f282-4b6a-82e8-2e0a9bb0004b,acd9f372-74fb-4c7d-b2a3-ea540c5917f2,d7635a03-5d4b-4a22-80cc-9aa26cbdb686,Plexi Tone,,"Premium Tone Model
Plexi Guard
Plexi Tone",,,,Marshall 1960A 4x12,,,,,,"Guitar,Modeled",effects:560887e9-8a5f-42c5-b8fd-ffd183041b33
3da3221a-1c82-4773-bb04-3c7d4d9ef43b,acd9f372-74fb-4c7d-b2a3-ea540c5917f2,d7635a03-5d4b-4a22-80cc-9aa26cbdb686,Plexi Guard (Amplitube),,"Premium Tone Model
Plexi Guard
Plexi Tone",,,,Marshall 1960A 4x12,,,,,,"Guitar,Modeled",effects:560887e9-8a5f-42c5-b8fd-ffd183041b33
f5c24955-41f7-4ba1-bf9b-99ecd3dcef78,acd9f372-74fb-4c7d-b2a3-ea540c5917f2,e44c96cc-1fa1-4446-a814-bb7061abb9b6,Plexi Tone,,"Premium Tone Model
Plexi Guard
Plexi Tone",,,,"Marshall 1960A 4x12
Marshall 1990 Lead 8x10
Orange PPC412",Marshall 1987 SLP TOP,,,,,"Guitar,Modeled",effects:560887e9-8a5f-42c5-b8fd-ffd183041b33
424a6c2d-db4e-47bd-8b06-d4210e4a5fd3,acd9f372-74fb-4c7d-b2a3-ea540c5917f2,e44c96cc-1fa1-4446-a814-bb7061abb9b6,Plexi Guard (Amplitube),,"Premium Tone Model
Plexi Guard
Plexi Tone",,,,"Marshall 1960A 4x12
Marshall 1990 Lead 8x10
Orange PPC412",Marshall 1987 SLP TOP,,,,,"Guitar,Modeled",effects:560887e9-8a5f-42c5-b8fd-ffd183041b33
0b0e2451-e0ce-460c-b423-e4dc2a248fed,acd9f372-74fb-4c7d-b2a3-ea540c5917f2,728fb8bd-72b8-46cc-979c-8f9e3b3429d1,Plexi Guard (Amplitube),,"Premium Tone Model
Plexi Guard",,,,Marshall 1935A 4x12,Marshall 1992 SBP TOP,,,,,"Guitar,Modeled",effects:560887e9-8a5f-42c5-b8fd-ffd183041b33
449e8a5b-581d-4d66-ae1b-1b68d27d85c5,acd9f372-74fb-4c7d-b2a3-ea540c5917f2,728fb8bd-72b8-46cc-979c-8f9e3b3429d1,Gold Guard (Amplitube),,"Premium Tone Model
Gold Guard",,,,Marshall 1552 2x15,,,,,,"Bass,Modeled",effects:560887e9-8a5f-42c5-b8fd-ffd183041b33
638c7d7b-db8f-4795-80c7-3564744baceb,acd9f372-74fb-4c7d-b2a3-ea540c5917f2,d0604fe6-7b01-4359-ace9-97f6b9371841,Alex Lifeson Legacy,,Premium Tone Model (Alex Lifeson),,,,2x12,,,,,,"Guitar,Modeled",effects:560887e9-8a5f-42c5-b8fd-ffd183041b33
6f941876-e45f-497f-975b-1741db75f73b,acd9f372-74fb-4c7d-b2a3-ea540c5917f2,50e410e2-a9d2-4b0b-80dc-cf85e43e38e0,Alex Lifeson Legacy,,Premium Tone Model (Alex Lifeson),,,,"Marshall 1960BV 4x12
Marshall 4140 Club & Country 2x12",Marshall 6100 30th Anniversary TOP,,,,,"Guitar,Modeled",effects:560887e9-8a5f-42c5-b8fd-ffd183041b33
37ab8bdf-b9fd-444e-a9ea-3a16ad9460a5,acd9f372-74fb-4c7d-b2a3-ea540c5917f2,50e410e2-a9d2-4b0b-80dc-cf85e43e38e0,Joe Satriani Amp Vault,,"Premium Tone Model (Joe Satriani)
JS JCM",,,,Marshall 1960B 4x12,Marshall 6100 30th Anniversary TOP,,,,,"Guitar,Modeled",effects:560887e9-8a5f-42c5-b8fd-ffd183041b33
608cb43c-6585-4d8f-8cbc-919ddb5f9410,acd9f372-74fb-4c7d-b2a3-ea540c5917f2,50e410e2-a9d2-4b0b-80dc-cf85e43e38e0,JS JCM (Amplitube),,"Premium Tone Model (Joe Satriani)
JS JCM",,,,Marshall 1960B 4x12,Marshall 6100 30th Anniversary TOP,,,,,"Guitar,Modeled",effects:560887e9-8a5f-42c5-b8fd-ffd183041b33
0a4f91a8-bd48-47a0-8514-1fe9a4d85c13,acd9f372-74fb-4c7d-b2a3-ea540c5917f2,386cd6af-699f-4520-9b41-25e29b4149d5,Hard & Heavy,,"Premium Tone Model
Gold Guard",,,,M-Tech Audio Cab 112,,,,,,"Guitar,Modeled",effects:560887e9-8a5f-42c5-b8fd-ffd183041b33
0f8cb45b-6558-48e0-8cae-0cee98d18cc6,acd9f372-74fb-4c7d-b2a3-ea540c5917f2,386cd6af-699f-4520-9b41-25e29b4149d5,Gold Guard (Amplitube),,"Premium Tone Model
Gold Guard",,,,M-Tech Audio Cab 112,,,,,,"Guitar,Modeled",effects:560887e9-8a5f-42c5-b8fd-ffd183041b33
ec3e4a99-a7b2-448d-8eec-e4ee69b23d4a,acd9f372-74fb-4c7d-b2a3-ea540c5917f2,386cd6af-699f-4520-9b41-25e29b4149d5,High-gain Heroes,,"Premium Tone Model
Gold Guard
High-Gain Heroes",,,,M-Tech Audio Cab 112,,,,,,"Guitar,Modeled",effects:560887e9-8a5f-42c5-b8fd-ffd183041b33
0f8cb45b-6558-48e0-8cae-0cee98d18cc6,acd9f372-74fb-4c7d-b2a3-ea540c5917f2,386cd6af-699f-4520-9b41-25e29b4149d5,Gold Guard (Amplitube),,"Premium Tone Model
Gold Guard
High-Gain Heroes",,,,M-Tech Audio Cab 112,,,,,,"Guitar,Modeled",effects:560887e9-8a5f-42c5-b8fd-ffd183041b33
844d1528-4cfb-42b8-ab3d-f40a61029f2d,acd9f372-74fb-4c7d-b2a3-ea540c5917f2,30572e46-2660-4f97-b378-eeb9103bce97,Mirrored(Amplitube),,"Premium Tone Model
Mirrored",,,,Johnson J412V,Marshall AFD100 TOP,,,,,"Guitar,Modeled",effects:560887e9-8a5f-42c5-b8fd-ffd183041b33
9e84594c-f928-4dfc-8671-fa3e4c5fc4d7,acd9f372-74fb-4c7d-b2a3-ea540c5917f2,30572e46-2660-4f97-b378-eeb9103bce97,Plexi Guard (Amplitube),,"Premium Tone Model
Plexi Guard",,,,Marshall 1960BV 4x12,Marshall AFD100 TOP,,,,,"Guitar,Modeled",effects:560887e9-8a5f-42c5-b8fd-ffd183041b33
613a30be-59b4-47d0-ae9d-8bef957eaafe,acd9f372-74fb-4c7d-b2a3-ea540c5917f2,54083b93-0203-4cac-9de8-d66963eb984f,Double Black,,Double Black,Harmonic Coloration,,,,,,,,,"Guitar,Modeled,Stomp",effects:560887e9-8a5f-42c5-b8fd-ffd183041b33
45f8008b-36b0-4ea0-94c9-563e504e8450,acd9f372-74fb-4c7d-b2a3-ea540c5917f2,8374eb40-5ccf-4479-b90b-d55ef200ed4b,Gold Guard (Amplitube),,"Premium Tone Model
Gold Guard",,,,Marshall 2551A 4x12,Marshall 2555 Silver Jubilee TOP,,,,,"Guitar,Modeled",effects:560887e9-8a5f-42c5-b8fd-ffd183041b33
48a485bd-e06c-405a-8972-a58d45ee0c7b,acd9f372-74fb-4c7d-b2a3-ea540c5917f2,574a8362-8eaf-4893-bfa1-53d00a89515f,Joe Satriani Amp Vault,,"Premium Tone Model (Joe Satriani)
JS JCM",,,,Marshall 1960B 4x12,,,,,,"Guitar,Modeled",effects:560887e9-8a5f-42c5-b8fd-ffd183041b33
5a8239dd-cd2c-42db-a96a-205060d62935,acd9f372-74fb-4c7d-b2a3-ea540c5917f2,574a8362-8eaf-4893-bfa1-53d00a89515f,JS JCM (Amplitube),,"Premium Tone Model (Joe Satriani)
JS JCM",,,,Marshall 1960B 4x12,,,,,,"Guitar,Modeled",effects:560887e9-8a5f-42c5-b8fd-ffd183041b33
6d610ebf-b665-44fd-9e12-64e2090e34b8,acd9f372-74fb-4c7d-b2a3-ea540c5917f2,3b07b952-0e6b-49a7-850b-5309ad6ad3aa,Hard & Heavy,,"Premium Tone Model
Gold Guard",,,,Mesa/Boogie 4x12 Rectifier Standard Straight Cabinet,,,,,,"Guitar,Modeled",effects:560887e9-8a5f-42c5-b8fd-ffd183041b33
c3fba1ba-b840-46cd-b703-bd1806458a1a,acd9f372-74fb-4c7d-b2a3-ea540c5917f2,3b07b952-0e6b-49a7-850b-5309ad6ad3aa,Gold Guard (Amplitube),,"Premium Tone Model
Gold Guard",,,,Mesa/Boogie 4x12 Rectifier Standard Straight Cabinet,,,,,,"Guitar,Modeled",effects:560887e9-8a5f-42c5-b8fd-ffd183041b33
f35e484f-9332-4fcd-a0fc-02a767340b1e,acd9f372-74fb-4c7d-b2a3-ea540c5917f2,d7d81f4d-4386-42ff-857c-c1f62e936515,Gus G. Tone Asylum,,Premium Tone Model (Gus G.),,,,Blackstar Artisan 412,,,,,,"Guitar,Modeled",effects:560887e9-8a5f-42c5-b8fd-ffd183041b33
e22173a5-faf7-495c-8bf8-d351e7e5473a,acd9f372-74fb-4c7d-b2a3-ea540c5917f2,c2f2d7d4-2d47-4fad-b822-60dc7ffd7a4e,800 & 900,,"Premium Tone Model
800 & 900
Gold Guard",,,,"Marshall 1960AX 4x12
Marshall 1960BV 4x12",Marshall JCM800 TOP,,,,,"Guitar,Modeled",effects:560887e9-8a5f-42c5-b8fd-ffd183041b33
4a095bc9-f029-4e1e-8eb9-ec31208e4967,acd9f372-74fb-4c7d-b2a3-ea540c5917f2,c2f2d7d4-2d47-4fad-b822-60dc7ffd7a4e,Gold Guard (Amplitube),,"Premium Tone Model
800 & 900
Gold Guard",,,,"Marshall 1960AX 4x12
Marshall 1960BV 4x12",Marshall JCM800 TOP,,,,,"Guitar,Modeled",effects:560887e9-8a5f-42c5-b8fd-ffd183041b33
4a095bc9-f029-4e1e-8eb9-ec31208e4967,acd9f372-74fb-4c7d-b2a3-ea540c5917f2,c2f2d7d4-2d47-4fad-b822-60dc7ffd7a4e,Gold Guard (Amplitube),,"Premium Tone Model
Gold Guard",,,,Fender EVH 5150 III 4x12,Marshall JCM800 TOP,,,,,"Guitar,Modeled",effects:560887e9-8a5f-42c5-b8fd-ffd183041b33
49e68cad-f3e3-44a7-b62c-82b36d16aca7,acd9f372-74fb-4c7d-b2a3-ea540c5917f2,5437927a-4555-4ef4-8506-b4abe3f29cfd,Hard & Heavy,,"Premium Tone Model
Gold Guard",,,,Marshall 1960B 4x12,,,,,,"Guitar,Modeled",effects:560887e9-8a5f-42c5-b8fd-ffd183041b33
7f9a0dd1-48f5-4606-9cd1-37c13eec52d6,acd9f372-74fb-4c7d-b2a3-ea540c5917f2,5437927a-4555-4ef4-8506-b4abe3f29cfd,Gold Guard (Amplitube),,"Premium Tone Model
Gold Guard",,,,Marshall 1960B 4x12,,,,,,"Guitar,Modeled",effects:560887e9-8a5f-42c5-b8fd-ffd183041b33
350a05c7-a2ae-4f9a-94f0-6bd4ddb8765e,acd9f372-74fb-4c7d-b2a3-ea540c5917f2,b23af04a-55b6-4128-bf57-484222e9dfa6,Hyde Street Amp Locker,,Premium Tone Model (Hyde Street),,,,Marshall 1960A 4x12,,,,,,"Guitar,Modeled",effects:560887e9-8a5f-42c5-b8fd-ffd183041b33
f8171b09-cd78-4513-ab16-e94ab244957c,acd9f372-74fb-4c7d-b2a3-ea540c5917f2,b23af04a-55b6-4128-bf57-484222e9dfa6,Gold Guard (Amplitube),,Premium Tone Model (Hyde Street),,,,Marshall 1960A 4x12,,,,,,"Guitar,Modeled",effects:560887e9-8a5f-42c5-b8fd-ffd183041b33
3a1dd3d4-3227-44b5-b03e-7690aca69a81,acd9f372-74fb-4c7d-b2a3-ea540c5917f2,b15a229a-cfb3-4c7f-b131-b1ad647f6fc4,800 & 900,,"Premium Tone Model
800 & 900
Gold Guard",,,,Marshall 1960A 4x12,Marshall JCM900 TOP,,,,,"Guitar,Modeled",effects:560887e9-8a5f-42c5-b8fd-ffd183041b33
d36b3705-7e4e-4d8f-b718-81d3e7068661,acd9f372-74fb-4c7d-b2a3-ea540c5917f2,b15a229a-cfb3-4c7f-b131-b1ad647f6fc4,Gold Guard (Amplitube),,"Premium Tone Model
800 & 900
Gold Guard",,,,Marshall 1960A 4x12,Marshall JCM900 TOP,,,,,"Guitar,Modeled",effects:560887e9-8a5f-42c5-b8fd-ffd183041b33
d36b3705-7e4e-4d8f-b718-81d3e7068661,acd9f372-74fb-4c7d-b2a3-ea540c5917f2,b15a229a-cfb3-4c7f-b131-b1ad647f6fc4,Gold Guard (Amplitube),,"Premium Tone Model
Gold Guard",,,,"Fender EVH 5150 III 4x12
Hiwatt 4x12",Marshall JCM900 TOP,,,,,"Guitar,Modeled",effects:560887e9-8a5f-42c5-b8fd-ffd183041b33
fb777e8e-22b1-43f5-ade7-8abda5e4b7ea,acd9f372-74fb-4c7d-b2a3-ea540c5917f2,b15a229a-cfb3-4c7f-b131-b1ad647f6fc4,High-gain Heroes,,"Premium Tone Model
Gold Guard
High-Gain Heroes",,,,Marshall 1960A 4x12,Marshall JCM900 TOP,,,,,"Guitar,Modeled",effects:560887e9-8a5f-42c5-b8fd-ffd183041b33
d36b3705-7e4e-4d8f-b718-81d3e7068661,acd9f372-74fb-4c7d-b2a3-ea540c5917f2,b15a229a-cfb3-4c7f-b131-b1ad647f6fc4,Gold Guard (Amplitube),,"Premium Tone Model
Gold Guard
High-Gain Heroes",,,,Marshall 1960A 4x12,Marshall JCM900 TOP,,,,,"Guitar,Modeled",effects:560887e9-8a5f-42c5-b8fd-ffd183041b33
0f023226-955e-444a-b522-8490ae07c67f,acd9f372-74fb-4c7d-b2a3-ea540c5917f2,fc4ddd05-a715-45c6-bfcd-ee6649f03fc2,Hard & Heavy,,"Premium Tone Model
Gold Guard",,,,Marshall 2551A 4x12,Marshall JVM 410H JS TOP,,,,,"Guitar,Modeled",effects:560887e9-8a5f-42c5-b8fd-ffd183041b33
10738bbc-68ee-4bfd-8ccb-86432af18f41,acd9f372-74fb-4c7d-b2a3-ea540c5917f2,fc4ddd05-a715-45c6-bfcd-ee6649f03fc2,Gold Guard (Amplitube),,"Premium Tone Model
Gold Guard",,,,Marshall 2551A 4x12,Marshall JVM 410H JS TOP,,,,,"Guitar,Modeled",effects:560887e9-8a5f-42c5-b8fd-ffd183041b33
abafcc4d-6335-4791-8022-7bb30c8a7827,acd9f372-74fb-4c7d-b2a3-ea540c5917f2,fc4ddd05-a715-45c6-bfcd-ee6649f03fc2,High-Gain Chug,,"Premium Tone Model
Gold Guard
High-Gain Chug",,,,Marshall 2551A 4x12,Marshall JVM 410H JS TOP,,,,,"Guitar,Modeled",effects:560887e9-8a5f-42c5-b8fd-ffd183041b33
10738bbc-68ee-4bfd-8ccb-86432af18f41,acd9f372-74fb-4c7d-b2a3-ea540c5917f2,fc4ddd05-a715-45c6-bfcd-ee6649f03fc2,Gold Guard (Amplitube),,"Premium Tone Model
Gold Guard
High-Gain Chug",,,,Marshall 2551A 4x12,Marshall JVM 410H JS TOP,,,,,"Guitar,Modeled",effects:560887e9-8a5f-42c5-b8fd-ffd183041b33
885b22c0-1913-410a-871f-d26c8e3cad8c,acd9f372-74fb-4c7d-b2a3-ea540c5917f2,fc4ddd05-a715-45c6-bfcd-ee6649f03fc2,Joe Satriani Amp Vault,,"Premium Tone Model (Joe Satriani)
JS JVM",,,,"(6L6 Mod)
Marshall 1960B 4x12",Marshall JVM 410H JS TOP,,,,,"Guitar,Modeled",effects:560887e9-8a5f-42c5-b8fd-ffd183041b33
e1d14cef-c0b6-4ec1-b64f-448ac8eb83d4,acd9f372-74fb-4c7d-b2a3-ea540c5917f2,fc4ddd05-a715-45c6-bfcd-ee6649f03fc2,JS JVM (Amplitube),,"Premium Tone Model (Joe Satriani)
JS JVM",,,,"(6L6 Mod)
Marshall 1960B 4x12",Marshall JVM 410H JS TOP,,,,,"Guitar,Modeled",effects:560887e9-8a5f-42c5-b8fd-ffd183041b33
885b22c0-1913-410a-871f-d26c8e3cad8c,acd9f372-74fb-4c7d-b2a3-ea540c5917f2,fc4ddd05-a715-45c6-bfcd-ee6649f03fc2,Joe Satriani Amp Vault,,"Premium Tone Model (Joe Satriani)
JS JVM",,,,(C83 Mod) Marshall 1960B 4x12,Marshall JVM 410H JS TOP,,,,,"Guitar,Modeled",effects:560887e9-8a5f-42c5-b8fd-ffd183041b33
e1d14cef-c0b6-4ec1-b64f-448ac8eb83d4,acd9f372-74fb-4c7d-b2a3-ea540c5917f2,fc4ddd05-a715-45c6-bfcd-ee6649f03fc2,JS JVM (Amplitube),,"Premium Tone Model (Joe Satriani)
JS JVM",,,,(C83 Mod) Marshall 1960B 4x12,Marshall JVM 410H JS TOP,,,,,"Guitar,Modeled",effects:560887e9-8a5f-42c5-b8fd-ffd183041b33
885b22c0-1913-410a-871f-d26c8e3cad8c,acd9f372-74fb-4c7d-b2a3-ea540c5917f2,fc4ddd05-a715-45c6-bfcd-ee6649f03fc2,Joe Satriani Amp Vault,,"Premium Tone Model (Joe Satriani)
JS JVM",,,,(KT88 Mod) Marshall 1960B 4x12,Marshall JVM 410H JS TOP,,,,,"Guitar,Modeled",effects:560887e9-8a5f-42c5-b8fd-ffd183041b33
e1d14cef-c0b6-4ec1-b64f-448ac8eb83d4,acd9f372-74fb-4c7d-b2a3-ea540c5917f2,fc4ddd05-a715-45c6-bfcd-ee6649f03fc2,JS JVM (Amplitube),,"Premium Tone Model (Joe Satriani)
JS JVM",,,,(KT88 Mod) Marshall 1960B 4x12,Marshall JVM 410H JS TOP,,,,,"Guitar,Modeled",effects:560887e9-8a5f-42c5-b8fd-ffd183041b33
885b22c0-1913-410a-871f-d26c8e3cad8c,acd9f372-74fb-4c7d-b2a3-ea540c5917f2,fc4ddd05-a715-45c6-bfcd-ee6649f03fc2,Joe Satriani Amp Vault,,"Premium Tone Model (Joe Satriani)
JS JVM",,,,Marshall 1960B 4x12,Marshall JVM 410H JS TOP,,,,,"Guitar,Modeled",effects:560887e9-8a5f-42c5-b8fd-ffd183041b33
e1d14cef-c0b6-4ec1-b64f-448ac8eb83d4,acd9f372-74fb-4c7d-b2a3-ea540c5917f2,fc4ddd05-a715-45c6-bfcd-ee6649f03fc2,JS JVM (Amplitube),,"Premium Tone Model (Joe Satriani)
JS JVM",,,,Marshall 1960B 4x12,Marshall JVM 410H JS TOP,,,,,"Guitar,Modeled",effects:560887e9-8a5f-42c5-b8fd-ffd183041b33
f7ea48ac-dc90-459c-9aba-c790410901ed,acd9f372-74fb-4c7d-b2a3-ea540c5917f2,8b7d0267-b3ee-479f-8337-ed129c012486,90s Brit Pedals,,"Premium Tone Model
90s Brit Pedals",Harmonic Coloration,,,,Marshall Shredmaster TOP,,,,,"Guitar,Modeled,Stomp",effects:560887e9-8a5f-42c5-b8fd-ffd183041b33
9cbf50cf-b201-4725-b93f-c95acdbef0d3,acd9f372-74fb-4c7d-b2a3-ea540c5917f2,8b7d0267-b3ee-479f-8337-ed129c012486,Double Black,,Double Black,Harmonic Coloration,,,,Marshall Shredmaster TOP,,,,,"Guitar,Modeled,Stomp",effects:560887e9-8a5f-42c5-b8fd-ffd183041b33
9503f5f3-dea5-4f66-96d2-375ef1244f2d,acd9f372-74fb-4c7d-b2a3-ea540c5917f2,d0287b53-73dd-450a-911b-20a3f71621a0,Hyde Street Amp Locker,,Premium Tone Model (Hyde Street),,,,Marshall Studio Vintage 2x12,,,,,,"Guitar,Modeled",effects:560887e9-8a5f-42c5-b8fd-ffd183041b33
08e9a81e-aaee-439b-8fbe-53018d052bc7,acd9f372-74fb-4c7d-b2a3-ea540c5917f2,d0287b53-73dd-450a-911b-20a3f71621a0,Plexi Guard (Amplitube),,Premium Tone Model (Hyde Street),,,,Marshall Studio Vintage 2x12,,,,,,"Guitar,Modeled",effects:560887e9-8a5f-42c5-b8fd-ffd183041b33
cfdc08cb-3e63-42c2-8543-709366d54ce9,acd9f372-74fb-4c7d-b2a3-ea540c5917f2,458f8b5d-2624-4e2e-bdc5-c3e72b5e6f0f,90s Brit Pedals,,"Premium Tone Model
90s Brit Pedals",Harmonic Coloration,,,,Marshall The Guv'nor TOP,,,,,"Guitar,Modeled,Stomp",effects:560887e9-8a5f-42c5-b8fd-ffd183041b33
bb25ecd3-c312-46ef-9709-5418c9677c6f,acd9f372-74fb-4c7d-b2a3-ea540c5917f2,458f8b5d-2624-4e2e-bdc5-c3e72b5e6f0f,Double Black,,Double Black,Harmonic Coloration,,,,Marshall The Guv'nor TOP,,,,,"Guitar,Modeled,Stomp",effects:560887e9-8a5f-42c5-b8fd-ffd183041b33
ec0a4a03-cb7c-4708-ba74-643c782f6672,acd9f372-74fb-4c7d-b2a3-ea540c5917f2,fedce7a2-b041-41ed-8e25-e9a7f713c96b,TS Green,,,Harmonic Coloration,,,,,,,,,"Guitar,Modeled,Stomp",effects:560887e9-8a5f-42c5-b8fd-ffd183041b33
f78e30e2-fda5-428a-b376-65dda192e1b8,acd9f372-74fb-4c7d-b2a3-ea540c5917f2,b9a1d9c3-3cfc-4d49-8712-dd5711c9b1db,Hard & Heavy,,"Premium Tone Model
Hard and Heavy
High-Gain Heroes
Metal Face",,,,Diezel 412 4x12,Mesa/Boogie Dual Rectifier TOP,,,,,"Guitar,Modeled",effects:560887e9-8a5f-42c5-b8fd-ffd183041b33
7fa2d9ca-8a70-44da-a26b-85171f1a6ef0,acd9f372-74fb-4c7d-b2a3-ea540c5917f2,b9a1d9c3-3cfc-4d49-8712-dd5711c9b1db,High-gain Heroes,,"Premium Tone Model
Hard and Heavy
High-Gain Heroes
Metal Face",,,,Diezel 412 4x12,Mesa/Boogie Dual Rectifier TOP,,,,,"Guitar,Modeled",effects:560887e9-8a5f-42c5-b8fd-ffd183041b33
2852a335-ca52-4458-9fc8-19f134b10a20,acd9f372-74fb-4c7d-b2a3-ea540c5917f2,b9a1d9c3-3cfc-4d49-8712-dd5711c9b1db,Metal Face (Amplitube),,"Premium Tone Model
Hard and Heavy
High-Gain Heroes
Metal Face",,,,Diezel 412 4x12,Mesa/Boogie Dual Rectifier TOP,,,,,"Guitar,Modeled",effects:560887e9-8a5f-42c5-b8fd-ffd183041b33
d99b0861-7f83-4fd6-add5-337d05f5ad4d,acd9f372-74fb-4c7d-b2a3-ea540c5917f2,b9a1d9c3-3cfc-4d49-8712-dd5711c9b1db,Hyde Street Amp Locker,,Premium Tone Model (Hyde Street),,,,"Marshall 4x12
Marshall 1960A 4x12",Mesa/Boogie Dual Rectifier TOP,,,,,"Guitar,Modeled",effects:560887e9-8a5f-42c5-b8fd-ffd183041b33
2852a335-ca52-4458-9fc8-19f134b10a20,acd9f372-74fb-4c7d-b2a3-ea540c5917f2,b9a1d9c3-3cfc-4d49-8712-dd5711c9b1db,Metal Face (Amplitube),,Premium Tone Model (Hyde Street),,,,"Marshall 4x12
Marshall 1960A 4x12",Mesa/Boogie Dual Rectifier TOP,,,,,"Guitar,Modeled",effects:560887e9-8a5f-42c5-b8fd-ffd183041b33
dde1daf1-e20c-45cc-b120-2d1dad189fac,acd9f372-74fb-4c7d-b2a3-ea540c5917f2,b9a1d9c3-3cfc-4d49-8712-dd5711c9b1db,Mesa/Boogie Reference,,"Premium Tone Model (Mesa/Boogie)
M/B Dual Rectifier",,,,Mesa/Boogie 4x12 Rectifier Standard Slant Cabinet,Mesa/Boogie Dual Rectifier TOP,,,,,"Guitar,Modeled",effects:560887e9-8a5f-42c5-b8fd-ffd183041b33
7b284392-9444-4d21-b19f-26406f387ec4,acd9f372-74fb-4c7d-b2a3-ea540c5917f2,b9a1d9c3-3cfc-4d49-8712-dd5711c9b1db,M/B Dual Rectifier (Amplitube),,"Premium Tone Model (Mesa/Boogie)
M/B Dual Rectifier",,,,Mesa/Boogie 4x12 Rectifier Standard Slant Cabinet,Mesa/Boogie Dual Rectifier TOP,,,,,"Guitar,Modeled",effects:560887e9-8a5f-42c5-b8fd-ffd183041b33
27daf614-4576-4368-a5a0-49baccc16beb,acd9f372-74fb-4c7d-b2a3-ea540c5917f2,b9a1d9c3-3cfc-4d49-8712-dd5711c9b1db,Rectify,,"Premium Tone Model
Metal Face
Rectify",,,,"Marshall 2551A 4x12
Mesa/Boogie 2x12 Horizontal Rectifier Cabinet
Mesa/Boogie 4x12 Rectifier Traditional Straight Cabinet",Mesa/Boogie Dual Rectifier TOP,,,,,"Guitar,Modeled",effects:560887e9-8a5f-42c5-b8fd-ffd183041b33
2852a335-ca52-4458-9fc8-19f134b10a20,acd9f372-74fb-4c7d-b2a3-ea540c5917f2,b9a1d9c3-3cfc-4d49-8712-dd5711c9b1db,Metal Face (Amplitube),,"Premium Tone Model
Metal Face
Rectify",,,,"Marshall 2551A 4x12
Mesa/Boogie 2x12 Horizontal Rectifier Cabinet
Mesa/Boogie 4x12 Rectifier Traditional Straight Cabinet",Mesa/Boogie Dual Rectifier TOP,,,,,"Guitar,Modeled",effects:560887e9-8a5f-42c5-b8fd-ffd183041b33
39839f64-1428-496c-8c57-ea9308cdbd37,acd9f372-74fb-4c7d-b2a3-ea540c5917f2,b9a1d9c3-3cfc-4d49-8712-dd5711c9b1db,TONEX Amp Red (Amplitube),,"Premium Tone Model
TONEX Amp Red",,,,Custom open back 2x12 Eminence Governor,Mesa/Boogie Dual Rectifier TOP,,,,,"Guitar,Modeled",effects:560887e9-8a5f-42c5-b8fd-ffd183041b33
2bcd1af3-0e77-4f66-b1b7-5ea60bb5f4b9,acd9f372-74fb-4c7d-b2a3-ea540c5917f2,b9a1d9c3-3cfc-4d49-8712-dd5711c9b1db,Vintage & Lo-Fi,,"Premium Tone Model
Metal Face
Vintage & Lo-FI",,,,4x12 Orange 1974,Mesa/Boogie Dual Rectifier TOP,,,,,"Guitar,Modeled",effects:560887e9-8a5f-42c5-b8fd-ffd183041b33
2852a335-ca52-4458-9fc8-19f134b10a20,acd9f372-74fb-4c7d-b2a3-ea540c5917f2,b9a1d9c3-3cfc-4d49-8712-dd5711c9b1db,Metal Face (Amplitube),,"Premium Tone Model
Metal Face
Vintage & Lo-FI",,,,4x12 Orange 1974,Mesa/Boogie Dual Rectifier TOP,,,,,"Guitar,Modeled",effects:560887e9-8a5f-42c5-b8fd-ffd183041b33
2852a335-ca52-4458-9fc8-19f134b10a20,acd9f372-74fb-4c7d-b2a3-ea540c5917f2,b9a1d9c3-3cfc-4d49-8712-dd5711c9b1db,Metal Face (Amplitube),,"Premium Tone Model
Metal Face",,,,Mesa/Boogie 4x12 Front-Loaded (4FB),,,,,,"Guitar,Modeled",effects:560887e9-8a5f-42c5-b8fd-ffd183041b33
f324dded-d918-4290-82df-68bc30c48896,acd9f372-74fb-4c7d-b2a3-ea540c5917f2,7cb5dfa5-6376-4da7-86cd-a0f3a6a32be1,Rectify,,"Premium Tone Model
Metal Face
Rectify",,,,Mesa/Boogie 2x12 Horizontal Rectifier Cabinet,,,,,,"Guitar,Modeled",effects:560887e9-8a5f-42c5-b8fd-ffd183041b33
56f6a60d-d07b-4b28-88d2-be8df6f2ca28,acd9f372-74fb-4c7d-b2a3-ea540c5917f2,7cb5dfa5-6376-4da7-86cd-a0f3a6a32be1,Metal Face (Amplitube),,"Premium Tone Model
Metal Face
Rectify",,,,Mesa/Boogie 2x12 Horizontal Rectifier Cabinet,,,,,,"Guitar,Modeled",effects:560887e9-8a5f-42c5-b8fd-ffd183041b33
e583f82a-1522-4326-9880-d7d554e583c7,acd9f372-74fb-4c7d-b2a3-ea540c5917f2,a1883419-b991-4310-a892-cff4ecabae4a,High-Gain Chug,,"Premium Tone Model
Black Mark
High-Gain Chug",,,,1x12 Combo,,,,,,"Guitar,Modeled",effects:560887e9-8a5f-42c5-b8fd-ffd183041b33
f9f39159-0225-4712-bfec-fbb1daa9b08c,acd9f372-74fb-4c7d-b2a3-ea540c5917f2,a1883419-b991-4310-a892-cff4ecabae4a,Black Mark (Amplitube),,"Premium Tone Model
Black Mark
High-Gain Chug",,,,1x12 Combo,,,,,,"Guitar,Modeled",effects:560887e9-8a5f-42c5-b8fd-ffd183041b33
610ba8fe-d391-446b-8c70-28d875936a2c,acd9f372-74fb-4c7d-b2a3-ea540c5917f2,a6da0613-c1c9-46b4-aa5c-e842bca1a69e,Mesa/Boogie Reference,,"Premium Tone Model (Mesa/Boogie)
M/B King Snake",,,,Modded 1x12 Jensen Blackbird 100,,,,,,"Guitar,Modeled",effects:560887e9-8a5f-42c5-b8fd-ffd183041b33
c90c2c86-a38c-4fbc-bd13-b11effe43ef7,acd9f372-74fb-4c7d-b2a3-ea540c5917f2,a6da0613-c1c9-46b4-aa5c-e842bca1a69e,M/B King Snake (Amplitube),,"Premium Tone Model (Mesa/Boogie)
M/B King Snake",,,,Modded 1x12 Jensen Blackbird 100,,,,,,"Guitar,Modeled",effects:560887e9-8a5f-42c5-b8fd-ffd183041b33
bf0855e8-d0eb-43bf-9e21-7e7ae5174b03,acd9f372-74fb-4c7d-b2a3-ea540c5917f2,9064905c-dc42-40af-89e6-03e909056907,Mesa/Boogie Reference,,"Premium Tone Model (Mesa/Boogie)
M/B MkIIC+ Eq",,,,"Mesa/Boogie 1x12 WideBody
Mesa/Boogie 4x12 Rectifier Standard Slant Cabinet",Mesa/Boogie Mark IIC+ TOP,,,,,"Guitar,Modeled",effects:560887e9-8a5f-42c5-b8fd-ffd183041b33
f25626a6-c95f-4d8e-806b-fc93cc046e85,acd9f372-74fb-4c7d-b2a3-ea540c5917f2,9064905c-dc42-40af-89e6-03e909056907,M/B MkIIC+ Eq (Amplitube),,"Premium Tone Model (Mesa/Boogie)
M/B MkIIC+ Eq",,,,"Mesa/Boogie 1x12 WideBody
Mesa/Boogie 4x12 Rectifier Standard Slant Cabinet",Mesa/Boogie Mark IIC+ TOP,,,,,"Guitar,Modeled",effects:560887e9-8a5f-42c5-b8fd-ffd183041b33
5b34b71b-0c32-42f1-811b-ec6d7f1297dc,acd9f372-74fb-4c7d-b2a3-ea540c5917f2,42f87e8a-ffc7-47c8-be89-c6c6a9d0ff10,Black Mark (Amplitube),,"Premium Tone Model
Black Mark",,,,"1x12 
Bogner 212C
Bogner Uberkab 4x12
Marshall 1960AX 4x12 4x12",Mesa/Boogie Mark III TOP,,,,,"Guitar,Modeled",effects:560887e9-8a5f-42c5-b8fd-ffd183041b33
ff01678f-f8e8-44e1-8aaa-147e2d5f1393,acd9f372-74fb-4c7d-b2a3-ea540c5917f2,e9194049-5efa-4dc5-b253-26769d05e9d7,High-gain Heroes,,"Premium Tone Model
High-Gain Heroes",,,,Marshall 1982A 4x12,Mesa/Boogie Mark IV A ALT (Tone),,,,,"Guitar,Modeled",effects:560887e9-8a5f-42c5-b8fd-ffd183041b33
adb6f11b-09d1-434e-aa79-50e56bba4879,acd9f372-74fb-4c7d-b2a3-ea540c5917f2,e9194049-5efa-4dc5-b253-26769d05e9d7,Mesa/Boogie Reference,,"Premium Tone Model (Mesa/Boogie)
M/B Mk IV
M/B Mk IV Eq",,,,Mesa/Boogie 4x12 Rectifier Standard Slant Cabinet,Mesa/Boogie Mark IV A TOP,,,,,"Guitar,Modeled",effects:560887e9-8a5f-42c5-b8fd-ffd183041b33
f2c8122b-e435-4d47-866c-5a247dc0d46b,acd9f372-74fb-4c7d-b2a3-ea540c5917f2,e9194049-5efa-4dc5-b253-26769d05e9d7,M/B Mk IV (Amplitube),,"Premium Tone Model (Mesa/Boogie)
M/B Mk IV
M/B Mk IV Eq",,,,Mesa/Boogie 4x12 Rectifier Standard Slant Cabinet,Mesa/Boogie Mark IV A TOP,,,,,"Guitar,Modeled",effects:560887e9-8a5f-42c5-b8fd-ffd183041b33
654558b8-54e8-4d23-be4e-81746fe476af,acd9f372-74fb-4c7d-b2a3-ea540c5917f2,e9194049-5efa-4dc5-b253-26769d05e9d7,M/B Mk IV Eq (Amplitube),,"Premium Tone Model (Mesa/Boogie)
M/B Mk IV
M/B Mk IV Eq",,,,Mesa/Boogie 4x12 Rectifier Standard Slant Cabinet,Mesa/Boogie Mark IV A TOP,,,,,"Guitar,Modeled",effects:560887e9-8a5f-42c5-b8fd-ffd183041b33
9b985ed9-3224-431c-8487-2fc685791466,acd9f372-74fb-4c7d-b2a3-ea540c5917f2,e9194049-5efa-4dc5-b253-26769d05e9d7,Metal Heads,,"Premium Tone Model
Black Mark",,,,Marshall 1982A 4x12,Mesa/Boogie Mark IV A ALT (Tone),,,,,"Guitar,Modeled",effects:560887e9-8a5f-42c5-b8fd-ffd183041b33
a5dbb420-0180-40a7-81ae-a2f1a067e1c7,acd9f372-74fb-4c7d-b2a3-ea540c5917f2,e9194049-5efa-4dc5-b253-26769d05e9d7,Black Mark (Amplitube),,"Premium Tone Model
Black Mark",,,,Marshall 1982A 4x12,Mesa/Boogie Mark IV A ALT (Tone),,,,,"Guitar,Modeled",effects:560887e9-8a5f-42c5-b8fd-ffd183041b33
0b22b183-22a4-4666-a3db-3378204b7d67,acd9f372-74fb-4c7d-b2a3-ea540c5917f2,6a1aa1a2-cece-4ed6-9e2b-628d0ad2367e,Black Mark (Amplitube),,"Premium Tone Model
Black Mark",,,,Mesa/Boogie 4x12 Front-Loaded (4FB),Mesa/Boogie Mark V TOP,,,,,"Guitar,Modeled",effects:560887e9-8a5f-42c5-b8fd-ffd183041b33
330b65e6-115f-4afc-be8f-3b7fddbfd68c,acd9f372-74fb-4c7d-b2a3-ea540c5917f2,6a1aa1a2-cece-4ed6-9e2b-628d0ad2367e,High-Gain Chug,,"Premium Tone Model
Black Mark
High-Gain Chug",,,,"Mesa/Boogie 2x12 Horizontal Rectifier Cabinet
Mesa/Boogie 4x12 Rectifier Traditional Straight Cabinet",Mesa/Boogie Mark V TOP,,,,,"Guitar,Modeled",effects:560887e9-8a5f-42c5-b8fd-ffd183041b33
0b22b183-22a4-4666-a3db-3378204b7d67,acd9f372-74fb-4c7d-b2a3-ea540c5917f2,6a1aa1a2-cece-4ed6-9e2b-628d0ad2367e,Black Mark (Amplitube),,"Premium Tone Model
Black Mark
High-Gain Chug",,,,"Mesa/Boogie 2x12 Horizontal Rectifier Cabinet
Mesa/Boogie 4x12 Rectifier Traditional Straight Cabinet",Mesa/Boogie Mark V TOP,,,,,"Guitar,Modeled",effects:560887e9-8a5f-42c5-b8fd-ffd183041b33
9c801665-f86d-4de4-b00f-8a844fab78da,acd9f372-74fb-4c7d-b2a3-ea540c5917f2,48047e61-0178-4b7c-82b2-2b27abe9e719,Wooden Mark (Amplitube),,"Premium Tone Model
Wooden Mark",,,,2x12,,,,,,"Guitar,Modeled",effects:560887e9-8a5f-42c5-b8fd-ffd183041b33
fc48488e-a630-4967-8cf2-e9d75a1e7a61,acd9f372-74fb-4c7d-b2a3-ea540c5917f2,e649c171-2651-410d-8e11-faa8d16b1fda,High-Gain Chug,,"Premium Tone Model
High-Gain Chug",,,,Mesa/Boogie 2x12 Horizontal Rectifier Cabinet,Mesa/Boogie Triple Crown TC-100 TOP,,,,,"Guitar,Modeled",effects:560887e9-8a5f-42c5-b8fd-ffd183041b33
f8b5833d-46b2-42fd-8455-10e689042095,acd9f372-74fb-4c7d-b2a3-ea540c5917f2,e649c171-2651-410d-8e11-faa8d16b1fda,TONEX Amp Black (Amplitube),,"Premium Tone Model
TONEX Amp Black",,,,Mesa/Boogie 2x12 Horizontal Rectifier Cabinet,Mesa/Boogie Triple Crown TC-100 TOP,,,,,"Guitar,Modeled",effects:560887e9-8a5f-42c5-b8fd-ffd183041b33
75f107a8-f146-4d04-acff-dc129e1c9bff,acd9f372-74fb-4c7d-b2a3-ea540c5917f2,ca3c3312-104d-432d-825e-eed5b761a2be,Gus G. Tone Asylum,,Premium Tone Model (Gus G.),,,,Blackstar Series One 412,Mesa/Boogie Triple Rectifier TOP,,,,,"Guitar,Modeled",effects:560887e9-8a5f-42c5-b8fd-ffd183041b33
c40d444a-515d-4b2d-b42f-bf280f3655b2,acd9f372-74fb-4c7d-b2a3-ea540c5917f2,ca3c3312-104d-432d-825e-eed5b761a2be,Mesa/Boogie Reference,,"Premium Tone Model (Mesa/Boogie)
M/B Triple Rectifier",,,,Mesa/Boogie 4x12 Rectifier Standard Slant Cabinet,Mesa/Boogie Triple Rectifier TOP,,,,,"Guitar,Modeled",effects:560887e9-8a5f-42c5-b8fd-ffd183041b33
1d2bb1c2-cfcc-4573-9988-d0201ed39779,acd9f372-74fb-4c7d-b2a3-ea540c5917f2,ca3c3312-104d-432d-825e-eed5b761a2be,M/B Triple Rectifier (Amplitube),,"Premium Tone Model (Mesa/Boogie)
M/B Triple Rectifier",,,,Mesa/Boogie 4x12 Rectifier Standard Slant Cabinet,Mesa/Boogie Triple Rectifier TOP,,,,,"Guitar,Modeled",effects:560887e9-8a5f-42c5-b8fd-ffd183041b33
6d6b7fc0-fabc-4ee6-8486-da8c9495505c,acd9f372-74fb-4c7d-b2a3-ea540c5917f2,ca3c3312-104d-432d-825e-eed5b761a2be,Metal Face (Amplitube),,"Premium Tone Model
Metal Face",,,,Mesa/Boogie 2x12 Horizontal Rectifier Cabinet,Mesa/Boogie Triple Rectifier TOP,,,,,"Guitar,Modeled",effects:560887e9-8a5f-42c5-b8fd-ffd183041b33
28ae7b03-a6a2-4aea-bae0-627f96af4c47,acd9f372-74fb-4c7d-b2a3-ea540c5917f2,ca3c3312-104d-432d-825e-eed5b761a2be,Rectify,,"Premium Tone Model
Metal Face
Rectify",,,,Orange PPC412HP8,Mesa/Boogie Triple Rectifier TOP,,,,,"Guitar,Modeled",effects:560887e9-8a5f-42c5-b8fd-ffd183041b33
6d6b7fc0-fabc-4ee6-8486-da8c9495505c,acd9f372-74fb-4c7d-b2a3-ea540c5917f2,ca3c3312-104d-432d-825e-eed5b761a2be,Metal Face (Amplitube),,"Premium Tone Model
Metal Face
Rectify",,,,Orange PPC412HP8,Mesa/Boogie Triple Rectifier TOP,,,,,"Guitar,Modeled",effects:560887e9-8a5f-42c5-b8fd-ffd183041b33
9e403993-8bf5-4d2d-a551-c98eda85f348,acd9f372-74fb-4c7d-b2a3-ea540c5917f2,f4ab5083-f914-4bab-9397-b5e3c850ad5c,Bearded (Amplitube),,"Premium Tone Model
Bearded",,,,"Fender EVH 5150 III 4x12
Johnson J412V
Marshall 1960AX 4x12 4x12",Mezzabarba M Zero Overdrive TOP,,,,,"Guitar,Modeled",effects:560887e9-8a5f-42c5-b8fd-ffd183041b33
5c8ba759-a582-4c02-83f1-50e452ed6cd8,acd9f372-74fb-4c7d-b2a3-ea540c5917f2,f4ab5083-f914-4bab-9397-b5e3c850ad5c,Hard & Heavy,,"Premium Tone Model
Bearded
Hard and Heavy",,,,M-Tech Audio Cab 212,Mezzabarba M Zero Overdrive TOP,,,,,"Guitar,Modeled",effects:560887e9-8a5f-42c5-b8fd-ffd183041b33
9e403993-8bf5-4d2d-a551-c98eda85f348,acd9f372-74fb-4c7d-b2a3-ea540c5917f2,f4ab5083-f914-4bab-9397-b5e3c850ad5c,Bearded (Amplitube),,"Premium Tone Model
Bearded
Hard and Heavy",,,,M-Tech Audio Cab 212,Mezzabarba M Zero Overdrive TOP,,,,,"Guitar,Modeled",effects:560887e9-8a5f-42c5-b8fd-ffd183041b33
7fbe98b9-88b8-40cc-8105-a6fff6b4337b,acd9f372-74fb-4c7d-b2a3-ea540c5917f2,f4ab5083-f914-4bab-9397-b5e3c850ad5c,High-gain Heroes,,"Premium Tone Model
Bearded
High-Gain Heroes",,,,M-Tech Audio Cab 212,Mezzabarba M Zero Overdrive TOP,,,,,"Guitar,Modeled",effects:560887e9-8a5f-42c5-b8fd-ffd183041b33
9e403993-8bf5-4d2d-a551-c98eda85f348,acd9f372-74fb-4c7d-b2a3-ea540c5917f2,f4ab5083-f914-4bab-9397-b5e3c850ad5c,Bearded (Amplitube),,"Premium Tone Model
Bearded
High-Gain Heroes",,,,M-Tech Audio Cab 212,Mezzabarba M Zero Overdrive TOP,,,,,"Guitar,Modeled",effects:560887e9-8a5f-42c5-b8fd-ffd183041b33
a0fea21e-457d-45dc-b5b1-a8dc96e0d48e,acd9f372-74fb-4c7d-b2a3-ea540c5917f2,6843a894-342f-40e4-870b-697b00103f3b,Bearded (Amplitube),,"Premium Tone Model
Bearded",,,,Marshall 1960AV 4x12,Mezzabarba Trinity 100W TOP,,,,,"Guitar,Modeled",effects:560887e9-8a5f-42c5-b8fd-ffd183041b33
083a909f-2dda-4825-90ba-1e2157de1e01,acd9f372-74fb-4c7d-b2a3-ea540c5917f2,6843a894-342f-40e4-870b-697b00103f3b,Hard & Heavy,,"Premium Tone Model
Bearded
Hard and Heavy",,,,Bogner Uberkab 4x12,Mezzabarba Trinity 100W TOP,,,,,"Guitar,Modeled",effects:560887e9-8a5f-42c5-b8fd-ffd183041b33
a0fea21e-457d-45dc-b5b1-a8dc96e0d48e,acd9f372-74fb-4c7d-b2a3-ea540c5917f2,6843a894-342f-40e4-870b-697b00103f3b,Bearded (Amplitube),,"Premium Tone Model
Bearded
Hard and Heavy",,,,Bogner Uberkab 4x12,Mezzabarba Trinity 100W TOP,,,,,"Guitar,Modeled",effects:560887e9-8a5f-42c5-b8fd-ffd183041b33
cb610733-bd58-4cee-aafd-d6a1f94f2b70,acd9f372-74fb-4c7d-b2a3-ea540c5917f2,6843a894-342f-40e4-870b-697b00103f3b,High-gain Heroes,,"Premium Tone Model
Bearded
High-Gain Heroes",,,,"Bogner Uberkab 4x12
Mesa/Boogie 4x12 Rectifier Standard Straight Cabinet",Mezzabarba Trinity 100W TOP,,,,,"Guitar,Modeled",effects:560887e9-8a5f-42c5-b8fd-ffd183041b33
a0fea21e-457d-45dc-b5b1-a8dc96e0d48e,acd9f372-74fb-4c7d-b2a3-ea540c5917f2,6843a894-342f-40e4-870b-697b00103f3b,Bearded (Amplitube),,"Premium Tone Model
Bearded
High-Gain Heroes",,,,"Bogner Uberkab 4x12
Mesa/Boogie 4x12 Rectifier Standard Straight Cabinet",Mezzabarba Trinity 100W TOP,,,,,"Guitar,Modeled",effects:560887e9-8a5f-42c5-b8fd-ffd183041b33
05e686bd-f0d0-45b3-9edc-4c34275dd52f,acd9f372-74fb-4c7d-b2a3-ea540c5917f2,8db4a7fc-c301-4710-ab03-107c7d3306a4,Hyde Street Amp Locker,,Premium Tone Model (Hyde Street),,,,2x10,,,,,,"Guitar,Modeled",effects:560887e9-8a5f-42c5-b8fd-ffd183041b33
791eed15-8dd9-416f-82a0-4103dcce666b,acd9f372-74fb-4c7d-b2a3-ea540c5917f2,367bbd82-dc02-4aac-a4af-6606a43a5926,Silver Fuzz,,Silver Fuzz,Harmonic Coloration,,,,Mosrite Fuzzrite TOP,,,,,"Guitar,Modeled,Stomp",effects:560887e9-8a5f-42c5-b8fd-ffd183041b33
2ecc90f0-9908-4f36-b3aa-6c7caa1fbc82,acd9f372-74fb-4c7d-b2a3-ea540c5917f2,8625359d-3ae3-488b-b3a0-b4a3db1e795a,XR Gold,,,Harmonic Coloration,,,,,,,,,"Guitar,Modeled,Stomp",effects:560887e9-8a5f-42c5-b8fd-ffd183041b33
cc097fc3-075b-4dec-913c-c80810d677c0,acd9f372-74fb-4c7d-b2a3-ea540c5917f2,9898da8e-d92d-49ab-a79f-f1227c6d8df7,XR Yellow,,,Harmonic Coloration,,,,MXR Distortion+ TOP,,,,,"Guitar,Modeled,Stomp",effects:560887e9-8a5f-42c5-b8fd-ffd183041b33
4812d98d-500f-479d-bc64-4a2969eaa9b5,acd9f372-74fb-4c7d-b2a3-ea540c5917f2,6cbae72f-7104-4c64-8962-e47f428e4b84,70s Vitamin (Amplitube),,"Premium Tone Model
70s Vitamin",,,,"Ampeg B15-N (1x15 Cab Only) 
Ampeg SVT810AV
Orange OBC115
Orange OBC810",Orange AD200 TOP,,,,,"Bass,Modeled",effects:560887e9-8a5f-42c5-b8fd-ffd183041b33
20223fcb-0fbb-412c-8b78-11956fff02b8,acd9f372-74fb-4c7d-b2a3-ea540c5917f2,b8fdb8da-f182-4ade-bac9-07c45559ba8c,British Juice 2,,"Premium Tone Model
British Juice 2
70s Vitamin",,,,Orange PPC412AD,,,,,,"Guitar,Modeled",effects:560887e9-8a5f-42c5-b8fd-ffd183041b33
c91b1c3a-3fde-4dd9-a87a-eda71367cd70,acd9f372-74fb-4c7d-b2a3-ea540c5917f2,b8fdb8da-f182-4ade-bac9-07c45559ba8c,70s Vitamin (Amplitube),,"Premium Tone Model
British Juice 2
70s Vitamin",,,,Orange PPC412AD,,,,,,"Guitar,Modeled",effects:560887e9-8a5f-42c5-b8fd-ffd183041b33
3a84a937-15b7-48b4-896f-cc71ce6b8664,acd9f372-74fb-4c7d-b2a3-ea540c5917f2,358e0388-1fe0-41b4-9008-906fb13203cf,Tiny Box (Amplitube),,"Premium Tone Model
Tiny Box",,,,Orange PPC112,Orange Dual Terror TOP,,,,,"Guitar,Modeled",effects:560887e9-8a5f-42c5-b8fd-ffd183041b33
a71f64ff-5987-4ba3-949f-743f19e829e3,acd9f372-74fb-4c7d-b2a3-ea540c5917f2,8bd81a60-8adf-4e82-8d6e-2c8e21b511c7,70s Vitamin (Amplitube),,"Premium Tone Model
70s Vitamin",,,,Engl E412VSB,Orange OR120 TOP,,,,,"Guitar,Modeled",effects:560887e9-8a5f-42c5-b8fd-ffd183041b33
aa6e2d63-9a15-48c8-8c43-719c05c1c585,acd9f372-74fb-4c7d-b2a3-ea540c5917f2,8bd81a60-8adf-4e82-8d6e-2c8e21b511c7,British Juice 1,,"Premium Tone Model
British Juice 1
70s Vitamin",,,,Orange PPC412,Orange OR120 TOP,,,,,"Guitar,Modeled",effects:560887e9-8a5f-42c5-b8fd-ffd183041b33
a71f64ff-5987-4ba3-949f-743f19e829e3,acd9f372-74fb-4c7d-b2a3-ea540c5917f2,8bd81a60-8adf-4e82-8d6e-2c8e21b511c7,70s Vitamin (Amplitube),,"Premium Tone Model
British Juice 1
70s Vitamin",,,,Orange PPC412,Orange OR120 TOP,,,,,"Guitar,Modeled",effects:560887e9-8a5f-42c5-b8fd-ffd183041b33
76f0e40f-d098-49f3-8b47-d252c1a1ff00,acd9f372-74fb-4c7d-b2a3-ea540c5917f2,68ca3262-0cb7-4e44-80ab-814b77d79a42,British Juice 2,,"Premium Tone Model
British Juice 2
70s Vitamin",,,,"Orange PPC212
Orange PPC412",Orange OR50 TOP,,,,,"Guitar,Modeled",effects:560887e9-8a5f-42c5-b8fd-ffd183041b33
eb76c108-ef5f-493f-882a-a39bf02f4c8a,acd9f372-74fb-4c7d-b2a3-ea540c5917f2,68ca3262-0cb7-4e44-80ab-814b77d79a42,70s Vitamin (Amplitube),,"Premium Tone Model
British Juice 2
70s Vitamin",,,,"Orange PPC212
Orange PPC412",Orange OR50 TOP,,,,,"Guitar,Modeled",effects:560887e9-8a5f-42c5-b8fd-ffd183041b33
254ad8ef-dd69-4853-b53e-48fe9c05e6c2,acd9f372-74fb-4c7d-b2a3-ea540c5917f2,ce8c314e-5578-4bb5-94c9-c4221ab12260,British Juice 1,,"Premium Tone Model
British Juice 1
70s Vitamin",,,,Orange PPC212,Orange Rockerverb 100 TOP,,,,,"Guitar,Modeled",effects:560887e9-8a5f-42c5-b8fd-ffd183041b33
106ba831-832a-424c-a04e-cde1697ddaea,acd9f372-74fb-4c7d-b2a3-ea540c5917f2,ce8c314e-5578-4bb5-94c9-c4221ab12260,70s Vitamin (Amplitube),,"Premium Tone Model
British Juice 1
70s Vitamin",,,,Orange PPC212,Orange Rockerverb 100 TOP,,,,,"Guitar,Modeled",effects:560887e9-8a5f-42c5-b8fd-ffd183041b33
90b8bfdb-7759-4d93-bb28-1a8cf8ab342e,acd9f372-74fb-4c7d-b2a3-ea540c5917f2,ce8c314e-5578-4bb5-94c9-c4221ab12260,High-gain Heroes,,"Premium Tone Model
70s Vitamin
High-Gain Heroes",,,,Orange PPC212,Orange Rockerverb 100 TOP,,,,,"Guitar,Modeled",effects:560887e9-8a5f-42c5-b8fd-ffd183041b33
106ba831-832a-424c-a04e-cde1697ddaea,acd9f372-74fb-4c7d-b2a3-ea540c5917f2,ce8c314e-5578-4bb5-94c9-c4221ab12260,70s Vitamin (Amplitube),,"Premium Tone Model
70s Vitamin
High-Gain Heroes",,,,Orange PPC212,Orange Rockerverb 100 TOP,,,,,"Guitar,Modeled",effects:560887e9-8a5f-42c5-b8fd-ffd183041b33
610eff02-6a87-418a-9708-8f2d0ee842f6,acd9f372-74fb-4c7d-b2a3-ea540c5917f2,8019506d-fb78-40cd-b2a1-2d14648e1680,British Juice 1,,"Premium Tone Model
British Juice 1
70s Vitamin",,,,Orange PPC412,,,,,,"Guitar,Modeled",effects:560887e9-8a5f-42c5-b8fd-ffd183041b33
a94f5816-83ba-4d6d-967e-42cb6377ee88,acd9f372-74fb-4c7d-b2a3-ea540c5917f2,8019506d-fb78-40cd-b2a1-2d14648e1680,70s Vitamin (Amplitube),,"Premium Tone Model
British Juice 1
70s Vitamin",,,,Orange PPC412,,,,,,"Guitar,Modeled",effects:560887e9-8a5f-42c5-b8fd-ffd183041b33
21318460-5fe2-4562-8c60-a5431fa5be15,acd9f372-74fb-4c7d-b2a3-ea540c5917f2,3972be04-fdd2-4801-a035-104a76f802ed,70s Vitamin (Amplitube),,"Premium Tone Model
70s Vitamin",,,,"Bogner 212C
Marshall 1960B 4x12",Orange Thunderverb 200 TOP,,,,,"Guitar,Modeled",effects:560887e9-8a5f-42c5-b8fd-ffd183041b33
e4d61050-5690-48b5-874d-14962f3810ea,acd9f372-74fb-4c7d-b2a3-ea540c5917f2,3972be04-fdd2-4801-a035-104a76f802ed,British Juice 1,,"Premium Tone Model
British Juice 1
70s Vitamin",,,,"Mesa/Boogie 4x12 Rectifier Standard Straight Cabinet
Orange PPC112
Orange PPC212
Orange PPC412
Orange PPC412HP8",Orange Thunderverb 200 TOP,,,,,"Guitar,Modeled",effects:560887e9-8a5f-42c5-b8fd-ffd183041b33
21318460-5fe2-4562-8c60-a5431fa5be15,acd9f372-74fb-4c7d-b2a3-ea540c5917f2,3972be04-fdd2-4801-a035-104a76f802ed,70s Vitamin (Amplitube),,"Premium Tone Model
British Juice 1
70s Vitamin",,,,"Mesa/Boogie 4x12 Rectifier Standard Straight Cabinet
Orange PPC112
Orange PPC212
Orange PPC412
Orange PPC412HP8",Orange Thunderverb 200 TOP,,,,,"Guitar,Modeled",effects:560887e9-8a5f-42c5-b8fd-ffd183041b33
0401c1df-315f-4130-8db1-8378d2ab5175,acd9f372-74fb-4c7d-b2a3-ea540c5917f2,8c47cca4-4042-40c6-b11a-fbd78ea4072b,British Juice 2,,"Premium Tone Model
British Juice 2
Tiny Box",,,,Orange PPC112,Orange Tiny Terror TOP,,,,,"Guitar,Modeled",effects:560887e9-8a5f-42c5-b8fd-ffd183041b33
c319bf3a-46bd-463e-94dc-c9aad7801096,acd9f372-74fb-4c7d-b2a3-ea540c5917f2,8c47cca4-4042-40c6-b11a-fbd78ea4072b,Tiny Box (Amplitube),,"Premium Tone Model
British Juice 2
Tiny Box",,,,Orange PPC112,Orange Tiny Terror TOP,,,,,"Guitar,Modeled",effects:560887e9-8a5f-42c5-b8fd-ffd183041b33
56ad028d-1787-4e5a-a553-301da4d101ae,acd9f372-74fb-4c7d-b2a3-ea540c5917f2,be3e14fd-a028-4948-9b3d-c3634d99e443,High-gain Heroes,,"Premium Tone Model
High-Gain Heroes
Metal Classic",,,,"Bogner 212C
Mesa/Boogie 4x12 Rectifier Standard Straight Cabinet",Peavey 5150 TOP,,,,,"Guitar,Modeled",effects:560887e9-8a5f-42c5-b8fd-ffd183041b33
d933ef91-b6c3-4f51-b967-a1c89e20993e,acd9f372-74fb-4c7d-b2a3-ea540c5917f2,be3e14fd-a028-4948-9b3d-c3634d99e443,Metal Classic (Amplitube),,"Premium Tone Model
High-Gain Heroes
Metal Classic",,,,"Bogner 212C
Mesa/Boogie 4x12 Rectifier Standard Straight Cabinet",Peavey 5150 TOP,,,,,"Guitar,Modeled",effects:560887e9-8a5f-42c5-b8fd-ffd183041b33
f4189806-5b0c-4486-85ab-ccdb32f03130,acd9f372-74fb-4c7d-b2a3-ea540c5917f2,be3e14fd-a028-4948-9b3d-c3634d99e443,Joe Satriani Amp Vault,,"Premium Tone Model (Joe Satriani) 
JS Metal",,,,"Marshall 1960A ""Stain"" 4x12",Peavey 5150 TOP,,,,,"Guitar,Modeled",effects:560887e9-8a5f-42c5-b8fd-ffd183041b33
ae2199fd-b313-4c63-a7fd-1b71f8c24884,acd9f372-74fb-4c7d-b2a3-ea540c5917f2,be3e14fd-a028-4948-9b3d-c3634d99e443,JS Metal (Amplitube),,"Premium Tone Model (Joe Satriani) 
JS Metal",,,,"Marshall 1960A ""Stain"" 4x12",Peavey 5150 TOP,,,,,"Guitar,Modeled",effects:560887e9-8a5f-42c5-b8fd-ffd183041b33
d933ef91-b6c3-4f51-b967-a1c89e20993e,acd9f372-74fb-4c7d-b2a3-ea540c5917f2,be3e14fd-a028-4948-9b3d-c3634d99e443,Metal Classic (Amplitube),,"Premium Tone Model
Metal Classic",,,,"ENGL E412VSB
Fender EVH 5150 III 4x12",Peavey 5150 TOP,,,,,"Guitar,Modeled",effects:560887e9-8a5f-42c5-b8fd-ffd183041b33
e91b541e-2f07-4064-8749-bcaedb126784,acd9f372-74fb-4c7d-b2a3-ea540c5917f2,be3e14fd-a028-4948-9b3d-c3634d99e443,Metal Gems,,"Premium Tone Model (Metal Gems) 
Metal Classic",,,,"Marshall 1960A 4x12
Marshall 1960A 4x12 (G12M (Greenback))
Marshall 1960A 4x12 (Classic Lead 80)
Marshall 1960B 4x12
Marshall 1960B 4x12 (2x 0G12T-75; 2x Vintage 20) 
Marshall 1960B 4x12 (Celestion Vintage 30)
Mesa/Boogie 4x12 Rectifier Standard Straight Cabinet
Mesa/Boogie 4x12 Rectifier Traditional Straight Cabinet
Orange PPC412",Peavey 5150 TOP,,,,,"Guitar,Modeled",effects:560887e9-8a5f-42c5-b8fd-ffd183041b33
d933ef91-b6c3-4f51-b967-a1c89e20993e,acd9f372-74fb-4c7d-b2a3-ea540c5917f2,be3e14fd-a028-4948-9b3d-c3634d99e443,Metal Classic (Amplitube),,"Premium Tone Model (Metal Gems) 
Metal Classic",,,,"Marshall 1960A 4x12
Marshall 1960A 4x12 (G12M (Greenback))
Marshall 1960A 4x12 (Classic Lead 80)
Marshall 1960B 4x12
Marshall 1960B 4x12 (2x 0G12T-75; 2x Vintage 20) 
Marshall 1960B 4x12 (Celestion Vintage 30)
Mesa/Boogie 4x12 Rectifier Standard Straight Cabinet
Mesa/Boogie 4x12 Rectifier Traditional Straight Cabinet
Orange PPC412",Peavey 5150 TOP,,,,,"Guitar,Modeled",effects:560887e9-8a5f-42c5-b8fd-ffd183041b33
6b5449fe-1764-4257-ac7b-99d52a6eacd9,acd9f372-74fb-4c7d-b2a3-ea540c5917f2,be3e14fd-a028-4948-9b3d-c3634d99e443,Metal Heads,,"Premium Tone Model
Metal Classic",,,,"Marshall Lead 412
Orange PPC412
Peavey 5150 412MS",Peavey 5150 TOP,,,,,"Guitar,Modeled",effects:560887e9-8a5f-42c5-b8fd-ffd183041b33
d933ef91-b6c3-4f51-b967-a1c89e20993e,acd9f372-74fb-4c7d-b2a3-ea540c5917f2,be3e14fd-a028-4948-9b3d-c3634d99e443,Metal Classic (Amplitube),,"Premium Tone Model
Metal Classic",,,,"Marshall Lead 412
Orange PPC412
Peavey 5150 412MS",Peavey 5150 TOP,,,,,"Guitar,Modeled",effects:560887e9-8a5f-42c5-b8fd-ffd183041b33
0531cbb5-bf5f-4e89-b645-c0fd0445f09f,acd9f372-74fb-4c7d-b2a3-ea540c5917f2,a08d44a6-b96f-46b4-a577-34b20c7b5cdd,Joe Satriani Amp Vault,,"Premium Tone Model (Joe Satriani) 
JS Colossal",,,,1x8,,,,,,"Guitar,Modeled",effects:560887e9-8a5f-42c5-b8fd-ffd183041b33
da8a0fc8-408a-474d-a25e-6ad7e867f5ce,acd9f372-74fb-4c7d-b2a3-ea540c5917f2,a08d44a6-b96f-46b4-a577-34b20c7b5cdd,JS Colossal (Amplitube),,"Premium Tone Model (Joe Satriani) 
JS Colossal",,,,1x8,,,,,,"Guitar,Modeled",effects:560887e9-8a5f-42c5-b8fd-ffd183041b33
51a10e08-f9de-4bec-baeb-ccc57f0bcfe4,acd9f372-74fb-4c7d-b2a3-ea540c5917f2,2c6a5da1-2fc3-438d-b7a0-8cac33e703a2,Tonex Pedal,,TONEX Pedal,Harmonic Coloration,,,,,,,,,"Guitar,Modeled,Stomp",effects:560887e9-8a5f-42c5-b8fd-ffd183041b33
c4ae75b5-6884-40ac-a606-172aaaf1a8b3,acd9f372-74fb-4c7d-b2a3-ea540c5917f2,5a1297bd-4bab-4a1a-b551-7856537656a8,PRODrive Black,,PRODrive Black,Harmonic Coloration,,,,ProCo Rat ALT (Tone),,,,,"Guitar,Modeled,Stomp",effects:560887e9-8a5f-42c5-b8fd-ffd183041b33
5d7d6974-89cc-4fae-bd28-31edb597fa20,acd9f372-74fb-4c7d-b2a3-ea540c5917f2,cfddc671-9286-46a8-ae2f-b4301a8c0aaf,High-Gain Chug,,"Premium Tone Model
High-Gain Chug
TONEX Amp Black",,,,"Bogner Uberkab 4x12
Mesa/Boogie 4x12 Rectifier Standard Straight Cabinet",PRS Archon 100 ALT (Tone),,,,,"Guitar,Modeled",effects:560887e9-8a5f-42c5-b8fd-ffd183041b33
80229893-c5cc-4b41-8125-ba723aa79b1a,acd9f372-74fb-4c7d-b2a3-ea540c5917f2,cfddc671-9286-46a8-ae2f-b4301a8c0aaf,TONEX Amp Black (Amplitube),,"Premium Tone Model
High-Gain Chug
TONEX Amp Black",,,,"Bogner Uberkab 4x12
Mesa/Boogie 4x12 Rectifier Standard Straight Cabinet",PRS Archon 100 ALT (Tone),,,,,"Guitar,Modeled",effects:560887e9-8a5f-42c5-b8fd-ffd183041b33
5741e19c-9e11-488c-ae5e-025e05dbb23b,acd9f372-74fb-4c7d-b2a3-ea540c5917f2,cfddc671-9286-46a8-ae2f-b4301a8c0aaf,High-gain Heroes,,"Premium Tone Model
High-Gain Heroes
TONEX Amp Black",,,,Mesa/Boogie 4x12 Rectifier Standard Straight Cabinet,PRS Archon 100 ALT (Tone),,,,,"Guitar,Modeled",effects:560887e9-8a5f-42c5-b8fd-ffd183041b33
80229893-c5cc-4b41-8125-ba723aa79b1a,acd9f372-74fb-4c7d-b2a3-ea540c5917f2,cfddc671-9286-46a8-ae2f-b4301a8c0aaf,TONEX Amp Black (Amplitube),,"Premium Tone Model
High-Gain Heroes
TONEX Amp Black",,,,Mesa/Boogie 4x12 Rectifier Standard Straight Cabinet,PRS Archon 100 ALT (Tone),,,,,"Guitar,Modeled",effects:560887e9-8a5f-42c5-b8fd-ffd183041b33
80229893-c5cc-4b41-8125-ba723aa79b1a,acd9f372-74fb-4c7d-b2a3-ea540c5917f2,cfddc671-9286-46a8-ae2f-b4301a8c0aaf,TONEX Amp Black (Amplitube),,"Premium Tone Model
TONEX Amp Black",,,,"ENGL E412VSB
Johnson J412V
Marshall 1960AV 4x12",PRS Archon 100 ALT (Tone),,,,,"Guitar,Modeled",effects:560887e9-8a5f-42c5-b8fd-ffd183041b33
7b1af899-fc8e-4e9b-b711-cafe63c9c645,acd9f372-74fb-4c7d-b2a3-ea540c5917f2,ebc47132-009e-4e53-a978-bbddc3ca55a3,Hard & Heavy,,"Premium Tone Model
Hard and Heavy
TONEX Amp Black",,,,Mesa/Boogie 2x12 Horizontal Rectifier Cabinet,PRS Archon 50 TOP,,,,,"Guitar,Modeled",effects:560887e9-8a5f-42c5-b8fd-ffd183041b33
06985d6d-0a06-4cbb-97ed-d8646c8abf75,acd9f372-74fb-4c7d-b2a3-ea540c5917f2,ebc47132-009e-4e53-a978-bbddc3ca55a3,TONEX Amp Black (Amplitube),,"Premium Tone Model
Hard and Heavy
TONEX Amp Black",,,,Mesa/Boogie 2x12 Horizontal Rectifier Cabinet,PRS Archon 50 TOP,,,,,"Guitar,Modeled",effects:560887e9-8a5f-42c5-b8fd-ffd183041b33
7298c4c8-f80a-4365-8566-f5e2b6e6c6d1,acd9f372-74fb-4c7d-b2a3-ea540c5917f2,14efd017-e249-499b-a90d-ee1be04a5ab1,TONEX Amp Black (Amplitube),,"Premium Tone Model
TONEX Amp Black",,,,Bogner Uberkab 4x12,,,,,,"Guitar,Modeled",effects:560887e9-8a5f-42c5-b8fd-ffd183041b33
99325561-4998-4206-85b7-fd1626dca7aa,acd9f372-74fb-4c7d-b2a3-ea540c5917f2,8fa13536-db2f-428d-95b3-5a80c15f7061,High-Gain Chug,,"Premium Tone Model
Bearded
High-Gain Chug",,,,Randall RX412,Randall Warhead WH300 TOP,,,,,"Guitar,Modeled",effects:560887e9-8a5f-42c5-b8fd-ffd183041b33
d57a85cb-a44b-4339-ba0f-2f3968772370,acd9f372-74fb-4c7d-b2a3-ea540c5917f2,8fa13536-db2f-428d-95b3-5a80c15f7061,Bearded (Amplitube),,"Premium Tone Model
Bearded
High-Gain Chug",,,,Randall RX412,Randall Warhead WH300 TOP,,,,,"Guitar,Modeled",effects:560887e9-8a5f-42c5-b8fd-ffd183041b33
cf146d02-53ec-4729-bd44-8ca49612f7a8,acd9f372-74fb-4c7d-b2a3-ea540c5917f2,8fa13536-db2f-428d-95b3-5a80c15f7061,High-gain Heroes,,"Premium Tone Model
Bearded
High-Gain Heroes",,,,Bogner 212C,Randall Warhead WH300 TOP,,,,,"Guitar,Modeled",effects:560887e9-8a5f-42c5-b8fd-ffd183041b33
d57a85cb-a44b-4339-ba0f-2f3968772370,acd9f372-74fb-4c7d-b2a3-ea540c5917f2,8fa13536-db2f-428d-95b3-5a80c15f7061,Bearded (Amplitube),,"Premium Tone Model
Bearded
High-Gain Heroes",,,,Bogner 212C,Randall Warhead WH300 TOP,,,,,"Guitar,Modeled",effects:560887e9-8a5f-42c5-b8fd-ffd183041b33
acd5f75a-ba11-4bea-bd25-34904d552666,acd9f372-74fb-4c7d-b2a3-ea540c5917f2,ca2697e7-521c-4ed6-905f-871566d226fb,RedSeven Hybrid100,,Premium Tone Model (RedSeven Hybrid),,,,RedSeven 4x12 Pro Cab,,,,,,"Guitar,Modeled",effects:560887e9-8a5f-42c5-b8fd-ffd183041b33
1bb27611-88f6-4001-b2f3-1dd4292ab3e7,acd9f372-74fb-4c7d-b2a3-ea540c5917f2,bbd3109b-dd4e-443f-8152-871cafe98281,Fuzz Pedals,,"Premium Tone Model
Fuzz Pedals",Harmonic Coloration,,,,Roger Mayer Classic Fuzz TOP,,,,,"Guitar,Modeled,Stomp",effects:560887e9-8a5f-42c5-b8fd-ffd183041b33
b2442f0f-3283-48f0-aa3c-8797eb48d8ad,acd9f372-74fb-4c7d-b2a3-ea540c5917f2,bbd3109b-dd4e-443f-8152-871cafe98281,Silver Fuzz,,Silver Fuzz,Harmonic Coloration,,,,Roger Mayer Classic Fuzz TOP,,,,,"Guitar,Modeled,Stomp",effects:560887e9-8a5f-42c5-b8fd-ffd183041b33
80981e35-23d8-475e-864b-fc5ff25ad421,acd9f372-74fb-4c7d-b2a3-ea540c5917f2,1de41298-527f-45c9-8a5b-8f61b9db9985,Hyde Street Amp Locker,,Premium Tone Model (Hyde Street),,,,1x12,,,,,,"Guitar,Modeled",effects:560887e9-8a5f-42c5-b8fd-ffd183041b33
b13da7d5-4e96-4890-bd1d-a30b20a74a41,acd9f372-74fb-4c7d-b2a3-ea540c5917f2,b6496468-8d49-4bdd-af12-0e5ee03662d0,Jazzy (Amplitube),,Premium Tone Model,,,,2x12,Roland JC-120 TOP,,,,,"Guitar,Modeled",effects:560887e9-8a5f-42c5-b8fd-ffd183041b33
a9dddf57-be6b-4a01-97af-794e24390c24,acd9f372-74fb-4c7d-b2a3-ea540c5917f2,b6496468-8d49-4bdd-af12-0e5ee03662d0,Joe Satriani Amp Vault,,"Premium Tone Model (Joe Satriani) 
JS Jazzy",,,,2x12,Roland JC-120 TOP,,,,,"Guitar,Modeled",effects:560887e9-8a5f-42c5-b8fd-ffd183041b33
64780d40-51a0-4e64-b372-cf22308173b8,acd9f372-74fb-4c7d-b2a3-ea540c5917f2,b6496468-8d49-4bdd-af12-0e5ee03662d0,Js Jazzy (Amplitube),,"Premium Tone Model (Joe Satriani) 
JS Jazzy",,,,2x12,Roland JC-120 TOP,,,,,"Guitar,Modeled",effects:560887e9-8a5f-42c5-b8fd-ffd183041b33
67f6710b-5a2e-4d99-8324-8244f9040862,acd9f372-74fb-4c7d-b2a3-ea540c5917f2,0ad2770c-712f-444f-9736-16c6440c2f73,R-121,,,Microphone,,,,Embedded in TONEX,,,,,Modeled,effects:560887e9-8a5f-42c5-b8fd-ffd183041b33
5bb8922e-b104-4030-96f5-a44be75db379,acd9f372-74fb-4c7d-b2a3-ea540c5917f2,d5a03d48-209b-4fac-bb8c-6bf8c4d9427f,Modern Digital (Amplitube),,"Premium Tone Model
Modern Digitial","Harmonic Coloration,Dynamics,Preamp",,,4x12 (Custom non-specific 4x12),,,,,,"Guitar,Modeled",effects:560887e9-8a5f-42c5-b8fd-ffd183041b33
faf3dff5-9b5c-4728-8236-2ac946e8ca4f,acd9f372-74fb-4c7d-b2a3-ea540c5917f2,d3052d5b-7463-4140-b843-5346ad30b220,XR Silver,,,Harmonic Coloration,,,,,,,,,"Guitar,Modeled,Stomp",effects:560887e9-8a5f-42c5-b8fd-ffd183041b33
428d9a84-895f-4328-a8bb-9b69e770bad9,acd9f372-74fb-4c7d-b2a3-ea540c5917f2,aa79ca47-7601-466f-9c45-f43d178c31c2,Hyde Street Amp Locker,,Premium Tone Model (Hyde Street),,,,1x12,,,,,,"Guitar,Modeled",effects:560887e9-8a5f-42c5-b8fd-ffd183041b33
9276161a-3ce1-4922-9f02-fefde806d203,acd9f372-74fb-4c7d-b2a3-ea540c5917f2,4bd090d7-7e19-4ff6-8e8a-a1d638805731,Fuzz Pedals,,"Premium Tone Model
Fuzz Pedals",Harmonic Coloration,,,,Seymour Duncan SFX-02 Tweak Fuzz TOP,,,,,"Guitar,Modeled,Stomp",effects:560887e9-8a5f-42c5-b8fd-ffd183041b33
42103c34-0a41-4609-9cd9-7e24178fdc91,acd9f372-74fb-4c7d-b2a3-ea540c5917f2,4bd090d7-7e19-4ff6-8e8a-a1d638805731,PRODrive Yellow,,PRODrive Yellow,Harmonic Coloration,,,,Seymour Duncan SFX-02 Tweak Fuzz TOP,,,,,"Guitar,Modeled,Stomp",effects:560887e9-8a5f-42c5-b8fd-ffd183041b33
972b0b05-942f-43cf-bb95-77492427fafa,acd9f372-74fb-4c7d-b2a3-ea540c5917f2,87d81657-ecd1-405a-96a4-13d2146f163a,XR Dark Blue,,,Harmonic Coloration,,,,Seymour Duncan SFX-08 Power Grid TOP,,,,,"Guitar,Modeled,Stomp",effects:560887e9-8a5f-42c5-b8fd-ffd183041b33
07b156f2-f6b8-477e-804c-d782a5044ff8,acd9f372-74fb-4c7d-b2a3-ea540c5917f2,549bb580-b01e-49b8-90ac-406c42939502,SM57,,,Microphone,,,,Embedded in TONEX,,,,,Modeled,effects:560887e9-8a5f-42c5-b8fd-ffd183041b33
059485ca-9030-46a1-89f3-7e65625d2346,acd9f372-74fb-4c7d-b2a3-ea540c5917f2,294206e9-5f9a-42ec-b8f0-8f380ea555a3,Hyde Street Amp Locker,,Premium Tone Model (Hyde Street),,,,"1x8 (Combo)
Budda 2x12 Open Back",,,,,,"Guitar,Modeled",effects:560887e9-8a5f-42c5-b8fd-ffd183041b33
9b9731b9-5130-4f45-a95e-dcb306fa0eda,acd9f372-74fb-4c7d-b2a3-ea540c5917f2,fa5ebb67-737a-481d-9416-3ba3992e41f4,Metal Gems,,"Premium Tone Model (Metal Gems) 
SLO",,,,"Johnson J412V (2 x G12-50GL; 2 x Vintage 30)
Johnson J412V (4 x G12-50GL)
Marshall 1960A 4x12 (2 x Classic Lead 80; 2 x G12H100) 
Marshall 1960A 4x12 (2 x G12-65 T3054; 2 x G12-65 T3120) 
Marshall 1960A 4x12  (2 x G12H-75 Creambacks; 2 x EVM12L)
Marshall 1960B 4x12 (2 x GM Greenback; 2 x JBL D120F)
Marshall 1960B 4x12 (2 x GM Greenback T4437; 2 x GM Greenback T1220)
Mesa/Boogie 2x12 Horizontal Rectifier Cabinet",Soldano SLO-100 ALT (Tone),,,,,"Guitar,Modeled",effects:560887e9-8a5f-42c5-b8fd-ffd183041b33
0cf25992-5146-496c-b287-c96efdd9f2e2,acd9f372-74fb-4c7d-b2a3-ea540c5917f2,fa5ebb67-737a-481d-9416-3ba3992e41f4,SLO (Amplitube),,"Premium Tone Model (Metal Gems) 
SLO",,,,"Johnson J412V (2 x G12-50GL; 2 x Vintage 30)
Johnson J412V (4 x G12-50GL)
Marshall 1960A 4x12 (2 x Classic Lead 80; 2 x G12H100) 
Marshall 1960A 4x12 (2 x G12-65 T3054; 2 x G12-65 T3120) 
Marshall 1960A 4x12  (2 x G12H-75 Creambacks; 2 x EVM12L)
Marshall 1960B 4x12 (2 x GM Greenback; 2 x JBL D120F)
Marshall 1960B 4x12 (2 x GM Greenback T4437; 2 x GM Greenback T1220)
Mesa/Boogie 2x12 Horizontal Rectifier Cabinet",Soldano SLO-100 ALT (Tone),,,,,"Guitar,Modeled",effects:560887e9-8a5f-42c5-b8fd-ffd183041b33
09175424-eed1-42fa-96a8-89c518afcc8e,acd9f372-74fb-4c7d-b2a3-ea540c5917f2,fa5ebb67-737a-481d-9416-3ba3992e41f4,Modern Boutique,,"Premium Tone Model
SLO",,,,"Marshall 1960BV 4x12
Mesa/Boogie 4x12 Rectifier Standard Straight Cabinet
Orange PPC412",Soldano SLO-100 ALT (Tone),,,,,"Guitar,Modeled",effects:560887e9-8a5f-42c5-b8fd-ffd183041b33
0cf25992-5146-496c-b287-c96efdd9f2e2,acd9f372-74fb-4c7d-b2a3-ea540c5917f2,fa5ebb67-737a-481d-9416-3ba3992e41f4,SLO (Amplitube),,"Premium Tone Model
SLO",,,,"Marshall 1960BV 4x12
Mesa/Boogie 4x12 Rectifier Standard Straight Cabinet
Orange PPC412",Soldano SLO-100 ALT (Tone),,,,,"Guitar,Modeled",effects:560887e9-8a5f-42c5-b8fd-ffd183041b33
0cf25992-5146-496c-b287-c96efdd9f2e2,acd9f372-74fb-4c7d-b2a3-ea540c5917f2,fa5ebb67-737a-481d-9416-3ba3992e41f4,SLO (Amplitube),,"Premium Tone Model
SLO",,,,Johnson J412V,Soldano SLO-100 ALT (Tone),,,,,"Guitar,Modeled",effects:560887e9-8a5f-42c5-b8fd-ffd183041b33
5a440a89-e550-4f65-af08-730036e96d00,acd9f372-74fb-4c7d-b2a3-ea540c5917f2,6ed28eee-277d-4f7b-b8a6-dbe708f5d818,Joe Satriani Amp Vault,,"Premium Tone Model (Joe Satriani) 
JS SLO",,,,"Marshall 1960A ""Stain"" 4x12",,,,,,"Guitar,Modeled",effects:560887e9-8a5f-42c5-b8fd-ffd183041b33
87df8450-1035-42f1-9b38-ca85158c030c,acd9f372-74fb-4c7d-b2a3-ea540c5917f2,6ed28eee-277d-4f7b-b8a6-dbe708f5d818,Js SLO (Amplitube),,"Premium Tone Model (Joe Satriani) 
JS SLO",,,,"Marshall 1960A ""Stain"" 4x12",,,,,,"Guitar,Modeled",effects:560887e9-8a5f-42c5-b8fd-ffd183041b33
4b08e393-7e3c-4552-be7b-e80aa529d67c,acd9f372-74fb-4c7d-b2a3-ea540c5917f2,471bf3b9-d637-48ec-a672-6cfe1aad6805,Plexi Guard (Amplitube),,"Premium Tone Model
Plexi Guard",,,,"Marshall 2054 1x15  [NOTE: Listed as Model 2056. TIt was a 2x15 Cab]
Marshall 2065 1x15 [Marshall Vintage]",,,,,,"Guitar,Modeled",effects:560887e9-8a5f-42c5-b8fd-ffd183041b33
2759acbb-dfb1-442f-904d-83a5272efde6,acd9f372-74fb-4c7d-b2a3-ea540c5917f2,1b6d0d4d-01e7-4a8a-8c9d-fe4b5680fead,Double Red,,Double Red,Harmonic Coloration,,,,,,,,,"Guitar,Modeled,Stomp",effects:560887e9-8a5f-42c5-b8fd-ffd183041b33
b21f3c7b-45ea-4adb-8e58-898a9fd15c10,acd9f372-74fb-4c7d-b2a3-ea540c5917f2,b3ce8fff-da27-4048-ba5d-b7db4f345665,Vintage & Lo-Fi,,"Premium Tone Model
Oldie
Vintage & Lo-FI",,,,2x10,,,,,,"Guitar,Modeled",effects:560887e9-8a5f-42c5-b8fd-ffd183041b33
3afaeb82-1f97-4852-a4f8-33c7b11d59d7,acd9f372-74fb-4c7d-b2a3-ea540c5917f2,b3ce8fff-da27-4048-ba5d-b7db4f345665,Oldie (Amplitube),,"Premium Tone Model
Oldie
Vintage & Lo-FI",,,,2x10,,,,,,"Guitar,Modeled",effects:560887e9-8a5f-42c5-b8fd-ffd183041b33
62db0187-ad26-49a0-9b17-ae46c90809cc,acd9f372-74fb-4c7d-b2a3-ea540c5917f2,5643758b-9cca-476e-a41c-92551efd6d68,Oldie (Amplitube),,"Premium Tone Model
Oldie",,,,Mesa/Boogie 2x12 Horizontal Rectifier Cabinet,,,,,,"Guitar,Modeled",effects:560887e9-8a5f-42c5-b8fd-ffd183041b33
606b9121-8e0f-44b2-ad9f-5530ff6621cb,acd9f372-74fb-4c7d-b2a3-ea540c5917f2,d6de2f9a-dace-4c56-aa01-08dc065244e0,XR Green,,,Harmonic Coloration,,,,T-Rex Moller TOP,,,,,"Guitar,Modeled,Stomp",effects:560887e9-8a5f-42c5-b8fd-ffd183041b33
57d37e8f-f066-47f0-9bcc-f9695c8f0043,acd9f372-74fb-4c7d-b2a3-ea540c5917f2,27d878c6-a05c-45eb-8ea1-772091748a2a,PRODrive Yellow,,PRODrive Yellow,Harmonic Coloration,,,,T-Rex Mudhoney TOP,,,,,"Guitar,Modeled,Stomp",effects:560887e9-8a5f-42c5-b8fd-ffd183041b33
b57c3cfd-16bb-4fad-bb8d-81b874002b3d,acd9f372-74fb-4c7d-b2a3-ea540c5917f2,53aefdc7-6180-4c42-b562-18ff21829b4b,Tonex Pedal,,TONEX Pedal,Harmonic Coloration,,,,,,,,,"Bass,Modeled,Stomp",effects:560887e9-8a5f-42c5-b8fd-ffd183041b33
d36dbfa8-9192-43a2-957e-5ada647f21fc,acd9f372-74fb-4c7d-b2a3-ea540c5917f2,2897f1b5-8577-4a6b-8857-8d8e94d60101,Tonex Pedal,,TONEX Pedal,Preamp,,,,Tech 21 SansAmp Bass Driver DI ALT (Tone),,,,,"Bass,Modeled,Stomp",effects:560887e9-8a5f-42c5-b8fd-ffd183041b33
f458d62f-21d2-4207-8a2f-22d291b3f2ff,acd9f372-74fb-4c7d-b2a3-ea540c5917f2,bf6499d1-4aae-419f-8a65-dc5a87e8c9ef,Tonex Pedal,,TONEX Pedal,Harmonic Coloration,,,,,,,,,"Bass,Modeled,Stomp",effects:560887e9-8a5f-42c5-b8fd-ffd183041b33
cff28d17-a7b2-4e72-b48e-01dd977c8a3f,acd9f372-74fb-4c7d-b2a3-ea540c5917f2,4e84bcbb-a958-42af-b864-82fa275d384f,PRODrive Black,,PRODrive Black,Harmonic Coloration,,,,,,,,,"Bass,Modeled,Stomp",effects:560887e9-8a5f-42c5-b8fd-ffd183041b33
5a70c737-68df-45b2-b41d-dd0a9bfbd527,acd9f372-74fb-4c7d-b2a3-ea540c5917f2,d7b9bc08-7df7-46c9-b0be-b716cbdbde23,Hard & Heavy,,"Premium Tone Model
Hard and Heavy
TONEX Amp Black",,,,Bogner Uberkab 4x12,THD Bi-Valve 30 TOP,,,,,"Guitar,Modeled",effects:560887e9-8a5f-42c5-b8fd-ffd183041b33
19a9d53a-b0cc-4721-a10c-714d01e24313,acd9f372-74fb-4c7d-b2a3-ea540c5917f2,d7b9bc08-7df7-46c9-b0be-b716cbdbde23,TONEX Amp Black (Amplitube),,"Premium Tone Model
Hard and Heavy
TONEX Amp Black",,,,Bogner Uberkab 4x12,THD Bi-Valve 30 TOP,,,,,"Guitar,Modeled",effects:560887e9-8a5f-42c5-b8fd-ffd183041b33
d8490d1a-cf6e-4e57-abac-fce57c348721,acd9f372-74fb-4c7d-b2a3-ea540c5917f2,801d752a-3867-4e72-9b41-59c2ced22c68,XR White,,,Harmonic Coloration,,,,,,,,,"Guitar,Modeled,Stomp",effects:560887e9-8a5f-42c5-b8fd-ffd183041b33
751c65df-0e80-41cc-b2dc-aad7521c236b,acd9f372-74fb-4c7d-b2a3-ea540c5917f2,5154fb05-1bce-4db8-b10f-a194dce12efe,TONEX Amp Red (Amplitube),,"Premium Tone Model
TONEX Amp Red",,,,Hiwatt 4x12,,,,,,"Guitar,Modeled",effects:560887e9-8a5f-42c5-b8fd-ffd183041b33
3d63dc53-7588-4468-b706-e01e522f6cd5,acd9f372-74fb-4c7d-b2a3-ea540c5917f2,50d88147-f141-4cac-be05-055cccb0ed32,Brit 30 Classic,,Premium Tone Model,,,,2x12,Vox AC30 ALT (Tone),,,,,"Guitar,Modeled",effects:560887e9-8a5f-42c5-b8fd-ffd183041b33
43557694-9e74-4a6a-aecd-7551ed5a50c1,acd9f372-74fb-4c7d-b2a3-ea540c5917f2,50d88147-f141-4cac-be05-055cccb0ed32,Chimer (Amplitube),,Premium Tone Model,,,,2x12,Vox AC30 ALT (Tone),,,,,"Guitar,Modeled",effects:560887e9-8a5f-42c5-b8fd-ffd183041b33
aa4b38d6-90d4-4cec-a91f-e07f3a9e2420,acd9f372-74fb-4c7d-b2a3-ea540c5917f2,50d88147-f141-4cac-be05-055cccb0ed32,Vintage & Lo-Fi,,"Premium Tone Model
Chimer
Vintage & Lo-FI",,,,(1965) 2x12,Vox AC30 ALT (Tone),,,,,"Guitar,Modeled",effects:560887e9-8a5f-42c5-b8fd-ffd183041b33
43557694-9e74-4a6a-aecd-7551ed5a50c1,acd9f372-74fb-4c7d-b2a3-ea540c5917f2,50d88147-f141-4cac-be05-055cccb0ed32,Chimer (Amplitube),,"Premium Tone Model
Chimer
Vintage & Lo-FI",,,,(1965) 2x12,Vox AC30 ALT (Tone),,,,,"Guitar,Modeled",effects:560887e9-8a5f-42c5-b8fd-ffd183041b33
80596936-ee73-424e-8048-48799ba1e55e,acd9f372-74fb-4c7d-b2a3-ea540c5917f2,867f0736-e395-494d-ba94-26b3ae0f11f5,Vintage & Lo-Fi,,"Premium Tone Model
Chimer
Vintage & Lo-FI",,,,(1988) 2x12,,,,,,"Guitar,Modeled",effects:560887e9-8a5f-42c5-b8fd-ffd183041b33
307a2781-b46f-4d63-b517-7d0156d28eee,acd9f372-74fb-4c7d-b2a3-ea540c5917f2,867f0736-e395-494d-ba94-26b3ae0f11f5,Chimer (Amplitube),,"Premium Tone Model
Chimer
Vintage & Lo-FI",,,,(1988) 2x12,,,,,,"Guitar,Modeled",effects:560887e9-8a5f-42c5-b8fd-ffd183041b33
d8a276ee-3d7d-4a64-bca5-ece002910876,acd9f372-74fb-4c7d-b2a3-ea540c5917f2,31874118-e3bb-4d2f-81fd-c82f882c10f2,Joe Satriani Amp Vault,,"Premium Tone Model (Joe Satriani) 
JS May Voice",,,,1x6,,,,,,"Guitar,Modeled",effects:560887e9-8a5f-42c5-b8fd-ffd183041b33
4bb95163-7dfd-41f6-910e-b80b4cef6d66,acd9f372-74fb-4c7d-b2a3-ea540c5917f2,31874118-e3bb-4d2f-81fd-c82f882c10f2,JS May Voice (Amplitube),,"Premium Tone Model (Joe Satriani) 
JS May Voice",,,,1x6,,,,,,"Guitar,Modeled",effects:560887e9-8a5f-42c5-b8fd-ffd183041b33
355409fa-c50f-49bc-b65b-fd1b55b71768,acd9f372-74fb-4c7d-b2a3-ea540c5917f2,f55f0dc7-26c5-4738-9d4e-060dd22693a5,Fuzz Pedals,,"Premium Tone Model
Fuzz Pedals",Harmonic Coloration,,,,Wampler Leviathan TOP,,,,,"Guitar,Modeled,Stomp",effects:560887e9-8a5f-42c5-b8fd-ffd183041b33
79dc3489-550d-4ef3-81ae-1b5d46a5c0d8,acd9f372-74fb-4c7d-b2a3-ea540c5917f2,f55f0dc7-26c5-4738-9d4e-060dd22693a5,TS Red,,,Harmonic Coloration,,,,Wampler Leviathan TOP,,,,,"Guitar,Modeled,Stomp",effects:560887e9-8a5f-42c5-b8fd-ffd183041b33
9fdda247-e3d5-4f8c-b1d7-e5192d38a7ae,acd9f372-74fb-4c7d-b2a3-ea540c5917f2,f30ed03a-82ca-4e52-b597-57197c8e2deb,Double Black,,Double Black,Harmonic Coloration,,,,,,,,,"Guitar,Modeled,Stomp",effects:560887e9-8a5f-42c5-b8fd-ffd183041b33
86dea344-4b11-43be-844c-0d5486625da8,acd9f372-74fb-4c7d-b2a3-ea540c5917f2,9c52fb3b-6b02-432e-a894-7215841c41d5,Double Black,,Double Black,Harmonic Coloration,,,,,,,,,"Guitar,Modeled,Stomp",effects:560887e9-8a5f-42c5-b8fd-ffd183041b33
67fcc145-b9b7-4a8b-baef-f8363dd470d0,acd9f372-74fb-4c7d-b2a3-ea540c5917f2,bdff8288-272f-41fa-b021-44e38caf31ae,Black Fuzz,,Black Fuzz,Harmonic Coloration,,,,,,,,,"Guitar,Modeled,Stomp",effects:560887e9-8a5f-42c5-b8fd-ffd183041b33
743903c4-1ca2-4a43-a976-3717a2256a0b,acd9f372-74fb-4c7d-b2a3-ea540c5917f2,bdf261ba-2a8c-4d98-b57b-940df0e009c8,Joe Satriani Amp Vault,,"Premium Tone Model (Joe Satriani) 
JS Well",,,,"Marshall 1960A ""Stain"" 4x12",,,,,,"Guitar,Modeled",effects:560887e9-8a5f-42c5-b8fd-ffd183041b33
1cc10333-cdad-44ac-a43d-a90dc231592c,acd9f372-74fb-4c7d-b2a3-ea540c5917f2,bdf261ba-2a8c-4d98-b57b-940df0e009c8,JS Well (Amplitube),,"Premium Tone Model (Joe Satriani) 
JS Well",,,,"Marshall 1960A ""Stain"" 4x12",,,,,,"Guitar,Modeled",effects:560887e9-8a5f-42c5-b8fd-ffd183041b33
99f3a2b2-7683-4721-816a-69a18de74612,acd9f372-74fb-4c7d-b2a3-ea540c5917f2,0cee1881-fa4b-47de-871e-1329446662d3,Signature Collections Vol 1.,,"Premium Tone Model
Signature Collections Vol. 1",Harmonic Coloration,,,,,,Used as a Booster,,,"Guitar,Modeled,Stomp",effects:560887e9-8a5f-42c5-b8fd-ffd183041b33
9f856efc-dba1-496d-9e8e-62d0efa8f7b7,acd9f372-74fb-4c7d-b2a3-ea540c5917f2,09d9460b-21b9-4c80-a883-2e359536c377,XR White,,1,Harmonic Coloration,,,,Xotic RC Booster TOP,,,,,"Guitar,Modeled,Stomp",effects:560887e9-8a5f-42c5-b8fd-ffd183041b33
09b2c50a-6061-4a51-97ba-0598df4db939,acd9f372-74fb-4c7d-b2a3-ea540c5917f2,5dd33dc4-480b-454b-ac8b-fdf2b54f7291,XR Orange,,,Harmonic Coloration,,,,,,,,,"Guitar,Modeled,Stomp",effects:560887e9-8a5f-42c5-b8fd-ffd183041b33
5fbb3a86-0b92-49ef-af3f-58b62a10f356,acd9f372-74fb-4c7d-b2a3-ea540c5917f2,,TONEX Amp Red (Amplitube),,"Premium Tone Model
TONEX Amp Red",,,,"Generic ""Solid State Bass Preamp""; Ampeg B15 1x15",,,,,,Bass,effects:560887e9-8a5f-42c5-b8fd-ffd183041b33
12719739-6a0d-4564-bd7e-10c05ae95e58,f772e5f8-1e3c-11f1-a0d3-0072ee78ad39,,Edge,,Verve Analog Machines (Full),Harmonic Coloration,,,Solid State w/ Machine,,,Adds gentle harmonics to give your sound subtle crunch.,,,,effects:6a9f8b58-76eb-40cc-b57e-f4164d92e35f
ed11844a-43e4-4c0b-963d-526331add0b1,f772e5f8-1e3c-11f1-a0d3-0072ee78ad39,,Glow,,Verve Analog Machines (Full),Harmonic Coloration,,,Solid State w/ Machine,,,Adds gentle harmonics to give your sound subtle warmth.,,,,effects:6a9f8b58-76eb-40cc-b57e-f4164d92e35f
fbd23ce8-a9c4-4d23-8f4c-2bdd8a351e23,f772e5f8-1e3c-11f1-a0d3-0072ee78ad39,,Sweeten,,,Harmonic Coloration,,,Tape Machine w/ Warble,,,Gloss and warmth of a studio tape machine. Can be gently overdriven.,,,,effects:6a9f8b58-76eb-40cc-b57e-f4164d92e35f
26f7f8dd-efb9-45fd-a202-59cc4d8d2bc0,f772e5f8-1e3c-11f1-a0d3-0072ee78ad39,,Fire,,Verve Analog Machines (Full),Harmonic Coloration,,,Tape Machine w/ Warble,,,Push a studio tape machine far past its limits and hear it roar.,,,,effects:6a9f8b58-76eb-40cc-b57e-f4164d92e35f
461700b1-181f-4d94-aee0-e466176bac12,f772e5f8-1e3c-11f1-a0d3-0072ee78ad39,,Overdrive,,Verve Analog Machines (Full),Harmonic Coloration,,,Tape Machine w/ Warble,,,Push a vintage tape machine far past its limits and hear it roar.,,,,effects:6a9f8b58-76eb-40cc-b57e-f4164d92e35f
f8adebf2-8cc9-4531-8f52-6a40bf02e199,f772e5f8-1e3c-11f1-a0d3-0072ee78ad39,,Distort,,Verve Analog Machines (Full),Harmonic Coloration,,,Solid State w/ Machine,,,Push a vintage tube preamp far past its limits and hear it roar.,,,,effects:6a9f8b58-76eb-40cc-b57e-f4164d92e35f
9b283105-cdda-4a7d-bad1-83e7ed9b0a7e,f772e5f8-1e3c-11f1-a0d3-0072ee78ad39,,Vintagize,,,Harmonic Coloration,,,Tape Machine w/ Warble,,,The sound of a recording that's older than your grandparents,,,,effects:6a9f8b58-76eb-40cc-b57e-f4164d92e35f
7c11d987-4912-41b4-9e3a-c626ac2ac7fd,f772e5f8-1e3c-11f1-a0d3-0072ee78ad39,,Thicken,,,Harmonic Coloration,,,Tape Machine w/ Warble,,,The sound of something recorded a half century ago.,,,,effects:6a9f8b58-76eb-40cc-b57e-f4164d92e35f
edc7a28b-e7d6-48a8-9ef0-1e98cf34ab5a,f772e5f8-1e3c-11f1-a0d3-0072ee78ad39,,Warm,,,Harmonic Coloration,,,Tape Machine w/ Warble,,,The warmer sound of a more vintage studio tape machine.,,,,effects:6a9f8b58-76eb-40cc-b57e-f4164d92e35f
03d4897d-0603-468e-8334-737e8bca8a6f,f772e5f8-1e3c-11f1-a0d3-0072ee78ad39,,Sputter,,Verve Analog Machines (Full),Harmonic Coloration,,,Solid State w/ Machine,,,Transistor Pre on the verge of blowing up,,,,effects:6a9f8b58-76eb-40cc-b57e-f4164d92e35f
459e4eac-54e7-4cc8-9bdd-792b78c0b9cb,52ca057c-1c70-4093-81ad-720a2ba3ac60,,Silverado,,,,,,,,,"Era: ’60s to current day. Fat, punchy, and clear. A versatile amp that’s between mild and aggressive amps. • Clean ranges from pristine clean to mild crunch. • Drive is touch sensitive, with mild overdrive when played harder. • Lead is big, fuzzy, lost of low end. Classic ’70s hero guitar sound.",,,Guitar,"effects:fdd6e130-9f97-4b41-955b-5d762cb99712,effects:5216a1c7-ecfe-4ea7-b0d7-b2a28a348286"
ce3d8fab-1485-40f4-8646-7ea04b0f0bd2,52ca057c-1c70-4093-81ad-720a2ba3ac60,,Blue Flame,,,,,,,,,"Era: ’80s to current day. Can range from pristine clean to mild crunch. • Clean channel ranges from fat/clean to pleasing overdrive. • Drive channel is tight, aggressive, but not so percussive. • Lead is horn-like, with a nice top end, lots of gain, with a singing lead tone.",,,Guitar,"effects:fdd6e130-9f97-4b41-955b-5d762cb99712,effects:5216a1c7-ecfe-4ea7-b0d7-b2a28a348286"
01f5218c-fc07-4122-8078-3f925f951b18,52ca057c-1c70-4093-81ad-720a2ba3ac60,,Arena,,,,,,,,,"Era: Late ’70s to current day. Hot rodded British sound. • Clean channel has a mild crunch with a fair amount of gain. • Drive is articulate, thick with top-end bite. • Lead is open sounding with lots of gain.",,,Guitar,"effects:fdd6e130-9f97-4b41-955b-5d762cb99712,effects:5216a1c7-ecfe-4ea7-b0d7-b2a28a348286"
b75b8752-eead-42c5-87d6-ecc605178231,52ca057c-1c70-4093-81ad-720a2ba3ac60,,Aggro,,,,,,,,,Era: Late ’90s to current day guitar tones. This is an aggressive amp for aggressive music. • Clean channel runs from very clean to mid-crunchy tones. • Drive responds very quickly and is very responsive. • Lead is smooth and less percussive.,,,Guitar,"effects:fdd6e130-9f97-4b41-955b-5d762cb99712,effects:5216a1c7-ecfe-4ea7-b0d7-b2a28a348286"
733a0ccb-57c1-4697-99be-448c4600b65f,52ca057c-1c70-4093-81ad-720a2ba3ac60,,Royal-X,,,,,,,,,"Era: Late ’90s to modern-day guitar sounds with sparkling tones and punch. • Clean channel is fat and chime-like. • Drive channel has added breakup-style gain. • Lead channel retains chime, while adding lots of gain.",,,Guitar,"effects:fdd6e130-9f97-4b41-955b-5d762cb99712,effects:5216a1c7-ecfe-4ea7-b0d7-b2a28a348286"
e7a374a9-36e7-4aa9-8039-636d505ffda3,52ca057c-1c70-4093-81ad-720a2ba3ac60,,Vintage Velvet,,,,,,,,,"fat, overdriven sound that ranges from Motown to Queen",,,Bass,"effects:fdd6e130-9f97-4b41-955b-5d762cb99712,effects:5216a1c7-ecfe-4ea7-b0d7-b2a28a348286"
bd914b60-cf85-41c0-beb5-e184aaf8c9b1,52ca057c-1c70-4093-81ad-720a2ba3ac60,,Dark Mass,,,,,,runs the gamut from ’80s to present day.,,,,,,Bass,"effects:fdd6e130-9f97-4b41-955b-5d762cb99712,effects:5216a1c7-ecfe-4ea7-b0d7-b2a28a348286"
3066ae09-d61e-43cd-90de-011d8f0b1132,e0794cc7-d1f3-4432-8e83-cdc6052c1cc3,,Plexi Lead,,,,,,,,,British rock tone of the 70s and 80s,,,Guitar,effects:8082b924-687c-4539-9582-13ea27bbdc9e
3cf425e1-5a43-4159-896e-7d9892411775,e0794cc7-d1f3-4432-8e83-cdc6052c1cc3,,Blackface,,,,,,,,,Classic American clean tone.,,,Guitar,effects:8082b924-687c-4539-9582-13ea27bbdc9e
e471eed1-b9d4-46e9-a165-6d52dec74eb9,e0794cc7-d1f3-4432-8e83-cdc6052c1cc3,,Plexi,,,,,,,,,"Classic British rock tone; extremely transparent sound, very responsive",,,Guitar,effects:8082b924-687c-4539-9582-13ea27bbdc9e
fac40369-6a5a-4838-8561-75fc10aca3d4,e0794cc7-d1f3-4432-8e83-cdc6052c1cc3,,Diamond,,,,,,,,,The cutting edge hard rock and metal sounds of the 90s,,,Guitar,effects:8082b924-687c-4539-9582-13ea27bbdc9e
8771dc73-73de-4684-8b9f-175cf22b408c,e0794cc7-d1f3-4432-8e83-cdc6052c1cc3,,British Custom,,,,,,Produces the sparking clean or harmonically distorted rhythm sounds of the 60s,,,,,,Guitar,effects:8082b924-687c-4539-9582-13ea27bbdc9e
55231be5-8489-49ef-99ac-bbe59a14b5a6,e0794cc7-d1f3-4432-8e83-cdc6052c1cc3,,Deluxe,,,,,,American crunch sound coming from a rather small amp w/ a big tone,,,,,,Guitar,effects:8082b924-687c-4539-9582-13ea27bbdc9e
37e94d75-9e68-4d39-a349-1ffa7b301f0c,e0794cc7-d1f3-4432-8e83-cdc6052c1cc3,,Tape Delay,,,Delay,,,,,,,,,Guitar,effects:8082b924-687c-4539-9582-13ea27bbdc9e
9bd65e2e-2870-4d8e-8c80-d8b47efac374,e0794cc7-d1f3-4432-8e83-cdc6052c1cc3,,Fuzz,,,Harmonic Coloration,,,,,,,,,Guitar,effects:8082b924-687c-4539-9582-13ea27bbdc9e
a9330284-805f-433f-88a6-5bbf335dc0f8,e0794cc7-d1f3-4432-8e83-cdc6052c1cc3,,Tremolo,,Cubase,Modulation,Plugin,VST3,Amplitude modulation,Standalone; Embedded in VST Amp Rack,,,,,Guitar,effects:8082b924-687c-4539-9582-13ea27bbdc9e
d8a0bdf2-8d1a-4956-bfa2-701c3611cd0f,e0794cc7-d1f3-4432-8e83-cdc6052c1cc3,,Tweed,,,,,,"A classic vintage amplifier from the 50s, with a characterful and bright tone. Originally created for bassists, also used by many guitar players.",,,Clean and crunchy tones;,,,"Bass,Guitar","effects:8082b924-687c-4539-9582-13ea27bbdc9e,effects:5ce4aafa-7023-47bc-a88a-34f17706d7f6"
4bcbcf80-f2fb-458e-b62b-887c20819d52,e0794cc7-d1f3-4432-8e83-cdc6052c1cc3,,Delay,,,Delay,,,,,,,,,"Bass,Guitar","effects:8082b924-687c-4539-9582-13ea27bbdc9e,effects:5ce4aafa-7023-47bc-a88a-34f17706d7f6"
eafaeb9c-2aec-4b2d-bb6e-caaeeb710379,e0794cc7-d1f3-4432-8e83-cdc6052c1cc3,,Tape Ducking Delay,,,"Delay,Modulation",,,,,,,,,"Bass,Guitar","effects:8082b924-687c-4539-9582-13ea27bbdc9e,effects:5ce4aafa-7023-47bc-a88a-34f17706d7f6"
67d56e2c-bba7-4436-bf33-3e193e43aaf2,e0794cc7-d1f3-4432-8e83-cdc6052c1cc3,,Compressor,,,Dynamics,,,,,,,,,"Bass,Guitar","effects:8082b924-687c-4539-9582-13ea27bbdc9e,effects:5ce4aafa-7023-47bc-a88a-34f17706d7f6"
d6f3c71b-c3a7-41d7-b935-5fd17aa857fd,e0794cc7-d1f3-4432-8e83-cdc6052c1cc3,,Gate,,,Dynamics,,,,,,,,,"Bass,Guitar","effects:8082b924-687c-4539-9582-13ea27bbdc9e,effects:5ce4aafa-7023-47bc-a88a-34f17706d7f6"
2b7e271f-0bd1-4f39-bafe-4b27b168afd2,e0794cc7-d1f3-4432-8e83-cdc6052c1cc3,,Limiter,,,Dynamics,,,,,,,,,"Bass,Guitar","effects:8082b924-687c-4539-9582-13ea27bbdc9e,effects:5ce4aafa-7023-47bc-a88a-34f17706d7f6"
35d841b0-82e6-45e5-9ce3-d74a44de5be9,e0794cc7-d1f3-4432-8e83-cdc6052c1cc3,,Maximizer,,,Dynamics,,,,,,,,,"Bass,Guitar","effects:8082b924-687c-4539-9582-13ea27bbdc9e,effects:5ce4aafa-7023-47bc-a88a-34f17706d7f6"
adb064ef-c2d8-4f9f-9b0c-5492db9dc52b,e0794cc7-d1f3-4432-8e83-cdc6052c1cc3,,Volume,,,Dynamics,,,,,,,,,"Bass,Guitar","effects:8082b924-687c-4539-9582-13ea27bbdc9e,effects:5ce4aafa-7023-47bc-a88a-34f17706d7f6"
5cc3e9b4-e9bc-45b2-bc3f-b9398e1ab9fb,e0794cc7-d1f3-4432-8e83-cdc6052c1cc3,,Equalizer,,,EQ,,,,,,,,,"Bass,Guitar","effects:8082b924-687c-4539-9582-13ea27bbdc9e,effects:5ce4aafa-7023-47bc-a88a-34f17706d7f6"
3043af0e-d9d3-41cb-8121-2fa87f75f93c,e0794cc7-d1f3-4432-8e83-cdc6052c1cc3,,Overdrive,,,Harmonic Coloration,,,,,,,,,"Bass,Guitar","effects:8082b924-687c-4539-9582-13ea27bbdc9e,effects:5ce4aafa-7023-47bc-a88a-34f17706d7f6"
c4f34fda-62bd-49f3-bfe5-e38f78901e8b,e0794cc7-d1f3-4432-8e83-cdc6052c1cc3,,Chorus,,Cubase,Modulation,Plugin,VST3,Single-stage chorus effect. Doubles the audio that is sent into it w/ a slightly detuned version,Standalone; Embedded in VST Amp Rack / Bass Amp,,,,,"Bass,Guitar","effects:8082b924-687c-4539-9582-13ea27bbdc9e,effects:5ce4aafa-7023-47bc-a88a-34f17706d7f6"
2ff27fd7-c3e0-4412-b39b-8550d096ead5,e0794cc7-d1f3-4432-8e83-cdc6052c1cc3,,Flanger,,Cubase,Modulation,Plugin,VST3,Classic flanger w/ added stereo enhancement,Standalone; Embedded in VST Amp Rack / Bass Amp,,,,,"Bass,Guitar","effects:8082b924-687c-4539-9582-13ea27bbdc9e,effects:5ce4aafa-7023-47bc-a88a-34f17706d7f6"
67d321f2-bcd7-4f64-b861-e7497581db50,e0794cc7-d1f3-4432-8e83-cdc6052c1cc3,,Phaser,,Cubase,Modulation,Plugin,VST3,Classic phasing effect w/ additional stereo enhancement,Standalone; Embedded in VST Amp Rack / Bass Amp,,,,,"Bass,Guitar","effects:8082b924-687c-4539-9582-13ea27bbdc9e,effects:5ce4aafa-7023-47bc-a88a-34f17706d7f6"
8458134a-5fef-43ee-bb76-737f75cc2a45,e0794cc7-d1f3-4432-8e83-cdc6052c1cc3,,Wah Wah,,Cubase,Modulation,Plugin,VST3,Variable slope band-bass filter Standalone; Embedded in VST Amp Rack / Bass Amp,,,,,,"Bass,Guitar","effects:8082b924-687c-4539-9582-13ea27bbdc9e,effects:5ce4aafa-7023-47bc-a88a-34f17706d7f6"
4de1b554-7c45-46f5-a3a0-17e1952286a4,e0794cc7-d1f3-4432-8e83-cdc6052c1cc3,,Octaver,,Cubase,Pitch Tools,Plugin,VST3,Generates 2 add'l voices that trach the pitch of the input signal 1 and 2 octaves below the original pitch,Standalone; Embedded in VST Amp Rack / Bass Amp,,,,,"Bass,Guitar","effects:8082b924-687c-4539-9582-13ea27bbdc9e,effects:5ce4aafa-7023-47bc-a88a-34f17706d7f6"
4200dc67-bd75-4179-8935-33d420c4ee4e,e0794cc7-d1f3-4432-8e83-cdc6052c1cc3,,Reverb,,,Reverb&Room,,,,,,,,,"Bass,Guitar","effects:8082b924-687c-4539-9582-13ea27bbdc9e,effects:5ce4aafa-7023-47bc-a88a-34f17706d7f6"
1a2ae3dd-67a8-424c-b1e7-30630fe4a3f7,e0794cc7-d1f3-4432-8e83-cdc6052c1cc3,,GreenT,,,,,,,,,"Classic amp from the 80s, useful for funk and rock playing styles.",,,Bass,effects:5ce4aafa-7023-47bc-a88a-34f17706d7f6
7a9b9a96-3a48-417c-8ac0-f002e3a96762,e0794cc7-d1f3-4432-8e83-cdc6052c1cc3,,ValveAmp300,,,,,,,,,"Famous tube amp from the 70s, useful for playing styles",,,Bass,effects:5ce4aafa-7023-47bc-a88a-34f17706d7f6
ce84171f-f536-42f3-bbec-1d7ffc7d560c,e0794cc7-d1f3-4432-8e83-cdc6052c1cc3,,Greyhound,,,,,,"An amp well known for its typical growl, useful for several playing styles.",,,,,,Bass,effects:5ce4aafa-7023-47bc-a88a-34f17706d7f6
b1d1a7cb-62d4-420a-841f-08e7f9166edb,e0794cc7-d1f3-4432-8e83-cdc6052c1cc3,,iTech,,,,,,"A modern amplifier, with a universal sound.",,,,,,Bass,effects:5ce4aafa-7023-47bc-a88a-34f17706d7f6
8936ad9e-1066-4180-aa10-7eee0d996dd0,e0794cc7-d1f3-4432-8e83-cdc6052c1cc3,,Paradise,,,,,,"An amp from the 90s, w/ a hifi-like clear tone that makes it useful for several styles.",,,,,,Bass,effects:5ce4aafa-7023-47bc-a88a-34f17706d7f6
ecfb44b3-e1af-4a97-89aa-5c5542f6c213,e0794cc7-d1f3-4432-8e83-cdc6052c1cc3,,Compressor MB,,,"Dynamics,EQ",,,,,,,,,Bass,effects:5ce4aafa-7023-47bc-a88a-34f17706d7f6
245c075e-3592-49d1-8ed5-869d22710193,e0794cc7-d1f3-4432-8e83-cdc6052c1cc3,,Graphical EQ,,,EQ,,,,,,,,,Bass,effects:5ce4aafa-7023-47bc-a88a-34f17706d7f6
ade0e14c-39f3-4044-bb51-08934080798a,e0794cc7-d1f3-4432-8e83-cdc6052c1cc3,,Enhancer,,,Harmonic Coloration,,,,,,,,,Bass,effects:5ce4aafa-7023-47bc-a88a-34f17706d7f6
55d18127-19cb-4e18-bc45-fe33ac05972f,e0794cc7-d1f3-4432-8e83-cdc6052c1cc3,,Magneto II,,Cubase,Harmonic Coloration,Plugin,VST3,Simulated saturation + compresson of recording on analog tape machines,Standalone; Embedded in VST Bass Amp,,,,,Bass,effects:5ce4aafa-7023-47bc-a88a-34f17706d7f6
db54ce42-dbb7-4687-b795-ef719cbaa7de,e0794cc7-d1f3-4432-8e83-cdc6052c1cc3,,Envelope Filter,,,Modulation,,,,,,,,,Bass,effects:5ce4aafa-7023-47bc-a88a-34f17706d7f6
15422285-08d3-4219-af65-ce06c9a8318f,e0794cc7-d1f3-4432-8e83-cdc6052c1cc3,,DI Driver,,,Preamp,,,,,,,,,Bass,effects:5ce4aafa-7023-47bc-a88a-34f17706d7f6
79640c5c-1849-46de-ae9e-7141076d9162,07c4b938-7505-4597-9461-cebfb162ae82,,Mic Mod,4.5.0.71,,Microphone,Plugin,"AU,VST3",,,,,,,,
6773786f-752d-4548-826b-fa52a4d328a3,b70b5789-f0d3-410a-861d-5165a3421a75,,Freezr,1.0.4,,"Delay,Time/Phase","Plugin,Standalone","AU,VST3",Creative stutter sequencer freezes segments of audio in real-time for expressive manipulation during performance.,,,,,,,
8d9f01bf-b552-45cf-95af-d2c10f60ee08,4637e6a0-dffd-45fd-a2cc-2d7f65520b28,,Melodyne Editor,5.4.2,,"Pitch Tools,Time/Phase","Plugin,Standalone","AU,VST3","Advanced polyphonic pitch, timing, and formant correction with note-level audio editing.",,,,,,"Mastering,Restoration,Voice",
3bda3bd4-8066-45fc-b3f9-d713980d40a2,1e4cdfc5-7837-4d12-9000-aa0f592d837a,"181acb7f-5e68-4b6d-90f7-5f87a59c4e91,bcf62f0d-7f81-4ddd-965b-9be46fb21cbf,97ae4cda-b521-43e0-b745-98e693c2483d",Blackhole,3.11.4,,Reverb&Room,Plugin,"AU,VST3",Reverb preset from multiple Eventide hardware units,,,,,,Modeled,
ec079b03-34dc-4465-975d-7d5880b5a54e,1e4cdfc5-7837-4d12-9000-aa0f592d837a,"c3bb5326-c8bf-4fe7-b9b5-e1d964bc6bec,c71c9117-553a-46a5-8eb9-619887e1950b",UltraReverb,3.11.4,,Reverb&Room,Plugin,"AU,VST3","9 reverbs (2 halls, 2 chambers, 2 rooms, 2 plates and ambience) w/ EQ, compression, delay. lo-fi bit-reducer for ""vintage digital"" sound",,,,,,Modeled,
e51c3f3d-15e4-412b-a793-510cc189b410,1e4cdfc5-7837-4d12-9000-aa0f592d837a,571ddcbf-516f-4246-be52-da922b6cb03c,H3000 Band Delays Mk II,1.3.4,,"Delay,Modulation",Plugin,"AU,VST3","8 voices of tempo-based, filtered delays. 
[ Function Generator (LFO) based feedback modulation. LPF, HPF, All-Pass, Band-Pass and Shelving EQ (per-voice) ]",Eventide H3000 Ultra-Harmonizer TOP,,,,,Modeled,
57f03fb0-e47d-428d-87a6-c2ea6acd5567,1e4cdfc5-7837-4d12-9000-aa0f592d837a,571ddcbf-516f-4246-be52-da922b6cb03c,H3000 Factory Mk II,1.3.4,,"Delay,Modulation,Pitch Tools",Plugin,"AU,VST3","18 block effects processor
[ 2 delay, 2 pitch shift, 2 filters, 2 VCA AM modules, 2 envelope modules, 2 LFOs w/ 13 shapes, Noise Generator, Function Generator ]",Eventide H3000 Ultra-Harmonizer TOP,,,,,Modeled,
7023e76e-3978-4052-a5db-993231c5edfa,1e4cdfc5-7837-4d12-9000-aa0f592d837a,571ddcbf-516f-4246-be52-da922b6cb03c,Undulator,1.3.4,,Modulation,Plugin,"AU,VST3","Modulated tremolo w/ feedback, detune and delay",Eventide H3000 Ultra-Harmonizer TOP,,,,,Modeled,
94284c8f-fd93-482d-bd20-aa35e39c9a07,1e4cdfc5-7837-4d12-9000-aa0f592d837a,320d26f0-659a-4920-9817-a5c11f464d09,H910 Harmonizer,3.12.4,,"Delay,Modulation,Pitch Tools",Plugin,"AU,VST3",single channel,Eventide H910 TOP,,,,,Modeled,
c9de5eaf-f88a-48ef-a52a-5c55ed35995a,1e4cdfc5-7837-4d12-9000-aa0f592d837a,320d26f0-659a-4920-9817-a5c11f464d09,H910 Dual Harmonizer,3.12.4,,"Delay,Modulation,Pitch Tools,Spatial Processing",Plugin,"AU,VST3",dual channel,Eventide H910 TOP,,,,,Modeled,
1bcea94d-58c1-476f-b45c-8087f64fb916,1e4cdfc5-7837-4d12-9000-aa0f592d837a,52b99fa0-25ab-40cb-91f6-881df55837d8,H949 Harmonizer,3.12.4,,"Delay,Modulation,Pitch Tools",Plugin,"AU,VST3",single channel,,,,,,Modeled,
6ce0683e-de4a-4359-9216-de977c8566e3,1e4cdfc5-7837-4d12-9000-aa0f592d837a,52b99fa0-25ab-40cb-91f6-881df55837d8,H949 Dual Harmonizer,3.12.4,,"Delay,Modulation,Pitch Tools,Spatial Processing",Plugin,"AU,VST3",dual channel,,,,,,Modeled,
3001a488-b8b2-43be-9feb-df8f912ef93e,1e4cdfc5-7837-4d12-9000-aa0f592d837a,4ac17e63-3430-4c14-a6b5-594801e62772,Instant Flanger Mk II,1.8.4,,Modulation,Plugin,"AU,VST3",,,,,,,Modeled,
cce974e6-ce81-414d-98cf-dc31288d864a,1e4cdfc5-7837-4d12-9000-aa0f592d837a,8088dd6f-f6ab-4bad-97ae-6219e5cec85a,Instant Phaser Mk II,1.8.4,,Modulation,Plugin,"AU,VST3",,,,,,,Modeled,
0c40b6c8-b94b-4f0c-b6df-a33d59f8c749,1e4cdfc5-7837-4d12-9000-aa0f592d837a,68b13881-540d-45f0-95dd-fd1baa73fcb3,Omnipressor,3.12.4,,Dynamics,Plugin,"AU,VST3",,,,,,,Modeled,
0218ace3-2191-4ddf-9683-1dd1fcb8883e,1e4cdfc5-7837-4d12-9000-aa0f592d837a,cc296477-3aa6-4875-9975-ad30bf0c1989,SP2016 Reverb,1.8.5,,Reverb&Room,Plugin,"AU,VST3","Stereo Room, Room and Hi-Density Plate Eventide Reverb",,,,,,Modeled,
56ce6271-c81e-43c6-81f7-d1a15094e9c1,1e4cdfc5-7837-4d12-9000-aa0f592d837a,959a3f50-aa52-4b5d-b3aa-0bdb8e7a649d,Tverb,2.11.5,,Reverb&Room,Plugin,"AU,VST3",Tony Visconti,,,,,,Modeled,
cc44d224-a836-41ec-882f-5faabf2ccee7,1e4cdfc5-7837-4d12-9000-aa0f592d837a,1c36172d-b5d1-46f5-b2bd-9c1ed27bda0a,Rotary Mod,1.3.5,,Modulation,Plugin,"AU,VST3",,Leslie 122 ALT (Tone),,,,,Modeled,
b648b516-f7e8-4b19-aee0-bb93b7ea51b2,1e4cdfc5-7837-4d12-9000-aa0f592d837a,68153ec0-f45d-4dae-a894-f60b270cc8b1,EQ45,3.11.4,,EQ,Plugin,"AU,VST3",,,,,,,Modeled,
807433ba-1904-44a7-b4c6-5f2c25dd5166,1e4cdfc5-7837-4d12-9000-aa0f592d837a,b7b0b7b6-a9ef-4dd7-985f-3c2852e1e627,EQ65,3.11.4,,EQ,Plugin,"AU,VST3",,,,,,,Modeled,
f935d6d2-735a-40f4-8518-5efb48ce00af,1e4cdfc5-7837-4d12-9000-aa0f592d837a,,UltraTap,2.10.4,,Delay,Plugin,"AU,VST3",Multi-tap delay line effects processor w/ multi-voice detune modulation and tremolo,,,,,,,
72b0c2ef-abf0-4762-9364-ea5dd8870f8c,1e4cdfc5-7837-4d12-9000-aa0f592d837a,,Physion Mk II,1.3.4,,"Delay,Dynamics,EQ,Modulation,Pitch Tools,Reverb&Room",Plugin,"AU,VST3","Production Toolkit that allows selective application of effects; STRUCTURAL SPLIT separates TRANSIENT + TONAL audio content 
[ Delay w/ modulation & feedback, Compressor/Limiter, Expander/Gate, Phaser, Chorus, Tremolo, Reverb, 3-band EQ ]",,,,,,Mastering,
93c1125c-51a0-4ab1-ad83-de593535472b,1e4cdfc5-7837-4d12-9000-aa0f592d837a,,UltraChannel,3.11.4,,"Delay,Dynamics,EQ,Pitch Tools,Preamp",Plugin,"AU,VST3","Mixing / Mastering Channel Strip
[ Gate, Dual Compressor, De-Esser O-Pressor (OctoPressor); 5 Band Parametric EQ; Micro Pitch Shift; Stereo Delays]",,,,,,Mastering,
aa06cb06-009f-4c06-aea1-bf1b3f85a329,1e4cdfc5-7837-4d12-9000-aa0f592d837a,,Crystals,1.3.4,,"Delay,Pitch Tools,Reverb&Room",Plugin,"AU,VST3","Classic Eventide effect combining twin reverse pitch shifters, delays, feedback and reverb",,,,,,,
703f4ef4-79e7-49bc-986e-590e28e4ad4a,1e4cdfc5-7837-4d12-9000-aa0f592d837a,,EChannel,3.11.4,,"Dynamics,EQ,Preamp",Plugin,"AU,VST3","Channel w/ routable Gate, 5-band parametric EQ, Compressor, De-Esser, analog transformer saturation",,,,,,Channel Strip,
50419781-b7bb-4d3e-90b9-df0e3af7c0db,1e4cdfc5-7837-4d12-9000-aa0f592d837a,,DeBoom,1.3.4,,EQ,Plugin,"AU,VST3","Corrective low-frequency EQ; 
STRUCTURAL SPLIT separates TRANSIENT + TONAL audio content",,,,,,Restoration,
c253bcc9-37cf-49e9-a7b0-483fa84c0afd,1e4cdfc5-7837-4d12-9000-aa0f592d837a,,Sheen Machine,1.3.4,,EQ,Plugin,"AU,VST3","Corrective high-frequency EQ; 
STRUCTURAL SPLIT separates TRANSIENT + TONAL audio content",,,,,,Restoration,
56eb70ee-991b-48fa-a47f-900932a318c4,1e4cdfc5-7837-4d12-9000-aa0f592d837a,,SplitEQ,1.3.5,,EQ,Plugin,"AU,VST3","mixing/mastering graphical EQ ; STRUCTURAL SPLIT separates TRANSIENT + TONAL audio content. 6-band EQ w/ 6 types (Low/High Shelf, Peak, Notch, Bandpass, Tilt Shelf) w/ LPF/HPF",,,,,,Mastering,
5440d265-541b-4ab0-87a0-47f332c97ed9,1e4cdfc5-7837-4d12-9000-aa0f592d837a,,Crush Station,1.4.4,,Harmonic Coloration,Plugin,"AU,VST3",octave overdrive saturation / distortion,,,,,,Guitar,
69e3e302-78ef-49d6-b1fc-73780af3b6d2,1e4cdfc5-7837-4d12-9000-aa0f592d837a,,TriceraChorus,1.3.5,,Modulation,Plugin,"AU,VST3",3-voice BBD based chorus/detune based on stompbox choruses,,,1970s-80s sound,,,,
7f49968a-5f6f-4c99-8484-12c2d9fcb6d9,1e4cdfc5-7837-4d12-9000-aa0f592d837a,,MicroPitch,1.3.4,,Pitch Tools,Plugin,"AU,VST3","2 channels of fine-resolution pitch shift w/ 2 delays/slap-back for vocal doubling, tone fattening, unique delay",,,,,,Voice,
26412931-783d-4c16-971c-5f99250912bb,1e4cdfc5-7837-4d12-9000-aa0f592d837a,,Octavox,3.11.5,,Pitch Tools,Plugin,"AU,VST3",8 voice diatonic harmonizer based on pitch-shifting and delay,,,,,,,
8c1b196d-fc3f-40f8-83b1-fa6c9e3d026e,1e4cdfc5-7837-4d12-9000-aa0f592d837a,,Quadrovox,3.11.5,,Pitch Tools,Plugin,"AU,VST3",4 voice diatonic harmonizer based on pitch-shifting and delay,,,,,,,
4e5c0e03-cfde-4679-9ff0-cb0c23dd3e3c,1e4cdfc5-7837-4d12-9000-aa0f592d837a,,ShimmerVerb,1.3.4,,"Pitch Tools,Reverb&Room",Plugin,"AU,VST3",Reverb w/ dual pitch shifters,,,,,,,
8220ab59-8dfb-46ee-be4d-4888004a1aca,1e4cdfc5-7837-4d12-9000-aa0f592d837a,,Temperance Lite,1.0.8,,Reverb&Room,Plugin,"AU,VST3",Modal Reverb w/ 3 spaces,,,LOW DSP,,,,
58472c10-2149-454f-aa85-63047f434881,1e4cdfc5-7837-4d12-9000-aa0f592d837a,,MangledVerb,2.10.4,,Reverb&Room,Plugin,"AU,VST3",Feeds non-standard stereo reverb w/ tempo/tapped delay into distortion / overdrive,,,,,,,
f2b0043a-9af8-495f-a0c9-e772964b74ac,1e4cdfc5-7837-4d12-9000-aa0f592d837a,,Spring,1.5.4,,Reverb&Room,Plugin,"AU,VST3","configurable spring reverb based on ""artifical"" guitar amps w/ tube amp style tremolo and chorus",,,,,,,
cb793a1b-74b5-446b-a4ac-5c5ad28372a6,1e4cdfc5-7837-4d12-9000-aa0f592d837a,,Temperance Pro,1.0.8,,Reverb&Room,Plugin,"AU,VST3","Modal Reverb w/ 29 spaces, chromatic control, advanced shaping tools",,,,,,,
db06f245-58bf-4aed-994f-54a99f4ab124,1e4cdfc5-7837-4d12-9000-aa0f592d837a,,Precision Time Align,3.11.4,,"Time/Phase,Delay",Plugin,"AU,VST3",sub-second delay w/ time sync,,,"surgical restoration tool for cases where you need extreme precision and manual control — fixing multi-mic drum recordings, double-tracked guitars, forensic timing correction",,,Restoration,
91978913-e4cc-4548-8796-1202248623cc,a2e6ee1b-5bb1-4655-ad8d-54d8a07eeba2,,Timeless 3,3.08,,Delay,Plugin,"AU,VST3","2 lines of tape delay (w/ saturation, dynamics, pitch shifting and modulation)",,,,,,,
2244abb0-fb76-4926-a45f-027785cf711f,a2e6ee1b-5bb1-4655-ad8d-54d8a07eeba2,,Pro-C 2,2.20,,Dynamics,Plugin,"AU,VST3",Mastering Compressor w/ 8 styles (saturation),,,,,,Mastering,
a2ded1b1-8505-44f6-b619-021a75cdb66a,a2e6ee1b-5bb1-4655-ad8d-54d8a07eeba2,,Pro-C 3,3.00,,Dynamics,Plugin,"AU,VST3",Mastering Compressor w/ 14 styles (saturation),,,,,,Mastering,
ac01c25c-ef7c-42c7-881a-bcc5a5f3fa4e,a2e6ee1b-5bb1-4655-ad8d-54d8a07eeba2,,Pro-G,1.40,,Dynamics,Plugin,"AU,VST3",Mastering Gate/Expander w/ 6 algorithms (saturation),,,,,,Mastering,
df35db69-006a-47f5-a837-4f4f93b6041d,a2e6ee1b-5bb1-4655-ad8d-54d8a07eeba2,,Pro-L 2,2.24,,Dynamics,Plugin,"AU,VST3",Mastering Peak Limiter w/ 8 algorithms (saturation),,,,,,Mastering,
e414b987-ebba-48f2-b56b-45cef2a49176,a2e6ee1b-5bb1-4655-ad8d-54d8a07eeba2,,Pro-MB,1.31,,Dynamics,Plugin,"AU,VST3",Mastering Multiband (6) Compressor / Expander w/ 3 processing modes,,,,,,Mastering,
b2580db6-f73f-4203-9598-d7c3e4aa8e50,a2e6ee1b-5bb1-4655-ad8d-54d8a07eeba2,,Pro-DS,1.30,,"Dynamics,EQ",Plugin,"AU,VST3",Mastering De-Esser (single vocal vs. all around),,,,,,"Mastering,Voice",
2430172b-8509-4bff-9058-b9eff4c5662a,a2e6ee1b-5bb1-4655-ad8d-54d8a07eeba2,,Pro-Q 4,4.10,,"Dynamics,EQ",Plugin,"AU,VST3","Mastering (24-band) EQ w/ analog modeling, dynamic + spectral EQ and linear phase processing",,,,,,Mastering,
6c923964-727f-4898-85c8-fdc0b09654e5,a2e6ee1b-5bb1-4655-ad8d-54d8a07eeba2,,Saturn 2,2.11,,Harmonic Coloration,Plugin,"AU,VST3",multiband distortion/saturation.,,,,,,Mastering,
b084094c-9fc8-4108-a21d-c9f8c9e1fd74,a2e6ee1b-5bb1-4655-ad8d-54d8a07eeba2,,Micro,1.30,,Modulation,Plugin,"AU,VST3",LP/HP Filter w/ envelope follower modulation,,,,,,,
e638d79c-53f1-452b-b269-07b7b9962784,a2e6ee1b-5bb1-4655-ad8d-54d8a07eeba2,,Simplon,1.40,,Modulation,Plugin,"AU,VST3",2 lightweight multimode filters (simplified version of Volcano),,,,,,,
a2fb4e26-e9e8-47fe-93b1-bbb645bce9f2,a2e6ee1b-5bb1-4655-ad8d-54d8a07eeba2,,Volcano 3,3.07,,Modulation,Plugin,"AU,VST3","4 classic, non-linear, self-oscillating filters (of 8 different shapes) ; 11 different filter styles (distortion / saturation); 5 modulation sources (XLFO, Envelope Generator or Follower, MIDI, manual) can modulate any param; delay",,,,,,,
0f9e6d29-65af-4352-9587-3b9eb9d11710,a2e6ee1b-5bb1-4655-ad8d-54d8a07eeba2,,Pro-R 2,2.04,,Reverb&Room,Plugin,"AU,VST3","3 types of convolution reverb (modern, vintage, plate)",,,,,,,
e6c3cca4-f81b-47ea-8ad2-bfd95dd35d4a,8f203eb9-bf4c-43d2-95c8-7784eb515880,,MicroFX Refiner,1.0.0,,"Dynamics,EQ,Harmonic Coloration",Plugin,"AU,VST3","combines multiple processing tools, including EQ, clipping, compression, saturation, stereo imaging, and limiting, into a streamlined interface.",,,,,,Mastering,
0e288dca-fa60-412d-ba76-5b088315b774,acd9f372-74fb-4c7d-b2a3-ea540c5917f2,4767946a-54aa-4cba-913d-99943565e34c,Tape Machine 440,6.3.0,T-Racks,Harmonic Coloration,Plugin,"AU,VST3",,,,,,,"Mastering,Modeled",
322da95d-63e7-4a0a-992e-e2ab3109aa98,acd9f372-74fb-4c7d-b2a3-ea540c5917f2,"a0164f55-3a76-4534-86ac-3cc654a79659,b42f1bf7-92a3-43aa-be42-4e24c01cb559",Triad Chorus,6.3.0,"Softube (Modeled by)
T-Racks",Modulation,Plugin,"AU,VST3",,"DMP TSC-6718 ALT (Tone)
Dytronics CS-5 ALT (Tone)",,,,,Modeled,
d5db2576-9c17-4184-ae8c-643deb94627c,acd9f372-74fb-4c7d-b2a3-ea540c5917f2,e3c4d5d7-5e87-42cc-9868-22323b3eaef1,Comprexxor,6.3.0,T-Racks,Dynamics,Plugin,"AU,VST3",,Empirical Labs EL8 Distressor ALT (Tone),,,,,Modeled,
bf9698e8-b01e-456b-8d1f-90a8fe334ae7,acd9f372-74fb-4c7d-b2a3-ea540c5917f2,"1c36172d-b5d1-46f5-b2bd-9c1ed27bda0a,b2bd9797-32c3-4b59-bcc8-d7820f67cba9,0714648e-f707-4e9e-be61-4e113f67a3c0,f1701aaf-7f3e-49f2-90ad-63d3668dac22,681bb6f2-8962-4138-bed8-0d846f70fb5a",Leslie,6.3.0,T-Racks,Modulation,Plugin,"AU,VST3","Lesley rotary speaker emulators [ 5 Leslie amps, 6 cabinets, spring reverb, 3-band parametric EQ ]","Leslie 122 ALT (Tone)
Leslie 147 ALT (Tone)
Leslie 3300w TOP
Leslie G37 TOP
Leslie Studio 12 TOP",,,,,Modeled,
38d5700f-304f-4168-b354-06af11ef7c12,acd9f372-74fb-4c7d-b2a3-ea540c5917f2,f8ec4797-a519-44df-9cf3-6bc51e41ab72,Lurssen Mastering EQ,6.3.0,"Lurssen Mastering
T-Racks",EQ,Plugin,"AU,VST3","[Gavin Lurssen, Reuben Cohen, Lurssen Mastering in Los Angeles]",,,,,,"Mastering,Modeled",
759af194-b4e7-4cc9-ad29-3e3c2902ed98,acd9f372-74fb-4c7d-b2a3-ea540c5917f2,d12a7401-4741-4c4e-9b11-f46511ed3e23,Dyna-Mu,6.3.0,T-Racks,Dynamics,Plugin,"AU,VST3",,Manley Variable-Mu ALT (Tone),,,,,"Mastering,Modeled",
619d0118-bf65-4dd6-b1f3-ef45aed0111d,acd9f372-74fb-4c7d-b2a3-ea540c5917f2,3aaf25bd-6bb7-429c-b27e-20ba3be1675e,Tape Machine 24,6.3.0,T-Racks,Harmonic Coloration,Plugin,"AU,VST3",,,,,,,Modeled,
9e04c7e1-5c3e-43bf-ad6c-3feb7160390f,acd9f372-74fb-4c7d-b2a3-ea540c5917f2,f924c123-c339-455e-9b51-89e3e66f2acd,Filter Fusion,6.3.0,T-Racks,Modulation,Plugin,"AU,VST3",5 unique filter types (5 different modes) based on Moog's transistor ladder. Saturation controls,Moog the Ladder ALT (Tone),,,,,Modeled,
8f39be20-9216-4497-884a-47dcf9c1b18b,acd9f372-74fb-4c7d-b2a3-ea540c5917f2,73d626d7-213b-4b80-8867-cbf0d7d6b834,EQ-73,6.3.0,T-Racks,EQ,Plugin,"AU,VST3",,Neve 1073 ALT (Tone),,,,,Modeled,
57321b45-2da6-4d50-9fb6-07a4a415c02b,acd9f372-74fb-4c7d-b2a3-ea540c5917f2,c9061824-f7dd-43a7-b8ea-ffff0a33acc9,Precision Comp-Limiter,6.3.0,T-Racks,Dynamics,Plugin,"AU,VST3",,Neve 2254 ALT (Tone),,,,,"Mastering,Modeled",
4be37aea-d6f7-4005-a1aa-83ca0d43b06d,acd9f372-74fb-4c7d-b2a3-ea540c5917f2,1ef57c13-1347-46c8-851c-94ff8711268c,EQ-PB,6.3.0,T-Racks,EQ,Plugin,"AU,VST3",,Pultec EQP-1A ALT (Tone),,,,,Modeled,
6e82c6aa-93ff-4f00-869b-c320fe8d7237,acd9f372-74fb-4c7d-b2a3-ea540c5917f2,1ef57c13-1347-46c8-851c-94ff8711268c,EQP-1A,6.3.0,T-Racks,EQ,Plugin,"AU,VST3",,Pultec EQP-1A ALT (Tone),,,,,Modeled,
df7dc346-527f-4ec8-aee8-1eb428ef5997,acd9f372-74fb-4c7d-b2a3-ea540c5917f2,8fc6fbd7-3a5e-4828-9a28-ba6b56fa568d,Space Delay,6.3.0,T-Racks,"Delay,Reverb&Room",Plugin,"AU,VST3",,Roland RE-201 Space Echo ALT (Tone),,,,,Modeled,
4e399fd4-5712-4cee-b779-1ed3e68323c4,acd9f372-74fb-4c7d-b2a3-ea540c5917f2,aa4c117e-6639-4014-8d03-63424185aeab,Master EQ-432,6.3.0,T-Racks,EQ,Plugin,"AU,VST3",,,,,,,"Mastering,Modeled",
49391fb6-5215-4a49-8292-4b0c45f0d0d3,acd9f372-74fb-4c7d-b2a3-ea540c5917f2,2e98392b-849a-44d4-92fc-fed070a3650a,British Channel,6.3.0,T-Racks,"Preamp,Dynamics,EQ",Plugin,"AU,VST3",,SSL 4000E ALT (Tone),,,,,"Channel Strip,Remove",
bacc19f7-32ed-4bda-b95a-e6c42aecc85e,acd9f372-74fb-4c7d-b2a3-ea540c5917f2,ac4f36f9-1d5b-43de-8932-c8a32510b984,White Channel,6.3.0,T-Racks,"Preamp,EQ,Dynamics",Plugin,"AU,VST3",,,,,,,Modeled,
532c5fc8-9646-4ea3-87a2-09bb3669930b,acd9f372-74fb-4c7d-b2a3-ea540c5917f2,ac9ae785-ff62-4ff9-9a49-8d88405c2f1a,Tape Machine 80,6.3.0,T-Racks,Harmonic Coloration,Plugin,"AU,VST3",,,,,,,Modeled,
9dfae1e7-7d9b-46c2-a8d4-6773206d982d,acd9f372-74fb-4c7d-b2a3-ea540c5917f2,c855d291-01db-4e32-ae89-3847455b0354,Tape Machine 99,6.3.0,T-Racks,Harmonic Coloration,Plugin,"AU,VST3",,,,,,,"Mastering,Modeled",
8009d30a-ada9-45ec-b878-4cccce3e58a8,acd9f372-74fb-4c7d-b2a3-ea540c5917f2,8d49b729-8afd-4a29-bdfd-fb92c7550ea7,TASCAM 388,6.3.0,T-Racks,Harmonic Coloration,Plugin,"AU,VST3",,,,,,,Modeled,
3406b070-2e2c-415f-94c0-2b58df87e32f,acd9f372-74fb-4c7d-b2a3-ea540c5917f2,2356038c-2255-4bd3-b2c8-1d552de0551d,TASCAM Porta One,6.3.0,T-Racks,Harmonic Coloration,Plugin,"AU,VST3",,Tascam Ministudio Porta One TOP,,,,,Modeled,
b8c6b116-6739-4b58-9a03-a024b37b89d1,acd9f372-74fb-4c7d-b2a3-ea540c5917f2,828e757e-db22-4d68-b17d-6549fd3028bc,TEAC A-3340S,6.3.0,T-Racks,Harmonic Coloration,Plugin,"AU,VST3",,,,,,,Modeled,
674b96c6-0a47-4b45-b2fd-aff99e4af410,acd9f372-74fb-4c7d-b2a3-ea540c5917f2,44dce700-159b-4a02-a8aa-c305af9061b9,TEAC A-6100 MKII,6.3.0,T-Racks,Harmonic Coloration,Plugin,"AU,VST3",,,,,,,Modeled,
82257eff-56fc-40a1-b9cc-567c68a11861,acd9f372-74fb-4c7d-b2a3-ea540c5917f2,,Amplitube 5,5.10.9,,Container,"Plugin,Standalone","AU,VST3","Combines (up to 6) stomp box, amp, and cabinet emulation",,,,,,"Bass,Guitar",
010d8f6b-1a96-43d6-852b-2722899cd2f6,acd9f372-74fb-4c7d-b2a3-ea540c5917f2,,MixBox,1.5.2,,Container,"Plugin,Standalone","AU,VST3","Virtual Rack. Has 71 modules ported from T-RackS, SampleTank and AmpliTube. Up to 8 racks of 8 modules each. [ Dynamics, EQ / Filter, Modulation, Channel Strips, Reverb / Delay, Distortion / Saturation, Amplifiers ]",,,,,,,
560887e9-8a5f-42c5-b8fd-ffd183041b33,acd9f372-74fb-4c7d-b2a3-ea540c5917f2,,TONEX,1.10.5,,"Container,Delay,Dynamics,EQ,Modulation,Reverb&Room","Plugin,Standalone","AU,VST3","AI machine modeled tone creator, player, browser and editor for amp, cab and stomp. Has dynamic processing (noise gate, compressor), Modulation effects, Delay, Reverb, and EQ",,,,,,"Bass,Guitar",
1708be35-28ae-431d-abca-3e7caa6ad3ee,acd9f372-74fb-4c7d-b2a3-ea540c5917f2,,Delay Lab,6.3.0,T-Racks,Delay,Plugin,"AU,VST3","digital creative delay w/ doubling, bit reduction / down sampling, HPF / LPF",,,,,,,
f4be726d-7d9b-4f0d-96be-ba96cf43fb82,acd9f372-74fb-4c7d-b2a3-ea540c5917f2,,Brickwall Limiter,6.3.0,T-Racks,Dynamics,Plugin,"AU,VST3",Mastering Brickwall Limiter; (9 algorithms - various levels of transparency / saturation) NOTE: brickwall limiters should be the final step of a mastering chain,,,,,,Mastering,
4308b663-aa81-4ecf-b2eb-9e8df7bb6b9b,acd9f372-74fb-4c7d-b2a3-ea540c5917f2,,Classic Comp,6.3.0,T-Racks,Dynamics,Plugin,"AU,VST3","Tube compressor. classic, analog hi-end vintage gear",,,,,,Mastering,
19af842a-7ebb-424c-b748-0b2f9d7d4bbe,acd9f372-74fb-4c7d-b2a3-ea540c5917f2,,Opto Comp,6.3.0,T-Racks,Dynamics,Plugin,"AU,VST3",Analog modeled optical compressor,,,,,,,
062e741d-5dbf-4c76-92d5-6d4f5ade9747,acd9f372-74fb-4c7d-b2a3-ea540c5917f2,,Quad Compressor,6.3.0,T-Racks,Dynamics,Plugin,"AU,VST3",Up to 4 configurable bands of optical compression,,,,,,,
1cb5cf4e-a225-4c97-ac04-2e18fc122c54,acd9f372-74fb-4c7d-b2a3-ea540c5917f2,,Quad LImiter,6.3.0,T-Racks,Dynamics,Plugin,"AU,VST3",Up to 4 configurable bands of peak limiting. Finalizing brickwall limiter at the end of the chain.,,,,,,,
541a3048-f71a-4d70-8835-0d9ee6c2c875,acd9f372-74fb-4c7d-b2a3-ea540c5917f2,,Stealth Limiter,6.3.0,T-Racks,Dynamics,Plugin,"AU,VST3",Mastering peak limiter. Transparent (no side effects / distortion),,,,,,Mastering,
a2b9a7c7-9e74-4dcd-82c4-4af0a655c97e,acd9f372-74fb-4c7d-b2a3-ea540c5917f2,,Bass One,6.3.0,T-Racks,"Dynamics,EQ",Plugin,"AU,VST3",low end / subharmonic enhancer,,,,,,,
40963947-1400-4ef1-9096-5d3f9d93ae28,acd9f372-74fb-4c7d-b2a3-ea540c5917f2,,Joe Chiccarelli Vocal Strip,6.3.0,"Joe Chiccarelli
T-Racks","Dynamics,EQ,Harmonic Coloration,Modulation,Preamp,Reverb&Room",Plugin,"AU,VST3","vocal processing chain [ 3 parallel analog compressors, de-esser, 3-band EQ, reverb / echo / modulation, distortion / saturation ]",,,,,,"Channel Strip,Voice",
bab55360-8298-4b66-95bf-781de3647d2a,acd9f372-74fb-4c7d-b2a3-ea540c5917f2,,Lurssen Mastering Console,1.2.0,Lurssen Mastering,"Dynamics,EQ,Preamp,Container","Plugin,Standalone","AU,VST3","[Gavin Lurssen, Reuben Cohen, Lurssen Mastering in Los Angeles] Mastering chain tool; 5-band EQ, Solid State EQ, tube limiter, solid state de-esser, solid state compressor, output limiter","Primary Mastering is WaveLab and Ozone, but Lurssen can be a third option for specific tonal color",,"Gavin Lurssen's tonal color includes Elton John, Queens of the Stone Age, Lynyrd Skynyrd, Snoop Dog, Bruno Mars and AV (Oppenheimer, Iron Man, Despicable Me, Up, Game of Thrones, Mandalorian).",,,"Mastering,Voice",
cad2ddf4-0707-4ab5-b56e-7788ea500f4e,acd9f372-74fb-4c7d-b2a3-ea540c5917f2,,One,6.3.0,T-Racks,"Dynamics,EQ,Preamp,Spatial Processing",Plugin,"AU,VST3","All-in-one mastering chain tool [3-band EQ, analog harmonic exciter, transient shaping, bass compressor / expander, limiter, stereo imaging ]",,,,,,Mastering,
9b67c3aa-5476-44a0-9a89-f142ae44fcfd,acd9f372-74fb-4c7d-b2a3-ea540c5917f2,,Master Match X,6.3.0,T-Racks,"Dynamics,EQ,Spatial Processing",Plugin,"AU,VST3","Mastering Tool (Audio Matching + Equalization). Analyzes up to 3 reference tracks of RMS / EQ and applies that curve based on the results. [Fixed position (end of toolchain)] multiband compression / limiter, stereo imaging, track analysis",,,,,,Mastering,
4e13df8c-518e-4e0f-b6e3-f4aac7974e54,acd9f372-74fb-4c7d-b2a3-ea540c5917f2,,Lo-Fi Punch,6.3.0,T-Racks,"Dynamics,Harmonic Coloration",Plugin,"AU,VST3","Lo-Fi distortion (vintage or modern bit-crushing); adjustable saturation, w/ compression",,,,,,,
b7dd0bc8-92f5-4ccb-97eb-13216b4d2f33,acd9f372-74fb-4c7d-b2a3-ea540c5917f2,,EQual,6.3.0,"T-Racks
Verve Analog Machines",EQ,Plugin,"AU,VST3","10 band parametric EQ (various shapes and filters, including emulated/inspired curves)",,,"[ API 550A; API 550B; API560; GML Model 8200; Manley Massive Passive, Neve 1073, Neve 1081; Pultec EQP-1A, SSL EQ242]",,,,
f1d03c06-de5b-4ff2-9f6a-f9747fb075c2,acd9f372-74fb-4c7d-b2a3-ea540c5917f2,,Classic EQ,6.3.0,T-Racks,EQ,Plugin,"AU,VST3",6 band parametric EQ,,,,,,Mastering,
9a3612c5-f131-4a5d-9107-313a3e15a496,acd9f372-74fb-4c7d-b2a3-ea540c5917f2,,Linear Phase EQ,6.3.0,T-Racks,EQ,Plugin,"AU,VST3","6 identical bands of minimum or linear phase mastering EQ. (can be LPF, HPF, peak or shelving).",,,,,,Mastering,
c07578b5-fd7b-472d-9f3d-819cdcbd5ae8,acd9f372-74fb-4c7d-b2a3-ea540c5917f2,,Classic Clipper,6.3.0,T-Racks,Harmonic Coloration,Plugin,"AU,VST3",mastering peak / clipping stage module. (More transparent option than peak limiter),,,,,,Mastering,
7cee2958-5cd9-4319-8f2e-bf38acc79100,acd9f372-74fb-4c7d-b2a3-ea540c5917f2,,Quad Saturator,6.3.0,T-Racks,Harmonic Coloration,Plugin,"AU,VST3",4-band processor w/ 5 saturation types per band.,,,,,,,
f3124776-1500-420e-996e-9d4e27744245,acd9f372-74fb-4c7d-b2a3-ea540c5917f2,,Mic Room,6.3.0,T-Racks,"Microphone,Container",Plugin,"AU,VST3",,,,,,,,
015795f6-ca4c-4536-881c-bd4801a86a5d,acd9f372-74fb-4c7d-b2a3-ea540c5917f2,,Prism Reverb,6.3.0,T-Racks,"Pitch Tools,Reverb&Room",Plugin,"AU,VST3","4-Module reverb with pitch shifting, reverb tail control, feedback. (Evolution of Shimmer style). Isolated left and right channel adjustments",,,,,,,
9636d83c-7917-4c68-b24d-cfdcdf6714dd,acd9f372-74fb-4c7d-b2a3-ea540c5917f2,,T-RackS 6 (T-Racks Mastering Console),6.3.0,T-Racks,Preamp,"Plugin,Standalone","AU,VST3",,,,,,,Mastering,
7c04f18a-98ec-4a4c-9d56-9e6574bf64e0,acd9f372-74fb-4c7d-b2a3-ea540c5917f2,,CSR Inverse,6.3.0,"Classik Studio Reverb
T-Racks",Reverb&Room,Plugin,"AU,VST3",Inverse reverb,,,"80s snare drum. Drums and percussion, creative effect for vocals",,,,
3f603ed8-0008-4074-b547-007d175a5081,acd9f372-74fb-4c7d-b2a3-ea540c5917f2,,CSR Plate,6.3.0,"Classik Studio Reverb
T-Racks",Reverb&Room,Plugin,"AU,VST3",Plate reverb,,,"bright, slightly metallic. Vocals and Drums",,,,
5a042c15-eabf-4177-b275-4a03511b17fa,acd9f372-74fb-4c7d-b2a3-ea540c5917f2,,CSR Room,6.3.0,"Classik Studio Reverb
T-Racks",Reverb&Room,Plugin,"AU,VST3",Small/Medium sized room.,,,"More intimate than hall. Drums, Guitar, occasionally vocals",,,,
c903895d-bc6a-430c-9c8a-85424117d748,acd9f372-74fb-4c7d-b2a3-ea540c5917f2,,CSR Hall,6.3.0,"Classik Studio Reverb
T-Racks",Reverb&Room,Plugin,"AU,VST3",Hall reverb,,,"Simulates large acoustic spaces. ""vocal reverb"".",,,,
e96e1565-0078-4a9a-a11a-b1eab1682311,acd9f372-74fb-4c7d-b2a3-ea540c5917f2,,Dual Spring,6.3.0,T-Racks,Reverb&Room,Plugin,"AU,VST3",dual spring reverb w/ highly flexible controls,,,,,,,
affe6ce1-43e8-461b-897e-dc9c51c2ea9e,acd9f372-74fb-4c7d-b2a3-ea540c5917f2,,Quad Image,6.3.0,T-Racks,Spatial Processing,Plugin,"AU,VST3",Multiband (up to 4 configurable bands) of M/S matrix processing for stereo imaging,Redundant from Steinberg Imager and Ozone Imager,,,,,Remove,
9accd349-e3af-4625-95ac-2516fadaaf3b,2f5610b9-b864-4c87-9ece-73c73aad85f5,d8bce077-bd5e-439c-bf5c-4b08cd46a3e3,Nectar 4 Reverb,4.1.0,Nectar Suite,Reverb&Room,Plugin,"AU,VST3","Stereo plate reverb w/ saturation. 
(EMT 140 was very classic and common for vocal processing)",EMT 140 ST ALT (Tone),,,,,"Modeled,Voice",
f2145ee5-e086-4f10-9428-78596aa16753,2f5610b9-b864-4c87-9ece-73c73aad85f5,fd4cabf5-332d-4201-8afb-5a1f9756df55,Ozone 12 Vintage Limiter,12.1.0,Ozone,Dynamics,Plugin,"AU,VST3","(1950s) 3 modes of operation (Analog, Tube, Modern) w/ true peak limiting",Fairchild 670 ALT (Tone),,,,,"Mastering,Modeled",
e82f6b57-b621-46cd-8e8a-dae6fa068b65,2f5610b9-b864-4c87-9ece-73c73aad85f5,"1ef57c13-1347-46c8-851c-94ff8711268c,6bcc7dc4-4f61-437f-8641-ce1c0b6e6e0b",Ozone 12 Vintage EQ,12.1.0,Ozone,EQ,Plugin,"AU,VST3","Vintage mastering EQ
EQP-1A (Low/high Boost/Cut and Shelving)
MEQ-5 (3 Band peaking filters)","Pultec EQP-1A TOP - Mastering
Pultec MEQ-5 Mid-Range EQ TOP - Mastering",,,,,"Mastering,Modeled",
1c822044-7952-4db6-894a-dbe3e0b5a23f,2f5610b9-b864-4c87-9ece-73c73aad85f5,8b9c34c4-c5af-43d7-9c8c-0bd40dd7fe39,Ozone 12 Vintage Tape,12.1.0,Ozone,Harmonic Coloration,Plugin,"AU,VST3",,,,,,,"Mastering,Modeled",
d4e7d63e-7e60-4fd7-8ebd-d8937cb2b087,2f5610b9-b864-4c87-9ece-73c73aad85f5,,Nectar 4,4.1.0,Nectar Suite,Container,Plugin,"AU,VST3",Vocal Production Suite w/ 13 independent plugins,,,,,,Voice,
c118242b-92e9-4280-87b9-478460f795ef,2f5610b9-b864-4c87-9ece-73c73aad85f5,,Neutron 5,5.1.0,Neutron,Container,Plugin,"AU,VST3",10 Plugin Suite for mixing,,,,,,,
c4912f0b-5617-45a1-96f8-555fee4a87f6,2f5610b9-b864-4c87-9ece-73c73aad85f5,,Ozone 12,12.1.0,Ozone,Container,Plugin,"AU,VST3",Mastering suite [ provides global controls for each of the Ozone plugins ],,,,,,Mastering,
73a9cd63-2914-4064-b007-7d97436ceef2,2f5610b9-b864-4c87-9ece-73c73aad85f5,,Cascadia,1.1.0,,Delay,Plugin,"AU,VST3",,,,,,,,
3885e324-531f-4992-a276-f875219514af,2f5610b9-b864-4c87-9ece-73c73aad85f5,,Nectar 4 Delay,4.1.0,Nectar Suite,Delay,Plugin,"AU,VST3",Stereo delay w/ 5 saturation modes.,,,,,,Voice,
bca876ca-b19c-4b5a-85aa-89cea6c45e4f,2f5610b9-b864-4c87-9ece-73c73aad85f5,,Vocal Synth 2,2.7.0,,"Delay,Dynamics,EQ,Harmonic Coloration,Modulation,Pitch Tools,Reverb&Room,Time/Phase",Plugin,"AU,VST3","Vocal effects suite [ pitch detection / correction , spectral / formant emulation, Vocoder, bit crusher, harmonizaion, chorus, reverb / delay, time sync ]",,,,,,Voice,
2548c8b4-da58-415a-a6cb-f3e2d8803d5b,2f5610b9-b864-4c87-9ece-73c73aad85f5,,Stutter Edit 2,2.1.0,,"Delay,EQ,Modulation,Reverb&Room,Harmonic Coloration,Time/Phase",Plugin,"AU,VST3","TIme Variant Modifiers, Reverb / Delay, Rhythmic Processing, distortion/bit crushing, chorus, comb-filtering, flanger, phaser. Useful for EDM, cinematic sound design, hip-hop, audio-for-visual",,,,,,,
7ca8fda8-9469-44bc-8605-7d31c68a2fd0,2f5610b9-b864-4c87-9ece-73c73aad85f5,,Nectar 4 Auto-Level,4.1.0,Nectar Suite,Dynamics,Plugin,"AU,VST3","Intelligent + transparent compressor alternative, placed at the start of a signal chain. Detects sung vs. unsung vocals.",,,,,,Voice,
da066f0a-6c12-4963-a026-da23faaf808a,2f5610b9-b864-4c87-9ece-73c73aad85f5,,Nectar 4 Breath Control,4.1.0,Nectar Suite,Dynamics,Plugin,"AU,VST3",reduce unwanted breaths,,,,,,"Restoration,Voice",
e793fc64-da39-4d00-b8bc-502d8bc8c6ed,2f5610b9-b864-4c87-9ece-73c73aad85f5,,Nectar 4 Compressor,4.1.0,Nectar Suite,Dynamics,Plugin,"AU,VST3","4 compressor modes (digital, vintage, optical and solid-state)",,,,,,Voice,
bb0e26fb-d467-41cd-a115-2f99edbab4b9,2f5610b9-b864-4c87-9ece-73c73aad85f5,,Nectar 4 Gate,4.1.0,Nectar Suite,Dynamics,Plugin,"AU,VST3",gate,,,,,,Voice,
c4518d79-54d4-4d88-aa89-5f46c41d85cc,2f5610b9-b864-4c87-9ece-73c73aad85f5,,Neutron 5 Clipper,5.1.0,Neutron,Dynamics,Plugin,"AU,VST3","Like a peak limiter. Provides soft clipping across multiple bands, mid/side channels and transient / sustain content",,,,,,,
488e1ed1-d59a-4d2f-be55-150db18a7d25,2f5610b9-b864-4c87-9ece-73c73aad85f5,,Neutron 5 Compressor,5.1.0,Neutron,Dynamics,Plugin,"AU,VST3","3 compressor modes (punch/transient, modern/clear, vintage/colored) w/ level detection mode(Peak, RMS, True Peak)",,,,,,,
8230c8a3-9836-4e5c-b58a-7d2e64611539,2f5610b9-b864-4c87-9ece-73c73aad85f5,,Neutron 5 Gate,5.1.0,Neutron,Dynamics,Plugin,"AU,VST3",noise gate,,,,,,,
cdb65aa2-a49b-464b-97ce-318037927b63,2f5610b9-b864-4c87-9ece-73c73aad85f5,,Ozone 12 Dynamics,12.1.0,Ozone,Dynamics,Plugin,"AU,VST3",4-bands of analog-modeled compression and limiting. 4 filter shapes per band. Detection filter for triggering dynamics processing.,,,,,,Mastering,
5dcbcc8d-165b-4e0f-9bef-e591bbbd3ee6,2f5610b9-b864-4c87-9ece-73c73aad85f5,,Ozone 12 Master Rebalance,12.1.0,Ozone,Dynamics,Plugin,"AU,VST3","ML algo for real-time gain adjustments to select focused elements in a master w/o needing to adjust stems or individual tracks. 3 modes (vocals, drum, bass) (semantic, non-envelope based dynamics)",,,,,,Mastering,
97023a15-01da-4aad-86e0-e4ce35071506,2f5610b9-b864-4c87-9ece-73c73aad85f5,,Ozone 12 Maximizer,12.1.0,Ozone,Dynamics,Plugin,"AU,VST3","boost overall level of mixes w/o sacrificing dynamics and clarity, finalizing mix. IRC (Intelligent Release Control) w/ 4 detailed modes that include transparency / distortion. True Peak limiter, upward compression, w/ soft clipping, pre-limiter transient shaping",,,,,,Mastering,
7ff71c37-e4cc-44d4-8602-32a0e0f213bb,2f5610b9-b864-4c87-9ece-73c73aad85f5,,Ozone 12 Unlimiter,12.1.0,Ozone,Dynamics,Plugin,"AU,VST3","Restores dynamics to audio that has been heavily limited or compressed. Using advanced machine learning, it estimates the transients lost during limiting and reconstructs them to bring back punch and musicality",,,,,,Mastering,
a9d126ef-5c87-488e-bb37-4a08e3d07f45,2f5610b9-b864-4c87-9ece-73c73aad85f5,,Ozone 12 Vintage Compressor,12.1.0,Ozone,Dynamics,Plugin,"AU,VST3","3 modes of vintage mastering compression (sharp, balanced, smooth) w/ a detection filter for triggering dynamics processing",,,,,,Mastering,
0fc59789-19b2-4897-9ec2-3def836e63ab,2f5610b9-b864-4c87-9ece-73c73aad85f5,,RX 11 Breath Control,11.3.0,RX,Dynamics,Plugin,"AU,VST3",Intelligent breath suppression in dialogue or vocal recordings,,,,,,"Restoration,Voice",
4431c7e9-50d7-471d-b064-173da018e716,2f5610b9-b864-4c87-9ece-73c73aad85f5,,RX 11 Music Rebalance,11.3.0,RX,Dynamics,Plugin,AU,"machine learning algorithm trained to identify and separate the following elements in a mix: Vocal, Bass, Drums or Other. The level of each mix element can be independently adjusted after separation. Useful for adjusting the level of a particular mix element when the original tracks or stems aren't available.",,,,,,Restoration,
12efe8e8-ddb1-4f0f-8dd7-5ff1bc25efba,2f5610b9-b864-4c87-9ece-73c73aad85f5,,Nectar 4 DeEsser,4.1.0,Nectar Suite,"Dynamics,EQ",Plugin,"AU,VST3",De-esser,,,,,,Voice,
58c1906e-954a-4841-b022-32194c126e83,2f5610b9-b864-4c87-9ece-73c73aad85f5,,Neutron 5 Density,5.1.0,Neutron,"Dynamics,EQ",Plugin,"AU,VST3","upward compressor that enhances, thickness, warmth and presence (mix of Dynamics and EQ)",,,,,,,
c8bc176b-2868-498f-b1b1-aaca69f0daba,2f5610b9-b864-4c87-9ece-73c73aad85f5,,Neutron 5 Transient Shaper,5.1.0,Neutron,"Dynamics,EQ",Plugin,"AU,VST3",transient shaping,,,,,,,
f8ab217e-f46e-4bb5-a255-c7a385537e6b,2f5610b9-b864-4c87-9ece-73c73aad85f5,,Neutron 5 Unmask,5.1.0,Neutron,"Dynamics,EQ",Plugin,"AU,VST3",dynamic sidechain tool that detects / fixes frequency masking,,,,,,,
984ceff4-41ee-4bcb-a3a0-aaebef8a483c,2f5610b9-b864-4c87-9ece-73c73aad85f5,,Ozone 12 Bass Control,12.1.0,Ozone,"Dynamics,EQ",Plugin,"AU,VST3",Provides a set of tools to shape and enhance the low end of your master.,,,,,,Mastering,
916b205d-b998-4f20-967e-02dca262f9f4,2f5610b9-b864-4c87-9ece-73c73aad85f5,,Ozone 12 Clarity,12.1.0,Ozone,"Dynamics,EQ",Plugin,"AU,VST3","Uses hundreds of bands to maximize the spectral power of your audio. Achieved by adaptively contouring the spectrum towards flat noise. Tames resonances and unmasks background content. ""Pull the blanket off"" dull mixes w/o sounding harsh",,,,,,Mastering,
cfe23730-d757-442c-ac04-786947221a12,2f5610b9-b864-4c87-9ece-73c73aad85f5,,Ozone 12 Dynamic EQ,12.1.0,Ozone,"Dynamics,EQ",Plugin,"AU,VST3","Spectral processing, useful in controlling specific frequencies in your mix that are too loud, w/ a degree of precision not possible w/ a static EQ",,,,,,Mastering,
99ffdddb-d1ca-4311-a96f-f1f34a1342a4,2f5610b9-b864-4c87-9ece-73c73aad85f5,,Ozone 12 Impact,12.1.0,Ozone,"Dynamics,EQ",Plugin,"AU,VST3",4 bands of microdynamics processing enabling range expansion and compression,,,,,,Mastering,
d0eecb66-e9b3-49a0-8138-9f26dea77687,2f5610b9-b864-4c87-9ece-73c73aad85f5,,Ozone 12 Low End Focus,12.1.0,Ozone,"Dynamics,EQ",Plugin,"AU,VST3","intelligent reduction of muddiness, increase of low-end impact w/ punchy (fast) / smooth (slow) response time modes",,,,,,Mastering,
730406d5-850e-4141-8c19-9234ab3af067,2f5610b9-b864-4c87-9ece-73c73aad85f5,,Ozone 12 Spectral Shaper,12.1.0,Ozone,"Dynamics,EQ",Plugin,"AU,VST3","Spectral shaper (high-resolution attenutation to problematic frequencies across the frequency spectrum). low/medium/high reduction modes of operation, tone (positive/bright, negative/dark) shaping of spectral character",,,,,,Mastering,
084623d5-0074-471f-bed8-9839bcd59065,2f5610b9-b864-4c87-9ece-73c73aad85f5,,RX 11 De-click,11.3.0,RX,"Dynamics,EQ",Plugin,"AU,VST3","Eliminates clicks, pops and digital impulse noises",,,,,,Restoration,
b2006561-10b6-4c90-8a34-5f0b2d702df2,2f5610b9-b864-4c87-9ece-73c73aad85f5,,RX 11 De-clip,11.3.0,RX,"Dynamics,EQ",Plugin,"AU,VST3",Removes distortion due to clipping. Post true peak limiter,,,,,,Restoration,
1efda99e-fd3a-46bf-b70f-2aead87aea49,2f5610b9-b864-4c87-9ece-73c73aad85f5,,RX 11 De-crackle,11.3.0,RX,"Dynamics,EQ",Plugin,"AU,VST3","Removes crackle (many clicks close together and low in volume), such as reed noise.",,,,,,Restoration,
26106386-b006-4c10-ae7a-4cdd421e0bee,2f5610b9-b864-4c87-9ece-73c73aad85f5,,RX 11 De-ess,11.3.0,RX,"Dynamics,EQ",Plugin,"AU,VST3",De-esser that can operate in classic (dynamic and EQ) or spectral modes,,,,,,"Restoration,Voice",
93bae0f6-c510-4322-8083-fe71f05df5e2,2f5610b9-b864-4c87-9ece-73c73aad85f5,,RX 11 De-hum,11.3.0,RX,"Dynamics,EQ",Plugin,"AU,VST3",multiband spectral processing w/ static/dynamic modes,,,,,,Restoration,
708daeff-b147-43b4-8202-889fc4256867,2f5610b9-b864-4c87-9ece-73c73aad85f5,,RX 11 De-plosive,11.3.0,RX,"Dynamics,EQ",Plugin,"AU,VST3","Removes ""plosives"" (audable release of pressure due to block in the vocal track)",,,,,,"Restoration,Voice",
485179cc-085f-45ac-8de7-24ed88b2d856,2f5610b9-b864-4c87-9ece-73c73aad85f5,,RX 11 Dialogue Isolate,11.3.0,RX,"Dynamics,EQ",Plugin,"AU,VST3",4 bands of frequency specific dialog isolation,,,,,,"Restoration,Voice",
f6e563a6-570a-4cbd-828e-ddcc36d715a5,2f5610b9-b864-4c87-9ece-73c73aad85f5,,RX 11 Guitar De-noise,11.3.0,RX,"Dynamics,EQ",Plugin,"AU,VST3",controls guitar performance sounds,,,,,,"Guitar,Restoration",
4f7c0f15-b1dd-4cf4-8368-c042a749ab99,2f5610b9-b864-4c87-9ece-73c73aad85f5,,RX 11 Mouth De-click,11.3.0,RX,"Dynamics,EQ",Plugin,"AU,VST3",Eliminates vocal clicks and pops,,,,,,"Restoration,Voice",
eb33f9d8-ea8e-426b-ad75-cb85cf42a36f,2f5610b9-b864-4c87-9ece-73c73aad85f5,,RX 11 Spectral De-noise,11.3.0,RX,"Dynamics,EQ",Plugin,"AU,VST3",remove stationary or slowly changing tonal noise and broadband hiss. 4 quality algorithms for different methods of noise reduction / side effects,,,,,,Restoration,
31deea1d-95c1-410e-80f4-85551299c388,2f5610b9-b864-4c87-9ece-73c73aad85f5,,RX 11 Spectral Editor,11.3.0,RX,"Dynamics,EQ",Plugin,"AU,VST3",,,,,,,Restoration,
37994850-a679-4afc-bb8d-8dec7239d42b,2f5610b9-b864-4c87-9ece-73c73aad85f5,,RX 11 Voice De-noise,11.3.0,RX,"Dynamics,EQ",Plugin,"AU,VST3",zero latency de-noiser. 64 psychoacoustically spaced bandpass filters (multiband gate) for music vs. dialog optimization.,,,,,,"Restoration,Voice",
94ff7556-5713-41ac-a69e-53cb9e3eda2e,2f5610b9-b864-4c87-9ece-73c73aad85f5,,RX11 Repair Assistant,11.3.0,RX,"Dynamics,EQ",Plugin,"AU,VST3","AI audio problem detection [ de-noise, de-reverb, de-him, de-click, de-ess, de-clip, de-harsh]",,,,,,"Restoration,Voice",
de5400f1-fb82-4e5c-98bb-2ce3f58b851f,2f5610b9-b864-4c87-9ece-73c73aad85f5,,Tonal Balance Control 2,2.10.0,,"Dynamics,EQ",Plugin,"AU,VST3",4 bands of mastering / mix bus spectral processing. source plugin content from other izotope plugins,,,,,,Mastering,
540de413-76b4-402c-96ad-53f4c629ec13,2f5610b9-b864-4c87-9ece-73c73aad85f5,,VEA (Vocal Enhancer Assistant),1.1.0,,"Dynamics,EQ",Plugin,"AU,VST3","increases clarity, sets more consistent levels, and reduces background noise via three controls: Clean (noise reduction), Shape (AI-tailored EQ), and Boost (dynamics/presence). It's tailor-made for content creators and podcasters, not music production per se.",,,,,,Restoration,
54e5bf2e-35a7-4f3e-b52a-991ca8fcce27,2f5610b9-b864-4c87-9ece-73c73aad85f5,,Velvet,,,"Dynamics,EQ",Plugin,"AU,VST3","A 3-in-1 sibilance tool for smoother vocals. Soften harshness and sibilance, dynamically shape tone, and remove distracting mouth noises and clicks",,,,,,Voice,
908a81a6-356a-4a44-bb2f-a43dc3f8b647,2f5610b9-b864-4c87-9ece-73c73aad85f5,,Plasma,1.1.0,,"Dynamics,Harmonic Coloration",Plugin,"AU,VST3","Flux saturation analyzes your sound and applies dynamic processing, adding precise warmth, depth and character to bring out the best in mixes and masters.",,,,,,Mastering,
89ed6a56-0be2-4cb5-841c-11e66af1280c,2f5610b9-b864-4c87-9ece-73c73aad85f5,,FXEQ,1.0.0,,EQ,Plugin,"AU,VST3",,,,,,,,
e93035a3-4353-4c7a-ac2f-de25226b1590,2f5610b9-b864-4c87-9ece-73c73aad85f5,,Nectar 4 Equalizer,4.1.0,Nectar Suite,EQ,Plugin,"AU,VST3",2 EQ modules w/ up to 24 total bands and 16 possible shapes per band. Program dependent dynamic processing (frequency or gain),,,,,,Voice,
6ba7bfe8-4b4e-470a-b699-d7809d43bd82,2f5610b9-b864-4c87-9ece-73c73aad85f5,,Neutron 5 Equalizer,5.1.0,Neutron,EQ,Plugin,"AU,VST3",EQ w/ 13 different filtures shapes and soft saturation,,,,,,,
ccbffada-f5f5-4a45-bcfd-217e7e2ab35f,2f5610b9-b864-4c87-9ece-73c73aad85f5,,Ozone 12 Equalizer,12.1.0,Ozone,EQ,Plugin,"AU,VST3",8 bands of mastering EQ w/ warmth of analog-matched filters or precise boost/cut of digiital linear-phase filters,,,,,,Mastering,
cbd92097-a89f-4525-859b-eafe90abd83b,2f5610b9-b864-4c87-9ece-73c73aad85f5,,Ozone 12 Match EQ,12.1.0,Ozone,EQ,Plugin,"AU,VST3",8000 bands of digital linear-phase EQ for precise matching,,,,,,Mastering,
7cf40973-7bfe-43cf-9345-825de124cb17,2f5610b9-b864-4c87-9ece-73c73aad85f5,,Ozone 12 Stabilizer,12.1.0,Ozone,EQ,Plugin,"AU,VST3",3 bands of adaptve mastering EQ that applies frequency for tonal balance / tame resonance w/ shape / cut modes to match a selected target,,,,,,Mastering,
722966d8-f90b-454b-b09e-bdd00995de73,2f5610b9-b864-4c87-9ece-73c73aad85f5,,Ozone 12 Stem EQ,12.1.0,Ozone,EQ,Plugin,"AU,VST3","Gives you the ability to EQ separated elements of your mix (Vocals, Bass Drums, Other) directly from a stereo bounce. Instead of making broad changes to the entire mix, you can isolate and shape individual stems to achieve a more balancer master. Fixes issues like buried vocals or overbearing drums, etc.",,,,,,Mastering,
6ccaa907-5f17-4990-9809-b6081dd39d29,2f5610b9-b864-4c87-9ece-73c73aad85f5,,Neutron 5 Sculptor,5.1.0,Neutron,"EQ,Dynamics",Plugin,"AU,VST3",32 bands of spectral shaping,,,,,,,
c97f1e15-0c78-4d86-9b7d-1ee5fc6cd53e,2f5610b9-b864-4c87-9ece-73c73aad85f5,,Neutron 5 Exciter,5.1.0,Neutron,Harmonic Coloration,Plugin,"AU,VST3",,,,"2 groups of harmonic exiting adds warmth, presence and character.
classic (retro, tape, tube, warm), 
trash (overdrive, scream, clipper, scratch)]",,,,
a958c51f-3a43-40ab-8dc7-a0373e246159,2f5610b9-b864-4c87-9ece-73c73aad85f5,,Nectar 4 Saturation,4.1.0,Nectar Suite,Harmonic Coloration,Plugin,"AU,VST3","7 distortion modes (analog, retro, tape, tube, warm, decimate, distort)",,,,,,Voice,
c8b6746e-e41e-4ab7-9049-4b123a8021ba,2f5610b9-b864-4c87-9ece-73c73aad85f5,,Ozone 12 Exciter,12.1.0,Ozone,Harmonic Coloration,Plugin,"AU,VST3","4 bands of saturation and 7 exciter modes (analog/odd-transistor, retro/transistor, analog tape, warm, tube, triode, dual triode)",,,,,,Mastering,
2ae412e3-875a-4df8-8093-855156b65a1a,2f5610b9-b864-4c87-9ece-73c73aad85f5,,Trash,1.3.0,,Harmonic Coloration,Plugin,"AU,VST3","Mixing / Mastering, 4 types of distortion, 3 bands of processing, impulse response manager + microphone modeling",,,,,,Mastering,
751d094e-3b33-4ff0-800c-c6bb3d43dc1a,2f5610b9-b864-4c87-9ece-73c73aad85f5,,Vinyl,1.13.0,,Harmonic Coloration,Plugin,"AU,VST3","Lo-fi vinyl phonograph sound. Warmth, Tape Saturation",,,,,,,
00fbcc7d-de7a-44f8-992b-e5820cd314d2,2f5610b9-b864-4c87-9ece-73c73aad85f5,,Nectar 4 Dimension,4.1.0,Nectar Suite,Modulation,Plugin,"AU,VST3",Chorus / Flanger / Phaser,,,,,,Voice,
e71fc9ef-ea37-43b7-8202-35787a7ebc00,2f5610b9-b864-4c87-9ece-73c73aad85f5,,Nectar 4 Backer,4.1.0,Nectar Suite,"Modulation,Pitch Tools",Plugin,"AU,VST3",transforms an input vocal into a target/reference vocal (singing voice conversion) via pitch and/or formant shift / correction. [ 8 target personas],,,,,,Voice,
b8f5886a-1ea4-4d91-8d85-96482a59ff38,2f5610b9-b864-4c87-9ece-73c73aad85f5,,Nectar 4 Pitch,4.1.0,Nectar Suite,Pitch Tools,Plugin,"AU,VST3",diatonic pitch / formant correction,,,,,,Voice,
7afc6e46-d3db-4788-a4d0-8a2fd4585fe7,2f5610b9-b864-4c87-9ece-73c73aad85f5,,Nectar 4 Voices,4.1.0,Nectar Suite,Pitch Tools,Plugin,"AU,VST3",creates harmonies (11 different styles including auto-harmonies) w/ pitch shifted copies,,,,,,Voice,
fb77c968-e726-4ede-9837-75ce16779517,2f5610b9-b864-4c87-9ece-73c73aad85f5,,Aurora,1.1.0,,Reverb&Room,Plugin,"AU,VST3",,,,,,,,
de864653-b5b2-46d5-92e8-30114a32c017,2f5610b9-b864-4c87-9ece-73c73aad85f5,,Equinox,1.0.0,,Reverb&Room,Plugin,"AU,VST3",Replaces Exponential Audio's Stratus and Symphony plugins,,,,,,,
b578947f-44e2-4d24-8c6e-56062eead539,2f5610b9-b864-4c87-9ece-73c73aad85f5,,Neoverb,1.4.0,,Reverb&Room,Plugin,"AU,VST3",Reverb Assistant w/ 3 reverb engines and AI-powered EQ,,,,,,,
34da215c-cda4-4cc7-abfc-446fa5b97bf0,2f5610b9-b864-4c87-9ece-73c73aad85f5,,RX 11 De-reverb,11.3.0,RX,Reverb&Room,Plugin,"AU,VST3",Removes unwanted reverb,,,,,,Restoration,
0b1cf2ff-3c4c-4ec5-b56d-cbd55ed9a805,2f5610b9-b864-4c87-9ece-73c73aad85f5,,Ozone 12 Imager,12.1.0,Ozone,Spatial Processing,Plugin,"AU,VST3",4 bands of stereo imaging.,Primary Mastering Imager,,,,,Mastering,
17da6e34-5e0e-4d55-a991-d9aea6c777aa,2f5610b9-b864-4c87-9ece-73c73aad85f5,,Neutron 5 Phase,5.1.0,Neutron,Time/Phase,Plugin,"AU,VST3",phase analysis and correction,Primary Phase Alignment (analysis and correction) tool,,,,,,
ee4cdbc8-861c-4879-bf5d-91b083fa1fae,c5823d1f-a4a9-4dd4-a122-fa0cae45b12f,2b9e7050-cfe1-46b6-bc80-ab144a39c07c,ARP 2600 FX,1.2.1,,"Modulation,Delay,Dynamics,EQ,Harmonic Coloration,Reverb&Room",Plugin,"AU,VST3","FX Chain from ARP 2600 
[ compressor, parametric EQ, guitar amp, overdriive, chorus, ensemble / harmonization, flangers, phraser, rotary, ring mod, tremolo, delay, echo, reverb ]",,,[ Also inspired by Vox 847 Wah; Vox 848 Clyde McCoy Wah ],,,Modeled,
28cb9c7c-353c-4d7e-9d22-13c026e753f3,c5823d1f-a4a9-4dd4-a122-fa0cae45b12f,371d5049-19b0-43c5-aad5-5f792045e301,MS-20FX,2.4.2,,"Delay,Modulation,Dynamics,Harmonic Coloration,EQ,Reverb&Room",Plugin,"AU,VST3","FX Chain from Korg MS-20 
[compressors, limiters, overdrive, wah, 4-band EQ, exciter / enhancer, talkbox, flanger, phaser, chorus, delay, harmonization, reverb ]",,,,,,Modeled,
3f244106-4d13-45d3-a705-a53b345ec3eb,c5823d1f-a4a9-4dd4-a122-fa0cae45b12f,,MDE-X,2.4.1,,"Delay,Modulation,Dynamics,Harmonic Coloration,EQ,Reverb&Room",Plugin,"AU,VST3","FX Chain from MDE-X 
[ compressors, limiters, overdrive, wah, 4-band EQ, exciter / enhancer, talkbox, flanger, phaser, chorus, delay, harmonization, reverb ]",,,,,,,
8019ee69-1778-496f-985c-a6a78e23c904,c5823d1f-a4a9-4dd4-a122-fa0cae45b12f,,Kaoss Pad,1.1.0,,"Delay,Modulation,Time/Phase","Plugin,Standalone","AU,VST3",,,,,,,,
feaece3e-ac0b-42b4-bf7a-94c143a1e95c,c5823d1f-a4a9-4dd4-a122-fa0cae45b12f,,Filter Ark,1.0.3,,"EQ,Modulation","Plugin,Standalone","AU,VST3",,,,,,,,
62c642a4-6ec6-4812-8b87-ecc02aec416f,f4ad6589-72fe-48ac-84c0-7b750cbd1231,,Helix Native,3.82,,Container,Plugin,"AU,VST3",,,,,,,Guitar,
66bdef14-4095-4592-8221-5e78845d9366,725a2764-55b5-4e7c-a469-a4970c0aa267,,Guitar Rig 7,7.0.2,,Container,"Plugin,Standalone","AU,VST3",,,,,,,Guitar,
c275825b-9cc3-4494-a7a7-a7996a124443,725a2764-55b5-4e7c-a469-a4970c0aa267,,Replika,1.6.7,,"Delay,Modulation",Plugin,"AU,VST3","Stereo delay effect w/ pattern, panning, balance and ducking, w/ modulation effects (phaser, flanger, chrous, frequency shifter, filter, pitch shifter)",,,,,,,
4aab96c2-e733-4cc6-8004-8a2bc41dd9cb,725a2764-55b5-4e7c-a469-a4970c0aa267,,Replika XT,1.3.7,,"Delay,Modulation",Plugin,"AU,VST3","5 stereo delays (modern, analogue, tape, vintage digital, diffusion), w/ 7 modulation effects (phaser, flanger, chorus, frequency shifter, fliter, pitch shifter)",,,,,,,
2bd27fa8-f8f1-4443-b2b8-bdd2416d58c6,725a2764-55b5-4e7c-a469-a4970c0aa267,,Maschine 3 MFX,3.4.1,,"Delay,Modulation,Dynamics,EQ,Harmonic Coloration,Reverb&Room",Plugin,AU,Compressor; Gate; Transient Master; Limiter; Maximizer; EQ / Filter; Chorus; Flanger; FM; Frequency Shifter; Phaser; Reverbs; Delays; Distortion / Lofi / Saturation,,,,,,,
5387448e-a99d-47e7-bac2-7ffb30f48dcf,725a2764-55b5-4e7c-a469-a4970c0aa267,,Absynth 6 FX,6.0.2,,"Delay,Modulation,Pitch Tools,EQ,Reverb&Room",Plugin,"AU,VST3",Pitch Shifting; Delay / Echo; Filters; Reverb (Resonator);,,,,,,,
726b9469-cd4a-427b-9ccb-d54b72938a1a,725a2764-55b5-4e7c-a469-a4970c0aa267,,FM8 FX,6.0.2,,"Delay,Modulation,Pitch Tools,EQ,Reverb&Room",Plugin,"AU,VST3",,,,,,,,
26d1d61f-699f-4c52-82ea-617dcfc63e8a,714bbe1d-cee1-426d-accf-60637d005a94,9064905c-dc42-40af-89e6-03e909056907,Mesa Boogie Mark IIC+ Suite,1.0.0,,,"Plugin,Standalone","AU,VST3","Compressor, 2 x overdrive, chorus, delay, reverb, 9-band EQ, cabsim. MarkIIC++ custom modification",Mesa/Boogie Mark IIC+ TOP,,,,,"Guitar,Modeled",
ae9c41a1-c67f-4edf-84a0-b0d699c1e516,714bbe1d-cee1-426d-accf-60637d005a94,"ad5c45ee-2bf7-4fc9-8da6-47c6e1664e2f,e6ad5f25-50d6-4e59-a33a-62a48dc7c3f6,4a33dc9e-e0d7-4ebc-9f5d-1a05c584aca9",Morgan Amps Suite,1.1.0,,,"Plugin,Standalone","AU,VST3","Models of 3 Morgan Heads; Pre-FX (Compressor, 2 x Overdrive, Tremolo) Cab (Mics, Room Reverb) 9-Band EQ, HPF/LPF Cut, Post FX (Delay, Reverb), Input Gate, Doubler",,,,,,"Guitar,Modeled",
26347191-1d04-4aa4-9cca-c6aee7d64487,714bbe1d-cee1-426d-accf-60637d005a94,fa5ebb67-737a-481d-9416-3ba3992e41f4,Soldano SLO-100 X,1.0.0,,,"Plugin,Standalone","AU,VST3","Pre-FX (Compressor, 2 x Overdrive, Chorus) Cab (Mic, Room Reverb), 9-band EQ, HPF/LPF cut, PostFX (Delay, Reverb), Input Gate, Doubler",Soldano SLO-100 TOP,,,,,"Guitar,Modeled",
76d167a6-388c-4bb2-89a4-5f9362558cf0,714bbe1d-cee1-426d-accf-60637d005a94,6f4102b5-30b9-49bb-850c-c1b4447f14d4,Tone King Imperial MKII,1.0.3,,,"Plugin,Standalone","AU,VST3","Wah, Compressor, 2 x Overdrive, Cabsim, GEQ, Chorus, Delay, Reverb",,,,,,"Guitar,Modeled",
2aae9bf8-396a-4e15-af99-5f0481d8b878,714bbe1d-cee1-426d-accf-60637d005a94,,Archetype Cory Wong X,1.0.0,,,"Plugin,Standalone","AU,VST3","Wah, Pre-FX (Envelope Filter, Compressor, 2 x Overdrive), Analog Channel Strip, Clean , Clean / Crunch Amps, Cab (6 x mics, Room Reverb), 9-band EQ, HPF/LPF Cut, PostFX (Chorus, Delay, Reverb) Doubler, Input Gate",,,,,,Guitar,
1bc261a5-a396-4ae3-98c4-d5b72cb3973d,714bbe1d-cee1-426d-accf-60637d005a94,,Archetype Gojira X,1.0.2,,,"Plugin,Standalone","AU,VST3","Pitch Shift , Octaver, Pre-FX (Overdrive, Distortion, Phaser, Chorus), Amp (Clean, Lead, Crunch), Cab (Mics), 9-Band EQ, HPF/LPF Cut, Post FX (Delay, Reverb), Doubler, Input Gate",,,,,,Guitar,
b5cb6661-8d93-49a1-a756-ae2f24c4adcc,714bbe1d-cee1-426d-accf-60637d005a94,,Archetype Nolly X,1.0.2,,,"Plugin,Standalone","AU,VST3","Pre-FX (Compressor, Delay, 2 x Overdrive), Amp (Clean, Crunch, Rhythm, Lead) Cab (Mics, Multi-Speaker, Room Reverb), 9-band EQ, HPF/LPF Cut, Post FX (Delay, Reverb) Doubler, Input Gate",,,,,,Guitar,
fb9095ba-dce9-4cab-a2ec-0522c3e4e020,714bbe1d-cee1-426d-accf-60637d005a94,,Archetype Petrucci X,1.0.0,,,"Plugin,Standalone","AU,VST3","Wah, Compressor, Pre-FX (Overdrive, Phaser, Chorus, Flanger), Amp (Piezo, Clean, Rhythm, Lead), Cab (6 Mics, Room Reverb) 4-band semi PEQ, HPF/LPF cut, Volume Pedal, PostFX (Chorus, Delay, Reverb), Doubler, Input Gate",,,,,,Guitar,
aa8073b2-d0fe-455d-8e25-bbe1178d8a01,714bbe1d-cee1-426d-accf-60637d005a94,,Archetype Plini X,1.0.2,,,"Plugin,Standalone","AU,VST3","Pre-FX (Compressor, Octaver, Drive, Delay), Amp (Clean, Crunch, Lead) 9-Band EQ, Cab (6 mics), Post FX (Chorus, Delay, Reverb), Doubler, Input Gate",,,,,,Guitar,
ee5ce180-2aec-4ace-b7a4-841b57bf4467,714bbe1d-cee1-426d-accf-60637d005a94,,Archetype Rabae X,1.0.1,,,"Plugin,Standalone","AU,VST3","Monophonic Synth Pedal, Pre-FX (Dual Compressor, Octaver, Fuzz, Overdrive), Amp (Clean, Crunch, Lead), Cab (Mics, Room Reverb), 4-band semi-PEQ, HPF/LPF cut, Post FX (Delay, Reverb), Input Gate, Doubler",,,,,,Guitar,
8ffaaa05-ee95-4963-9b04-3b625416a0fb,714bbe1d-cee1-426d-accf-60637d005a94,,Archetype Tim Henson X,1.0.1,,,"Plugin,Standalone","AU,VST3","Pre-FX (Boost, Compressor, Overdrive), Amp (Clean / Acoustic, Rhythm, Lead), Cab (Mics, Room Reverb), Intelligent Pitch Shifter, 9-Band EQ, HPF/LPF Cut, Post FX (Chorus, Delay, Reverb), Doubler, Input Gate",,,,,,Guitar,
4e0cd7aa-d772-4cfc-bcf1-032607ab9361,714bbe1d-cee1-426d-accf-60637d005a94,,Archetype Tom Morello,1.0.0,,,"Plugin,Standalone","AU,VST3","Dive bomb pedal, whammy, wah, 2-ch amp, 2 x delay, EQ, Phaser, 9-Band EQ, Reverb, cab",,,,,,Guitar,
b0500f0d-83e6-4e82-82f4-ee386c3abdbe,714bbe1d-cee1-426d-accf-60637d005a94,,Fortin Nameless Suite X,1.0.1,,,"Plugin,Standalone","AU,VST3","Pre-FX (Noise Gate, Overdrive, Booster), Amp inspired by Mike Fortin, Cab (Mics, Room Reverb), 9-Band EQ, HPF / LPF, Delay, Reverb, Doubler, Input Gate",,,,,,Guitar,
2b9250b0-3442-4f2b-8f4c-069a233ad6ee,d7fc8458-8d70-47c6-b4d0-90defac39616,,BIAS Amp 2,2.0.0,,Container,"Plugin,Standalone",AU,"Guitar effects chain w/ 6 stages (Control Panel, Preamp, Tone Stack, Power Amp, Transformer, Cab/Mic & EQ)",,,,,,"Deprecated,Guitar",
a7d5f05c-23fb-4866-a37a-4755c1782d26,d7fc8458-8d70-47c6-b4d0-90defac39616,,BIAS FX 2,"2.0.0 (AU)
2.7.0 (VST3)",,Container,"Plugin,Standalone","AU,VST3","Guitar effects chain w/ 6 stages (Control Panel, Preamp, Tone Stack, Power Amp, Transformer, Cab/Mic & EQ)",,,,,,"Deprecated,Guitar",
ee9f09a5-12e4-4ad8-bb84-9bfb388ae799,d7fc8458-8d70-47c6-b4d0-90defac39616,,BIAS X,"1.0.0 (AU)
1.2.0 (VST3)",,Container,"Plugin,Standalone","AU,VST3",,,,,,,Guitar,
78287be8-f098-4963-87a1-d759e203ef4c,0a6046f0-83a9-4d98-b12c-cee6eee51bc1,,Reason Rack Plugin Effect,13.4.0,,Container,Plugin,AU,,,,,,,Deprecated,
dd4d4f90-7617-4f23-b27f-9a5513590dee,fbb3f0b2-efb1-40ee-8e89-685698697155,d2a494c5-bdf5-4c55-9e68-0d72073041fc,Little Radiator,5.5.4.18982,,Harmonic Coloration,Plugin,"AU,VST3",,,,,,,Modeled,
6a955942-b563-45d3-b3ba-be6890b1e9c9,fbb3f0b2-efb1-40ee-8e89-685698697155,c49e8632-3bfa-4062-bc99-a489cf0f365c,Radiator,5.5.4.18982,,Harmonic Coloration,Plugin,"AU,VST3",,,,,,,Modeled,
e00161b7-3cdd-45cc-8a23-6323b7e01f53,fbb3f0b2-efb1-40ee-8e89-685698697155,d8bce077-bd5e-439c-bf5c-4b08cd46a3e3,Little Plate,5.5.4.18982,,Reverb&Room,Plugin,"AU,VST3",,EMT 140 ST TOP,,,,,Modeled,
6ef0cd9c-4e5d-4ac7-8a1c-d2235d6227f9,fbb3f0b2-efb1-40ee-8e89-685698697155,"d8bce077-bd5e-439c-bf5c-4b08cd46a3e3,f4377f0b-9e90-4039-9624-6f2f20a65fbd,831ee986-f41e-462a-a61c-55a7f7b10316,84c702e8-bc39-4e32-9278-ffa3f4c676e7,bf319c5c-10bb-4879-a858-8304a80df113",Space Plate,5.5.4.18982,,Reverb&Room,Plugin,"AU,VST3","mixed/modeled plate reverb. 5 plate styles (models), 3 analog preamp templates (EMT V54 Tube, EMT 162 solid state, clean),",,,,,,Modeled,
a4b779cb-f926-4835-a0f9-f6e6128e50fe,fbb3f0b2-efb1-40ee-8e89-685698697155,571ddcbf-516f-4246-be52-da922b6cb03c,Crystallizer,5.5.4.18982,,"Delay,Modulation,Pitch Tools",Plugin,"AU,VST3","Granular Echo Synthesizer. 
[ pitch shifting; delay and feedback w/ gating/ducking ]",Eventide H3000 Ultra-Harmonizer ALT (Tone),,,,,Modeled,
cca1cd3b-7cd2-4109-a2e4-842bdabf62bd,fbb3f0b2-efb1-40ee-8e89-685698697155,e8a431ab-a8eb-476c-9101-194c980d0e35,Little Primal Tap,5.5.4.18982,Prime Time 93 Digital Delay,Delay,Plugin,"AU,VST3",Vintage digital retro delay,Lexicon Model 93 Prime Time Digital Delay ALT (Low DSP),,LOW DSP,,,"Modeled,Low DSP",
34e54371-d097-4af6-af76-e68076e8b06f,fbb3f0b2-efb1-40ee-8e89-685698697155,e8a431ab-a8eb-476c-9101-194c980d0e35,Primal Tap,5.5.4.18982,,Delay,Plugin,"AU,VST3",Vintage digital retro delay. 2 independent delay lines w/ 6 delay algorithms. 4 LFO shapes for automated pitch shifting and modulating delay.,Lexicon Model 93 Prime Time Digital Delay TOP,,,,,Modeled,
501dceef-4890-45ec-9a6f-d1e21a3f1b99,fbb3f0b2-efb1-40ee-8e89-685698697155,a513dc6f-0599-4214-bfb0-187179a87c11,Devil-Loc,5.5.4.18982,,Dynamics,Plugin,"AU,VST3",,Shure Level-Loc ALT (Tone),,,,,Modeled,
5c205d63-0d17-43fc-9b3e-e14c8263f6ff,fbb3f0b2-efb1-40ee-8e89-685698697155,a513dc6f-0599-4214-bfb0-187179a87c11,Devil-Loc Deluxe,5.5.4.18982,,Dynamics,Plugin,"AU,VST3",,Shure Level-Loc TOP,,,,,Modeled,
1f119fe1-87d4-448c-afa4-6bb6c9d2f4f4,fbb3f0b2-efb1-40ee-8e89-685698697155,ba78665d-8364-4140-bc2a-d9209103dda2,Sie-Q,5.5.4.18982,,EQ,Plugin,"AU,VST3",,,,,,,Modeled,
611abff4-83b7-46fb-8e18-c0e921d20416,fbb3f0b2-efb1-40ee-8e89-685698697155,,Effect Rack,5.5.4.18982,,Container,Plugin,"AU,VST3",Creates a single-plugin toolchain of all SoundToys plugins,,,,,,,
a692b962-eda9-4e4a-9d96-46d9c721fb7e,fbb3f0b2-efb1-40ee-8e89-685698697155,,Micro Shift,5.5.4.18982,,"Delay,Pitch Tools,Spatial Processing",Plugin,"AU,VST3","spatial processing (widening vocals, leads) w/ 3 styles of operation and delay/ detune adjustments.",,,[Eventide H3000 presets 213 and 519; AMS Neve DMX 15-80S ],,,,
bdab2a17-5976-4029-8d19-21099837bb35,fbb3f0b2-efb1-40ee-8e89-685698697155,,Echoboy,5.5.4.18982,,"Delay,Reverb&Room,Harmonic Coloration",Plugin,"AU,VST3","31 echo / delay / reverb styles; 4 echo modes (single echo, dual echo, ping pong and rhythm); 9 mode of tube / tape saturation",,,"[ Ampex ATR-102; Boss CE-1; Boss DM-2, Maestro Echoplex EP-3; Electro-Harmonix Memory Man; Roland RE-201, Tel-ray Ad'n'Echo ]",,,Guitar,
78ebf683-0212-4b48-b2db-921dfc530f26,fbb3f0b2-efb1-40ee-8e89-685698697155,,Echoboy Jr.,5.5.4.18982,,"Delay,Reverb&Room,Harmonic Coloration",Plugin,"AU,VST3",7 echo / delay / reverb styles (mix of modeled and original algorithms). Feedback + saturation.,,,[ Ampex ATR-102; Maestro Echoplex EP-3; Electro-Harmonix Memory Man; Roland RE-201 ],,,Guitar,
88b75106-5a96-43de-b75d-3a399ba4120f,fbb3f0b2-efb1-40ee-8e89-685698697155,,Little Micro Shift,5.5.4.18982,,"Delay,Spatial Processing",Plugin,"AU,VST3","spatial processing (widening vocals, leads) w/ 3 styles of operation",,,[Eventide H3000 presets 213 and 519; AMS Neve DMX 15-80S ],,,,
f4bf9332-6128-4b5c-a811-484696383029,fbb3f0b2-efb1-40ee-8e89-685698697155,,Filter Freak 1,5.5.4.18982,,"EQ,Modulation,Harmonic Coloration",Plugin,"AU,VST3","Highly configurable single channel analog filter w/ 4 filter shapes, 6 modulation modes, 7 analog saturation styles, and 5 smoothing modes",,,,,,,
d7584f0e-f8dd-4a01-a24f-ee5771768507,fbb3f0b2-efb1-40ee-8e89-685698697155,,Filter Freak 2,5.5.4.18982,,"EQ,Modulation,Harmonic Coloration",Plugin,"AU,VST3","Highly configurable dual channel analog filter w/ 4 filter shapes, 6 modulation modes, 7 analog saturation styles, and 5 smoothing modes",,,,,,,
f2fbd7a4-9c4f-4439-b27d-b2be50a396cd,fbb3f0b2-efb1-40ee-8e89-685698697155,,Decapitator,5.5.4.18982,,Harmonic Coloration,Plugin,"AU,VST3",5 analog hardware saturation / distortions,,,[ Ampeg 350; Chandler/EMI TG Channel; Neve 1057; Thermionic Culture Vulture ],,,Guitar,
e6e1116c-4009-4f56-869f-cf2889a0a73c,fbb3f0b2-efb1-40ee-8e89-685698697155,,Tremolator,5.5.4.18982,,Modulation,Plugin,"AU,VST3","analog guitar tremolo w/ beat-synced rhythmic chopping w/ 7 analog saturation styles, and 5 smoothing modes",,,,,,,
06e8d35a-6ecb-4d3a-a7f1-9aa0718f984d,fbb3f0b2-efb1-40ee-8e89-685698697155,,Pan Man,5.5.4.18982,,"Modulation,Spatial Processing,Harmonic Coloration",Plugin,"AU,VST3","Rhythmic auto-panner w/ 6 modulation modes, 7 analog saturation styles, and 5 smoothing modes",,,,,,,
9ba698d0-ddc6-4cf5-9c59-35038e3e49fa,fbb3f0b2-efb1-40ee-8e89-685698697155,,Phase Mistress,5.5.4.18982,,"Modulation,Spatial Processing,Harmonic Coloration",Plugin,"AU,VST3","60 + styles of analog phase shifter (frequency / resolution / modulation) w/ 6 modulation modes, 7 analog saturation styles, and 5 smoothing modes",,,,,,,
92fa6f94-edad-4eed-afa1-c0ff9e0dbc58,fbb3f0b2-efb1-40ee-8e89-685698697155,,Little Alter Boy,5.5.4.18982,,Pitch Tools,Plugin,"AU,VST3","Monophonic voice manipulator (pitch / formant processing) w/ 3 operating modes (transpose, quantize, robot). BEFORE OTHER FX in chain)",,,,,,Voice,
9673c0e4-c3c8-4f1e-b86a-6c17c795eeb8,fbb3f0b2-efb1-40ee-8e89-685698697155,,Space Blender,5.5.4.18982,,Reverb&Room,Plugin,"AU,VST3",Inspired by swarm synthesis. Imaginary space machine - sound design tool that allows you to create imaginary spaces and effects that don't exist in the natural world,,,,,,,
ccc37c55-cd50-437a-b38c-32ef028decdd,e8e108d6-0773-48b9-9b72-198a5d9ca61b,,FX-Omnisphere,,,"Delay,Dynamics,EQ,Harmonic Coloration,Modulation,Reverb&Room,Time/Phase,Pitch Tools",Plugin,"AU,VST3",,,,,,,,
8fcd99a4-ab47-4bd0-b0d3-2f160b9244c1,e0794cc7-d1f3-4432-8e83-cdc6052c1cc3,1781f879-cce9-4554-bc6f-05e8bccff4f8,Blackvalve,,Cubase,Dynamics,Plugin,VST3,Loosely modeled,Fairchild 660 ALT (DAW-Built In),,,,,Modeled,
060e4414-02da-493f-ad41-d7a36d2d7849,e0794cc7-d1f3-4432-8e83-cdc6052c1cc3,1ef57c13-1347-46c8-851c-94ff8711268c,EQ-P1A,,Cubase,EQ,Plugin,VST3,Loosely modeled,Pultec EQP-1A ALT (DAW Built-In),,,,,Modeled,
f5a548f3-33af-45e6-b4f1-edc184fef77b,e0794cc7-d1f3-4432-8e83-cdc6052c1cc3,6bcc7dc4-4f61-437f-8641-ce1c0b6e6e0b,EQ-M5,,Cubase,EQ,Plugin,VST3,Loosely modeled,Pultec MEQ-5 Mid-Range EQ ALT (DAW Built-In),,,,,,
9c20dc06-aa69-48ad-bb5f-d1dfbe2671a8,e0794cc7-d1f3-4432-8e83-cdc6052c1cc3,,AmpSimulator,,Cubase,Harmonic Coloration,Plugin,VST3,distortion,,,,,,,
8082b924-687c-4539-9582-13ea27bbdc9e,e0794cc7-d1f3-4432-8e83-cdc6052c1cc3,,VST Amp Rack,,Cubase,Container,Plugin,VST3,Guitar amp simulator,,,,,,Guitar,
5ce4aafa-7023-47bc-a88a-34f17706d7f6,e0794cc7-d1f3-4432-8e83-cdc6052c1cc3,,VST Bass Amp,,Cubase,Container,Plugin,VST3,Bass amp simulator,,,,,,Bass,
7a0f186a-5161-4706-9591-beec35ce3e3d,e0794cc7-d1f3-4432-8e83-cdc6052c1cc3,,MonoDelay,,Cubase,Delay,Plugin,VST3,Mono delay effect.,,,,,,,
b0e21b5b-fe61-4876-b256-d70845838c70,e0794cc7-d1f3-4432-8e83-cdc6052c1cc3,,MultiTap Delay,,Cubase,Delay,Plugin,VST3,Tap effect delay w/ up to 8 tap repeats.,,,,,,,
0185628c-eb3f-4e2b-aa92-9faf83695c0d,e0794cc7-d1f3-4432-8e83-cdc6052c1cc3,,PingPongDelay,,Cubase,Delay,Plugin,VST3,Stereo delay effect that alternates each delay repeat between the left/right channels.,,,,,,,
b0c6ad3c-b0e2-47d8-850d-80ac33503360,e0794cc7-d1f3-4432-8e83-cdc6052c1cc3,,StereoDelay,,Cubase,Delay,Plugin,VST3,2 independent delay lines,,,,,,,
c2f3bd60-c269-4d27-a7bb-7da0e63d1043,e0794cc7-d1f3-4432-8e83-cdc6052c1cc3,,ModMachine,,Cubase,"Delay,Modulation",Plugin,VST3,Combines delay modulation and filter modulation. Frequency + resonance of the filter are modulated by an LFO or can be set manually. An add'l Drive parameter allows for distortion effects.,,,,,,,
e9877991-148f-4c22-aeb9-fc9dfadb0cc4,e0794cc7-d1f3-4432-8e83-cdc6052c1cc3,,StudioDelay,,Cubase,"Delay,Modulation,Harmonic Coloration,Pitch Tools,Reverb&Room",Plugin,VST3,"Delay w/ integrated effects (modulation, distortion, reverb, pitch)",,,,,,,
ccccf680-e821-4387-9e87-5de30f00e3fc,e0794cc7-d1f3-4432-8e83-cdc6052c1cc3,,Squasher,,Cubase,Dynamics,Plugin,VST3,3-band compressor that combines upward + downward compression (per band),,,"""Squashes"" audio signal.",,,,
52043f42-f1f4-4dd5-a9c8-b7590a8763fd,e0794cc7-d1f3-4432-8e83-cdc6052c1cc3,,Tube Compressor,,Cubase,Dynamics,Plugin,VST3,Emulates tube compressor,,,"smooth, warm tube compression.",,,,
c91cfcff-3dc7-4ad1-bbaf-ba16b38e872f,e0794cc7-d1f3-4432-8e83-cdc6052c1cc3,,Expander,,Cubase,Dynamics,Plugin,VST3,Reduces output level in relation to input level for signals below set level.,,,Useful for enahancing dynamic range or reducing noise in quiet passages.,,,,
94406f01-4e8c-4e8d-bb11-f795ae51984a,e0794cc7-d1f3-4432-8e83-cdc6052c1cc3,,Raiser,,Cubase,Dynamics,Plugin,VST3,Increases loudness of audio. Can go from smooth limiting of solo tracks / full mixes to aggressive limiting,,,Well suited for percussive material.,,,"Drums,Mastering",
7a1bb10e-edc5-4b7b-a8a3-d6388c9d764a,e0794cc7-d1f3-4432-8e83-cdc6052c1cc3,,Brickwall Limiter,,Cubase,Dynamics,Plugin,VST3,Ensures output level never exceeds a set limit,,,,,,Mastering,
67d56e2c-bba7-4436-bf33-3e193e43aaf2,e0794cc7-d1f3-4432-8e83-cdc6052c1cc3,,Compressor,,Cubase,Dynamics,Plugin,VST3,"reduces the dynamic range of the audio, making softer sounds louder or louder sounds softer, or both.",,,,,,,
bc6e3c15-679e-4a02-bf8b-e59906225463,e0794cc7-d1f3-4432-8e83-cdc6052c1cc3,,EnvelopeShaper,,Cubase,Dynamics,Plugin,VST3,Attenuate/Boost gain of the attack and release phase(s) of audio,,,,,,,
d6f3c71b-c3a7-41d7-b935-5fd17aa857fd,e0794cc7-d1f3-4432-8e83-cdc6052c1cc3,,Gate,,Cubase,Dynamics,Plugin,VST3,Silences audio singals below a set threshold. The gate opens to allow signal to pass once the signal level exceeds the threshold.,,,,,,,
2b7e271f-0bd1-4f39-bafe-4b27b168afd2,e0794cc7-d1f3-4432-8e83-cdc6052c1cc3,,Limiter,,Cubase,Dynamics,Plugin,VST3,Ensures that the output level never exceeds a set output level to avoid clipping in following devices.,,,,,,,
35d841b0-82e6-45e5-9ce3-d74a44de5be9,e0794cc7-d1f3-4432-8e83-cdc6052c1cc3,,Maximizer,,Cubase,Dynamics,Plugin,VST3,Raises loudness of audio material w/o the risk of clipping.,,,,,,Mastering,
9b07a959-01d5-465d-bdb5-3096012644c7,e0794cc7-d1f3-4432-8e83-cdc6052c1cc3,,MidiGate,,Cubase,Dynamics,Plugin,VST3,Noise Gate triggered by MIDI notes.,,,,,,,
d62a6010-c29a-428c-9383-2dee923f3676,e0794cc7-d1f3-4432-8e83-cdc6052c1cc3,,UltraShaper,,Cubase,Dynamics,Plugin,VST3,Dynamic range compressor that automatically adjusts make-up gain to maintain a consistent output level.,,,,,,,
7092fb35-286b-4bc7-aecc-48ce3a756c6e,e0794cc7-d1f3-4432-8e83-cdc6052c1cc3,,VintageCompressor,,Cubase,Dynamics,Plugin,VST3,Modeled after vintage type compressors,,,,,,,
c95d3b55-5026-4117-bc06-58e11a20e55e,e0794cc7-d1f3-4432-8e83-cdc6052c1cc3,,VoxComp,,Cubase,Dynamics,Plugin,VST3,Compressor designed specifically for processing vocals.,,,,,,Voice,
696c5e7f-73ae-45af-9590-8000de184ed7,e0794cc7-d1f3-4432-8e83-cdc6052c1cc3,,VSTDynamics,,Cubase,Dynamics,Plugin,VST3,"Advanced dynamics processor. Gate, Compressor, Limiter",,,,,,,
9453d200-a4a8-46ac-ba29-e7a966bd760e,e0794cc7-d1f3-4432-8e83-cdc6052c1cc3,,DeEsser,,Cubase,"Dynamics,EQ",Plugin,VST3,special type of compression that reduces excessive sibiliance (primarily for vocals),,,,,,Voice,
57e01c78-f225-4426-9c53-f480ae3a83fa,e0794cc7-d1f3-4432-8e83-cdc6052c1cc3,,MultibandCompressor,,Cubase,"Dynamics,EQ",Plugin,VST3,"Splits audio into 4 frequency bands w/ independent control of level, b/w and compression",,,,,,Mastering,
a8a4c157-f8c1-4a88-8b49-6b7a0fd6e65b,e0794cc7-d1f3-4432-8e83-cdc6052c1cc3,,MultibandEnvelopeShaper,,Cubase,"Dynamics,EQ",Plugin,VST3,Splits audio into 4 frequency bands w/ independent control over envelope shaping,,,,,,,
a2208d5d-79ba-4940-bb59-bb68a8abe09d,e0794cc7-d1f3-4432-8e83-cdc6052c1cc3,,MultibandExpander,,Cubase,"Dynamics,EQ",Plugin,VST3,Splits audio into 4 frequency bands w/ independent control over dynamic expansion,,,,,,,
27f7b2b2-11dd-4844-ba01-a43ee9d835cb,e0794cc7-d1f3-4432-8e83-cdc6052c1cc3,,VocalChain,,Cubase,"Dynamics,EQ,Delay,Reverb&Room",Plugin,VST3,,,,,,,Voice,
8d318a6a-3e45-469d-9527-2706324ca311,e0794cc7-d1f3-4432-8e83-cdc6052c1cc3,,DJ-Eq,,Cubase,EQ,Plugin,VST3,3-band PEQ. Similar to EQ found on DJ Mixers. Intended for quick sound fixes,,,Not just for Live Sound,,,Live Sound,
23c8bb91-3ec0-4633-86ed-47b24a024734,e0794cc7-d1f3-4432-8e83-cdc6052c1cc3,,Frequency,,Cubase,EQ,Plugin,VST3,"8-band PEQ (Can act as a shelving, peak, notch fitlter or HPF/LPF cut filters)",,,,,,,
4ec6d280-58da-4b79-b961-ef77c495baa7,e0794cc7-d1f3-4432-8e83-cdc6052c1cc3,,GEQ-10,,Cubase,EQ,Plugin,VST3,10-band GEQ,,,,,,,
07113872-6e8c-46de-9f75-aa691b5c586c,e0794cc7-d1f3-4432-8e83-cdc6052c1cc3,,GEQ-30,,Cubase,EQ,Plugin,VST3,30-band GEQ,,,,,,,
54a3c779-0de8-4d18-9d72-30428f77e9a3,e0794cc7-d1f3-4432-8e83-cdc6052c1cc3,,StudioEQ,,Cubase,EQ,Plugin,VST3,"4-band stereo PEQ. All four can act as parametric peak filters, low/high bands can act as either shelving (3 types) or as HPF/LPF cut filters.",,,,,,,
f58e6d6e-1b04-467d-9f1e-1ac6907e2649,e0794cc7-d1f3-4432-8e83-cdc6052c1cc3,,Grungelizer,,Cubase,Harmonic Coloration,Plugin,VST3,Adds noise + static,,,"""like listening to a radio w/ bad reception, or a warn and scratched vinyl record""",,,,
3f202342-392f-41e0-81c3-bfdef10987ac,e0794cc7-d1f3-4432-8e83-cdc6052c1cc3,,Distortion,,Cubase,Harmonic Coloration,Plugin,VST3,distortion,,,Crunch,,,,
9e8b6070-f224-4ce4-80ce-98b240666124,e0794cc7-d1f3-4432-8e83-cdc6052c1cc3,,DaTube,,Cubase,Harmonic Coloration,Plugin,VST3,distortion,,,"Lush, warm tube amp sound",,,,
6a21ea78-dd39-46d4-ab92-ec220e2a56d2,e0794cc7-d1f3-4432-8e83-cdc6052c1cc3,,BitCrusher,,Cubase,Harmonic Coloration,Plugin,VST3,Lo-Fi decimation and truncation of input audio signal through bit-reduction.,,,Noisy distortion.,,,,
81ada2d0-1bf2-43e9-b949-5ce294ed103f,e0794cc7-d1f3-4432-8e83-cdc6052c1cc3,,Distroyer,,Cubase,Harmonic Coloration,Plugin,VST3,Adds harmonic to the spectrum.,,,Smooth overdrive to extreme clipping,,,,
675f8f0d-6608-4d79-980c-b8a52797ab29,e0794cc7-d1f3-4432-8e83-cdc6052c1cc3,,Quadrafuzz II,,Cubase,Harmonic Coloration,Plugin,VST3,multi-band distortion + multi FX intended for drums / vox,,,,,,"Drums,Voice",
f951959f-6bdd-4627-a7b6-f3dcfe5994f1,e0794cc7-d1f3-4432-8e83-cdc6052c1cc3,,SoftClipper,,Cubase,Harmonic Coloration,Plugin,VST3,Soft overdrive w/ independent control over the 2nd and 3rd harmonic,,,,,,,
4fd52a4e-62cb-4368-8605-4c19b052a505,e0794cc7-d1f3-4432-8e83-cdc6052c1cc3,,ToneBooster,,Cubase,Modulation,Plugin,VST3,Filter that allows you to raise the gain in a selected frequency range.,,,Very useful if it's inserted before AmpSimulator,,,,
ffc39ce4-b93c-46ca-82b8-57cf39c36af1,e0794cc7-d1f3-4432-8e83-cdc6052c1cc3,,AutoPan,,Cubase,Modulation,Plugin,VST3,Modulates left/right stereo position.,,,"Allows for ""chopping"" effects by linking modulation of left / right channels.",,,,
17661730-bbe7-4873-be82-21674c237227,e0794cc7-d1f3-4432-8e83-cdc6052c1cc3,,RingModulator,,Cubase,Modulation,Plugin,VST3,"Ring Modulators work by multiplying two audio signals. The ring-modulated output contains added frequencies generated by the sum of, and the difference between, the frequencies of the two signals",,,bell-like enharmonic sound,,,,
1e9ccff5-3366-4485-a2e9-3dc9fb68d0cd,e0794cc7-d1f3-4432-8e83-cdc6052c1cc3,,Underwater,,Cubase,Modulation,Plugin,VST3,LPF,,,Creates a typical underwater or party next door effect.,,,,
7345952e-b418-441c-9617-ea1d08c39d8e,e0794cc7-d1f3-4432-8e83-cdc6052c1cc3,,StepFilter,,Cubase,Modulation,Plugin,VST3,Pattern-controlled multimode filter,,,"creates rhythmic, pulsating filter effects",,,,
f5b9f9d1-429b-49b9-a420-64528a7ee51d,e0794cc7-d1f3-4432-8e83-cdc6052c1cc3,,Cloner,,Cubase,Modulation,Plugin,VST3,Adds up to 4 detuned + delayed voices to the signal,,,Rich modulation and chorus effects,,,,
1b3ead62-42ce-4992-b9c6-fd43e8f4989f,e0794cc7-d1f3-4432-8e83-cdc6052c1cc3,,AutoFilter,,Cubase,Modulation,Plugin,VST3,designed for modulating cutoff frequency via th einput audio signal or side-chain signal.,,,,,,,
48c2fe92-7701-47b9-937c-fc1d92609739,e0794cc7-d1f3-4432-8e83-cdc6052c1cc3,,Chopper,,Cubase,Modulation,Plugin,VST3,Tremolo w/ optional panning effect,,,,,,,
5a9717fc-3b05-438c-88da-5bd8b6dce10e,e0794cc7-d1f3-4432-8e83-cdc6052c1cc3,,DualFilter,,Cubase,Modulation,Plugin,VST3,filters out specific frequencies while allowing others to pass through.,,,,,,,
bf6e1f69-957d-4fd8-85fd-ecdb7370d770,e0794cc7-d1f3-4432-8e83-cdc6052c1cc3,,FX Modulator,,Cubase,Modulation,Plugin,VST3,MultiFX modulation plugin from classic ducking to rhythmic patterns. Can modulate up to 6 integrated FX modules at once.,,,,,,,
636ca4f4-bc63-401d-8642-4f7f59127a0f,e0794cc7-d1f3-4432-8e83-cdc6052c1cc3,,Metalizer,,Cubase,Modulation,Plugin,VST3,Feeds audio signal through a variable frequency filter w/ tempo sync or time modulation and feedback control.,,,,,,,
159269e5-7fc5-434b-bdfe-31bf367aabde,e0794cc7-d1f3-4432-8e83-cdc6052c1cc3,,MorphFilter,,Cubase,Modulation,Plugin,VST3,"Lets you mix low-pass, high-pass, band-pass, and band-reduction filter effects, allowing for creative morphings or mixtures between two filters.",,,,,,,
9d9fe5ed-6b28-4a29-be7e-5e5e52422bb1,e0794cc7-d1f3-4432-8e83-cdc6052c1cc3,,Rotary,,Cubase,Modulation,Plugin,VST3,Modulation effect that emulates Lesley rotating speaker.,,,,,,,
a1bd2c46-9b20-4a96-b395-ae4d7765458f,e0794cc7-d1f3-4432-8e83-cdc6052c1cc3,,StudioChorus,,Cubase,Modulation,Plugin,VST3,2-stage chorus effect that adds short delays to the signal and modulates the pitch of the delayed signals to produce a doubling effect. The 2 separate stages of chrous modulation are independent and are processed serially.,,,,,,,
44134c30-f447-4552-bea7-b90daa158a2a,e0794cc7-d1f3-4432-8e83-cdc6052c1cc3,,Tranceformer,,Cubase,Modulation,Plugin,VST3,"Ring modulation effect that modulates incoming audio by an internal, variable frequency oscillator, producing new harmonics. A second oscillator can be used to modulate the frequency of the first oscillator, in (or out) of sync w/ the song tempo..",,,,,,,
d42d4b4f-7d6b-483c-a7a1-72e58f5d51b2,e0794cc7-d1f3-4432-8e83-cdc6052c1cc3,,Vibrato,,Cubase,Modulation,Plugin,VST3,Pitch (frequency) modulation,,,,,,,
e3ecbc9f-d400-48fb-8bcd-ea2ea480b415,e0794cc7-d1f3-4432-8e83-cdc6052c1cc3,,LoopMash FX,,Cubase,"Modulation,Time/Phase",Plugin,VST3,DJ effects that can be controlled by a MIDI keyboard.,,,,,,Live Sound,
ce5b2a80-1cf7-48de-81d5-6e673f4ee0d7,e0794cc7-d1f3-4432-8e83-cdc6052c1cc3,,Pitch Correct,,Cubase,Pitch Tools,Plugin,VST3,"Auto detection, correction of slight pitch and intonation inconsistencies in vocal and instrumental performances in real time. The advanced algos preserve the formants of the original sound and support pitch correction w/o ""Mickey Mouse"" effect.",,,,,,"Live Sound,Restoration",
f1c7b6b1-37a7-476f-af97-a952641070a2,e0794cc7-d1f3-4432-8e83-cdc6052c1cc3,,PitchShifter,,Cubase,Pitch Tools,Plugin,VST3,Pitch shiftter that allows independent control over left/right channels of stereo signal.,,,,,,,
b9bc4c03-ff1c-4077-b4fe-27b01055cf2d,e0794cc7-d1f3-4432-8e83-cdc6052c1cc3,,Vocoder,,Cubase,Pitch Tools,Plugin,VST3,"Can apply sound characteristics taken from one signal to another. Classically used w/ a voice to act as a modulator and an instrument as the carrier making an instrument ""talk"".",,,,,,Voice,
741786b2-142c-4929-9f9b-69f9b94601a1,e0794cc7-d1f3-4432-8e83-cdc6052c1cc3,,RoomWorks SE,,Cubase,Reverb&Room,Plugin,VST3,Lite Version of Roomworks,,,LOW DSP,,,,
6ae43707-ca29-4aa1-aa35-bba48b768322,e0794cc7-d1f3-4432-8e83-cdc6052c1cc3,,REVelation,,Cubase,Reverb&Room,Plugin,VST3,Algorithmic reverb w/ early reflection and reverb tail.,,,,,,,
7ea7ee6c-dea0-4eba-b147-6026f949115a,e0794cc7-d1f3-4432-8e83-cdc6052c1cc3,,REVerence,,Cubase,Reverb&Room,Plugin,VST3,Convolution tool allowing the application of room characteristics to audio.,,,,,,,
75537d98-a0e4-4190-957b-782b47ccba1d,e0794cc7-d1f3-4432-8e83-cdc6052c1cc3,,RoomWorks,,Cubase,Reverb&Room,Plugin,VST3,Stereo and Surround Reverb / Convolution / Room Ambience,,,,,,Surround,
e201715e-b365-43cc-8bf0-91e54b1138b0,e0794cc7-d1f3-4432-8e83-cdc6052c1cc3,,Shimmer,,Cubase,"Reverb&Room,Pitch Tools,Delay",Plugin,VST3,Reverb and pitch shifter in a delay loop,,,,,,,
6457a357-054c-43ab-bdb3-a8bcb10782db,e0794cc7-d1f3-4432-8e83-cdc6052c1cc3,,AmbiConverter,,Cubase,Spatial Processing,Plugin,VST3,Converts Ambisonics audio between (FuMa) Furse-Malham and AmbiX format,,,,,,"Surround,Filter Out",
ee97d9fb-1973-4775-aa73-b96dce10cc5b,e0794cc7-d1f3-4432-8e83-cdc6052c1cc3,,AmbiDecoder,,Cubase,Spatial Processing,Plugin,VST3,Converts Ambisonics audio for playback on headphones or multichannel speaker setups,,,,,,"Surround,Filter Out",
0bc25b79-a103-4831-9a08-f06d57389b17,e0794cc7-d1f3-4432-8e83-cdc6052c1cc3,,Imager,,Cubase,Spatial Processing,Plugin,VST3,Expand / reduce the stereo width. Supports up to 4-bands of independent audio processing.,Cubase / WaveLab: Default Internal Stereo Imaging,,,,,Mastering,
f2dd906f-0988-432d-95c0-3044aa4c113d,e0794cc7-d1f3-4432-8e83-cdc6052c1cc3,,StereoEnhancer,,Cubase,Spatial Processing,Plugin,VST3,Expands the stereo width of stereo (only) audio material.,Cubase / WaveLab: Default Internal Stereo Enhancer,,,,,,
9caae977-8058-43f8-8a85-39584957c9df,e0794cc7-d1f3-4432-8e83-cdc6052c1cc3,,VST MultiPanner,,Cubase,Spatial Processing,Plugin,VST3,Surround panner allows you to position a sound source in the surround field.,,,,,,"Surround,Filter Out",
f4057f15-f994-4502-964f-88c0213f5299,e0794cc7-d1f3-4432-8e83-cdc6052c1cc3,,MixerDelay,,Cubase,"Spatial Processing,Time/Phase",Plugin,VST3,"Allows you to adjust + manipulate each individual channel in a surround track, group or bus",,,,,,"Surround,Filter Out",
4ea0f4a5-33e8-4f6b-9894-e0ee3123708f,f772e5f8-1e3c-11f1-a0d3-0072ee78ad39,bfd5681f-c1fd-4e26-98ce-7a433a9b9fa8,ADA Flanger,1.0.1,Brainworx (Modeled by),Modulation,Plugin,UAD-2,,A/DA Flanger TOP,,,,,"Guitar,Modeled,Stomp",
927f6178-d304-4bde-a0b2-81650f3b4422,f772e5f8-1e3c-11f1-a0d3-0072ee78ad39,ce865445-306d-4d40-ae32-1c935491e7e7,ADA STD-1 Stereo Tapped Delay,1.0.1,Brainworx (Modeled by),Delay,Plugin,UAD-2,,,,,,,Modeled,
1dc76db7-b6fa-4a1d-b654-467de81cc745,f772e5f8-1e3c-11f1-a0d3-0072ee78ad39,09ae3eb0-1924-48ed-a946-7f76b2877eb7,AKG BX 20,11.8.1,,Reverb&Room,Plugin,UAD-2,,,,,,,Modeled,
cc0baeb2-7781-409e-9bdb-6b52b7f69d25,f772e5f8-1e3c-11f1-a0d3-0072ee78ad39,37b9c165-c8d9-4219-9de7-3187b987f2d8,Ampeg B15N,1.0.1,Brainworx (Modeled by),,Plugin,UAD-2,,B-15N TOP,,,,,"Bass,Modeled",
8dd6e459-a706-46ed-ac64-a2d1d59e84ce,f772e5f8-1e3c-11f1-a0d3-0072ee78ad39,61205576-cc81-4321-ba89-319417f498e7,Ampeg SVT3Pro,1.0.1,Brainworx (Modeled by),,Plugin,UAD-2,8x10,,,,,,"Bass,Modeled",
f77f86ca-f5d3-4580-95c2-e995005010d9,f772e5f8-1e3c-11f1-a0d3-0072ee78ad39,20ef7c9d-5336-454a-897c-5da03f8f85eb,Ampeg SVTVR Classic,1.0.1,Brainworx (Modeled by),,Plugin,UAD-2,8x10 cab; 2 channels (bright / normal),Ampeg SVT-VR ALT (Low DSP),,LOW DSP,,,"Bass,Modeled,Low DSP",
ce4dd623-2f11-4ca8-a887-802d0dfb7431,f772e5f8-1e3c-11f1-a0d3-0072ee78ad39,20ef7c9d-5336-454a-897c-5da03f8f85eb,Ampeg SVTVR,1.0.1,Brainworx (Modeled by),,Plugin,UAD-2,8x10 cab; 2 channels (bright / normal),Ampeg SVT-VR ALT (Tone),,,,,"Bass,Modeled",
477bd57c-33f7-4f0a-aacd-c2ceddbd1dde,f772e5f8-1e3c-11f1-a0d3-0072ee78ad39,0a424551-b16c-4914-9ceb-e235fa20580d,Ampex ATR-102,"11.8.1 (UAD-2)
1.0.6 (UADx) 1.2.2 (UADx - Luna)",,Harmonic Coloration,Plugin,"UAD-2,UADx",,,,,,,Modeled,
bf67a309-3497-4151-94b7-2156af639ed3,f772e5f8-1e3c-11f1-a0d3-0072ee78ad39,63ae916d-e3d8-4822-9b8f-221fdc0fdba6,AMS DMX 15-80 S,1.0.0,AMS (Modeled by),Delay,Plugin,UAD-2,,,,,,,Modeled,
242a9d24-c2ab-47e5-93ce-70ffc5347f90,f772e5f8-1e3c-11f1-a0d3-0072ee78ad39,94764f84-9b3b-407d-bd5e-19eaf1fe2919,AMS Neve DFC Channel Strip,1.0.0,,"Dynamics,EQ,Preamp",Plugin,UAD-2,,,,,,,Modeled,
887eb688-ade8-4a82-9333-f9caabe58902,f772e5f8-1e3c-11f1-a0d3-0072ee78ad39,b717a3e1-a507-4d3b-8ceb-4818b87a29a2,AMX RMX16,1.0,AMS (Modeled by),Reverb&Room,Plugin,UAD-2,9 standard programs,AMS RMX16 ALT (Limited Features),,,,,"Modeled,Low DSP",
a2ffb49b-89d9-4465-b589-529048758d00,f772e5f8-1e3c-11f1-a0d3-0072ee78ad39,b717a3e1-a507-4d3b-8ceb-4818b87a29a2,AMX RMX16 Expanded,1.0,AMS (Modeled by),Reverb&Room,Plugin,UAD-2,9 standard programs + 9 add'l programs,AMS RMX16 TOP,,,,,Modeled,
808203fd-06a7-4ce2-9eb5-39e2763667a2,f772e5f8-1e3c-11f1-a0d3-0072ee78ad39,59c05402-d1d6-4883-a147-f9869ab31900,API Preamp,11.8.1,,Preamp,Plugin,UAD-2,,,,,,,Modeled,
876f7bc1-2951-4b31-9b9f-8f7001753203,f772e5f8-1e3c-11f1-a0d3-0072ee78ad39,9451cb52-1335-4268-a863-b45b0b38d686,API 2500 Compressor,"11.8.1 (UAD-2)
1.5.11 (UADx)
1.1.2 (UADx) - Luna",,Dynamics,Plugin,"UAD-2,UADx",,API 2500 Stereo Bus Compressor TOP,,,,,Modeled,
a4bb3718-c66b-42d9-9a95-07c878cbb93e,f772e5f8-1e3c-11f1-a0d3-0072ee78ad39,7960284d-976a-4e2d-b56b-820a5b36276e,API 550A,11.8.1,,EQ,Plugin,UAD-2,,API 550A Discrete 3 Band EQ TOP,,,,,Modeled,
b41539f8-cb72-4d85-b417-09d2c067a47b,f772e5f8-1e3c-11f1-a0d3-0072ee78ad39,12f9c9d3-404d-454c-8d20-6ea7770957a3,API 560,11.8.1,,EQ,Plugin,UAD-2,,API 560 10-Band GEQ TOP,,,,,Modeled,
ed6231c1-e9bf-48a3-bcd5-f34b52fa6309,f772e5f8-1e3c-11f1-a0d3-0072ee78ad39,67fe7a43-9d62-4808-80ab-59b38d28223d,API Vision Channel Strip Legacy,11.8.1,,Preamp,Plugin,UAD-2,,API Vision Console Channel Strip ALT (Low DSP),,LOW DSP,,,"Modeled,Low DSP",
07d4cd58-4cb5-4da1-ad77-cce3ffb2b568,f772e5f8-1e3c-11f1-a0d3-0072ee78ad39,67fe7a43-9d62-4808-80ab-59b38d28223d,API Vision Channel Strip,"11.8.1 (UAD-2)
1.4.11 (UADx) 1.1.2 (UADx - Luna)",,Preamp,Plugin,"UAD-2,UADx",,API Vision Console Channel Strip TOP,,,,,Modeled,
163809bf-d022-4d47-b0cb-dcb53eba311a,f772e5f8-1e3c-11f1-a0d3-0072ee78ad39,1d149f0a-a6b7-4e0b-9343-e6a408c7d70d,Avalon VT-737sp,"11.8.1 (UAD-2)
1.0.7 (UADx)",,"Dynamics,EQ,Preamp",Plugin,"UAD-2,UADx",,,,,,,Modeled,
c4e3b42f-e7b5-4c11-9b8e-52d53202fa9d,f772e5f8-1e3c-11f1-a0d3-0072ee78ad39,b4864be2-5ccd-4ba8-a063-75de422b21ec,Roland CE-1,11.8.1,,Modulation,Plugin,UAD-2,,Superceded by UAD Brigade Chorus,,,,,"Guitar,Modeled,Stomp,Deprecated",
4b126937-e479-488a-b0b7-3e5ac9226d0d,f772e5f8-1e3c-11f1-a0d3-0072ee78ad39,63936125-6b75-4368-b4a6-796b9d8d665a,Capitol Chambers,"11.8.1 (UAD-2)
1.0.9 (UADx)",,Reverb&Room,Plugin,"UAD-2,UADx",Dynamic Room Modeling,,,"Chamber 2 (SPEAKER --> Altec 604 Duplex w/ JBL LE-175 horn + JBL Crossover) - rich, low-mid soundfield usig era-spanning custom Capitol Studios component pairing; 
Chamber 4 (SPEAKER --> Altec A7 Voice of the Theatre w/ Altec 802 horn) ""Al's Chamber"" - most in-demand chamber. Original installation movie theatre playback system. Balanced sound and shortest natural decay
Chamber 6 (SPEAKER --> Altec 604 Duplex) original 50s installation w/ vintage hi-fi audio playback speaker system giving warm, long decay
Chamber 7 (SPEAKER --> Tannoy System 8) full range sound and longest / most linear decay. passive coaxial 8"" mid-field speakers of English 80s origin
(see mic models)",,,Modeled,
e1c76ef8-fcef-4618-9e35-bf471b66b83c,f772e5f8-1e3c-11f1-a0d3-0072ee78ad39,7c79b129-a41f-492d-9fe3-d1889ac74d20,Capitol Mastering Compressor,1.1.12,,Dynamics,Plugin,UADx,,,,,,,"Mastering,Modeled",
921397f4-100b-4023-b259-efb5649de632,f772e5f8-1e3c-11f1-a0d3-0072ee78ad39,7621e972-5473-4c6c-8315-4d033f26a584,Chandler GAV19T,1.0.3,Brainworx (Modeled by),,Plugin,UAD-2,,,,,,,"Guitar,Modeled",
953bbd14-c499-4739-a32c-188a53de6158,f772e5f8-1e3c-11f1-a0d3-0072ee78ad39,596a0dbf-48a4-46ce-9e92-b4550ff6b62e,Chandler Limited Curve Bender,2.5.16,Softube / Chandler Limited  (Modeled by),EQ,Plugin,UAD-2,,,,,,,"Mastering,Modeled",
2027b6e9-8de5-4637-ab08-3966b0fc0206,f772e5f8-1e3c-11f1-a0d3-0072ee78ad39,e5d0d129-cb24-4352-bf42-b0b243335f42,Chandler LImited Zener Limiter,2.5.16,Softube / Chandler Limited  (Modeled by),Dynamics,Plugin,UAD-2,,,,,,,"Mastering,Modeled",
51782093-3a14-4a9e-b050-767cd040908d,f772e5f8-1e3c-11f1-a0d3-0072ee78ad39,538e61dc-dd57-4080-a767-ca60237b59bd,Dangerous BAX EQ Master,1.0.1,Brainworx (Modeled by),EQ,Plugin,UAD-2,Stereo Unit (2 Channel),,,,,,"Mastering,Modeled",
863a1846-b261-4cf7-a13e-9a94e7da9eb8,f772e5f8-1e3c-11f1-a0d3-0072ee78ad39,538e61dc-dd57-4080-a767-ca60237b59bd,Dangerous BAX EQ MIx,1.0.1,Brainworx (Modeled by),EQ,Plugin,UAD-2,Single Channel,,,,,,Modeled,
48f8b33b-7595-4836-b15f-7bc8ec668dbc,f772e5f8-1e3c-11f1-a0d3-0072ee78ad39,a17c116f-d1aa-4689-b636-fd797bd7edcd,bx_subsynth,1.0.1,Brainworx (Modeled by),"EQ,Dynamics",Plugin,UAD-2,,,,,,,Modeled,
e73e2c45-7d59-41bb-9c74-885de100b862,f772e5f8-1e3c-11f1-a0d3-0072ee78ad39,874760dd-e69d-41bf-b3bc-71379b3a6161,dbx 160 Compressor,11.8.1 (UAD-2) 1.0.9 (UADx),,Dynamics,Plugin,"UAD-2,UADx",,dbx 160 TOP,,,,,Modeled,
0dc2d533-96cd-4d2a-acdf-f623b708534a,f772e5f8-1e3c-11f1-a0d3-0072ee78ad39,966bf316-f88b-498f-bcb7-0ea625c9c299,Diezel Herbert,1.0.1,Brainworx (Modeled by),,Plugin,UAD-2,,Diezel Herbert ALT (Tone),,,,,"Guitar,Modeled",
6eafefb3-7984-464f-b178-fc893fa95f11,f772e5f8-1e3c-11f1-a0d3-0072ee78ad39,87fcb573-45cc-4dbc-a6ac-6f43e785efdf,Diezel VH4,1.0.1,Brainworx (Modeled by),,Plugin,UAD-2,,Diezel VH4 ALT (Tone),,,,,"Guitar,Modeled",
33ca37b5-c9be-40c9-bde8-37e19a424758,f772e5f8-1e3c-11f1-a0d3-0072ee78ad39,"a0164f55-3a76-4534-86ac-3cc654a79659,b42f1bf7-92a3-43aa-be42-4e24c01cb559",Dytronics Tri-Stereo Chorus,2.5.16,Softube (Modeled by),Modulation,Plugin,UAD-2,,"DMP TSC-6718 TOP
Dytronics CS-5 TOP",,,,,Modeled,
9509b075-a04b-48a7-b3b0-5101704fb32b,f772e5f8-1e3c-11f1-a0d3-0072ee78ad39,636eec4f-490d-400b-9baa-2bc85eb6b778,Dytronics Cyclosonic Panner,2.5.16,Softube (Modeled by),"Modulation,Spatial Processing",Plugin,UAD-2,,,,,,,Modeled,
a88f2b4d-80b6-43c2-92ed-bc35ca8f3d85,f772e5f8-1e3c-11f1-a0d3-0072ee78ad39,e73d0594-f11b-4837-ae6b-0b0f38d59324,Eden WT800,2.5.16,Softube (Modeled by),,Plugin,UAD-2,,Eden WT800 TOP,,,,,"Bass,Modeled",
c5a76d22-f6fd-4628-99d3-f1c55d3eea1c,f772e5f8-1e3c-11f1-a0d3-0072ee78ad39,5e2d271c-0468-479d-b68a-2f0fcf198847,Bermuda Triangle,11.8.1,,Harmonic Coloration,Plugin,UAD-2,Distortion Essentials,Electro-Harmonix Triangle Big Muff Pi ALT (Tone),,,,,"Modeled,Stomp",
23562ac9-b114-4bb0-b496-978df9128522,f772e5f8-1e3c-11f1-a0d3-0072ee78ad39,97dda1d9-20b6-4a01-8e85-695c3603c938,elysia alpha master,1.9.1,Elysia (Modeled by),Dynamics,Plugin,UAD-2,mastering (stereo) version;,superceded by compressor V2,,,,,"Mastering,Modeled,Deprecated",
cd25f39b-9111-4b8b-b9d0-6e94f8b1c26b,f772e5f8-1e3c-11f1-a0d3-0072ee78ad39,97dda1d9-20b6-4a01-8e85-695c3603c938,elysia alpha mix,1.9.1,Elysia (Modeled by),Dynamics,Plugin,UAD-2,single channel,superceded by compressor V2,,,,,"Modeled,Deprecated",
81403567-05ed-42e0-820f-56601b7a5f58,f772e5f8-1e3c-11f1-a0d3-0072ee78ad39,97dda1d9-20b6-4a01-8e85-695c3603c938,elysia alpha compressor V2,1.14.1,Elysia (Modeled by),"Dynamics,EQ",Plugin,UAD-2,,Elysia Alpha Compressor TOP,,,,,"Mastering,Modeled",
ac6e4952-8864-495c-ac08-5022aec2ce14,f772e5f8-1e3c-11f1-a0d3-0072ee78ad39,3c5bd5a1-d1d8-4fbe-9ab1-31055ef23dfc,elysia mpressor,1.4.1,Elysia (Modeled by),Dynamics,Plugin,UAD-2,,,,,,,Modeled,
828c60dc-c8d6-43fa-8a1f-a520aa5d6eaf,f772e5f8-1e3c-11f1-a0d3-0072ee78ad39,501d85f1-d073-42f5-99a9-425507c3e4be,Empiral Labs FATSO Jr,11.8.1,,Harmonic Coloration,Plugin,UAD-2,no sidechain filtering,Empirical Labs EL7 FATSO ALT (no sidechain),,,,,"Modeled,Low DSP",
d1bfdd63-09f2-4785-b00a-4433114fd230,f772e5f8-1e3c-11f1-a0d3-0072ee78ad39,501d85f1-d073-42f5-99a9-425507c3e4be,Empiral Labs FATSO Sr,11.8.1,,Harmonic Coloration,Plugin,UAD-2,,Empirical Labs EL7 FATSO TOP,,,,,Modeled,
fe866045-fdbe-4d24-bcfc-dbc9424dbe50,f772e5f8-1e3c-11f1-a0d3-0072ee78ad39,e3c4d5d7-5e87-42cc-9868-22323b3eaef1,Empirical Labs Distressor,11.8.1 (UAD-2) 1.0.9 (UADx),,Dynamics,Plugin,"UAD-2,UADx",,Empirical Labs EL8 Distressor TOP,,,,,Modeled,
f465fb24-a46e-4c1f-b613-cc04657050ff,f772e5f8-1e3c-11f1-a0d3-0072ee78ad39,d8bce077-bd5e-439c-bf5c-4b08cd46a3e3,EMT 140,11.8.1,,Reverb&Room,Plugin,UAD-2,"Specific unit from Plant Studios, Sausalito, CA",EMT 140 ST TOP,,,,,Modeled,
c07bcdf9-5392-438d-9213-431e4e93e7c2,f772e5f8-1e3c-11f1-a0d3-0072ee78ad39,08a3b2eb-3a96-4eb3-9860-6fc5c20f2fab,EMT 250,11.8.1,,"Delay,Modulation,Reverb&Room",Plugin,UAD-2,,,,,,,Modeled,
7ae9a9db-998d-4353-ad90-6d7ec4710508,f772e5f8-1e3c-11f1-a0d3-0072ee78ad39,a37830ff-b507-408a-b218-1887bbf41e05,Engl Savage,1.0.1,Brainworx (Modeled by),,Plugin,UAD-2,,,,,,,"Guitar,Modeled",
f2e36290-1ecf-4f2c-84b4-47b09610c45d,f772e5f8-1e3c-11f1-a0d3-0072ee78ad39,5dba056e-3007-4294-9c5d-fa76d1c248a2,Softube Metal Amp Room,2.5.16,Softube (Modeled by),,Plugin,UAD-2,,Engl E645 Powerball ALT (Tone),,,,,"Guitar,Modeled",
c9da861d-a1c2-4014-99e0-edbcdabac433,f772e5f8-1e3c-11f1-a0d3-0072ee78ad39,e09875dc-f2bf-4032-8541-eb9123a77b00,Engl E646 VS,1.2.2,Brainworx (Modeled by),,Plugin,UAD-2,,,,,,,"Guitar,Modeled",
9049b6de-e6b9-4b78-9bc9-f886cf480ef2,f772e5f8-1e3c-11f1-a0d3-0072ee78ad39,10f40ee1-0ffd-4f33-bd11-508c5426f8b6,Engl E765 RT,1.2.2,Brainworx (Modeled by),,Plugin,UAD-2,,,,,,,"Guitar,Modeled",
24ed7244-4578-4db7-bd88-428c8588f9f0,f772e5f8-1e3c-11f1-a0d3-0072ee78ad39,320d26f0-659a-4920-9817-a5c11f464d09,Eventide H910 Harmonizer,1.0.12,Eventide (Modeled by),Pitch Tools,Plugin,UAD-2,,Eventide H910 ALT (Tone),,,,,Modeled,
58774772-a3a6-44c1-820b-f0e5f053a279,f772e5f8-1e3c-11f1-a0d3-0072ee78ad39,1781f879-cce9-4554-bc6f-05e8bccff4f8,Fairchild 660 Compressor,"11.8.1 (UAD-2)
1.0.15 (UADx)",,Dynamics,Plugin,"UAD-2,UADx",,Fairchild 660 TOP,,,,,Modeled,
70db0800-7d36-4e38-8185-74df7390cdab,f772e5f8-1e3c-11f1-a0d3-0072ee78ad39,fd4cabf5-332d-4201-8afb-5a1f9756df55,Fairchild 670 Legacy,11.8.1,,Dynamics,Plugin,UAD-2,,Fairchild 670 ALT (Low DSP),,LOW DSP,,,"Mastering,Modeled,Low DSP",
45846aa6-43c2-4e9a-a7e0-d30f56b648b3,f772e5f8-1e3c-11f1-a0d3-0072ee78ad39,fd4cabf5-332d-4201-8afb-5a1f9756df55,Fairchild 670 Compressor,"11.8.1 (UAD-2)
1.0.16 (UADx)",,Dynamics,Plugin,UAD-2,,Fairchild 670 TOP,,,,,"Mastering,Modeled",
2cc72ea9-240c-4a98-9960-06f90b68f0ba,f772e5f8-1e3c-11f1-a0d3-0072ee78ad39,dc5e14e4-4ce4-497e-a08a-b28cb1079e4c,Friedman BE100,1.0.2,Brainworx (Modeled by),,Plugin,UAD-2,,Friedman BE100 ALT (Tone),,,,,"Guitar,Modeled",
016fd998-5eb9-413a-ab10-50f4b37de543,f772e5f8-1e3c-11f1-a0d3-0072ee78ad39,8669d37a-638c-46d4-956f-aec91257512c,Friedman Buxom Betty,1.0.1,Brainworx (Modeled by),,Plugin,UAD-2,Friedman Dirty Shirley 112 Cab,,,,,,"Guitar,Modeled",
eebb4954-2f29-48e8-b349-fe88dd557f49,f772e5f8-1e3c-11f1-a0d3-0072ee78ad39,02ab6a27-0c17-4edf-86ff-941cb560afef,Friedman DS40,1.0.2,Brainworx (Modeled by),,Plugin,UAD-2,,,,,,,"Guitar,Modeled",
e6adf1a2-6d6c-45c3-9429-cc21e98f1bbf,f772e5f8-1e3c-11f1-a0d3-0072ee78ad39,b694b4a5-e47a-4682-b558-a3fc3c004f44,Fuchs Overdrive Supreme 50,1.0.2,Brainworx (Modeled by),,Plugin,UAD-2,,Fuchs Overdrive Supreme TOP,,Dumble clone,,,"Guitar,Modeled",
f865735b-1495-40fe-9a9d-0eba9d9a3187,f772e5f8-1e3c-11f1-a0d3-0072ee78ad39,5951ace5-6be6-4cc1-a0df-f087360f4b9a,Fuchs Train II,1.0.1,Brainworx (Modeled by),,Plugin,UAD-2,,,,,,,"Guitar,Modeled",
c5533204-7b12-431c-863c-fdbd42cfd042,f772e5f8-1e3c-11f1-a0d3-0072ee78ad39,38d7028b-e3d7-4c95-9155-480e93d2d454,Gallien Krueger 800 RB,1.0.1,Brainworx (Modeled by),,Plugin,UAD-2,,Gallien-Krueger 800RB ALT (Tone),,,,,"Bass,Modeled",
73c41a7c-b335-4ab2-81c3-7b3006ffabd7,f772e5f8-1e3c-11f1-a0d3-0072ee78ad39,90ce8a74-0b6c-4367-9617-44822cfa0376,API 550A DNU,1.0.0,Massenburg Designworks (Modeled by),EQ,Plugin,UAD-2,,GML Model 8200 ALT (Tone),,LOW DSP,,,"Modeled,Low DSP",
b87227de-6176-45af-b5a9-ee12ddb44342,f772e5f8-1e3c-11f1-a0d3-0072ee78ad39,90ce8a74-0b6c-4367-9617-44822cfa0376,API 550B ALT (Tone),1.0.0,Massenburg Designworks (Modeled by),EQ,Plugin,UAD-2,,GML Model 8200 ALT (Tone),,LOW DSP,,,"Modeled,Low DSP",
1d7e907c-6acd-42bd-93f0-ee950dd3ada5,f772e5f8-1e3c-11f1-a0d3-0072ee78ad39,90ce8a74-0b6c-4367-9617-44822cfa0376,API 560 DNU,1.0.0,Massenburg Designworks (Modeled by),EQ,Plugin,UAD-2,,GML Model 8200 ALT (Tone),,LOW DSP,,,"Modeled,Low DSP",
e2c725b7-9d31-4a52-b098-9cfdbc696e90,f772e5f8-1e3c-11f1-a0d3-0072ee78ad39,90ce8a74-0b6c-4367-9617-44822cfa0376,GML Model 8200 ALT (Tone),1.0.0,Massenburg Designworks (Modeled by),EQ,Plugin,UAD-2,,GML Model 8200 ALT (Tone),,LOW DSP,,,"Modeled,Low DSP",
97a9df8d-9888-4be2-b848-a183d884daad,f772e5f8-1e3c-11f1-a0d3-0072ee78ad39,90ce8a74-0b6c-4367-9617-44822cfa0376,MDWEQ5-5B,1.0.0,Massenburg Designworks (Modeled by),EQ,Plugin,UAD-2,,GML Model 8200 TOP,,,,,Modeled,
6f4f1cf2-24c5-408d-8781-eed066c67dd7,f772e5f8-1e3c-11f1-a0d3-0072ee78ad39,a912cc04-291c-4d6c-b770-8690f8e96995,Harrison 32C SE,11.8.1,,EQ,Plugin,UAD-2,,Harrison 32C EQ ALT (Low DSP),,LOW DSP,,,"Modeled,Low DSP",
a9228db5-3a81-4f57-96e0-defd15be3424,f772e5f8-1e3c-11f1-a0d3-0072ee78ad39,a912cc04-291c-4d6c-b770-8690f8e96995,Harrison 32C,11.8.1,,EQ,Plugin,UAD-2,,Harrison 32C EQ TOP,,,,,Modeled,
4619f10f-74cb-4ec8-9bd3-9347f898e0c4,f772e5f8-1e3c-11f1-a0d3-0072ee78ad39,c467f261-bc1e-4718-9c04-b51b084c638f,Helios Type 69 Legacy,11.8.1,,"EQ,Preamp",Plugin,UAD-2,,Helios Type 69 TOP,,LOW DSP,,,"Modeled,Low DSP",
5f0a61dc-d012-41f8-b066-f649e18b7539,f772e5f8-1e3c-11f1-a0d3-0072ee78ad39,c467f261-bc1e-4718-9c04-b51b084c638f,Helios Type 69,"11.8.1 (UAD-2)
1.0.6 (UADx)",,"EQ,Preamp",Plugin,"UAD-2,UADx",,Helios Type 69 TOP,,,,,Modeled,
2d469b9b-0550-4170-ac5f-cf8dc643ac05,f772e5f8-1e3c-11f1-a0d3-0072ee78ad39,d1bf629c-1817-4291-8069-0fc75e01da7e,Hitsville EQ,11.8.1 (UAD-2) 1.3.16 (UADx),,EQ,Plugin,"UAD-2,UADx",,,,,,,Modeled,
2e0f2bbd-e545-433a-a583-f03fb35ca0ca,f772e5f8-1e3c-11f1-a0d3-0072ee78ad39,d1bf629c-1817-4291-8069-0fc75e01da7e,Hitsville EQ Mastering,11.8.1 (UAD-2) 1.3.16 (UADx),,EQ,Plugin,"UAD-2,UADx",,,,,,,"Modeled,Mastering",
e1f2ac4f-2827-49b0-ace6-532848891a6e,f772e5f8-1e3c-11f1-a0d3-0072ee78ad39,9ac1521e-c2c3-4530-b323-0a4e8fcd1487,Hitsville Reverb Chambers,11.8.1 (UAD-2) 1.0.16 (UADx),,Reverb&Room,Plugin,"UAD-2,UADx","2 custom built reverb ""converted attic"" chambers w/ Dynamic Room Modeling",,,"2648 West Grand Blvd (vocals, solos, percussion); 
[ Speakers --> Bozak 800 + ElectroVoice T35V tweeters w/ Bozak x-over (Bozak 8"" alum cone midrange driver w/ series-parallel array of EV 35B tweeters per side. 3-way x-over's lowband is empty = HPF); JBL 2482 + ElectroVoice T35B tweeters w/ Bozak x-over (JBL compression driver w/ massive Altec 803B multicell dispersion horn - replaced 800s in 1968 - same tweeter / x-over)]

2644 West Grand Blvd (strings, horn, piano, drums)
[Speakers --> Altec605B Duplex w/ Altec N-1500A x-over (full-range, coazial duplex w/ 15"" woofer and high-freq multicell horn driver. Altec 612B cab w/ crossover) Bose 901 w/ active EQ (full and even freq response, side imaging, replaced Altecs in late 60s]",,,Modeled,
9684e62a-bc85-44fb-ba5d-357d3be8b111,f772e5f8-1e3c-11f1-a0d3-0072ee78ad39,96759cf6-95b4-4428-898e-fee2b35a6313,KORG SDD-3000,11.8.1,,Delay,Plugin,UAD-2,,,,,,,"Guitar,Modeled",
b0fb4fb5-bc41-4eb1-b891-84a97f908df7,f772e5f8-1e3c-11f1-a0d3-0072ee78ad39,b2bd9797-32c3-4b59-bcc8-d7820f67cba9,Waterfall Rotary Speaker,1.2.16,,Modulation,Plugin,UADx,,Leslie 147 ALT (Tone),,,,,Modeled,
3b2427a0-2445-48a2-bfcf-5f41e7e879b3,f772e5f8-1e3c-11f1-a0d3-0072ee78ad39,9c4b248a-bc5c-41a9-bf0f-d21b2920560e,Lexicon 224,11.8.1 (UAD-2) 1.4.16 (UADx),,Reverb&Room,Plugin,"UAD-2,UADx",,Lexicon 224 TOP,,,,,Modeled,
fb86d504-a56b-4f69-bec7-d8d084d9dfea,f772e5f8-1e3c-11f1-a0d3-0072ee78ad39,a360e1da-b7c9-4498-aee8-7c9b434cd33b,Lexicon 480L,1.0,,Reverb&Room,Plugin,UAD-2,,Lexicon 480L TOP,,,,,Modeled,
acfa7dae-63c0-4fc3-b162-d6561bb8d1e5,f772e5f8-1e3c-11f1-a0d3-0072ee78ad39,a53b842d-a96a-4131-ae6d-11f6e63e5ae9,Little Labs IBP,11.8.1,,"Delay,Time/Phase,Harmonic Coloration",Plugin,UAD-2,,,,,,,"Modeled,Restoration",
e40a27c6-8031-4fc7-b942-6aa437d22792,f772e5f8-1e3c-11f1-a0d3-0072ee78ad39,66d35b17-0836-40f5-bc18-5f7f50fad0b3,LIttle Labs VOG,11.8.1,,EQ,Plugin,UAD-2,,,,,,,"Mastering,Modeled,Restoration",
3945e8dd-7d20-4db7-8721-2b329a073a9f,f772e5f8-1e3c-11f1-a0d3-0072ee78ad39,5dc05f45-ff39-4539-a0a2-470a02e6bce0,Maag EQ4,1.5.5,Brainworx (Modeled by),EQ,Plugin,UAD-2,,Maag Audio EQ4M ALT (Tone),,superceded by Maag EQ4 MS,,,"Mastering,Modeled,Deprecated",
ac3153a6-9e44-49c8-af55-51ac9909e35f,f772e5f8-1e3c-11f1-a0d3-0072ee78ad39,5dc05f45-ff39-4539-a0a2-470a02e6bce0,Maag EQ4 MS,1.0,Brainworx (Modeled by),EQ,Plugin,UAD-2,,Maag Audio EQ4M TOP,,,,,"Mastering,Modeled",
6d200896-6cea-4c37-9d01-3fc0dc582976,f772e5f8-1e3c-11f1-a0d3-0072ee78ad39,"cb5c24ee-d657-41e2-a49e-3af4e41451cd,b2c7ce17-d8be-45c2-a690-05d5d6d099c3",EP-34 Tape Echo,11.8.1,,"Delay,Harmonic Coloration",Plugin,UAD-2,,Maestro Echoplex EP-3 TOP,,,,,Modeled,
e8c3f487-dc92-40d1-94ed-266e36bc9b0d,f772e5f8-1e3c-11f1-a0d3-0072ee78ad39,efbc27ef-1cc6-4d83-9041-26a1c7551ee9,Manley Massive Passive,"11.8.1 (UAD-2)
1.0.7 (UADx)",,EQ,Plugin,"UAD-2,UADx",,Manley Massive Passive TOP,,,,,Modeled,
b0374242-0aeb-42c9-815b-c152a612d127,f772e5f8-1e3c-11f1-a0d3-0072ee78ad39,57efe4ee-99b2-4a30-a615-dc5df45e9099,Manley Massive Passive MST,"11.8.1 (UAD-2)
1.0.7 (UADx)",,EQ,Plugin,"UAD-2,UADx",,Manley Massive Passive TOP - Mastering,,,,,"Mastering,Modeled",
4c3ddf15-e1d3-4153-8bc8-ed40186d5b0a,f772e5f8-1e3c-11f1-a0d3-0072ee78ad39,d12a7401-4741-4c4e-9b11-f46511ed3e23,Manley Variable Mu,"11.8.1 (UAD-2)
1.0.6 (UADx)",,Dynamics,Plugin,"UAD-2,UADx",,Manley Variable-Mu TOP,,,,,Modeled,
abe71346-337b-4a40-8e02-564a90f4e137,f772e5f8-1e3c-11f1-a0d3-0072ee78ad39,9fe278cb-679f-4720-8f14-e3b63ee4ef28,Manley VOXBOX,"11.8.1 (UAD-2)
1.0.10 (UADx)",,"Dynamics,EQ,Preamp",Plugin,"UAD-2,UADx",,,,,,,"Mastering,Modeled",
b4d245cf-273d-4669-a877-5c73da828970,f772e5f8-1e3c-11f1-a0d3-0072ee78ad39,9fe278cb-679f-4720-8f14-e3b63ee4ef28,Manley Reference Mic Preamp,"11.8.1 (UAD-2)
1.0.10 (UADx)",,Preamp,Plugin,"UAD-2,UADx",preamp only,,,,,,Modeled,
c45d9f96-d7fb-49ed-82e7-5b5922f5a96f,f772e5f8-1e3c-11f1-a0d3-0072ee78ad39,4e6d9491-ede6-4b91-a696-c8975907b9b2,Marshall Plexi Classic,2.5.16,Softube (Modeled by),,Plugin,UAD-2,,Marshall 1959 SLP ALT (Tone; Low DSP),,LOW DSP,,,"Guitar,Modeled,Low DSP",
2dcd6e3b-b421-4d86-a36b-17f33bbe27d0,f772e5f8-1e3c-11f1-a0d3-0072ee78ad39,4e6d9491-ede6-4b91-a696-c8975907b9b2,Marshall Plexi Super Lead 1959,2.5.16,Softube (Modeled by),,Plugin,UAD-2,,Marshall 1959 SLP ALT (Tone),,,,,"Guitar,Modeled",
d24edf4a-e889-4cd3-9877-f30f69359dbe,f772e5f8-1e3c-11f1-a0d3-0072ee78ad39,89aa5a34-59e4-48db-bfa2-6c90e9c0e4d0,Marshall Bluesbreaker 1962,2.5.16,Softube (Modeled by),,Plugin,UAD-2,Original model),Marshall Bluesbreaker 1962 TOP,,,,,"Guitar,Modeled",
017a1202-dcc3-45de-b2f1-eae59e3d4449,f772e5f8-1e3c-11f1-a0d3-0072ee78ad39,8374eb40-5ccf-4479-b90b-d55ef200ed4b,Marshall Silver Jubilee 2555,2.5.16,Softube (Modeled by),,Plugin,UAD-2,,Marshall 2555 Silver Jubilee ALT (Tone),,,,,"Guitar,Modeled",
76274f5e-c947-49b9-8bcd-01cd7da8e054,f772e5f8-1e3c-11f1-a0d3-0072ee78ad39,78623742-ca56-452e-9a93-471c8f14ef7b,Marshall JMP 2203,2.5.16,Softube (Modeled by),,Plugin,UAD-2,,Marshall JMP 2203  TOP,,,,,"Guitar,Modeled",
74c163c2-d110-4ca7-b39a-724763756821,f772e5f8-1e3c-11f1-a0d3-0072ee78ad39,95753d04-e3c2-4021-a867-14158163b511,Millenia NSEQ-2,1.0.3,Brainworx (Modeled by),EQ,Plugin,UAD-2,,,,,,,Modeled,
d2a26f9b-9ede-4959-a300-e57a8d35dd58,f772e5f8-1e3c-11f1-a0d3-0072ee78ad39,e4d25488-692d-4d17-84c0-3dc038fd53e9,Moog Multimode Filter SE,11.8.1,,"EQ,Modulation,Harmonic Coloration",Plugin,UAD-2,,Moog MF-101 ALT (Low DSP),,"blow out"" drums/percussion, add subtle edge + depth to synth/guitar. Low DSP",,,"Modeled,Low DSP",
3a6a861c-da0e-4c2c-adf9-a09068f8aaa5,f772e5f8-1e3c-11f1-a0d3-0072ee78ad39,"e4d25488-692d-4d17-84c0-3dc038fd53e9,909f7be2-58ec-4df6-8690-97841e88bf06",Moog Multimode Filter,11.8.1,,"EQ,Modulation,Harmonic Coloration",Plugin,UAD-2,,Moog MF-101 TOP,,"blow out"" drums/percussion, add subtle edge + depth to synth/guitar. Legacy",,,Modeled,
49751f6b-57b0-495c-877c-173fffc113f5,f772e5f8-1e3c-11f1-a0d3-0072ee78ad39,"f924c123-c339-455e-9b51-89e3e66f2acd,433be695-fd29-4200-bc3c-8e279a1710f9,54a54626-277b-4671-98f1-67376629e5b3",Moog Multimode Filter XL,11.8.1,,"EQ,Modulation,Harmonic Coloration",Plugin,UAD-2,,Moog The Ladder TOP,,"Supercedes Moog Multimode Filter
blow out"" drums/percussion, add subtle edge + depth to synth/guitar. Legacy",,,Modeled,
d39cfcd3-2488-461b-ab4a-e4d911566386,f772e5f8-1e3c-11f1-a0d3-0072ee78ad39,b6235521-bbb2-46cc-ba1c-cde79303a31a,MXR Flanger-Doubler,11.8.1,,Modulation,Plugin,UAD-2,,MXR Model 126 Flanger/Doubler TOP,,,,,Modeled,
e639b2e3-5d41-40b3-8067-3bd3a42bdc1e,f772e5f8-1e3c-11f1-a0d3-0072ee78ad39,73d626d7-213b-4b80-8867-cbf0d7d6b834,Neve 1073 Legacy,11.8.1,,EQ,Plugin,UAD-2,EQ only,Neve 1073 ALT (Low DSP),,LOW DSP,,,Modeled,
32de8124-99ce-4e1c-b2e1-47f12e93a2d8,f772e5f8-1e3c-11f1-a0d3-0072ee78ad39,73d626d7-213b-4b80-8867-cbf0d7d6b834,Neve 1073SE Legacy,11.8.1,,EQ,Plugin,UAD-2,EQ only,Neve 1073 ALT (Low DSP),,LOWEST DSP,,,Modeled,
b98af097-a0ea-4dcf-9c31-7c4db356a065,f772e5f8-1e3c-11f1-a0d3-0072ee78ad39,73d626d7-213b-4b80-8867-cbf0d7d6b834,Neve 1073,"11.8.1 (UAD-2) 
1.3.16 (UADx)",,"EQ,Preamp",Plugin,"UAD-2,UADx",,Neve 1073 TOP,,Runs in ORIGINAL (nonlinear) or MODERN (linear) modes,,,Modeled,
787e513a-afed-4830-a133-429f8af5521c,f772e5f8-1e3c-11f1-a0d3-0072ee78ad39,e2f223eb-d44e-47fa-82a6-d3b15fb984d9,Neve 1081SE,11.8.1,,EQ,Plugin,UAD-2,,Neve 1081 ALT (Low DSP),,LOW DSP,,,Modeled,
d3e8ab0a-39a0-4c38-9ef2-b2bcfe80d077,f772e5f8-1e3c-11f1-a0d3-0072ee78ad39,e2f223eb-d44e-47fa-82a6-d3b15fb984d9,Neve 1081,11.8.1,,EQ,Plugin,UAD-2,,Neve 1081 TOP,,,,,Modeled,
540d3fe8-f7a2-49c0-9dcb-2c2299a4b1e7,f772e5f8-1e3c-11f1-a0d3-0072ee78ad39,cc33913c-f9ae-4950-8a90-296a4dd3b0cd,Neve 1084,11.8.1,,EQ,Plugin,UAD-2,,,,,,,Modeled,
88ee2e5f-b61d-4a8f-9655-e854fc1cd04f,f772e5f8-1e3c-11f1-a0d3-0072ee78ad39,594239a4-39aa-4106-bc81-81980661aa31,Neve Preamp,11.8.1,,Preamp,Plugin,UAD-2,,,,,,,Modeled,
8023e94d-4cd2-4aa7-a25a-f394910fff1d,f772e5f8-1e3c-11f1-a0d3-0072ee78ad39,c9061824-f7dd-43a7-b8ea-ffff0a33acc9,Neve 2254 E,11.8.1,,Dynamics,Plugin,UAD-2,,Neve 2254 TOP,,superceded by 33609/C,,,Modeled,
19e77281-0fbe-490a-989d-0600e25619f6,f772e5f8-1e3c-11f1-a0d3-0072ee78ad39,c9061824-f7dd-43a7-b8ea-ffff0a33acc9,Neve 2254 E Dual,11.8.1,,Dynamics,Plugin,UAD-2,dual channel,Neve 2254 TOP,,superceded by 33609/C,,,Modeled,
5c49aaa6-d6bb-4588-82d3-77d70a4cb1bb,f772e5f8-1e3c-11f1-a0d3-0072ee78ad39,18b831ef-2a53-4f13-893b-073389d8fe09,Neve 31102SE,11.8.1,,EQ,Plugin,UAD-2,EQ Only,Neve 31102 ALT (Low DSP),,LOW DSP,,,Modeled,
e4329afd-836e-4711-8a68-55e6ca2c4d5a,f772e5f8-1e3c-11f1-a0d3-0072ee78ad39,18b831ef-2a53-4f13-893b-073389d8fe09,Neve 31102,11.8.1,,EQ,Plugin,UAD-2,EQ Only,Neve 31102 TOP,,,,,Modeled,
a5d5729a-a1ac-4ba7-8fa5-1af69bc5abb8,f772e5f8-1e3c-11f1-a0d3-0072ee78ad39,29bca744-d094-4ff5-add4-b5be6093bc59,Neve 33609SE,11.8.1,,Dynamics,Plugin,UAD-2,,Neve 33609/C ALT (Low DSP),,LOW DSP,,,Modeled,
3ba88027-d1b0-4183-af27-8aeddd4571c6,f772e5f8-1e3c-11f1-a0d3-0072ee78ad39,29bca744-d094-4ff5-add4-b5be6093bc59,Neve 33609 C,11.8.1,,Dynamics,Plugin,UAD-2,,Neve 33609/C TOP,,,,,Modeled,
13f99aab-3e29-4909-9581-e557815e10ce,f772e5f8-1e3c-11f1-a0d3-0072ee78ad39,e1797005-c817-4458-8e2e-af3488ea4731,Neve 88RS Legacy,11.8.1,,"Dynamics,EQ,Preamp",Plugin,UAD-2,,Neve 88RS ALT (Low DSP),,LOW DSP,,,"Modeled,Low DSP",
1e12d570-7a49-4341-831f-3f69d10a5acf,f772e5f8-1e3c-11f1-a0d3-0072ee78ad39,e1797005-c817-4458-8e2e-af3488ea4731,Neve 88RS,11.8.1,,"Dynamics,EQ,Preamp",Plugin,UAD-2,,Neve 88RS TOP,,,,,Modeled,
7650c0d7-5886-45a6-b96c-0ba724f0e11c,f772e5f8-1e3c-11f1-a0d3-0072ee78ad39,56e2e5e8-62e8-49a2-9d8c-2032fd4eef53,Ocean Way Studios,11.8.2 (UAD-2) 1.0.1 (UADx),,Reverb&Room,Plugin,"UAD-2,UADx","(1961) Dynamic Room Modeling. 2 operating modes (Re-Mic, Reverb); 2-band EQ, High/Low cut filters",,,"2 studios (Studio A; Studio B); 
OWR A (spacious, rich, clear low end, smooth decay); 
OWR B (Putnam's crowning achievement - mini concert hall ""bigger than life"" w/ separate isolation room)",,,Modeled,
5946e949-2091-4f1c-a790-a9a63def954e,f772e5f8-1e3c-11f1-a0d3-0072ee78ad39,5c2d5470-0ff9-485b-9f7a-bcd758ec94cd,OTO Biscuit 8-bit Effects,2.5.16,Softube (Modeled by),"Delay,EQ,Harmonic Coloration,Modulation,Pitch Tools",Plugin,UAD-2,,,,,,,Modeled,
89bdaab0-1575-4041-83e0-d3fadac825a9,f772e5f8-1e3c-11f1-a0d3-0072ee78ad39,1ef57c13-1347-46c8-851c-94ff8711268c,Pultec EQP-1A Legacy,11.8.1,,EQ,Plugin,UAD-2,,Pultec EQP-1A ALT (Low DSP),,LOW DSP,,,Modeled,
0b01fadd-8bc9-40b3-8927-f6719670a788,f772e5f8-1e3c-11f1-a0d3-0072ee78ad39,1ef57c13-1347-46c8-851c-94ff8711268c,Pultec EQP-1A,11.8.1 (UAD-2) 1.2.16 (UADx),,EQ,Plugin,"UAD-2,UADx",,Pultec EQP-1A TOP,,,,,Modeled,
129f4205-59f2-4394-a160-e63a292a2047,f772e5f8-1e3c-11f1-a0d3-0072ee78ad39,"1ef57c13-1347-46c8-851c-94ff8711268c,6bcc7dc4-4f61-437f-8641-ce1c0b6e6e0b",Pultec-Pro Legacy,11.8.1,,EQ,Plugin,UAD-2,Generic model of Pultec Passive EQ,"Pultec EQP-1A DNU
Pultec MEQ-5 Mid-Range EQ DNU",,"superceded by specific models of EQP-1A, MEQ-5",,,Modeled,
5cfee245-3a47-4ad2-9f71-56901d6f58a3,f772e5f8-1e3c-11f1-a0d3-0072ee78ad39,11d3f4e7-0cb9-4871-9267-43e056dc1a58,Pultec HLF-3C,11.8.1 (UAD-2) 1.2.16 (UADx),,EQ,Plugin,"UAD-2,UADx",,,,,,,Modeled,
5e10c560-5721-4e0c-b429-c8062040265a,f772e5f8-1e3c-11f1-a0d3-0072ee78ad39,6bcc7dc4-4f61-437f-8641-ce1c0b6e6e0b,Pultec MEQ-5,11.8.1 (UAD-2) 1.2.16 (UADx),,EQ,Plugin,"UAD-2,UADx",,Pultec MEQ-5 Mid-Range EQ TOP,,,,,Modeled,
f5b3b194-6ead-4033-97dd-a1186777e825,f772e5f8-1e3c-11f1-a0d3-0072ee78ad39,8fc6fbd7-3a5e-4828-9a28-ba6b56fa568d,Roland RE-201,11.8.1,,"Delay,Harmonic Coloration",Plugin,UAD-2,,Roland RE-201 Space Echo DNU,,superceded by Galaxy Tape Echo,,,Modeled,
3dd66801-af37-4aca-ba2e-438500e739a3,f772e5f8-1e3c-11f1-a0d3-0072ee78ad39,8fc6fbd7-3a5e-4828-9a28-ba6b56fa568d,Galaxy Tape Echo,11.8.1 (UAD-2) 1.3.16 (UADx),,"Delay,Harmonic Coloration",Plugin,"UAD-2,UADx",,Roland RE-201 Space Echo TOP,,,,,Modeled,
779fd529-c9e5-40e4-a4bd-81a648f8a4ac,f772e5f8-1e3c-11f1-a0d3-0072ee78ad39,cc0258d8-4053-4b9a-8c30-08fa0d3a88e8,Roland Dimension D,11.8.1,,Modulation,Plugin,UAD-2,,Roland SDD-320 Dimension ALT (Superceded),,superceded by Studio D,,,Modeled,
ef55caf0-d682-4868-a89d-b9b4b5617508,f772e5f8-1e3c-11f1-a0d3-0072ee78ad39,cc0258d8-4053-4b9a-8c30-08fa0d3a88e8,Studio D Chorus,"11.8.1 (UAD-2)
1.2.16 (UADx)",,Modulation,Plugin,"UAD-2,UADx",,Roland SDD-320 Dimension D TOP,,,,,Modeled,
3b313e46-c47f-4eb6-801c-3835f12b1f02,f772e5f8-1e3c-11f1-a0d3-0072ee78ad39,9481455f-d10f-441c-b6a2-cae0cda522c9,Shadow Hills Mastering Compressor,1.0.1,,Dynamics,Plugin,UAD-2,,Shadow Hills Mastering Compressor ALT  (Superceded),,superceded by Class A version,,,"Mastering,Modeled",
400cd743-6f8a-4e99-9a82-0067a4d3af07,f772e5f8-1e3c-11f1-a0d3-0072ee78ad39,9481455f-d10f-441c-b6a2-cae0cda522c9,Shadow Hills Class A Mastering Compressor,1.5,,Dynamics,Plugin,UAD-2,,Shadow Hills Mastering Compressor TOP,,,,,"Mastering,Modeled",
b424dc24-3e31-4350-8b11-a373e6d77ea0,f772e5f8-1e3c-11f1-a0d3-0072ee78ad39,63626666-ef33-462c-9f70-866c520b54f4,Oxford Limiter,4.02.0[1907],Sonnex (Modeled by),Dynamics,Plugin,UAD-2,"limiting w/ maximum loudness, density and presence",,,,,,Modeled,
fbf39097-665a-4067-8091-58f935e1631f,f772e5f8-1e3c-11f1-a0d3-0072ee78ad39,63626666-ef33-462c-9f70-866c520b54f4,JMI Vox Continental,4.02.0[1907],Sonnex (Modeled by),Dynamics,Plugin,UAD-2,RT de-essing (tailored for LIVE sound),,,,,,Modeled,
270e262b-9fa1-4476-b2e9-20857ecf2d07,f772e5f8-1e3c-11f1-a0d3-0072ee78ad39,63626666-ef33-462c-9f70-866c520b54f4,Oxford Dynamic EQ,2.02.0[1907],Sonnex (Modeled by),"Dynamics,EQ",Plugin,UAD-2,Compression/Expansion,,,,,,Modeled,
f3b5247e-668f-47df-9932-d549a0b863b3,f772e5f8-1e3c-11f1-a0d3-0072ee78ad39,63626666-ef33-462c-9f70-866c520b54f4,Oxford Envolution,2.02.0[1907],Sonnex (Modeled by),"Dynamics,EQ",Plugin,UAD-2,transient and sustain control; envelope shaping,,,,,,Modeled,
5fa1dfb8-a029-46ea-907e-87b1b0e36f4b,f772e5f8-1e3c-11f1-a0d3-0072ee78ad39,63626666-ef33-462c-9f70-866c520b54f4,Oxford EQ,4.02.0[1907],Sonnex (Modeled by),EQ,Plugin,UAD-2,5-band PEQ,,,,,,Modeled,
2b1d6321-df77-419c-a2f2-0a29c1d0bc61,f772e5f8-1e3c-11f1-a0d3-0072ee78ad39,63626666-ef33-462c-9f70-866c520b54f4,Oxford Inflator,4.02.0[1907],Sonnex (Modeled by),Harmonic Coloration,Plugin,UAD-2,sonic enhancement,,,,,,Modeled,
27621fa1-526a-4b0a-94f6-7bb9c56c03c8,f772e5f8-1e3c-11f1-a0d3-0072ee78ad39,7f6cd398-835b-405b-87f2-9b510efe4109,Sound City Studios,1.0.8,,Reverb&Room,Plugin,UADx,,,,,,,Modeled,
143ab048-5267-4ef5-9dba-0bfa0e801c40,f772e5f8-1e3c-11f1-a0d3-0072ee78ad39,8a07f62f-db8e-4575-8971-b3635397bd2b,SPL Vitalizer MK2-T,1.4.5,,"Dynamics,EQ,Spatial Processing,Harmonic Coloration",Plugin,UAD-2,,,,superceded by SPL Vitalizer Mk3-T,,,Modeled,
daac01d1-f280-464d-873d-3d69351186c9,f772e5f8-1e3c-11f1-a0d3-0072ee78ad39,b8ad6e4e-c1f4-472a-8f62-851c00fb6260,SPL Transient Designer,11.8.1,,Dynamics,Plugin,UAD-2,,SPL Transient Designer TOP,,,,,Modeled,
c2272d71-1e45-4696-b163-a7bff3f2c802,f772e5f8-1e3c-11f1-a0d3-0072ee78ad39,5e97f58a-031d-47b2-b776-e3dc4cd3a693,SPL TwinTube,1.6.1,,Harmonic Coloration,Plugin,UAD-2,,,,,,,Modeled,
49da1acb-b3f2-43c5-9384-8abe283166c8,f772e5f8-1e3c-11f1-a0d3-0072ee78ad39,9f447851-a4c4-48b1-bf46-4f863c65b0d9,SPL Vitalizer MK3-T,1.0,,"Dynamics,EQ,Spatial Processing,Harmonic Coloration",Plugin,UAD-2,,,,,,,Modeled,
998c4caa-d1c4-46ac-b65b-0414a0081b5d,f772e5f8-1e3c-11f1-a0d3-0072ee78ad39,2e98392b-849a-44d4-92fc-fed070a3650a,SSL E Channel Strip Legacy,11.8.1,,"Dynamics,EQ,Preamp",Plugin,UAD-2,Modeled off of 82E10 Rev12 Console,SSL 4000E ALT (Low DSP),,LOW DSP,,,"Modeled,Low DSP",
38a7a15d-f7eb-49f8-b6cd-cc2020dc557c,f772e5f8-1e3c-11f1-a0d3-0072ee78ad39,2e98392b-849a-44d4-92fc-fed070a3650a,SSL E Channel Strip,"11.8.1 (UAD-2)
1.0.5 (UADx)",,"Dynamics,EQ,Preamp",Plugin,UAD-2,Modeled off of 82E10 Rev12 Console,SSL 4000E TOP,,,,,Modeled,
e8f5aac5-9702-43c6-92f7-86e8c7573db6,f772e5f8-1e3c-11f1-a0d3-0072ee78ad39,2e98392b-849a-44d4-92fc-fed070a3650a,4K Channel Strip,11.8.1,,Preamp,Plugin,UAD-2,,SSL 4000E ALT DNU,,"superceded by ""SSL E Channel Strip Legacy""",,,"Deprecated,Modeled",
bd14e062-c1eb-48e4-a7fb-ed81ef194dd4,f772e5f8-1e3c-11f1-a0d3-0072ee78ad39,5bf699eb-1f16-4a8b-8dd0-066881a15853,SSL G Bus Compressor Legacy,11.8.1,,Dynamics,Plugin,UAD-2,,SSL 4000G Bus Compressor ALT (Low DSP),,LOW DSP,,,"Mastering,Modeled,Low DSP",
800714f3-11f5-4277-9c13-740395403023,f772e5f8-1e3c-11f1-a0d3-0072ee78ad39,5bf699eb-1f16-4a8b-8dd0-066881a15853,4K Buss Compressor,11.8.1,,Dynamics,Plugin,UAD-2,,SSL 4000G Bus Compressor DNU,,"superceded by ""SSL G BUS Compressor Legacy""",,,Modeled,
550a78bc-6b96-405b-ae78-b3853fae0b20,f772e5f8-1e3c-11f1-a0d3-0072ee78ad39,5bf699eb-1f16-4a8b-8dd0-066881a15853,SSL G Bus Compressor,"11.8.1 (UAD-2)
1.0.5 (UADx)",,Dynamics,Plugin,UAD-2,,SSL 4000G Bus Compressor TOP,,,,,"Mastering,Modeled",
2b0a9cdb-1fe2-410f-b525-d43f2456afc2,f772e5f8-1e3c-11f1-a0d3-0072ee78ad39,fe350c6a-78eb-4cf3-8cb9-cc27f5ecb8e4,Studer A800,"11.8.1 (UAD-2)
1.5.17 (UADx) 1.2.2 (UADx - Luna)",,Harmonic Coloration,Plugin,"UAD-2,UADx",,,,,,,Modeled,
f4203416-cf64-4aa5-9ba5-dcc11222f327,f772e5f8-1e3c-11f1-a0d3-0072ee78ad39,bffeb42f-96ff-4341-a97f-ec457d9a9ac2,Suhr PT100,1.0.1,Brainworx (Modeled by),,Plugin,UAD-2,,,,,,,"Guitar,Modeled",
492eaeff-8d26-4934-8b57-1ce077bb64e7,f772e5f8-1e3c-11f1-a0d3-0072ee78ad39,5a1cf3bb-62c8-4fd3-bbf7-d82a863507fa,Suhr SE100,1.0.1,Brainworx (Modeled by),,Plugin,UAD-2,,,,,,,"Guitar,Modeled",
69858900-5b96-401a-bc15-e5fd82e70e62,f772e5f8-1e3c-11f1-a0d3-0072ee78ad39,ecfcf6f6-c331-4dbb-a40c-0a9e95951353,Summit Audio TLA-100A,2.5.47 (u78 5c8a3f4f),Softube (Modeled by),Dynamics,Plugin,UAD-2,,,,,,,Modeled,
3021c763-5d06-4f43-8a22-c5bcff1bdcba,f772e5f8-1e3c-11f1-a0d3-0072ee78ad39,4c0b5c26-b17b-4550-b21a-a3312b9d385d,V76 Preamp,11.8.1,,Preamp,Plugin,UAD-2,,,,,,,Modeled,
269a6cea-5ea5-4078-a787-23b4bfb4c991,f772e5f8-1e3c-11f1-a0d3-0072ee78ad39,15418602-13b7-444d-b651-740180bc63e4,Teletronix LA-2,11.8.1 (UAD-2); 1.3.16 (UADx),,Dynamics,Plugin,"UAD-2,UADx",,Teletronix LA-2A TOP,,gentle - slowest response for good legato tempos,,,Modeled,
4b7569f0-6866-418c-83b6-1f0920bd55c5,f772e5f8-1e3c-11f1-a0d3-0072ee78ad39,15418602-13b7-444d-b651-740180bc63e4,LA-2 Compressor (UADx),11.8.1 (UAD-2); 1.3.16 (UADx),,Dynamics,Plugin,"UAD-2,UADx",,Teletronix LA-2A TOP,,gentle - slowest response for good legato tempos,,,Modeled,
fa683ae5-683a-4628-b1ac-d228319fe49e,f772e5f8-1e3c-11f1-a0d3-0072ee78ad39,15418602-13b7-444d-b651-740180bc63e4,Teletronix LA-2A Legacy,"11.8.1 (UAD-2), 1.0.8 (UADx)",,Dynamics,Plugin,"UAD-2,UADx",,Teletronix LA-2A ALT (Low DSP),,gentle - slowest response for good legato tempos (LOW-DSP version of silver),,,Modeled,
8e3259fb-ed70-4cd0-bc3b-2b584f89be19,f772e5f8-1e3c-11f1-a0d3-0072ee78ad39,15418602-13b7-444d-b651-740180bc63e4,LA-2A Tube Compressor,"11.8.1 (UAD-2), 1.0.8 (UADx)",,Dynamics,Plugin,"UAD-2,UADx",,Teletronix LA-2A ALT (Low DSP),,gentle - slowest response for good legato tempos (LOW-DSP version of silver),,,Modeled,
71f47f8d-b016-4c87-90ee-ca2412917cfd,f772e5f8-1e3c-11f1-a0d3-0072ee78ad39,7cb9e472-ff7c-415a-8541-9fc84580d2f8,Teletronix LA-2A Gray,11.8.1 (UAD-2); 1.3.16 (UADx),,Dynamics,Plugin,"UAD-2,UADx",,Teletronix LA-2A TOP Gray,,gentle - medium speed compression,,,Modeled,
d184d84d-af60-40ca-a2c2-edbb76c95b05,f772e5f8-1e3c-11f1-a0d3-0072ee78ad39,7cb9e472-ff7c-415a-8541-9fc84580d2f8,LA-2A Gray Compressor,11.8.1 (UAD-2); 1.3.16 (UADx),,Dynamics,Plugin,"UAD-2,UADx",,Teletronix LA-2A TOP Gray,,gentle - medium speed compression,,,Modeled,
c75121d4-2283-41ae-9611-504722b6c746,f772e5f8-1e3c-11f1-a0d3-0072ee78ad39,88a80eb4-c4b6-4a32-9c07-0fdc5a5c5938,Teletronix LA-2A Silver,11.8.1 (UAD-2); 1.3.16 (UADx),,Dynamics,Plugin,"UAD-2,UADx",,Teletronix LA-2A TOP Silver,,"gentle - fastest response. Most flexible, even for transient",,,Modeled,
4451632a-87e8-4f22-ae36-42a8ff2cba85,f772e5f8-1e3c-11f1-a0d3-0072ee78ad39,88a80eb4-c4b6-4a32-9c07-0fdc5a5c5938,LA-2A Silver Compressor,11.8.1 (UAD-2); 1.3.16 (UADx),,Dynamics,Plugin,"UAD-2,UADx",,Teletronix LA-2A TOP Silver,,"gentle - fastest response. Most flexible, even for transient",,,Modeled,
906d8400-1cdd-460c-b373-52af2812a413,f772e5f8-1e3c-11f1-a0d3-0072ee78ad39,13fffca1-28b8-43c6-8a5d-8254003b63eb,Teletronix LA-3A,11.8.1 (UAD-2); 1.0.15 (UADx),,Dynamics,Plugin,"UAD-2,UADx",,Teletronix LA-3A TOP,,,,,Modeled,
9e7cbfb3-1a15-484c-8b3f-576bfdc138d6,f772e5f8-1e3c-11f1-a0d3-0072ee78ad39,13fffca1-28b8-43c6-8a5d-8254003b63eb,LA-3A Compressor,11.8.1 (UAD-2); 1.0.15 (UADx),,Dynamics,Plugin,"UAD-2,UADx",,Teletronix LA-3A TOP,,,,,Modeled,
a384710a-3203-43b5-a95e-8db548dd315d,f772e5f8-1e3c-11f1-a0d3-0072ee78ad39,783ea1f9-1e49-45c2-a88f-1a09b2b323dd,Thermionic Culture Vulture,11.8.1,,Harmonic Coloration,Plugin,UAD-2,,,,,,,Modeled,
7cc3c19a-e5f0-4a73-a06a-12deaf971446,f772e5f8-1e3c-11f1-a0d3-0072ee78ad39,0a91efdf-3bc4-45e6-9611-574a54a79c62,Tonelux Tilt,2.5.16,Softube (Modeled by),EQ,Plugin,UAD-2,EQ Only,,,,,,Modeled,
dba455bf-7fa2-4d2a-b612-f635fd87109f,f772e5f8-1e3c-11f1-a0d3-0072ee78ad39,0a91efdf-3bc4-45e6-9611-574a54a79c62,Tonelux Tilt Live,2.5.16,Softube (Modeled by),EQ,Plugin,UAD-2,EQ Only,,,,,,"Modeled,Live Sound,Remove",
e14dd3d4-3dc5-4d81-aa7e-0c9f02e8cfe9,f772e5f8-1e3c-11f1-a0d3-0072ee78ad39,7c3289b3-554e-475d-a25d-d39908b67f5f,Trident A-Range,11.8.1,,EQ,Plugin,UAD-2,,,,,,,Modeled,
db981f74-25f5-4396-8869-90a06b247cac,f772e5f8-1e3c-11f1-a0d3-0072ee78ad39,fa258a08-78df-4026-973d-1d1533833a4d,Tube-Tech CL 1B,2.5.47 (u78 5c8a3f4f),Softube (Modeled by),Dynamics,Plugin,UAD-2,,Tube-Tech CL 1B Opto Compressor ALT (Tone),,superceded by MkII plugin,,,Modeled,
19e32af5-9ba5-45fb-84cd-4c403762f8a3,f772e5f8-1e3c-11f1-a0d3-0072ee78ad39,fa258a08-78df-4026-973d-1d1533833a4d,Tube-Tech CL 1B mk II,2.5.47 (u78 5c8a3f4f),Softube (Modeled by),Dynamics,Plugin,UAD-2,,Tube-Tech CL 1B Opto Compressor TOP,,,,,Modeled,
16c74487-c2bb-4649-aa7b-7bebcd62419d,f772e5f8-1e3c-11f1-a0d3-0072ee78ad39,21ce890c-1336-4289-a56b-e28bb352fef2,Tube-Tech ME 1B,2.5.16,Softube (Modeled by),EQ,Plugin,UAD-2,,,,,,,Modeled,
e0087b28-31ab-460b-9f9b-1c0a99e580b4,f772e5f8-1e3c-11f1-a0d3-0072ee78ad39,6b77fcc5-06c7-4c98-979b-df423bfdd364,Tube-Tech PE 1C,2.5.16,Softube (Modeled by),EQ,Plugin,UAD-2,,,,,,,Modeled,
c5e3080d-2ab4-47d7-85e6-2e62ec370e80,f772e5f8-1e3c-11f1-a0d3-0072ee78ad39,69a1ac5f-dadc-48f3-b78d-e946cd1aee6c,UA 1176 Rev A,11.8.1 (UAD-2) 1.3.16 (UADx),,Dynamics,Plugin,"UAD-2,UADx",,,,,,,Modeled,
a3341612-8b68-4405-ab8e-8749ee43991a,f772e5f8-1e3c-11f1-a0d3-0072ee78ad39,bea28d27-33a0-4282-b244-be1dd07a9916,UA 1176 AE,11.8.1 (UAD-2) 1.3.16 (UADx),,Dynamics,Plugin,"UAD-2,UADx",,,,,,,Modeled,
146577bb-80c9-47e7-ac00-e8c54238a2ac,f772e5f8-1e3c-11f1-a0d3-0072ee78ad39,38ca7528-b563-487d-891c-c84ea8470be0,UA 175-B,11.8.1 (UAD-2) 1.0.11 (UADx),,Dynamics,Plugin,"UAD-2,UADx",,,,,,,Modeled,
448c2342-0da9-4e1c-a30f-289dfce395be,f772e5f8-1e3c-11f1-a0d3-0072ee78ad39,9c77d0ba-a122-420c-9584-46e60fd3379e,UA 176,11.8.1 (UAD-2) 1.0.11 (UADx),,Dynamics,Plugin,"UAD-2,UADx",,,,,,,Modeled,
4fd833fd-6fee-44aa-8269-7f761236dd94,f772e5f8-1e3c-11f1-a0d3-0072ee78ad39,d613a936-61ce-4f75-98de-d4d2fa10193c,UA 610-A,11.8.1 (UAD-2) 1.0.15 (UADx),,"EQ,Preamp",Plugin,"UAD-2,UADx",,,,,,,"Channel Strip,Modeled",
88cb86b0-e237-4a9f-804b-d1ad1346a212,f772e5f8-1e3c-11f1-a0d3-0072ee78ad39,1da0f82a-a86a-41c5-8311-f746ad51d1c7,UA 610-B,11.8.1 (UAD-2) 1.0.15 (UADx),,"EQ,Preamp",Plugin,UAD-2,,,,,,,"Channel Strip,Modeled",
51c75073-effb-49e4-a239-29d03847c949,f772e5f8-1e3c-11f1-a0d3-0072ee78ad39,bc4dde6c-5925-4527-8cc0-79e97bdff287,LA-6176 Channel Strip,11.8.1 (UAD-2) 1.0.5 (UADx),,"Dynamics,EQ,Preamp",Plugin,"UAD-2,UADx",,,,,,,Modeled,
caf269e5-79dc-4665-90e8-89bbbad456f4,f772e5f8-1e3c-11f1-a0d3-0072ee78ad39,c60662c8-da53-4ea5-a578-c1e0a1f9da56,Cooper Time Cube,11.8.1,,Delay,Plugin,UAD-2,,,,,,,Modeled,
315f4235-ee1e-4c86-86ff-ec328676d640,f772e5f8-1e3c-11f1-a0d3-0072ee78ad39,e834df33-7018-4575-8ace-400e9f6457f8,UA 1176LN Legacy,11.8.1,,Dynamics,Plugin,UAD-2,,UREI 1176 LN Rev E ALT (Low DSP),,LOW DSP,,,Modeled,
45efef5c-0c48-4cd4-948d-f171159c76ab,f772e5f8-1e3c-11f1-a0d3-0072ee78ad39,e834df33-7018-4575-8ace-400e9f6457f8,UA 1176SE Legacy,11.8.1,,Dynamics,Plugin,UAD-2,,UREI 1176 LN Rev E ALT (Low DSP),,LOWEST DSP,,,Modeled,
e403f21f-49f1-40ff-a35d-b87b3ae9c7ea,f772e5f8-1e3c-11f1-a0d3-0072ee78ad39,e834df33-7018-4575-8ace-400e9f6457f8,UA 1176 LN Rev E,11.8.1 (UAD-2) 1.3.16 (UADx),,Dynamics,Plugin,"UAD-2,UADx",,UREI 1176 LN Rev E TOP,,,,,Modeled,
08d9f352-8067-4059-ba78-b3353dea8fd2,f772e5f8-1e3c-11f1-a0d3-0072ee78ad39,a616ce33-4511-4bb2-bff8-b9c7b0e537bf,Valley People Dyna-mite,2.5.47 (u78 5c8a3f4f),Softube (Modeled by),Dynamics,Plugin,UAD-2,,,,,,,Modeled,
19a13723-9104-46d3-b507-f594df07d5ab,f772e5f8-1e3c-11f1-a0d3-0072ee78ad39,807e3c08-ab03-4fd5-8964-2b4455b436a7,Vertigo VSC-2,1.4.1,Brainworx (Modeled by),Dynamics,Plugin,UAD-2,,,,,,,"Mastering,Modeled",
853b080e-8c63-4d13-b075-7040068b1942,f772e5f8-1e3c-11f1-a0d3-0072ee78ad39,6accef32-ff7c-4e1d-8c34-0ff88d13f154,Vertigo VSM-3,1.0.1,Brainworx (Modeled by),Harmonic Coloration,Plugin,UAD-2,,,,,,,"Mastering,Modeled",
d1ec540e-bbd2-4495-9222-85a402a20780,f772e5f8-1e3c-11f1-a0d3-0072ee78ad39,,Softube Amp Room Half-Stack,2.5.16,Softube (Modeled by),Container,Plugin,UAD-2,,,,,,,Guitar,
6f1ad24e-dac4-4bfe-9ad8-f2191c96c92b,f772e5f8-1e3c-11f1-a0d3-0072ee78ad39,,Softube Bass Amp Room,2.5.16,Softube (Modeled by),Container,Plugin,UAD-2,,,,,,,Bass,
5028f20f-f2d0-4a54-b821-2ee9d69d68e4,f772e5f8-1e3c-11f1-a0d3-0072ee78ad39,,Softube Vintage Amp Room,2.5.16,Softube (Modeled by),Container,Plugin,UAD-2,,,,,,,Guitar,
0989d441-dc1c-4746-9b22-80bb2a67d38a,f772e5f8-1e3c-11f1-a0d3-0072ee78ad39,,Paradise Guitar Studio,1.0.1,,Container,Plugin,UADx,,,,,,,Guitar,
0f63704a-9582-4dff-9277-9ce335015fbf,f772e5f8-1e3c-11f1-a0d3-0072ee78ad39,,Verve Analog Machines Essentials,1.0.6,,Container,Plugin,UADx,4 Analog Tone Machines,,,,,,,
a73e469e-d8b9-41c3-aefd-33ad1ddb1266,f772e5f8-1e3c-11f1-a0d3-0072ee78ad39,,Sphere Mic Collection 180,2.0.0,,"Container,Microphone",Plugin,UAD-2,,,,,,,Hardware,
28b70345-525b-42f7-bcf5-158e386951f9,f772e5f8-1e3c-11f1-a0d3-0072ee78ad39,,CS-1,11.8.1,,"Delay,Dynamics,EQ,Preamp",Plugin,UAD-2,Legacy Channel Strip [ EX-1 EQ and Compressor; DM-1 Delay Modulator; RS-1 Reflection Engine ] (SUPERCEDED BY Precision Channel Strip) - DON'T USE. THIS IS JUST FOR BACKWARDS COMPAT.,,,,,,Channel Strip,
94578003-5cb6-4091-a0fc-e0336e32d9b8,f772e5f8-1e3c-11f1-a0d3-0072ee78ad39,,Precision Delay Mod,11.8.1,,"Delay,Modulation",Plugin,UAD-2,"dual / stereo delay w/ 5 modes (inc. chorus, flanger) - 1s max delay time",,,,,,,
408809db-8bef-42d8-b377-fb8a6e771d43,f772e5f8-1e3c-11f1-a0d3-0072ee78ad39,,Precision Delay Mod L,11.8.1,,"Delay,Modulation",Plugin,UAD-2,"dual / stereo delay w/ 5 modes (inc. chorus, flanger) - 3s max delay time",,,,,,,
96b3e1e2-4ade-4daf-b470-906e0d5256f3,f772e5f8-1e3c-11f1-a0d3-0072ee78ad39,,A-Type Multiband Enhancer,"11.8.2 (UAD-2)
1.0.3 (UADx)",,Dynamics,Plugin,"UAD-2,UADx",,,,,,,,
98a2947b-4ef0-4672-8e68-5d79e3741e0e,f772e5f8-1e3c-11f1-a0d3-0072ee78ad39,,C-Suite C-Max,1.0.0,C-Suite Audio / CEDAR Audio,Dynamics,Plugin,UAD-2,mastering limiter / maximizing (satuation),,,,,,Mastering,
9181a3ea-e725-4d86-be12-bd8ba46a159f,f772e5f8-1e3c-11f1-a0d3-0072ee78ad39,,Precision Buss Compressor,11.8.1,,Dynamics,Plugin,UAD-2,Original UA Duall-VCA Dynamic Processor for transparent gain reduction,,,,,,Mastering,
c1e432a5-08aa-4b1d-b40a-fe9edb7bf4d5,f772e5f8-1e3c-11f1-a0d3-0072ee78ad39,,Precision Limiter,11.8.1,Bob Katz,Dynamics,Plugin,UAD-2,"K-System (Bob Katz' metering / monitoring)
Original UA premum performance single-band look-ahead brickwall mastering limiter.",,,,,,Mastering,
82e31c65-4c58-48f5-94e2-f10ee2585fd1,f772e5f8-1e3c-11f1-a0d3-0072ee78ad39,,Precision Maximizer,11.8.1,,Dynamics,Plugin,UAD-2,"Original UA premum performance dynamic impact processor for increasing perceived loudness, warmth and presence. Limiter w/ soft saturation (maxes signal, minimizing undesirable distortion / aliasing) that operates in single or 3-band modes.",,,,,,Mastering,
9b04e878-6f5d-4ea5-b07c-5812e53857d4,f772e5f8-1e3c-11f1-a0d3-0072ee78ad39,,Precision De-Esser,11.8.1,,"Dynamics,EQ",Plugin,UAD-2,vocal sibilance compression,,,,,,Voice,
b6130af0-0188-4e40-a5f1-ea32def6a66d,f772e5f8-1e3c-11f1-a0d3-0072ee78ad39,,Precision Multiband,11.8.1,,"Dynamics,EQ",Plugin,UAD-2,"Original UA 5 bands of ""premium performance"" spectral processing w/ 3 dynamics modes (compression, expansion, gate)",,,,,,Mastering,
6818c8e8-b6ad-4233-b720-eaae44280a42,f772e5f8-1e3c-11f1-a0d3-0072ee78ad39,,Century Tube Channel Strip,"11.8.1 (UAD-2)
1.0.16 (UADx)",,"Dynamics,EQ,Preamp",Plugin,"UAD-2,UADx","vintage inspired channel strip [ organic tube mic preamp, optical leveler, 3-band EQ ]",,,,,,,
1a7671fd-d69f-435b-8075-1a4cc28204cb,f772e5f8-1e3c-11f1-a0d3-0072ee78ad39,,bx_digital V2,2.3.3,Brainworx (Modeled by),EQ,Plugin,UAD-2,"mastering mix, post-production tone shaping mono EQ",,,,,,Mastering,
e2a41f88-5e60-489b-9452-6a8b07091be2,f772e5f8-1e3c-11f1-a0d3-0072ee78ad39,,bx_digital V2 Mono,2.3.3,Brainworx (Modeled by),EQ,Plugin,UAD-2,"mastering mix, post-production tone shaping mono EQ",,,,,,Mastering,
c6e1e561-4187-400d-854b-4e7117670122,f772e5f8-1e3c-11f1-a0d3-0072ee78ad39,,bx_digital V3,3.1.3,Brainworx (Modeled by),EQ,Plugin,UAD-2,"ultra low-latency 11-band stereo EQ, HPF/LPF, dynamic EQ,",,,,,,Mastering,
7e5a8520-e6d9-4bdc-9494-27da41a33924,f772e5f8-1e3c-11f1-a0d3-0072ee78ad39,,bx_digital V3 mix,3.1.3,Brainworx (Modeled by),EQ,Plugin,UAD-2,"ultra low-latency 11-band stereo EQ, HPF/LPF, dynamic EQ,",,,,,,,
fd994629-c378-4076-afb5-032bd48af962,f772e5f8-1e3c-11f1-a0d3-0072ee78ad39,,Cambridge,11.8.1,,EQ,Plugin,UAD-2,Mastering quality 5-band parametric EQ (3 types) w/ special handling of higher frequencies,,,,,,Mastering,
d3dd1362-b987-4ece-b623-a2d3bbb606f6,f772e5f8-1e3c-11f1-a0d3-0072ee78ad39,,Precision Enhancer Hz,11.8.1,,EQ,Plugin,UAD-2,"psychoacoustic bass perception enhancement; selectively add upper harmonics to bass fundamentals (""phantom bass"")",,,,,,,
8451fbd8-baba-4d13-bb96-098a1d5ecba7,f772e5f8-1e3c-11f1-a0d3-0072ee78ad39,,Precision Enhancer kHz,11.8.1,,EQ,Plugin,UAD-2,enhances high frequencies + breathe life into dull tracks. (5 modes),,,,,,,
97eee903-9fb5-454a-aba8-27b8498e1af5,f772e5f8-1e3c-11f1-a0d3-0072ee78ad39,,Precision Equalizer,11.8.1,,EQ,Plugin,UAD-2,"Original UA stereo / dual mono 4-band ""premium performance mastering"" EQ leveraging ""best of classic hardware designs""",,,,,,Mastering,
502b7a7d-014b-4212-8edf-ce9e15b4fa05,f772e5f8-1e3c-11f1-a0d3-0072ee78ad39,,C-Suite C-Axe,1.0.0,C-Suite Audio / CEDAR Audio,"EQ,Dynamics",Plugin,UAD-2,noise suppression / removal for guitar noise / hum.,,,,,,Guitar,
e42f2159-b496-4213-a933-781b37b9dfe8,f772e5f8-1e3c-11f1-a0d3-0072ee78ad39,,C-Suite C-Vox,1.0.0,C-Suite Audio / CEDAR Audio,"EQ,Dynamics",Plugin,UAD-2,noise suppression and ambience reduction for vocals,,,,,,Voice,
80a0a6b8-247c-4e76-91e6-9163ceaa50dc,f772e5f8-1e3c-11f1-a0d3-0072ee78ad39,,bx_masterdesk,1.0.1,Brainworx (Modeled by),"EQ,Dynamics,Harmonic Coloration",Plugin,UAD-2,"mastering chain plugin
[ compressor / limiter, harmonic distortion, de-esser, 3-band EQ, high/low cut fillters ]",,,,,,"Mastering,Voice",
0a198113-e09c-4a3b-9a3f-b3f1dbf935c6,f772e5f8-1e3c-11f1-a0d3-0072ee78ad39,,bx_masterdesk Classic,1.0.1,Brainworx (Modeled by),"EQ,Dynamics,Harmonic Coloration",Plugin,UAD-2,"mastering chain plugin 
[ compressor, harmonic distortion ]",,,,,,Mastering,
3cfc1e96-4822-411e-9f7c-9990bec2876a,f772e5f8-1e3c-11f1-a0d3-0072ee78ad39,,bx_refinement,1.0.1,"Brainworx (Modeled by)
Gebre Waddell","EQ,Harmonic Coloration",Plugin,UAD-2,"Gebre Waddell - Stonebridge Mastering
Mastering ""de-harshing"" tool via analog tube saturation",,,,,,Mastering,
0b1bc926-e8c1-45fe-a278-df8e2adee911,f772e5f8-1e3c-11f1-a0d3-0072ee78ad39,,Ibanez Tube Screamer TS808,11.8.1,,Harmonic Coloration,Plugin,UAD-2,4x12 Celestion V30s,,,"superceded by TS Overdrive
recorded w/ Ibanex TS808",,,"Modeled,Stomp",
00b244d0-ac2e-4c6d-9922-e2745b2e4e62,f772e5f8-1e3c-11f1-a0d3-0072ee78ad39,,bx_saturator V2,2.0.1,Brainworx (Modeled by),Harmonic Coloration,Plugin,UAD-2,multi-band saturation / distortion tool. Individual tracks or stereo master,,,,,,Mastering,
54878c12-9069-4b7c-b14d-b8f70760f05e,f772e5f8-1e3c-11f1-a0d3-0072ee78ad39,,Oxide Tape,11.8.1 (UAD-2) 1.0.17 (UADx) 1.2.2 (UADx - Luna),,Harmonic Coloration,Plugin,"UAD-2,UADx",Analog tape saturation,,,,,,,
cf9744f7-7496-46a9-b87a-2c032fb97615,f772e5f8-1e3c-11f1-a0d3-0072ee78ad39,,Sound Machine Wood Works,1.0.0,,Harmonic Coloration,Plugin,UAD-2,acoustic guitar processing,,,,,,Guitar,
6a9f8b58-76eb-40cc-b57e-f4164d92e35f,f772e5f8-1e3c-11f1-a0d3-0072ee78ad39,,Verve Analog Machines,1.0.6,Verve Analog Machines,Harmonic Coloration,Plugin,UADx,10 Analog Tone Machines,,,,,,,
823ecc0d-7cff-4c9e-a015-3956def0fd5a,f772e5f8-1e3c-11f1-a0d3-0072ee78ad39,,Hemisphere Mic Collection,2.0.0,,"Microphone,Container",Plugin,UAD-2,,,,,,,,
0ef688ea-f817-4cab-b69f-2ed7b172483a,f772e5f8-1e3c-11f1-a0d3-0072ee78ad39,,Ocean Way Mic Collection,,,"Microphone,Container",Plugin,UAD-2,,,,,,,,
40d82667-75d7-4b42-afc1-457ac7a03cfa,f772e5f8-1e3c-11f1-a0d3-0072ee78ad39,,Ocean Way Mic Collection 180,,,"Microphone,Container",Plugin,UAD-2,,,,,,,Hardware,
19b0dc56-9efc-45f0-bce4-1cfac0cfe49d,f772e5f8-1e3c-11f1-a0d3-0072ee78ad39,,Putnam Mic Collection,,,"Microphone,Container",Plugin,UAD-2,,,,,,,,
d2d631a2-43c7-4077-ae0d-818a956246e7,f772e5f8-1e3c-11f1-a0d3-0072ee78ad39,,Putnam Mic Collection 180,,,"Microphone,Container",Plugin,UAD-2,,,,,,,Hardware,
4d355fdc-432e-43f9-9355-ceece55c4c4b,f772e5f8-1e3c-11f1-a0d3-0072ee78ad39,,Sphere Mic Collection,2.0.0,,"Microphone,Container",Plugin,UAD-2,,,,,,,,
6d824ef2-98e8-4a25-adf0-a9399deb9d10,f772e5f8-1e3c-11f1-a0d3-0072ee78ad39,,Softube Vocoder,2.5.16,Softube (Modeled by),"Modulation,Pitch Tools",Plugin,UAD-2,Synth / Voice modulation,,,,,,Voice,
b3c392c0-ea78-40c7-a745-6a0d5d4214da,f772e5f8-1e3c-11f1-a0d3-0072ee78ad39,,Antares Auto-Tune Realtime,1.0.0,Antares (Modeled by),Pitch Tools,Plugin,UAD-2,vocal pitch correction / processing,,,superceded by AutoTune RealTime Plugins,,,"Voice,Deprecated,Remove",
d9db4211-40e5-4612-ae05-68f4d221a09a,f772e5f8-1e3c-11f1-a0d3-0072ee78ad39,,Auto-Tune Realtime Access,9.0.2,Antares (Modeled by),Pitch Tools,Plugin,UAD-2,"vocal pitch correction / processing
SIMPLEST (Freeware Version)",,,,,,Voice,
f46c0e8d-8439-4330-9e5d-39cf7ffb9b6f,f772e5f8-1e3c-11f1-a0d3-0072ee78ad39,,Auto-Tune Realtime Advanced,9.0.2,Antares (Modeled by),Pitch Tools,Plugin,UAD-2,"vocal pitch correction / processing
ENHANCED (detailed pitch correction / creative effects)",Primary Autotuner,,,,,Voice,
4327d76e-a8e9-4b98-8499-615a781d4976,f772e5f8-1e3c-11f1-a0d3-0072ee78ad39,,Auto-Tune Realtime X,10.0.0,Antares (Modeled by),Pitch Tools,Plugin,UAD-2,"vocal pitch correction / processing
LATEST Iteration - Ultra-low latency (suitable for real-time tracking / live performances)",ULTRA Low-Latency Autotuner (Live/realtime),,,,,Voice,
2e8a1acc-f151-4767-b497-d09e5032e375,f772e5f8-1e3c-11f1-a0d3-0072ee78ad39,,Topline Vocal Suite,1.0.6,,"Pitch Tools,Preamp,Harmonic Coloration,Dynamics,EQ,Delay,Modulation,Reverb&Room",Plugin,UADx,"all-in-one vocal chain (pitch shift, solid state / tube preamps, tape saturation, dynamics, EQ, delay, reverb, modulation)",,,,,,,
1ce109e1-4211-43c7-9508-e429c0b9e1b3,f772e5f8-1e3c-11f1-a0d3-0072ee78ad39,,Precision Channel Strip,11.8.1,,"Preamp,Dynamics",Plugin,UAD-2,Original UA 5-band parametric EQ w/ 3 operating modes and soft compression / hard limiting,,,,,,Channel Strip,
47b2a901-5afd-4208-b787-0b3de9e78502,f772e5f8-1e3c-11f1-a0d3-0072ee78ad39,,RealVerb-Pro,11.8.1,,Reverb&Room,Plugin,UAD-2,,,,superceded by DreamVerb,,,,
5cc7e557-4087-4dc5-8336-bcce6d93d620,f772e5f8-1e3c-11f1-a0d3-0072ee78ad39,,DreamVerb,11.8.1,,Reverb&Room,Plugin,UAD-2,stereo reverb w/ 5-band active EQ for reflections. 100+ presets,,,,,,,
f4e531f6-18d8-469c-ace6-b9346e0a3d5c,f772e5f8-1e3c-11f1-a0d3-0072ee78ad39,,Precision Reflection Engine,11.8.1,,Reverb&Room,Plugin,UAD-2,small room ambience simulator (19 shapes),,,,,,,
36e9958c-d8a1-4adb-a607-4cb4b32b5089,f772e5f8-1e3c-11f1-a0d3-0072ee78ad39,,Pure Plate,11.8.1 (UAD-2) 1.4.16 (UADx),,Reverb&Room,Plugin,"UAD-2,UADx",Original UA Plate Reverb,,,,,,,
f0698756-5514-47af-96bc-312abf23cc58,f772e5f8-1e3c-11f1-a0d3-0072ee78ad39,,Precision K-Stereo,11.8.1,Bob Katz,"Spatial Processing,Time/Phase",Plugin,UAD-2,Psychoacoustic processor for stereo enhancement and phase-accurate ambiance recovery.,,,"Katz presets 
Mastering --> rock tight bass, rock tight drums, orchestra A and B, clear presence, Raise Mid instruments, warm ambience; 
MIX --> Big, Too Big, Big Steinway]",,,Mastering,
e38587b9-9c60-4a2d-8556-229f8f22f77c,2f74fff8-2014-11f1-a0d3-0072ee78ad39,,CurveEQ,,Cubase,EQ,Plugin,VST3,"Spline EQ. Shows filter response being designed using a spline (smooth curvy line), creating a visual representation of how the EQ alters the sound. Uses spectrum matching that allows the transfer of a spectral shape from one recording to another.",,,,,,Mastering,
b564f34b-1524-48e7-a4b6-3957b082a80f,52ca057c-1c70-4093-81ad-720a2ba3ac60,1f4d1b92-cc48-4c2f-aeb6-ccb9368ea37e,Kramer Tape,16.7.33,,Harmonic Coloration,Plugin,AU,,,,,,,"Mastering,Modeled",
a831bac7-16da-4d78-bef1-075470ed39ee,52ca057c-1c70-4093-81ad-720a2ba3ac60,5be70665-2f55-46c0-af21-64ae9c3fe3b1,Aphex Vintge Exciter,16.7.33,,Harmonic Coloration,Plugin,AU,,,,,,,"Mastering,Modeled,Voice",
fd371fbb-4811-473d-8bf0-7768594ae716,52ca057c-1c70-4093-81ad-720a2ba3ac60,9451cb52-1335-4268-a863-b45b0b38d686,API-2500,16.7.33,,Dynamics,Plugin,AU,,API 2500 Stereo Bus Compressor ALT (Tone),,,,,Modeled,
f48756c4-a6e1-4904-b5d1-a9a513b64d2e,52ca057c-1c70-4093-81ad-720a2ba3ac60,7960284d-976a-4e2d-b56b-820a5b36276e,API-550A,16.7.33,,EQ,Plugin,AU,,API 550A Discrete 3 Band EQ ALT (Tone),,,,,Modeled,
0c7316ca-75e9-45a9-8532-627400af1751,52ca057c-1c70-4093-81ad-720a2ba3ac60,cef69d73-cac8-4bee-bf52-102e249f2127,API-550B,16.7.33,,EQ,Plugin,AU,,API 550B 4 Band EQ TOP,,,,,Modeled,
03b24e07-d4d7-4f77-abe5-12fb97099d06,52ca057c-1c70-4093-81ad-720a2ba3ac60,12f9c9d3-404d-454c-8d20-6ea7770957a3,API-560,16.7.33,,EQ,Plugin,AU,,API 560 10-Band GEQ ALT (Tone),,,,,Modeled,
e0185029-6a9c-44e1-bd15-2f37af43e990,52ca057c-1c70-4093-81ad-720a2ba3ac60,1635b9c2-7f4d-4790-a9a0-f3b3dba7cdf9,DPR-402,16.7.33,,Dynamics,Plugin,AU,,,,,,,Modeled,
bba37f81-8e65-4cc2-ba74-282ef74a14e6,52ca057c-1c70-4093-81ad-720a2ba3ac60,874760dd-e69d-41bf-b3bc-71379b3a6161,dbx-160,16.7.33,,Dynamics,Plugin,AU,,dbx 160 ALT (Tone),,,,,Modeled,
fddd7392-f743-42d5-ac4f-bf83ba7bef2a,52ca057c-1c70-4093-81ad-720a2ba3ac60,41d4e375-293e-4a22-9e55-6bf515df0b28,Abbey Road Reel ADT,16.7.33,,Modulation,Plugin,AU,single modulation,,,,,,Modeled,
549119b0-0640-40fa-9d40-603e549cab31,52ca057c-1c70-4093-81ad-720a2ba3ac60,41d4e375-293e-4a22-9e55-6bf515df0b28,Abbey Road Reel ADT Live,16.7.33,,Modulation,Plugin,AU,single modulation,,,,,,"Live Sound,Modeled,Remove",
bda8bf4a-5b97-4eda-bdbd-d8a5ee4e9f49,52ca057c-1c70-4093-81ad-720a2ba3ac60,41d4e375-293e-4a22-9e55-6bf515df0b28,Abbey Road Reel ADT2V,16.7.33,,Modulation,Plugin,AU,Adds a second ADT Modulation,,,,,,Modeled,
4fad027f-1e84-4d45-9489-43dc0bec0a6b,52ca057c-1c70-4093-81ad-720a2ba3ac60,41d4e375-293e-4a22-9e55-6bf515df0b28,Abbey Road Reel ADT2V Live,16.7.33,,Modulation,Plugin,AU,Adds a second ADT Modulation,,,,,,"Live Sound,Modeled,Remove",
94f45bbe-94da-40b3-a980-2cc75c8b8764,52ca057c-1c70-4093-81ad-720a2ba3ac60,"0e671f6c-e63c-498d-bdba-ab0377c050d8,849280b6-80d1-4707-a044-36c10ad3cf62,83c8bfe3-521b-43e2-8e08-84db4aee732a",Abbey Road The King's Microphones,16.7.33,,"Microphone,Container",Plugin,AU,,,,,,,Modeled,
72480943-0013-4bfe-9fb8-d9303003a33a,52ca057c-1c70-4093-81ad-720a2ba3ac60,3a244573-5558-474a-9317-268065ffa288,Abbey Road REDD.17,16.7.33,,Preamp,Plugin,AU,,,,,,,Modeled,
5b626408-20c1-4a4d-99e7-3561dede728b,52ca057c-1c70-4093-81ad-720a2ba3ac60,"d9003154-6c6c-461e-a77d-0d0390918faf,3ab102f8-12c6-469f-a476-77add3b98b60",Abbey Road REDD.37.51,16.7.33,,Preamp,Plugin,AU,,,,,,,Modeled,
f3029c60-633b-4ba2-a27e-65cd639a57d0,52ca057c-1c70-4093-81ad-720a2ba3ac60,e7eeb8d6-4f62-43b6-abdc-23faaa6a4c5a,Abbey Road RS124,16.7.33,,Dynamics,Plugin,AU,,,,,,,Modeled,
72cf0b74-c16c-4be0-8997-54264dc7d5f1,52ca057c-1c70-4093-81ad-720a2ba3ac60,9846cc49-7373-4d94-9ec5-f969e92a6c0b,Abbey Road RS56 Passive EQ,16.7.33,,EQ,Plugin,AU,,,,,,,Modeled,
3750ac2f-9535-44ae-92a0-b15ae4640c14,52ca057c-1c70-4093-81ad-720a2ba3ac60,6ad0b740-0cad-4998-bca2-12a23fbe23d6,Abbey Road Chambers,16.7.33,,"Reverb&Room,Delay",Plugin,AU,,,,,,,Modeled,
aa2a5ed8-7271-417c-b46e-55b47a873c17,52ca057c-1c70-4093-81ad-720a2ba3ac60,d7d46bf7-0a45-4532-b5f4-f4100e879250,Abbey Road Saturator,16.7.33,,"Dynamics,Harmonic Coloration",Plugin,AU,,,,,,,Modeled,
200c2996-17c6-4f24-85bc-2935fe322286,52ca057c-1c70-4093-81ad-720a2ba3ac60,2b19026b-969a-470a-9dfb-4429cf07be70,Abbey Road EMI TG12345,16.7.33,,"Dynamics,EQ,Preamp",Plugin,AU,,EMI TG12345 TOP,,,,,Modeled,
b1e2f019-cf5c-4d4c-9857-ac8a8e8e0ee6,52ca057c-1c70-4093-81ad-720a2ba3ac60,"2b19026b-969a-470a-9dfb-4429cf07be70,cac1cf0d-5202-4840-9138-abfe956766db",NLS Buss,16.7.33,,Harmonic Coloration,Plugin,AU,"Mix Bus
Spike Stent SSL 4000G; Mike Hedge EMI TG12345 Mk IV; Yoad Nevo's customized Neve 5116","EMI TG12345 TOP
Neve 5116 TOP 
SSL 4000G Channel TOP",,,,,Modeled,
73b5b8e8-65b3-4e35-8d93-20d4138552af,52ca057c-1c70-4093-81ad-720a2ba3ac60,"2b19026b-969a-470a-9dfb-4429cf07be70,cac1cf0d-5202-4840-9138-abfe956766db",NLS Channel,16.7.33,,Harmonic Coloration,Plugin,AU,"Channel Strip
Spike Stent SSL 4000G; Mike Hedge EMI TG12345 Mk IV; Yoad Nevo's customized Neve 5116","EMI TG12345 TOP
Neve 5116 TOP 
SSL 4000G Channel TOP",,,,,"Channel Strip,Modeled",
9061d852-8cc6-4eee-9dab-0c4ac2987906,52ca057c-1c70-4093-81ad-720a2ba3ac60,"58fadb92-e638-4999-b804-a9045bb94144,5f2ee394-f07e-4082-a8a7-e4131eda202e,eda22132-f659-468c-bb1e-b15f6dc19e2e,c2a271af-1694-4a94-be30-5d285820668d,e3da0388-c63a-4e00-a7b0-e3754064d2fd,1aa94298-db5a-4888-a69b-32325ce5142a",Abbey Road TG Mastering,16.7.33,,"Dynamics,EQ,Preamp,Spatial Processing",Plugin,AU,,,,,,,"Mastering,Modeled",
55b25b1b-9342-4d0d-9355-3b688aef89b7,52ca057c-1c70-4093-81ad-720a2ba3ac60,"58fadb92-e638-4999-b804-a9045bb94144,5f2ee394-f07e-4082-a8a7-e4131eda202e,eda22132-f659-468c-bb1e-b15f6dc19e2e,c2a271af-1694-4a94-be30-5d285820668d,e3da0388-c63a-4e00-a7b0-e3754064d2fd,1aa94298-db5a-4888-a69b-32325ce5142a",Abbey Road TG Mastering Live,16.7.33,,"Dynamics,EQ,Preamp,Spatial Processing",Plugin,AU,,,,,,,"Live Sound,Modeled,Remove",
5a644d42-2f5b-4b48-90ea-41380caa4bf6,52ca057c-1c70-4093-81ad-720a2ba3ac60,d8bce077-bd5e-439c-bf5c-4b08cd46a3e3,Abbey Road Plates,16.7.33,,Reverb&Room,Plugin,AU,Specific unit from Abbey Road,EMT 140 ST TOP,,,,,Modeled,
4459ebeb-7cc2-4e8b-9982-6f6a1e38c6b6,52ca057c-1c70-4093-81ad-720a2ba3ac60,1781f879-cce9-4554-bc6f-05e8bccff4f8,PuigChild 660,16.7.33,Jack Puig,Dynamics,Plugin,AU,modeled after specific unit; likely customized,Fairchild 660 ALT (Tone),,,,,Modeled,
22b0ed7f-d6b0-4725-8fee-ff8ec7e680cb,52ca057c-1c70-4093-81ad-720a2ba3ac60,fd4cabf5-332d-4201-8afb-5a1f9756df55,PuigChild 670,16.7.33,Jack Puig,Dynamics,Plugin,AU,modeled after specific unit; likely customized,Fairchild 670 ALT (Tone),,Unit was likely modified. More pronounced midrange. (Less faithful recreation),,,"Mastering,Modeled",
eb9bdfc4-2c97-44cc-9f1f-026dd8fc9376,52ca057c-1c70-4093-81ad-720a2ba3ac60,c467f261-bc1e-4718-9c04-b51b084c638f,Kramer HLS,16.7.33,,"EQ,Preamp",Plugin,AU,,Helios Type 69 DNU,,,,,"Channel Strip,Modeled",
5f6a3f07-e813-46be-a65d-73dcee4682ea,52ca057c-1c70-4093-81ad-720a2ba3ac60,2cc0bdbc-a0a3-4d40-b1f2-9ddbf893052e,MDMX Screamer,16.7.33,,Harmonic Coloration,Plugin,AU,,Ibanez TS808 DNU,,,,,"Guitar,Modeled,Stomp,Remove",
3deca26a-0768-4b06-a44c-2d70ac5a9e40,52ca057c-1c70-4093-81ad-720a2ba3ac60,"db1bf016-3545-4165-8c58-f3d5274cb796,73d626d7-213b-4b80-8867-cbf0d7d6b834",VEQ 3,16.7.33,,EQ,Plugin,AU,,Neve 1073 ALT (Tone),,,,,Modeled,
d80cfa5c-35eb-4d01-a1cb-3e8fff02c12e,52ca057c-1c70-4093-81ad-720a2ba3ac60,e2f223eb-d44e-47fa-82a6-d3b15fb984d9,VEQ 4,16.7.33,,EQ,Plugin,AU,,Neve 1081 ALT (Tone),,,,,Modeled,
caa694e1-3c8f-452e-bdac-f257419883e7,52ca057c-1c70-4093-81ad-720a2ba3ac60,c9061824-f7dd-43a7-b8ea-ffff0a33acc9,VComp,16.7.33,,Dynamics,Plugin,AU,,Neve 2254 TOP,,,,,"Mastering,Modeled",
60e14453-a73c-41bb-8938-f8aad96d6bdc,52ca057c-1c70-4093-81ad-720a2ba3ac60,cfddc671-9286-46a8-ae2f-b4301a8c0aaf,PRS Archon,16.7.33,,,"Plugin,Standalone",AU,100W,PRS Archon 100 TOP,,,,,"Guitar,Modeled",
55bf90aa-76f6-4ccc-8ded-e9b4369721d3,52ca057c-1c70-4093-81ad-720a2ba3ac60,68886f02-84eb-4777-824a-d53fcbb722bb,PRS V9,16.7.33,,,"Plugin,Standalone",AU,,,,,,,"Guitar,Modeled",
1d57d2b2-30dd-4d70-bfbb-1b650876cf9b,52ca057c-1c70-4093-81ad-720a2ba3ac60,bc04a4b4-f3a2-44b2-9205-843981d375b2,PRS Dallas,16.7.33,,,"Plugin,Standalone",AU,50W,,,,,,"Guitar,Modeled",
8361e9eb-b902-4679-8acf-2e4e4c95189b,52ca057c-1c70-4093-81ad-720a2ba3ac60,1ef57c13-1347-46c8-851c-94ff8711268c,PuigTec EQP1A,16.7.33,Jack Puig,EQ,Plugin,AU,modeled after specific unit; likely customized,Pultec EQP-1A TOP,,,,,Modeled,
0bf4f02c-bdb2-4d0b-bc4e-cb59135aa04d,52ca057c-1c70-4093-81ad-720a2ba3ac60,6bcc7dc4-4f61-437f-8641-ce1c0b6e6e0b,PuigTec MEQ5,16.7.33,Jack Puig,EQ,Plugin,AU,modeled after specific unit; likely customized,Pultec MEQ-5 Mid-Range EQ TOP,,,,,Modeled,
13caa8b7-8fc7-46d6-ad08-eba82f8555e7,52ca057c-1c70-4093-81ad-720a2ba3ac60,d65f7836-fb58-4d5e-aff9-c78d1d236a2e,Kramer PIE,16.7.33,,Dynamics,Plugin,AU,,,,,,,Modeled,
d8d3e2e2-9ef1-4201-b2ef-2fede3d2dace,52ca057c-1c70-4093-81ad-720a2ba3ac60,2e98392b-849a-44d4-92fc-fed070a3650a,SSL Channel,16.7.33,,"Preamp,Dynamics,EQ",Plugin,AU,Black Knob EQ,SSL 4000E ALT (Low DSP),,LOW DSP,,,"Channel Strip,Modeled,Low DSP,Remove",
c1a691d2-1b92-444d-b0d1-4e4053e6c494,52ca057c-1c70-4093-81ad-720a2ba3ac60,2e98392b-849a-44d4-92fc-fed070a3650a,SSL EV2 Channel,16.7.33,,"Preamp,Dynamics,EQ",Plugin,AU,Brown and Black Knob EQ,SSL 4000E TOP,,,,,"Channel Strip,Modeled",
0801eee4-71ca-4088-8aac-06051d6e08a7,52ca057c-1c70-4093-81ad-720a2ba3ac60,5bf699eb-1f16-4a8b-8dd0-066881a15853,SSL Comp,16.7.33,,Dynamics,Plugin,AU,,SSL 4000G Bus Compressor TOP,,,,,"Mastering,Modeled",
6957eec5-383e-4b52-bedd-88b179d866fa,52ca057c-1c70-4093-81ad-720a2ba3ac60,0015604e-a249-40bf-83c8-cf696b41742b,SSL G Channel,16.7.33,,"Preamp,Dynamics,EQ",Plugin,AU,,SSL 4000G Channel TOP,,,,,"Channel Strip,Modeled",
a68d07ef-b5ae-40c5-a361-49c4b8301156,52ca057c-1c70-4093-81ad-720a2ba3ac60,8566f963-383d-489a-bf06-0ac517368c68,SSL EQ,16.7.33,,EQ,Plugin,AU,,,,,,,Modeled,
2c94da76-9c09-46da-af5f-96f94d3a1476,52ca057c-1c70-4093-81ad-720a2ba3ac60,21a6f802-d577-408a-8b16-938d4a9a9e4b,Abbey Road J37 Tape,16.7.33,,Harmonic Coloration,Plugin,AU,,,,,,,Modeled,
af7163f6-5b64-4319-b963-611417aeab65,52ca057c-1c70-4093-81ad-720a2ba3ac60,15418602-13b7-444d-b651-740180bc63e4,CLA-2A,16.7.33,Chris Lord Alge,Dynamics,Plugin,AU,,Teletronix LA-2A ALT (Tone),,,,,Modeled,
790bc051-9530-418d-88a5-fef28be567d9,52ca057c-1c70-4093-81ad-720a2ba3ac60,13fffca1-28b8-43c6-8a5d-8254003b63eb,CLA-3A,16.7.33,Chris Lord Alge,Dynamics,Plugin,AU,,Teletronix LA-3A ALT (Tone),,,,,Modeled,
54f38beb-dfbc-4393-b90c-10a24729e222,52ca057c-1c70-4093-81ad-720a2ba3ac60,e834df33-7018-4575-8ace-400e9f6457f8,CLA-76,16.7.33,Chris Lord Alge,Dynamics,Plugin,AU,,UREI 1176 LN Rev E ALT (Tone),,,,,Modeled,
c9971246-58b2-4a16-8868-c3d83c4a3153,52ca057c-1c70-4093-81ad-720a2ba3ac60,,Gemstones,16.0.23,,Container,Plugin,AU,cloud based effects (various),,,,,,Remove,
6ceab076-9208-4089-9030-85a8afff00a5,52ca057c-1c70-4093-81ad-720a2ba3ac60,,GTR Amp,16.7.33,,Container,Plugin,AU,,,,,,,Guitar,
15fb3b64-67f2-4adb-99db-0a3dd61ca65e,52ca057c-1c70-4093-81ad-720a2ba3ac60,,GTR Amp2Cab,16.7.33,,Container,Plugin,AU,Lets you use a real amp w/ the GTR amp cab models,,,,,,Guitar,
23b28729-9060-4a49-86f1-d1d57e568dcf,52ca057c-1c70-4093-81ad-720a2ba3ac60,,GTR Solo Tool Rack,16.7.33,,Container,"Plugin,Standalone",AU,"Up to 4 Stomps, 1Amp and the Tuner at any given time",,,,,,Guitar,
9f6fcb54-f910-4610-9bd8-e3b5bef5aacb,52ca057c-1c70-4093-81ad-720a2ba3ac60,,GTR Stomp 2,16.7.33,,Container,Plugin,AU,Virtual Pedalboard Plugin that can host up to 2 stomp effects,,,,,,Guitar,
2e982da0-38f9-429f-80e0-260464baf158,52ca057c-1c70-4093-81ad-720a2ba3ac60,,GTR Stomp 4,16.7.33,,Container,Plugin,AU,Virtual Pedalboard Plugin that can host up to 4 stomp effects,,,,,,Guitar,
d48b0a84-b7bf-4bd4-ab4f-d712893f8197,52ca057c-1c70-4093-81ad-720a2ba3ac60,,GTR Stomp 6,16.7.33,,Container,Plugin,AU,Virtual Pedalboard Plugin that can host up to 6 stomp effects,,,,,,Guitar,
6bb677a6-3e28-4123-b01a-4a13a6b2e27c,52ca057c-1c70-4093-81ad-720a2ba3ac60,,GTR Tool Rack,16.7.33,,Container,"Plugin,Standalone",AU,"Up to 6 Stomps, 2 Amps and the Tuner at any given time [ Uses any of the GTR amps, cabs, mics or stompbox ]",,,,,,Guitar,
b1b12fda-00a9-4d98-87fe-652235f3d685,52ca057c-1c70-4093-81ad-720a2ba3ac60,,MultiMod Rack,16.7.33,,Container,Plugin,AU,"Intended to create an effects chain of existing distortion/modulation plugins. [ MDMX Fuxx, Overdrive, Screamer, Bezerk, et al. ]",,,,,,,
10d4921e-22ee-4f55-ac0d-135b684955bb,52ca057c-1c70-4093-81ad-720a2ba3ac60,,StudioVerse Audio Effects,16.0.30,,Container,Plugin,AU,"a cloud-connected preset and processing chain platform that loads curated, multi-plugin signal chains for instruments, vocals, and mix buses inside Waves plugins.",,,,,,,
fdd6e130-9f97-4b41-955b-5d762cb99712,52ca057c-1c70-4093-81ad-720a2ba3ac60,,Voltage Amps Bass,16.7.33,,Container,Plugin,AU,2 original modeled bass amps,,,,,,Bass,
5216a1c7-ecfe-4ea7-b0d7-b2a28a348286,52ca057c-1c70-4093-81ad-720a2ba3ac60,,Voltage Amps Guitar,16.7.33,,Container,Plugin,AU,5 original modeled guitar amps,,,,,,Guitar,
4e8feac9-b80e-474d-bc35-bf40baaacc92,52ca057c-1c70-4093-81ad-720a2ba3ac60,,CLA Unplugged,16.7.33,Chris Lord-Alge,"Delay,Dynamics,EQ,Reverb&Room",Plugin,AU,"acoustic instrument effects chain: (2-band EQ, compression, reverb, delay)",,,,,,Guitar,
be358c13-3420-4583-bc8e-6ae82f1d6983,52ca057c-1c70-4093-81ad-720a2ba3ac60,,Maserati ACG,16.7.33,Tony Maserati,"Delay,EQ,Harmonic Coloration",Plugin,AU,"Acoustic guitar chain. (presets, 2-band EQ, delay, harmonic distortion)",,,,,,Guitar,
4b953592-fa6c-48fb-85c4-e56c55841de8,52ca057c-1c70-4093-81ad-720a2ba3ac60,,H-Delay,16.7.33,,"Delay,EQ,Modulation",Plugin,AU,"Hybrid Delay (slap-back, ping-pong, filtering, flanging, phasing etc.)",,,,,,,
ad8a2ec4-a6ab-49ef-80d9-b45d322282e9,52ca057c-1c70-4093-81ad-720a2ba3ac60,,SuperTap 2-Taps,16.7.33,,"Delay,EQ,Modulation",Plugin,AU,"2-tap delay, chorus, flanger and EQ",,,,,,,
6c628bab-d9f9-48a5-83af-770f179d7621,52ca057c-1c70-4093-81ad-720a2ba3ac60,,SuperTap 6-Taps,16.7.33,,"Delay,EQ,Modulation",Plugin,AU,"6-tap delay, chorus, flanger and EQ",,,,,,,
5c6e87c5-94ba-4f8e-91d8-aa530357c739,52ca057c-1c70-4093-81ad-720a2ba3ac60,,InPhase,16.7.33,,"Delay,EQ,Time/Phase",Plugin,AU,"phase correction, delay w/ EQ",Backup Phase correction to iZotope Neutron Phase,,,,,,
d2f5a535-99a9-4f63-ae02-22ced7c0e328,52ca057c-1c70-4093-81ad-720a2ba3ac60,,InPhase Live,16.7.33,,"Delay,EQ,Time/Phase",Plugin,AU,"phase correction, delay w/ EQ",,,,,,"Live Sound,Remove",
c3ca9760-0d50-4e96-bc31-5e7dd9afd4e0,52ca057c-1c70-4093-81ad-720a2ba3ac60,,CLA Effects,16.7.33,Chris Lord-Alge,"Delay,Modulation,EQ,Pitch Tools,Reverb&Room",Plugin,AU,"short/long delay, HF shelf filter, reverb, pitch modulation",,,,,,,
b959fec4-5769-4df5-a065-739a8d9c72d2,52ca057c-1c70-4093-81ad-720a2ba3ac60,,MannyM Delay,16.7.33,Manny Marroquin,"Delay,Modulation,Harmonic Coloration,Pitch Tools,Reverb&Room",Plugin,AU,"delay, phaser, reverb, distortion, harmonizer",,,,,,,
27ecfae0-1091-4cc5-9619-40f74319ba29,52ca057c-1c70-4093-81ad-720a2ba3ac60,,CLA Epic,16.7.33,Chris Lord-Alge,"Delay,Reverb&Room",Plugin,AU,big 80s sound; 4 delays; 4 reverbs,,,,,,,
78e44324-eb14-420f-af2e-839eca8a1e67,52ca057c-1c70-4093-81ad-720a2ba3ac60,,Eddie Kramer FX,16.7.33,Eddie Kramer,"Delay,Reverb&Room",Plugin,AU,"long / short delay, reverb",,,,,,,
ecc2e189-11db-4c37-a2ff-33c64d3038f9,52ca057c-1c70-4093-81ad-720a2ba3ac60,,CLA EchoSphere,16.7.33,Chris Lord-Alge,"Delay,Reverb&Room,Modulation",Plugin,AU,"slap delay, plate reverb, modulation",,,,,,,
4ca86d8c-7b98-400f-912b-9640e910ee4f,52ca057c-1c70-4093-81ad-720a2ba3ac60,,GW PianoCentric,16.7.33,Greg Wells,"Delay,Spatial Processing,Modulation",Plugin,AU,"piano-focused effects chain (delay, doubler)",,,,,,,
90745d87-cc4b-4b5b-bd16-5152d2ec2a51,52ca057c-1c70-4093-81ad-720a2ba3ac60,,GW VoiceCentric,16.7.33,Greg Wells,"Delay,Spatial Processing,Modulation,Reverb&Room",Plugin,AU,"vocal-focused effects chain (delay, doubler, reverb)",,,,,,Voice,
1d38deb7-613a-42e3-bf4c-cf4076b615c7,52ca057c-1c70-4093-81ad-720a2ba3ac60,,OneKnob Pressure,16.7.33,OneKnob,Dynamics,Plugin,AU,compressor,,,Effective on percussion,,,,
6f5a8a8b-e5d8-42a0-8015-692c52f48b14,52ca057c-1c70-4093-81ad-720a2ba3ac60,,L2,16.7.33,,Dynamics,Plugin,AU,No sidechain,,,"Supercedes L1
cleaner/smoother, 48-bit, more natural, professional quality mastering",,,Mastering,
739d1187-c4f4-43b4-b9c3-0f6420d6fc8b,52ca057c-1c70-4093-81ad-720a2ba3ac60,,L2-SC,16.7.33,,Dynamics,Plugin,AU,Includes sidechain,,,"Supercedes L1
cleaner/smoother, 48-bit, more natural, professional quality mastering",,,Mastering,
90f08f0c-ffdc-47be-95a4-56f2f56917b4,52ca057c-1c70-4093-81ad-720a2ba3ac60,,Bass Rider,16.7.33,,Dynamics,Plugin,AU,Automatic Leveler (not a compressor) designed for bass instruments,,,,,,Bass,
91be8fcd-be29-444d-847f-df3de3222832,52ca057c-1c70-4093-81ad-720a2ba3ac60,,Bass Rider Live,16.7.33,,Dynamics,Plugin,AU,Automatic Leveler (not a compressor) designed for bass instruments; designed for Live performance,,,,,,"Bass,Live Sound,Remove",
a79a8fc0-74ca-45b7-bba4-baf9ee5e321b,52ca057c-1c70-4093-81ad-720a2ba3ac60,,C1 comp,16.7.33,,Dynamics,Plugin,AU,Wideband compander (compressor / expander) w/o SC. Tracking,,,,,,,
642cb3a9-01d2-48fa-be69-57986b37b574,52ca057c-1c70-4093-81ad-720a2ba3ac60,,C1 comp-gate,16.7.33,,Dynamics,Plugin,AU,Wideband compressor / gate w/o SC. Track insert,,,,,,,
006518c2-e360-4662-98d0-973fa1bdc4d8,52ca057c-1c70-4093-81ad-720a2ba3ac60,,C1 comp-sc,16.7.33,,Dynamics,Plugin,AU,"Compressor w/ SC or split-band compression; (HF /LF limiter, de-esser, de-popper, SC drum gate, multi-frequency limiter / compressor / expander) Mastering / 2-Bus",,,,,,Mastering,
0a03554f-0112-4de9-86d1-be831de6003f,52ca057c-1c70-4093-81ad-720a2ba3ac60,,C1 gate,16.7.33,,Dynamics,Plugin,AU,Wideband gate / downward expander w/o SC. Tracking,,,,,,,
a5d2cbc3-6314-44cf-89e4-fa13d0eb1fb0,52ca057c-1c70-4093-81ad-720a2ba3ac60,,EMO-D5,16.7.33,,Dynamics,Plugin,AU,"Gate, Compressor, Leveler, DeEsser, Limiter",,,,,,,
77d39b81-5584-42ef-a5b0-ce3630edcd56,52ca057c-1c70-4093-81ad-720a2ba3ac60,,H-Comp,16.7.33,,Dynamics,Plugin,AU,"Hybrid Compressor (mixed model of transformers, tubes and transistors)",,,,,,,
89a536f0-3012-4474-b7ad-0c996045f538,52ca057c-1c70-4093-81ad-720a2ba3ac60,,L1 Limiter,16.7.33,,Dynamics,Plugin,AU,Wideband Limiter,Deprecated by L2,,,,,Deprecated,
54b1849b-4415-48b3-b72a-d2307d713d34,52ca057c-1c70-4093-81ad-720a2ba3ac60,,L1+ Ultramaximizer,16.7.33,,Dynamics,Plugin,AU,"Mastering toolkit w/ peal limiter, level maximizer, high-performance re-quantizer based on Michael Gerzon's IDR (Inreased Digital Resolution) noise-shaped re-dithering process. 24-bit",Deprecated by L2,,,,,"Mastering,Deprecated",
f6d268ca-81dc-4e80-9376-a38e6bbeb322,52ca057c-1c70-4093-81ad-720a2ba3ac60,,L360,16.7.33,,Dynamics,Plugin,AU,,,,,,,"Mastering,Surround,Remove",
dcde04a1-5052-459d-bad9-3884c5d734fa,52ca057c-1c70-4093-81ad-720a2ba3ac60,,L4 Ultramaximizer,16.7.33,,Dynamics,Plugin,AU,,,,,,,Mastering,
998a1f19-4abc-4440-8ab8-769c4f270047,52ca057c-1c70-4093-81ad-720a2ba3ac60,,Magma Stressbox,16.7.33,,Dynamics,Plugin,AU,,,,,,,,
a8ab9686-9ad9-4b41-acfb-bae4c9ada86c,52ca057c-1c70-4093-81ad-720a2ba3ac60,,MaxxVolume,16.7.33,,Dynamics,Plugin,AU,"Low level and high level compression, gate and leveler (AGC Auto Gain Control)",,,,,,,
3addeda5-dff4-4df0-8bbb-e4479b543768,52ca057c-1c70-4093-81ad-720a2ba3ac60,,MV2,16.7.33,,Dynamics,Plugin,AU,Low level and high level compression w/ automatic dither.,,,,,,,
a4ef7a52-f16b-4740-9ac7-2c289f4b1742,52ca057c-1c70-4093-81ad-720a2ba3ac60,,MV360,16.7.33,,Dynamics,Plugin,AU,,,,,,,"Surround,Remove",
398a96c9-fd8a-4c01-8e0d-63fb3fa22a65,52ca057c-1c70-4093-81ad-720a2ba3ac60,,NS1,16.7.33,,Dynamics,Plugin,AU,Noise Suppression / Reduction,,,,,,,
1d8288d5-b150-464e-99b8-2f56531ea05b,52ca057c-1c70-4093-81ad-720a2ba3ac60,,OneKnob Pumper,16.7.33,OneKnob,Dynamics,Plugin,AU,instant ducking effect (avoid sidechain compression),,,,,,,
7e49e2f6-2c97-4460-8d7b-8ff825312eec,52ca057c-1c70-4093-81ad-720a2ba3ac60,,PSE (Primary Source Expander),16.7.33,,Dynamics,Plugin,AU,reduces stage bleed and sensitivity to feedback when a mic is idle by automatically lowering mic levels between musrical phrases — designed for mixing shows and live recordings.,,,,,,Live Sound,
bcb59177-84e5-4e74-9b11-67f2bd75e4d4,52ca057c-1c70-4093-81ad-720a2ba3ac60,,RCompressor,16.7.33,,Dynamics,Plugin,AU,Warm compressor/expander,,,,,,,
e03e2dd4-2b16-404e-9046-c4568642f046,52ca057c-1c70-4093-81ad-720a2ba3ac60,,Renaissance Axx,16.7.33,,Dynamics,Plugin,AU,compressor intended for guitar and bass,,,,,,"Bass,Guitar",
13cbb5f6-f2e8-47d8-b7c3-ebe36814d609,52ca057c-1c70-4093-81ad-720a2ba3ac60,,RVox,16.7.33,,Dynamics,Plugin,AU,compressor intended for vocals,,,,,,Voice,
3ddfcb94-31d0-4910-a1f0-0fc2b1bc7f76,52ca057c-1c70-4093-81ad-720a2ba3ac60,,Spherix Compressor,16.7.33,,Dynamics,Plugin,AU,,,,,,,"Surround,Remove",
54bcb91c-4eda-46d5-a661-0f2b75db4ab3,52ca057c-1c70-4093-81ad-720a2ba3ac60,,Spherix Limiter,16.7.33,,Dynamics,Plugin,AU,,,,,,,"Surround,Remove",
1d40bd86-e140-4459-b20f-0bad0acb6e35,52ca057c-1c70-4093-81ad-720a2ba3ac60,,Vocal Rider,16.7.33,,Dynamics,Plugin,AU,"automated vocal level adustments, (not envelope compression)",,,,,,Voice,
85705d42-df5a-4a24-ae18-4117eb890ab4,52ca057c-1c70-4093-81ad-720a2ba3ac60,,Vocal Rider Live,16.7.33,,Dynamics,Plugin,AU,"automated vocal level adustments, (not envelope compression) for live performances",,,,,,"Voice,Live Sound,Remove",
5b05b821-1e7a-4261-b306-19bbb6652e08,52ca057c-1c70-4093-81ad-720a2ba3ac60,,TransX Wide,16.7.33,,"Dynamics,EQ",Plugin,AU,wideband transient shaper (single track/instrument),,,LOW DSP,,,,
9336298f-173a-462f-ac3d-31c652bebce0,52ca057c-1c70-4093-81ad-720a2ba3ac60,,L3-LL Ultra,16.7.33,,"Dynamics,EQ",Plugin,AU,5-band peak limiter for finalizing (i.e. after the master fader and not before other plugins). - level optimization is AUTOMATED,,,LOW LATENCY Version of L3 (Real time / tracking),,,Mastering,
4766c5ae-0f98-46e1-a7ec-a3d9e4b7c176,52ca057c-1c70-4093-81ad-720a2ba3ac60,,L316,16.7.33,,"Dynamics,EQ",Plugin,AU,16-band auto-summing peak limiter for finalizing (i.e. after the master fader and not before other plugins). Provides full manual parametric control over per band Gain (corrective EQ),,,Supercedes L3,,,Mastering,
e0c4be29-a727-432f-91d6-31dd80644e43,52ca057c-1c70-4093-81ad-720a2ba3ac60,,L3-LL Multi,16.7.33,,"Dynamics,EQ",Plugin,AU,16-band auto-summing peak limiter for finalizing (i.e. after the master fader and not before other plugins). Provides full manual parametric control over per band Gain (corrective EQ),,,"Supercedes L3
LOW LATENCY Version of L3-16 (Real time / tracking)",,,Mastering,
e186227b-d8ab-44dd-8536-41070823d38d,52ca057c-1c70-4093-81ad-720a2ba3ac60,,AudioTrack,16.7.33,,"Dynamics,EQ",Plugin,AU,"4-Band parameteric/paragraphic EQ, peak-reference compressor/gate/expander",,,,,,Channel Strip,
f715b875-4dbf-4304-bb6f-cc830e3bf77b,52ca057c-1c70-4093-81ad-720a2ba3ac60,,C4,16.7.33,,"Dynamics,EQ",Plugin,AU,4 band parametric processor,,,,,,,
878cec6a-b2c4-44f3-8c0b-5c0ceabc3219,52ca057c-1c70-4093-81ad-720a2ba3ac60,,C6,16.7.33,,"Dynamics,EQ",Plugin,AU,6-band paragraphic dynamics processor,,,,,,,
ed13928f-3623-40b5-abb1-fb794c36c407,52ca057c-1c70-4093-81ad-720a2ba3ac60,,C6 SideChain,16.7.33,,"Dynamics,EQ",Plugin,AU,6-band paragraphic dynamics processor w/ independent SC per band,,,,,,,
226007ed-9030-4b62-a4ec-bc34f23c5083,52ca057c-1c70-4093-81ad-720a2ba3ac60,,Clarity Vx,16.7.33,Clarity Vx,"Dynamics,EQ",Plugin,AU,"AI Audio Repair (noise reduction, vocal repair)",,,,,,"Restoration,Voice",
fc1063e6-f249-4aad-94c7-32605e945898,52ca057c-1c70-4093-81ad-720a2ba3ac60,,Clarity Vx Pro,16.7.33,Clarity Vx,"Dynamics,EQ",Plugin,AU,"AI Audio Repair (noise reduction, vocal repair) - pro version leads to greater control over parameters",,,,,,"Restoration,Voice",
187c59c1-9df7-4fd4-a0a9-adfe3c5979eb,52ca057c-1c70-4093-81ad-720a2ba3ac60,,Eddie Kramer BA,16.7.33,Eddie Kramer,"Dynamics,EQ",Plugin,AU,"bass effects chain (2-band EQ, compression)",,,,,,Bass,
89b418f8-b836-4821-840c-c10bdbbf364f,52ca057c-1c70-4093-81ad-720a2ba3ac60,,Eddie Kramer DR,16.7.33,Eddie Kramer,"Dynamics,EQ",Plugin,AU,"drum effects chain (drum presets; 2-band EQ, compression / noise gate, FX send)",,,,,,Drums,
dbe479b6-34a8-454e-bbf4-c5240317dbe4,52ca057c-1c70-4093-81ad-720a2ba3ac60,,IDX Intelligent Dynamics,16.7.33,,"Dynamics,EQ",Plugin,AU,frequency-dependent compressor,,,,,,,
86f31220-2cbd-4989-a9c5-2db10c6cd91e,52ca057c-1c70-4093-81ad-720a2ba3ac60,,IDX Live Intelligent Dynamics,16.7.33,,"Dynamics,EQ",Plugin,AU,frequency-dependent compressor,,,,,,"Live Sound,Remove",
816c97d0-a914-44ad-849b-4285193c0955,52ca057c-1c70-4093-81ad-720a2ba3ac60,,L3 MultiMaximizer,16.7.33,,"Dynamics,EQ",Plugin,AU,5-band peak limiter for finalizing (i.e. after the master fader and not before other plugins). Provides full manual parametric control over per band Gain (corrective EQ),Deprecated by L3-LL,,,,,"Mastering,Deprecated",
4f1f8685-a8f6-4a6c-aa01-78052bebfecb,52ca057c-1c70-4093-81ad-720a2ba3ac60,,L3 UltraMaximizer,16.7.33,,"Dynamics,EQ",Plugin,AU,5-band peak limiter for finalizing (i.e. after the master fader and not before other plugins). - level optimization is AUTOMATED,Deprecated by L3-LL,,,,,"Mastering,Deprecated",
7629ae11-3ae7-400d-be06-8cd9d7a2509c,52ca057c-1c70-4093-81ad-720a2ba3ac60,,LinMB,16.7.33,,"Dynamics,EQ",Plugin,AU,5-band Linear-Phase Compressor,,,,,,,
716d1ac1-6f93-4021-8df7-19b333a14cfd,52ca057c-1c70-4093-81ad-720a2ba3ac60,,MannyM TripleD,16.7.33,Manny Marroquin,"Dynamics,EQ",Plugin,AU,"De-Esser, De-Harsher, De-Boxy",,,,,,,
0485a8f3-f448-4a90-b511-fd0e5e7c818b,52ca057c-1c70-4093-81ad-720a2ba3ac60,,Maserati DRM,16.7.33,Tony Maserati,"Dynamics,EQ",Plugin,AU,"drum chain. (presets, 2-band EQ, transient shaping)",,,,,,Drums,
48566f36-7de2-4025-b11e-2929d82f7563,52ca057c-1c70-4093-81ad-720a2ba3ac60,,Maserati GRP,16.7.33,Tony Maserati,"Dynamics,EQ",Plugin,AU,"effects chain. (presets, 3-band EQ, compression)",,,,,,"Channel Strip,Guitar",
d361f5f5-8ffe-4eb5-ba81-52acc529df73,52ca057c-1c70-4093-81ad-720a2ba3ac60,,MaxxBass,16.7.33,,"Dynamics,EQ",Plugin,AU,psychoacoustic subharmonic enhancer,,,,,,,
74c49034-80c7-42eb-88fc-0fce5a5f8283,52ca057c-1c70-4093-81ad-720a2ba3ac60,,OneKnob Louder,16.7.33,OneKnob,"Dynamics,EQ",Plugin,AU,peak limiting and low-level compression w/ automatic makeup,,,,,,,
cac22e1c-3cd1-4732-a54f-71699a4d6e58,52ca057c-1c70-4093-81ad-720a2ba3ac60,,OneKnob Phatter,16.7.33,OneKnob,"Dynamics,EQ",Plugin,AU,"bass booster, analog low shelf filter",,,,,,,
410e77d9-c7bc-4236-aba9-2030f616d216,52ca057c-1c70-4093-81ad-720a2ba3ac60,,RDeEsser,16.7.33,,"Dynamics,EQ",Plugin,AU,De-esser,,,,,,Voice,
53c58418-99c8-4215-a2f2-09ecb24930fa,52ca057c-1c70-4093-81ad-720a2ba3ac60,,Sibilance,16.7.33,,"Dynamics,EQ",Plugin,AU,De-esser,,,,,,Voice,
e1b242cc-1abc-4c10-9d1c-100f70722182,52ca057c-1c70-4093-81ad-720a2ba3ac60,,Sibilance Live,16.7.33,,"Dynamics,EQ",Plugin,AU,De-esser for live performances,,,,,,"Live Sound,Voice,Remove",
ebe62335-0e97-469f-9b30-48307895ac76,52ca057c-1c70-4093-81ad-720a2ba3ac60,,Silk Vocal,16.7.33,,"Dynamics,EQ",Plugin,AU,"vocal processing (parametric and dynamic EQ, de-esser, compressor)",,,,,,Voice,
acd002b4-7256-474b-adce-9b718ffa64d2,52ca057c-1c70-4093-81ad-720a2ba3ac60,,Silk Vocal Live,16.7.33,,"Dynamics,EQ",Plugin,AU,"vocal processing (parametric and dynamic EQ, de-esser, compressor) for live performances",,,,,,"Live Sound,Voice",
99709c76-d4e4-4f26-9a91-4b71d304ed4e,52ca057c-1c70-4093-81ad-720a2ba3ac60,,Smack Attack,16.7.33,,"Dynamics,EQ",Plugin,AU,transient shaping,,,,,,,
56a52271-064c-4ece-a93b-8aa4451c6af9,52ca057c-1c70-4093-81ad-720a2ba3ac60,,TransX Multi,16.7.33,,"Dynamics,EQ",Plugin,AU,multi(4)band transient shaper w/ 3 phase-compensated crossovers. Can be used for entire groups/stems or single instruments.,,,,,,,
78a5e7fb-03f8-46b0-b8fb-8374e0585472,52ca057c-1c70-4093-81ad-720a2ba3ac60,,WNS,16.7.33,,"Dynamics,EQ",Plugin,AU,"reduce noise / clean dialog, narration, VO (Intended for Post Production)",,,,,,,
ac6bd0e9-721f-4335-b4a4-ebdc53de6cb0,52ca057c-1c70-4093-81ad-720a2ba3ac60,,X-Click,16.7.33,,"Dynamics,EQ",Plugin,AU,"removes steady background noise (Static, hiss)",,,,,,Restoration,
19d4941d-e034-4b93-8670-4163f4c950bf,52ca057c-1c70-4093-81ad-720a2ba3ac60,,X-Crackle,16.7.33,,"Dynamics,EQ",Plugin,AU,reduces vinyl crackle and static noise,,,,,,Restoration,
01611249-3f5a-4768-aa73-2455e20b195a,52ca057c-1c70-4093-81ad-720a2ba3ac60,,X-FDBK,16.7.33,,"Dynamics,EQ",Plugin,AU,,,,,,,Restoration,
b787c1f2-d0b1-4ccf-a2ae-aac063620bce,52ca057c-1c70-4093-81ad-720a2ba3ac60,,X-Hum,16.7.33,,"Dynamics,EQ",Plugin,AU,"reduce ground loop hum, DC offset and low-frequency rumble",,,,,,Restoration,
0d4fa7c4-030d-45fd-a5e5-cd56c79e1aa9,52ca057c-1c70-4093-81ad-720a2ba3ac60,,X-Noise,16.7.33,,"Dynamics,EQ",Plugin,AU,"remove tape hiss, air conditioner, computer noise etc.",,,,,,Restoration,
6ba19ed6-fe77-4680-8826-9a07d2d8b510,52ca057c-1c70-4093-81ad-720a2ba3ac60,,Z-Noise,16.7.33,,"Dynamics,EQ",Plugin,AU,real-time noise profiling and correcton (multiband expansion),,,,,,,
c53f9653-cafb-45e2-b354-3bd370bda3a7,52ca057c-1c70-4093-81ad-720a2ba3ac60,,Eddie Kramer GT,16.7.33,Eddie Kramer,"Dynamics,EQ,Delay,Modulation,Reverb&Room",Plugin,AU,"guitar effects chain (3 channels; compression, 2-band EQ, delay, reverb, flanger, FX Send)",,,,,,Guitar,
239a4ef4-6e85-4636-9f26-954b33615d36,52ca057c-1c70-4093-81ad-720a2ba3ac60,,Butch Vig Vocals,16.7.33,Butch Vig,"Dynamics,EQ,Harmonic Coloration",Plugin,AU,"3-band EQ, DeEsser, Compression (based on Summit TLA-100, UREI 1176) , Tube / Solid State distortion.",,,,,,Voice,
80d92f04-ddd1-4303-a1c9-7d9e0f5e9fec,52ca057c-1c70-4093-81ad-720a2ba3ac60,,Sync Vx,16.7.33,,"Dynamics,EQ,Pitch Tools,Time/Phase",Plugin,AU,time / pitch correction w/ noise reduction,,,[Redundant w/ Melodyne ],,,Remove,
022306b9-1710-4bfb-9570-9ffe4ed21268,52ca057c-1c70-4093-81ad-720a2ba3ac60,,GW MixCentric,16.7.33,Greg Wells,"Dynamics,Harmonic Coloration",Plugin,AU,2-bus compression + distortion; (NOTE: w/ a peak limiter this could be a mastering finalizer),,,,,,,
0bc272a9-21fc-4924-b2cf-87980985d3e6,52ca057c-1c70-4093-81ad-720a2ba3ac60,,IM Pusher,16.7.33,,"Dynamics,Harmonic Coloration",Plugin,AU,limiter / loudness management w/ some harmonic excitement / enhancement,,,,,,Mastering,
93de8268-6e4e-4ac7-8806-cef6ff91ca73,52ca057c-1c70-4093-81ad-720a2ba3ac60,,Curves AQ,16.7.38,,EQ,Plugin,AU,,,,,,,,
9f6e1e26-adab-48e1-9529-e5d78d774b83,52ca057c-1c70-4093-81ad-720a2ba3ac60,,Curves AQ Live,16.7.38,,EQ,Plugin,AU,,,,,,,Live Sound,
d14a30e2-955c-4b91-8f03-96c25d2291d5,52ca057c-1c70-4093-81ad-720a2ba3ac60,,Curves Resolve,16.7.76,,EQ,Plugin,AU,,,,,,,,
38be12b6-f774-4fd8-809d-9018b85b4b1c,52ca057c-1c70-4093-81ad-720a2ba3ac60,,Curves Resolve Live,16.7.76,,EQ,Plugin,AU,,,,,,,Live Sound,
3f0d9a52-2598-4d85-b507-f8cdad8ae552,52ca057c-1c70-4093-81ad-720a2ba3ac60,,EMO-F2,16.7.33,,EQ,Plugin,AU,HPF/LPF,,,,,,,
7218e6a5-9470-4369-84cf-7a190d2faa33,52ca057c-1c70-4093-81ad-720a2ba3ac60,,EMO-Q4,16.7.33,,EQ,Plugin,AU,4-band touch paragraphic EQ,,,,,,,
5fa40f0a-be60-4cc7-81fd-cb908f60ae0c,52ca057c-1c70-4093-81ad-720a2ba3ac60,,F6,16.7.33,,EQ,Plugin,AU,6 floating parametric filters with HPF/LPF; compression / gate / expansion per filter band,,,,,,,
57bdb23e-9fb8-4760-a656-a02ec5a760ca,52ca057c-1c70-4093-81ad-720a2ba3ac60,,GEQ Classic,16.7.33,,EQ,Plugin,AU,EQ w/ proportional Q filters (introduces harmonic artifacts),,,,,,,
a10718ed-0450-44ff-8079-f6a514e6054b,52ca057c-1c70-4093-81ad-720a2ba3ac60,,GEQ Modern,16.7.33,,EQ,Plugin,AU,EQ w/ Flat-Top filtes (eliminates arfifacts associated w/ band interaction) clean/transparent,,,,,,,
ee5596e1-cb91-4ba8-8e26-46e5ef68d7eb,52ca057c-1c70-4093-81ad-720a2ba3ac60,,H-EQ,16.7.33,,EQ,Plugin,AU,"Hybrid EQ w/ various filter types per band, Spectrum Analyzer",,,,,,,
a5ed5639-ea8a-4380-8fbe-e2dd2168f043,52ca057c-1c70-4093-81ad-720a2ba3ac60,,H-EQ-Light,16.7.33,,EQ,Plugin,AU,"Hybrid EQ w/ various filter types per band, (no Analog or Spectrum Analyzer)",,,,,,,
59047ede-20c5-4752-8d21-9f49733eb62e,52ca057c-1c70-4093-81ad-720a2ba3ac60,,LinEQ Broadband,16.7.33,,EQ,Plugin,AU,6-band Linear Phase EQ,,,,,,,
2a8b07c2-4d0c-4928-b5cd-efbe3298f740,52ca057c-1c70-4093-81ad-720a2ba3ac60,,LinEQ Lowband,16.7.33,,EQ,Plugin,AU,3-Band Linear Phase EQ (Low frequencies),,,,,,,
013632cc-14a4-4003-9594-732ac9cfd4ae,52ca057c-1c70-4093-81ad-720a2ba3ac60,,LoAir,16.7.33,,EQ,Plugin,AU,subharmonic low-pass filter,,,,,,,
3693c6b2-7dc4-4a19-be33-e1a2e0ba4574,52ca057c-1c70-4093-81ad-720a2ba3ac60,,MannyM EQ,16.7.33,Manny Marroquin,EQ,Plugin,AU,4-Band EQ w/ cutoffs inspired by different hardware units,,,,,,,
59c4c5cf-9c35-4236-badf-15b4f16ab13f,52ca057c-1c70-4093-81ad-720a2ba3ac60,,OneKnob Brighter,16.7.33,OneKnob,EQ,Plugin,AU,adds brightness from mid-range and up.,,,,,,,
8bbd1bd7-0009-4654-ae4d-b080dbce9815,52ca057c-1c70-4093-81ad-720a2ba3ac60,,Q-Clone,16.7.33,,EQ,Plugin,AU,captures EQ curve of a single mono analog EQ and uses it to process 1or more tracks - CLONE (See Q-Capture),,,,,,,
8644fb4a-da27-49f4-ac00-7c17deefe74c,52ca057c-1c70-4093-81ad-720a2ba3ac60,,Q1,16.7.33,,EQ,Plugin,AU,Single band paragraphic EQ,,,,,,,
3a900c40-4ef2-4ab2-951d-6ab9199b4c97,52ca057c-1c70-4093-81ad-720a2ba3ac60,,Q10,16.7.33,Verve Analog Machines,EQ,Plugin,AU,10 band paragraphic EQ,,,,,,,
823d37cf-3582-447e-9cb3-8d52c95861f0,52ca057c-1c70-4093-81ad-720a2ba3ac60,,Q2,16.7.33,,EQ,Plugin,AU,Dual Band paragraphic EQ,,,,,,,
abf1dc9c-c8e0-4748-9b03-856ac3d1dd11,52ca057c-1c70-4093-81ad-720a2ba3ac60,,Q3,16.7.33,,EQ,Plugin,AU,3-band paragraphic EQ,,,,,,,
3d265617-20b3-4d09-aa2c-2149a76f0129,52ca057c-1c70-4093-81ad-720a2ba3ac60,,Q4,16.7.33,,EQ,Plugin,AU,4-band paragraphic EQ,,,,,,,
479bd4e2-bb1f-414b-afac-037e544e3e0c,52ca057c-1c70-4093-81ad-720a2ba3ac60,,Q6,16.7.33,,EQ,Plugin,AU,6-band paragraphic EQ,,,,,,,
9ad37124-009b-4082-ab8d-628dcb81ce7a,52ca057c-1c70-4093-81ad-720a2ba3ac60,,Q8,16.7.33,,EQ,Plugin,AU,8-band paragraphic EQ,,,,,,,
20101d79-d7a9-4638-88f6-b971fce186ba,52ca057c-1c70-4093-81ad-720a2ba3ac60,,REQ 2,16.7.33,,EQ,Plugin,AU,2-band paragraphic EQ,,,,,,,
e1e6e72d-ab79-416a-a192-2f7d5f5af387,52ca057c-1c70-4093-81ad-720a2ba3ac60,,REQ 4,16.7.33,,EQ,Plugin,AU,4-band paragraphic EQ,,,,,,,
bbc9dcc9-0a39-48c7-b74b-4b4a0e4a2cac,52ca057c-1c70-4093-81ad-720a2ba3ac60,,REQ 6,16.7.33,,EQ,Plugin,AU,6-band paragraphic EQ,,,,,,,
b2e85406-2e29-47c0-bf07-391a6a979c3c,52ca057c-1c70-4093-81ad-720a2ba3ac60,,Curves Equator,16.7.38,,"EQ,Dynamics",Plugin,AU,Resonance suppression and frequency unmasking,,,,,,,
5dee538a-eb8f-49ac-9371-eab0291bb1bd,52ca057c-1c70-4093-81ad-720a2ba3ac60,,Curves Equator Live,16.7.38,,"EQ,Dynamics",Plugin,AU,Resonance suppression and frequency unmasking (for Live performances),,,,,,Live Sound,
49eb84f6-f848-41dc-baec-150453822dfa,52ca057c-1c70-4093-81ad-720a2ba3ac60,,DeBreath,16.7.33,,"EQ,Dynamics",Plugin,AU,breath removal and replaced w/ room tone,,,,,,Voice,
8aa5b788-2faf-4c15-9c86-50267904b75a,52ca057c-1c70-4093-81ad-720a2ba3ac60,,DeEsser,16.7.33,,"EQ,Dynamics",Plugin,AU,De-esser,,,,,,Voice,
58e00aef-6d5d-4d5c-a0df-a0febe1a0c52,52ca057c-1c70-4093-81ad-720a2ba3ac60,,JJP Bass,16.7.33,Jack Joseph Puig,"EQ,Dynamics",Plugin,AU,"Bass presets, 2-band EQ, compression",,,,,,Bass,
4b1c4faa-ec5b-49df-a5f0-1b66b2c983bb,52ca057c-1c70-4093-81ad-720a2ba3ac60,,JJP Cymbals and Percussion,16.7.33,Jack Joseph Puig,"EQ,Dynamics",Plugin,AU,"Drum / Source presets, 2-band EQ, compression (Cymbals / Overhead)",,,,,,Drums,
848a1ea3-4979-4828-a824-58a2308fa7b2,52ca057c-1c70-4093-81ad-720a2ba3ac60,,JJP Drums,16.7.33,Jack Joseph Puig,"EQ,Dynamics",Plugin,AU,"Drum / Source presets, 2-band EQ, compression (Kick, Snare, Toms)",,,,,,Drums,
42b5a6c5-7fad-4eba-a6d5-f667d3a17df9,52ca057c-1c70-4093-81ad-720a2ba3ac60,,RBass,16.7.33,,"EQ,Dynamics",Plugin,AU,bass booster,,,,,,,
43678ca3-318d-43c5-9251-65015f20bded,52ca057c-1c70-4093-81ad-720a2ba3ac60,,RChannel,16.7.33,,"EQ,Dynamics",Plugin,AU,"EQ, gate, compressor (based on RComp, REQ, RVox)",,,,,,Channel Strip,
e7258d7f-914c-46cc-aab0-1a0ac0f18730,52ca057c-1c70-4093-81ad-720a2ba3ac60,,Vitamin,16.7.33,,"EQ,Dynamics",Plugin,AU,multiband sonic enhancer and tone shaping,,,,,,,
e3f6ec7f-f2f7-443d-8c24-e6de12979f30,52ca057c-1c70-4093-81ad-720a2ba3ac60,,Eddie Kramer VC,16.7.33,Eddie Kramer,"EQ,Dynamics,Delay,Reverb&Room",Plugin,AU,"vocal effects chain (vocal presets; 2-band EQ, compression, delay, reverb, FX send)",,,,,,Voice,
475380ea-499e-4de0-afa5-12f020fcd9ef,52ca057c-1c70-4093-81ad-720a2ba3ac60,,Maserati VX1,16.7.33,Tony Maserati,"EQ,Dynamics,Delay,Reverb&Room",Plugin,AU,"vocal chain (presets, 2-Band EQ, compression, delay, reverb)",,,,,,Voice,
aa95bc5d-e17d-48eb-9c91-ea65b5cc1ddb,52ca057c-1c70-4093-81ad-720a2ba3ac60,,MannyM ToneShaper,16.7.33,Manny Marroquin,"EQ,Dynamics,Harmonic Coloration",Plugin,AU,4-band compressor w/ additional EQ and harmonic distortion,,,,,,,
5001716e-5311-45b2-aaa7-78496691bfff,52ca057c-1c70-4093-81ad-720a2ba3ac60,,JJP Guitars,16.7.33,Jack Joseph Puig,"EQ,Dynamics,Harmonic Coloration,Delay,Reverb&Room",Plugin,AU,"4 guitar presets, 2-band EQ, compression, distortion, delay, reverb",,,,,,Guitar,
9efe550c-3184-4e66-92b0-0fc4faee969a,52ca057c-1c70-4093-81ad-720a2ba3ac60,,JJP Strings Keys,16.7.33,Jack Joseph Puig,"EQ,Dynamics,Harmonic Coloration,Delay,Reverb&Room",Plugin,AU,"Effects Chain for synth, low strings, high strings or piano; 2-band EQ, compression, distortion, delay, reverb",,,,,,,
d03803a2-b18a-44d3-a99f-b591ef7acc80,52ca057c-1c70-4093-81ad-720a2ba3ac60,,CLA Bass,16.7.33,Chris Lord-Alge,"EQ,Dynamics,Harmonic Coloration,Pitch Tools",Plugin,AU,"bass instrument effects chain: (2-band EQ, compression, subharmonic enhancer, distortion, pitch modulation)",,,,,,Bass,
e1b38141-4a35-4ef5-b70d-8ab75ec19a58,52ca057c-1c70-4093-81ad-720a2ba3ac60,,Magma Channel Strip,16.7.33,,"EQ,Dynamics,Harmonic Coloration,Preamp",Plugin,AU,"EQ, expander/gate, compressor, w/ tube saturation",,,,,,Channel Strip,
ece36873-8139-42cc-b77e-a93dfdb579c2,52ca057c-1c70-4093-81ad-720a2ba3ac60,,CLA Guitars,16.7.33,Chris Lord-Alge,"EQ,Dynamics,Pitch Tools,Modulation,Reverb&Room,Delay",Plugin,AU,"guitar instrument effects chain: (guitar tone presets; 2-band EQ, compression, reverb, delay, pitch modulation)",,,,,,Guitar,
45431ba4-5a20-4ccc-8977-8f7dc7544015,52ca057c-1c70-4093-81ad-720a2ba3ac60,,JJP Vocals,16.7.33,Jack Joseph Puig,"EQ,Dynamics,Reverb&Room",Plugin,AU,"3 vocals presets, 2-band EQ, de-esser, compressor, reverb",,,,,,Voice,
de49359d-471b-408b-9d8a-c36603cc0551,52ca057c-1c70-4093-81ad-720a2ba3ac60,,CLA Drums,16.7.33,Chris Lord-Alge,"EQ,Dynamics,Reverb&Room,Delay",Plugin,AU,"drum instrument effects chain: (drum type presets; 2-band EQ, compression, reverb, noise gate, delay)",,,,,,Drums,
f002a588-ce12-4cad-ae83-40e8e8417aa5,52ca057c-1c70-4093-81ad-720a2ba3ac60,,CLA Vocals,16.7.33,Chris Lord-Alge,"EQ,Dynamics,Reverb&Room,Modulation,Pitch Tools,Delay",Plugin,AU,"vocal effects chain: (2-band EQ, compression, reverb, delay, pitch modulation)",,,,,,Voice,
7d34c1c6-a7e7-4253-bc16-ebe03737c3e9,52ca057c-1c70-4093-81ad-720a2ba3ac60,,Maserati B72,16.7.33,Tony Maserati,"EQ,Harmonic Coloration",Plugin,AU,"bass chain. (presets, 2-band EQ, harmonic distortion)",,,,,,Bass,
587a6f34-3004-4db2-9513-5cc462b8b330,52ca057c-1c70-4093-81ad-720a2ba3ac60,,Scheps 73,16.7.33,Andrew Scheps,"EQ,Harmonic Coloration",Plugin,AU,(1950s/1960s) 3-band EQ w/ harmonic distortion,,,,,,Surround,
f1132ca8-5885-4434-aa95-b260fe0104bf,52ca057c-1c70-4093-81ad-720a2ba3ac60,,CLA MixDown,16.7.33,Chris Lord-Alge,"EQ,Harmonic Coloration,Dynamics",Plugin,AU,"2-band EQ; compression, distortion",,,,,,Mastering,
e6443f54-0756-42a8-ae2a-6a4f741760c9,52ca057c-1c70-4093-81ad-720a2ba3ac60,,OneKnob Filter,16.7.33,OneKnob,"EQ,Modulation",Plugin,AU,"creative effect for mixes, loops, analog synths. controls filter sweep",,,,,,,
fa604723-30d7-4d88-a49b-dc5cd0ba4af8,52ca057c-1c70-4093-81ad-720a2ba3ac60,,MetaFilter,16.7.33,,"EQ,Modulation,Delay",Plugin,AU,"Delay, LFO, Filter / Feedback",,,,,,,
c2acc63a-cc85-41af-a414-7eb386a244f6,52ca057c-1c70-4093-81ad-720a2ba3ac60,,Torque,16.7.33,,"EQ,Pitch Tools",Plugin,AU,Pitch shifting using ORS (Organic ReSynthesis),,,,,,,
46902237-b029-4f89-9790-8e7d226ae68e,52ca057c-1c70-4093-81ad-720a2ba3ac60,,Torque Live,16.7.33,,"EQ,Pitch Tools",Plugin,AU,Pitch shifting using ORS (Organic ReSynthesis),,,,,,"Live Sound,Remove",
00aa0972-287a-41fe-a92d-fbddda14b7a5,52ca057c-1c70-4093-81ad-720a2ba3ac60,,CLA MixHub Lite,16.7.33,Chris Lord-Alge,"EQ,Spatial Processing,Dynamics",Plugin,AU,"creates a mix group of up to 8 buckets of 8 tracks in a single plugin , w/ Gate/Expander, compression, pan/level, stereo linking",,,LOW DSP,,,,
8f537e25-1f47-4b7f-9c41-0eecad274b20,52ca057c-1c70-4093-81ad-720a2ba3ac60,,CLA MixHub,16.7.33,Chris Lord-Alge,"EQ,Spatial Processing,Dynamics",Plugin,AU,"creates a mix group of up to 8 buckets of 8 tracks in a single plugin , w/ Gate/Expander, compression, pan/level, stereo linking",,,,,,,
552718cb-dca8-4ed3-9c5a-03248d89b7a7,52ca057c-1c70-4093-81ad-720a2ba3ac60,,MDMX OverDrive,16.7.33,,Harmonic Coloration,Plugin,AU,Gain based overdrive / distortion; fixed ratio compression w/ gain riding; 4-band EQ,,,[ Analogman King of Tone; Boss SD-1; Fulltone OCD; Klon Centaur; Marshall Bluesbreaker; MXR+ Distortion ],,,"Guitar,Stomp",
430a0051-8108-4b78-97d6-728eb4080101,52ca057c-1c70-4093-81ad-720a2ba3ac60,,Saphira,16.7.33,,Harmonic Coloration,Plugin,AU,,,,"edge (even harmonics), warmth (odd harmonics); tape saturation.",,,Mastering,
283381b3-e904-481d-87b1-3b396dfe579e,52ca057c-1c70-4093-81ad-720a2ba3ac60,,Abbey Road Vinyl Light,16.7.33,,Harmonic Coloration,Plugin,AU,vinyl saturation,,,LOW DSP,,,,
c89c707e-9f65-4daf-96ae-ce99a5223203,52ca057c-1c70-4093-81ad-720a2ba3ac60,,Abbey Road Vinyl,16.7.33,,Harmonic Coloration,Plugin,AU,vinyl saturation,,,,,,,
be73dd5f-e9f3-4c38-911a-5ed96012bc7e,52ca057c-1c70-4093-81ad-720a2ba3ac60,,Berzerk Distortion,16.7.33,,Harmonic Coloration,Plugin,AU,"Distortion w/ feedback, dynamics/rider, EQ",,,,,,,
d5f30d60-eebc-47a1-a7c7-99a967e635dd,52ca057c-1c70-4093-81ad-720a2ba3ac60,,GW ToneCentric,16.7.33,Greg Wells,Harmonic Coloration,Plugin,AU,analog tube warmth emulation,,,,,,,
017a2464-e14a-4689-a64b-fecb275f5b26,52ca057c-1c70-4093-81ad-720a2ba3ac60,,Magma BB Tubes,16.7.33,,Harmonic Coloration,Plugin,AU,"Analog Tube Saturation, ""Beauty and the Beast""",,,,,,,
0707cf18-aaf8-4850-8ebe-53440749d4e4,52ca057c-1c70-4093-81ad-720a2ba3ac60,,Magma Lil Tube,16.7.33,,Harmonic Coloration,Plugin,AU,"Analog Tube Saturation, (first preset on channel)",,,,,,,
9c25e26a-0e1b-4ae5-a217-82ed766d7932,52ca057c-1c70-4093-81ad-720a2ba3ac60,,MannyM Distortion,16.7.33,Manny Marroquin,Harmonic Coloration,Plugin,AU,layered distortion,,,,,,,
3df856ae-760e-4d27-8ff1-b2990b51e08c,52ca057c-1c70-4093-81ad-720a2ba3ac60,,Maserati HMX,16.7.33,Tony Maserati,Harmonic Coloration,Plugin,AU,"keys and strings chain. (presets, harmonic generation )",,,,,,,
02880119-eca1-42e4-829b-3cd2d4253059,52ca057c-1c70-4093-81ad-720a2ba3ac60,,MDMX Fuzz,16.7.33,,Harmonic Coloration,Plugin,AU,Analog octave distortion generation; fixed ratio compression w/ gain riding; 4-band EQ,,,,,,"Guitar,Stomp",
2a344f69-bf14-4bcb-9e8b-83ba4d695f57,52ca057c-1c70-4093-81ad-720a2ba3ac60,,OneKnob Driver,16.7.33,OneKnob,Harmonic Coloration,Plugin,AU,analog overdrive / distortion,,,,,,,
152b4718-9809-4bf0-a8ca-08c6561f9c9c,52ca057c-1c70-4093-81ad-720a2ba3ac60,,Retro Fi,16.7.33,,Harmonic Coloration,Plugin,AU,"lofi, vinyl, cassette, warmth",,,,,,,
e7b120cb-8dcc-4822-b99b-7eb476a37795,52ca057c-1c70-4093-81ad-720a2ba3ac60,,Submarine,16.7.33,,Harmonic Coloration,Plugin,AU,subharmonic enhancement using ORS (Organic ReSynthesis),,,,,,,
0cb9f47f-a8ea-45f6-a727-d313eb9c098d,52ca057c-1c70-4093-81ad-720a2ba3ac60,,Maserati GTI,16.7.33,Tony Maserati,"Harmonic Coloration,Dynamics,Modulation,Delay",Plugin,AU,"guitar chain. (presets, distortion, compression, chorus, delay, vibrato, flanger)",,,,,,Guitar,
f887bf6b-3159-4da3-b7bd-4452336450d8,52ca057c-1c70-4093-81ad-720a2ba3ac60,,Scheps Parallel Particles,16.7.33,Andrew Scheps,"Harmonic Coloration,EQ,Dynamics",Plugin,AU,"Unconventional, EQ, Dynamics and Distortion",,,,,,,
e2596465-54b1-403f-8db8-889d3e2813e3,52ca057c-1c70-4093-81ad-720a2ba3ac60,,Doppler,16.7.33,,Modulation,Plugin,AU,emulates Doppler effect,,,,,,,
a6a7b6ee-2c0c-4b2b-a09b-bab7ac669f22,52ca057c-1c70-4093-81ad-720a2ba3ac60,,PS22 XSplit,16.7.33,,Modulation,Plugin,AU,,,,,,,,
3b2037ca-8834-4cb5-bb00-65c0c7e8c1b3,52ca057c-1c70-4093-81ad-720a2ba3ac60,,S360 Imager,16.7.33,,Modulation,Plugin,AU,,,,,,,,
f7f911f6-91a2-4a61-a299-290c662b8da0,52ca057c-1c70-4093-81ad-720a2ba3ac60,,S360 Panner,16.7.33,,Modulation,Plugin,AU,,,,,,,Surround,
8d59bef5-c958-4282-8b15-76c1592153b3,52ca057c-1c70-4093-81ad-720a2ba3ac60,,MetaFlanger,16.7.33,,"Modulation,Delay,EQ",Plugin,AU,"Flanger, Chorus, Delay, Filters w/ feedback",,,,,,,
162adde9-f455-4069-b71c-38af75138d69,52ca057c-1c70-4093-81ad-720a2ba3ac60,,Doubler 2,16.7.33,,"Modulation,Delay,Harmonic Coloration,Pitch Tools",Plugin,AU,"2-voice harmony creation w/ spatial, delay, pitch and harmonic elements",,,,,,,
644429ba-07e6-40cc-a8d7-ad858f7c484e,52ca057c-1c70-4093-81ad-720a2ba3ac60,,Doubler 4,16.7.33,,"Modulation,Delay,Harmonic Coloration,Pitch Tools",Plugin,AU,"4-voice harmony creation w/ spatial, delay, pitch and harmonic elements",,,,,,,
773e5919-b924-4e07-8f9a-046386bb528b,52ca057c-1c70-4093-81ad-720a2ba3ac60,,Space Rider,16.7.33,,"Modulation,Delay,Reverb&Room",Plugin,AU,,,,,,,,
20b7d159-8bb4-4361-8347-46414cb4a65c,52ca057c-1c70-4093-81ad-720a2ba3ac60,,Kaleidoscopes,16.7.33,,"Modulation,EQ",Plugin,AU,"Dual modulation effects engines (parallel or sequence). Phase, amplitude modulations. HPF, LPF",,,,,,,
90d7d1df-2d8f-4cc4-98ac-2e0794796783,52ca057c-1c70-4093-81ad-720a2ba3ac60,,Enigma,16.7.33,,"Modulation,EQ,Delay,Reverb&Room",Plugin,AU,"Notch ""enigma processor"" 2-12 notches/frequency sweeps; modulation; feedback w/ density (reverb) + delay",,,,,,,
9e855a6f-557f-4221-8dae-795baaa87a8a,52ca057c-1c70-4093-81ad-720a2ba3ac60,,Brauer Motion,16.7.33,Michael Brauer,"Modulation,Spatial Processing",Plugin,AU,"auto-panner w modulation, dynamics, filters",Specialty Creative Tool; (Secondary Auto-Panner to SoundToys Pan Man),,,,,,
0bc3ef12-ac98-453a-bf82-98caf6d5120c,52ca057c-1c70-4093-81ad-720a2ba3ac60,,MondoMod,16.7.33,,"Modulation,Spatial Processing",Plugin,AU,"AM (Amplitude Modulation / Tremolo), FM (Frequency Modulation / vibrato) and Rotation / Panning",,,,,,,
3d066e17-9b44-405d-b96f-e3087396839d,52ca057c-1c70-4093-81ad-720a2ba3ac60,,Tune LT,16.7.33,,Pitch Tools,Plugin,AU,Pitch shifting / correction,,,LOW DSP,,,Low DSP,
d45892e5-075d-447e-91d6-350bb29144b6,52ca057c-1c70-4093-81ad-720a2ba3ac60,,Tune Real-Time,16.7.33,,Pitch Tools,Plugin,AU,Pitch shifting / correction (RealTime),,,Not just for live performances,,,,
3c2b7a60-bbdb-4da5-bacc-008154bf0e79,52ca057c-1c70-4093-81ad-720a2ba3ac60,,Harmony,16.7.33,,Pitch Tools,Plugin,AU,up to 8 channels of vocal harmonization,,,,,,Voice,
93d8a3ec-ad68-4467-9107-5e171641e6a0,52ca057c-1c70-4093-81ad-720a2ba3ac60,,Tune,16.7.33,,Pitch Tools,Plugin,AU,Pitch shifting / correction,,,,,,Guitar,
fbaec0e2-dc75-4d3e-a290-4e802497b16d,52ca057c-1c70-4093-81ad-720a2ba3ac60,,UltraPitch 3 Voices,16.7.33,,Pitch Tools,Plugin,AU,harmonization w/ 3 added voices,,,,,,,
867d7be4-22b6-459d-8d07-e2e2f8666bf9,52ca057c-1c70-4093-81ad-720a2ba3ac60,,UltraPitch 6 Voices,16.7.33,,Pitch Tools,Plugin,AU,harmonization w/ 6 added voices,,,,,,,
e6521782-9851-4f94-bbf3-284535e6f17f,52ca057c-1c70-4093-81ad-720a2ba3ac60,,UltraPitch Shift,16.7.33,,Pitch Tools,Plugin,AU,Pitch shifting,,,,,,,
1ae1474b-b0f2-4d3b-afc4-4eea4769c1b5,52ca057c-1c70-4093-81ad-720a2ba3ac60,,Vocal Bender,16.7.33,,Pitch Tools,Plugin,AU,Pitch shifting,,,,,,Voice,
e8329669-9703-43bd-9f10-5bb71bbfa93a,52ca057c-1c70-4093-81ad-720a2ba3ac60,,SoundShifter Pitch,16.7.33,,"Pitch Tools,Dynamics",Plugin,AU,compression/expansion and pitch shifting,,,,,,,
2b900ed3-d9cb-4a93-bdc0-16b382d2c115,52ca057c-1c70-4093-81ad-720a2ba3ac60,,Morphoder,16.7.33,,"Pitch Tools,EQ",Plugin,AU,Vocoder designed to be used w/ any source. Uses EQ.,,,,,,,
cd7a5e39-9448-422c-9680-87f93b18691b,52ca057c-1c70-4093-81ad-720a2ba3ac60,,OVox,16.7.33,,"Pitch Tools,Time/Phase,Spatial Processing,EQ,Dynamics,Modulation","Plugin,Standalone",AU,"Vocoder w/ pitch correction, doubling,harmonization w/ EQ, Gate, Compression, Modulation",,,,,,Voice,
ac4f9b8b-c0f6-4d98-885b-a60014104dc7,52ca057c-1c70-4093-81ad-720a2ba3ac60,,Scheps Omni Channel 2,16.7.38,Andrew Scheps,"Preamp,EQ,Dynamics",Plugin,AU,"EQ, compressor, gate, preamp distortion, de-esser, brickwall limiter",,,,,,Channel Strip,
d9af074d-51cb-4b4c-8e74-9bf073f57c32,52ca057c-1c70-4093-81ad-720a2ba3ac60,,IR-L,16.7.33,,Reverb&Room,Plugin,AU,Convolution Reverb Processor,,,LOW DSP,,,,
5f105e4a-457a-438c-922d-cfa9e213be0b,52ca057c-1c70-4093-81ad-720a2ba3ac60,,IR-L efficient,16.7.33,,Reverb&Room,Plugin,AU,"2 convolutions (left in to left out, right in to right out)",,,LOW DSP,,,,
3c4ee0c9-eb77-4e28-852e-41b1f8d637e5,52ca057c-1c70-4093-81ad-720a2ba3ac60,,IR-L full,16.7.33,,Reverb&Room,Plugin,AU,"4 convolutions (left input to stereo, right input to stereo)",,,LOW DSP,,,,
55beca54-098c-4cee-9e2e-de995ca5fb46,52ca057c-1c70-4093-81ad-720a2ba3ac60,,Clarity Vx - DeReverb,16.7.33,Clarity Vx,Reverb&Room,Plugin,AU,AI Audio Repair (reverb removal from voice),,,,,,"Restoration,Voice",
7c18dea4-e52c-40ef-a998-7bf1411a142d,52ca057c-1c70-4093-81ad-720a2ba3ac60,,Clarity Vx - DeReverb Pro,16.7.33,Clarity Vx,Reverb&Room,Plugin,AU,AI Audio Repair (reverb removal from voice) - pro version leads to greater control over parameters,,,,,,"Restoration,Voice",
7333224d-2af8-4e1f-b006-b635fc31bf7d,52ca057c-1c70-4093-81ad-720a2ba3ac60,,IR1,16.7.33,,Reverb&Room,Plugin,AU,Convolution Reverb Processor,,,,,,,
be240ddd-8eba-47e1-ba02-a671e6a7cfc7,52ca057c-1c70-4093-81ad-720a2ba3ac60,,IR1 efficient,16.7.33,,Reverb&Room,Plugin,AU,"2 convolutions (left in to left out, right in to right out)",,,,,,,
8661e926-a80f-43e9-919f-a0f762d0afb0,52ca057c-1c70-4093-81ad-720a2ba3ac60,,IR1 full,16.7.33,,Reverb&Room,Plugin,AU,"4 convolutions (left input to stereo, right input to stereo)",,,,,,,
6cdf32e4-b62d-409a-846b-a3b4aae44f1e,52ca057c-1c70-4093-81ad-720a2ba3ac60,,IR360 discrete,16.7.33,,Reverb&Room,Plugin,AU,,,,,,,Surround,
c6893207-55d0-4144-af08-ed3550823a2a,52ca057c-1c70-4093-81ad-720a2ba3ac60,,IR360 eff discrete,16.7.33,,Reverb&Room,Plugin,AU,,,,,,,Surround,
1e9b2b78-c80f-4092-b47a-ac8e5e29cc68,52ca057c-1c70-4093-81ad-720a2ba3ac60,,IR360 eff s.field,16.7.33,,Reverb&Room,Plugin,AU,,,,,,,Surround,
b4cb80c3-76b8-4d52-94d6-7be7d6437e2d,52ca057c-1c70-4093-81ad-720a2ba3ac60,,IR360 sound field,16.7.33,,Reverb&Room,Plugin,AU,,,,,,,Surround,
abac5d9f-5038-432b-abb3-92c3efb1d3e3,52ca057c-1c70-4093-81ad-720a2ba3ac60,,IRLive,16.7.33,,Reverb&Room,Plugin,AU,,,,,,,"Live Sound,Remove",
a8dea4e9-2e92-4f2a-9794-71afe4ea85ac,52ca057c-1c70-4093-81ad-720a2ba3ac60,,Magma Springs,16.7.33,,Reverb&Room,Plugin,AU,Spring reverb,,,,,,,
5f510c5a-b9ab-4e7e-88f5-dc840dd35536,52ca057c-1c70-4093-81ad-720a2ba3ac60,,OneKnob Wetter,16.7.33,OneKnob,Reverb&Room,Plugin,AU,adds spatial ambience,,,,,,,
42fe1992-39a4-401d-9d3c-fc80a5e5e26f,52ca057c-1c70-4093-81ad-720a2ba3ac60,,TrueVerb,16.7.33,,Reverb&Room,Plugin,AU,,,,,,,,
b32a0b3a-6079-43b6-aae8-0f926c77bd0f,52ca057c-1c70-4093-81ad-720a2ba3ac60,,Lofi Space,16.7.33,,"Reverb&Room,Delay",Plugin,AU,LoFi reverb (Spring or plate) and delay,,,,,,,
7b50eaa1-6137-427c-b4e7-37695bfed48c,52ca057c-1c70-4093-81ad-720a2ba3ac60,,RVerb,16.7.33,,"Reverb&Room,Delay",Plugin,AU,,,,,,,,
3a7c5859-0174-4bb5-ba64-63e80de9338d,52ca057c-1c70-4093-81ad-720a2ba3ac60,,H-Reverb,16.7.33,,"Reverb&Room,Dynamics,EQ,Modulation",Plugin,AU,"Hybrid FIR (Finite Infinite Response) Reverb - These are fixed response in comparison to IIR.(Infinite) Includes Compression, Ducking, DEEssing, Chorus and Flanging -- up to 6 seconds of reverb time",,,,,,,
c50c25f4-4b69-410b-8814-1d53e0e59f1b,52ca057c-1c70-4093-81ad-720a2ba3ac60,,H-Reverb long,16.7.33,,"Reverb&Room,Dynamics,EQ,Modulation",Plugin,AU,"Hybrid FIR (Finite Infinite Response) Reverb - These are fixed response in comparison to IIR.(Infinite) Includes Compression, Ducking, DEEssing, Chorus and Flanging -- up to 12 seconds of reverb time",,,,,,,
04c32a70-d9d1-47b1-af0b-ec5b5c2e44c9,52ca057c-1c70-4093-81ad-720a2ba3ac60,,MannyM Reverb,16.7.33,Manny Marroquin,"Reverb&Room,EQ,Dynamics,Modulation,Harmonic Coloration",Plugin,AU,"18 of Manny's favorite reverbs w/ additional controls for EQ, compression, phasing and distortion",,,,,,,
6eb3b2f1-aaf6-415f-811f-75e46279800c,52ca057c-1c70-4093-81ad-720a2ba3ac60,,PS22 Spread(10),16.7.33,,Spatial Processing,Plugin,AU,smoothes stereo imaging across stereo stage,,,LOW DSP,,,Low DSP,
b0be7bc3-6ba2-48e5-9cef-923d97b1c164,52ca057c-1c70-4093-81ad-720a2ba3ac60,,PS22 Split,16.7.33,,Spatial Processing,Plugin,AU,splits sounds across stereo stage,,,,,,,
6f79ee0a-8441-4305-8578-56783afb7032,52ca057c-1c70-4093-81ad-720a2ba3ac60,,PS22 Spread,16.7.33,,Spatial Processing,Plugin,AU,smoothes stereo imaging across stereo stage,,,,,,,
18e4b6e0-5781-412a-891c-9cd0fd43d2bd,52ca057c-1c70-4093-81ad-720a2ba3ac60,,S1 Imager,16.7.33,,Spatial Processing,Plugin,AU,"Stereo Imaging (width, rotation and asymmetry only)",Redundant from Steinberg Imager and Ozone Imager,,,,,Remove,
2387ecb2-d73b-4e2e-a83f-77f2c1776109,52ca057c-1c70-4093-81ad-720a2ba3ac60,,S1 MS Matrix,16.7.33,,Spatial Processing,Plugin,AU,MS Converter. Converts L-R into MS or vice versa.,,,,,,,
c11590fe-7d79-4fde-99ef-c68b55846dc2,52ca057c-1c70-4093-81ad-720a2ba3ac60,,S1 Shuffler,16.7.33,,Spatial Processing,Plugin,AU,"Full Stereo imaging plugin (Width, Rotation, Asymmetry, Shiffling, channel clips)",,,,,,,
efb1c584-387c-4d15-9661-c6bce472d01c,52ca057c-1c70-4093-81ad-720a2ba3ac60,,InPhase LT,16.7.33,,Time/Phase,Plugin,AU,phase correction,Backup Phase correction to iZotope Neutron Phase,,,,,Low DSP,
318b738a-3f1d-4a3c-81bc-1797910b66c2,52ca057c-1c70-4093-81ad-720a2ba3ac60,,InPhase LT Live,16.7.33,,Time/Phase,Plugin,AU,phase correction,,,,,,"Live Sound,Low DSP,Remove",
