Name,Manufacturer,Category,Sorted Category,Tags,Sorted Tags,Parent,Model,Series / Collection,Plugin Notes,Workflow Notes,Recording Notes,Form Factor,Format,Version,,,,,,,,,
"Joe Satriani Amp Vault
JS 3D Power (Amplitube)",IK Multimedia,Amp & Cab,Amp & Cab,"Guitar, Modeled","Guitar, Modeled",TONEX,3rd Power Dragon,"Premium Tone Model (Joe Satriani)
JS 3D Power",M-Tech Audio Cab 112,,,,,,,,,,,,,,
Harmonic Flanger,Line 6,Modulation,Modulation,"Guitar, Modeled, Stomp","Guitar, Modeled, Stomp",Helix Native,A/DA Flanger,,,A/DA Flanger TOP,"""Harmonic"" maps to positive feedback mode. (fuller, warmer more musical side of the pedal vs. harsh jet sound) ",,,,,,,,,,,,
80A Flanger,Line 6,Modulation,Modulation,"Guitar, Modeled, Stomp","Guitar, Modeled, Stomp",Helix Native,A/DA Flanger,Legacy,,A/DA Flanger ALT (Tone),Gritty and spacey sweeps inspired by the distinctive sound of the A/DA Flanger. More experimental (metallic clanging and slow warble rather than the classic sweep),,,,,,,,,,,,
Jet Flanger,Line 6,Modulation,Modulation,"Guitar, Modeled, Stomp","Guitar, Modeled, Stomp",Helix Native,A/DA Flanger,Legacy,,A/DA Flanger ALT (Tone),"Original Helix model, built around aggressive, whooshing Jet Sweep",,,,,,,,,,,,
Flanger Pro,Positive Grid,Modulation,Modulation,"Guitar, Modeled, Stomp","Guitar, Modeled, Stomp",BIAS FX 2,A/DA Flanger,,(Pedal),A/DA Flanger ALT (Tone),,,,,,,,,,,,,
ADA Flanger,Universal Audio,Modulation,Modulation,"Guitar, Modeled, Stomp","Guitar, Modeled, Stomp",,A/DA Flanger,Brainworx (Modeled by) ,,A/DA Flanger TOP,,Plugin,UAD-2,1.0.1,,,,,,,,,
ADA STD-1 Stereo Tapped Delay,Universal Audio,Delay,Delay,Modeled,Modeled,,A/DA STD-1 Stereo Tapped Delay,Brainworx (Modeled by) ,,,,Plugin,UAD-2,1.0.1,,,,,,,,,
XR White,IK Multimedia,Harmonic Coloration,Harmonic Coloration,"Guitar, Modeled, Stomp","Guitar, Modeled, Stomp",TONEX,AC Noises Cats on Amps,,,,,,,,,,,,,,,,
1x18 Horn Bass,IK Multimedia,Amp & Cab,Amp & Cab,"Bass, Modeled","Bass, Modeled",Amplitube,Acoustic 301,Amplitube Collection,1x18 CAB,Acoustic 301 TOP,,,,,,,,,,,,,
Big Bass 1x18,Positive Grid,Amp & Cab,Amp & Cab,"Bass, Modeled","Bass, Modeled","BIAS Amp 2, BIAS FX 2",Acoustic 301,Legacy Series - CAB,1x18 CAB,Acoustic 301 ALT (Tone),,,,,,,,,,,,,
360Bass Preamp,IK Multimedia,Amp & Cab,Amp & Cab,"Bass, Modeled","Bass, Modeled",Amplitube,Acoustic 360,Amplitube Collection,,Acoustic 360 ALT (Tone),,,,,,,,,,,,,
Black and Blue (Amplitube),IK Multimedia,Amp & Cab,Amp & Cab,"Bass, Modeled","Bass, Modeled",TONEX,Acoustic 360,"Premium Tone Model
Black and Blue","Ampeg SVT-810E
Orange OBC810",Acoustic 360 ALT (Tone),,,,,,,,,,,,,
"Woody Blue
1x18 Woody Blue",Line 6,Amp & Cab,Amp & Cab,"Bass, Modeled","Bass, Modeled",Helix Native,Acoustic 360,,1x18 Combo,Acoustic 360 TOP,,,,,,,,,,,,,
"Bass 360
Bass 360 V2",Positive Grid,Amp & Cab,Amp & Cab,"Bass, Modeled","Bass, Modeled","BIAS Amp 2, BIAS FX 2",Acoustic 360,Legacy Series - BASS,6x10 Bass Blue,Acoustic 360 ALT (Tone),,,,,,,,,,,,,
R44C,Antares,Microphone,Microphone,Modeled,Modeled,Mic Mod,AEA R44C,,,,,,,,,,,,,,,,
84 Ribbon,Line 6,Microphone,Microphone,"Guitar, Modeled","Guitar, Modeled",Helix Native,AEA R84,,,Embedded in Helix Native,,,,,,,,,,,,,
Ribb 84,Waves,Microphone,Microphone,Modeled,Modeled,GTR Amp,AEA R84,,,Embedded in GTR AMP,,,,,,,,,,,,,
New York B750,IK Multimedia,Amp & Cab,Amp & Cab,"Bass, Modeled","Bass, Modeled",Amplitube,Aguilar DB750,Amplitube Collection,,Aguilar DB750 ALT (Tone),,,,,,,,,,,,,
TONEX Amp Black (Amplitube),IK Multimedia,Amp & Cab,Amp & Cab,"Bass, Modeled","Bass, Modeled",TONEX,Aguilar DB750,"Premium Tone Model
TONEX Amp Black","Aguilar DB410
Trace Elliott 1084H 4x10",Aguilar DB750 TOP,,,,,,,,,,,,,
Agua 51,Line 6,Amp & Cab,Amp & Cab,"Bass, Modeled","Bass, Modeled",Helix Native,Aguilar DB751,,,,,,,,,,,,,,,,
Agua Sledge,Line 6,Amp & Cab,Amp & Cab,"Bass, Modeled","Bass, Modeled",Helix Native,Aguilar Tone Hammer,,,Aguilar Tone Hammer TOP,,,,,,,,,,,,,
"Hammer 500
Tone Hammer 500",Positive Grid,Amp & Cab,Amp & Cab,"Bass, Deprecated, Modeled","Bass, Deprecated, Modeled","BIAS Amp 2, BIAS FX 2",Aguilar Tone Hammer,Legacy Series - BASS,6x10 Bass Blue (preamp out) ,"Aguilar Tone Hammer ALT (Tone)
Deprecated by BIAS X",,,,,,,,,,,,,
Tone Mallet,Positive Grid,Amp & Cab,Amp & Cab,"Bass, Modeled","Bass, Modeled",BIAS X,Aguilar Tone Hammer,American Series - Bass,,Aguilar Tone Hammer ALT (Tone),,,,,,,,,,,,,
Hyde Street Amp Locker,IK Multimedia,Amp & Cab,Amp & Cab,"Guitar, Modeled","Guitar, Modeled",TONEX,Airline 62-9025A,Premium Tone Model (Hyde Street),"1x12 Combo
[NOTE: This amp had a 1x10 Speaker in it. The TONEX Model is incorrect]",,,,,,,,,,,,,,
460B/CK61-ULS,Antares,Microphone,Microphone,Modeled,Modeled,Mic Mod,AKG 460B (CK61-ULS capsule),,,,,,,,,,,,,,,,
AKG BX 20,Universal Audio,Reverb & Room,Reverb & Room,Modeled,Modeled,,AKG BX 20,,,,,Plugin,UAD-2,11.8.1,,,,,,,,,
C1000S,Antares,Microphone,Microphone,Modeled,Modeled,Mic Mod,AKG C1000S,,,,,,,,,,,,,,,,
Condenser 12,IK Multimedia,Microphone,Microphone,Modeled,Modeled,"Amplitube, MicRoom",AKG C12,,Standalone Mic / Overhead Pair / Amplitube Room,"AKG C12 DNU 
Embedded in Amplitube",,,,,,,,,,,,,
OW-12 #2,Universal Audio,Microphone,Microphone,Modeled,Modeled,Ocean Way,AKG C12,,,AKG C12 ALT,"Allen Sides default choice for drum overheads / vocal overheads; ""warmer and smoother than any other C12 they had heard""",,,,,,,,,,,,
LD-12,Universal Audio,Microphone,Microphone,Modeled,Modeled,"Hemisphere, Sphere",AKG C12,,,AKG C12 TOP,,,,,,,,,,,,,
OW-12 #1,Universal Audio,Microphone,Microphone,Modeled,Modeled,Ocean Way,AKG C12,,,AKG C12 ALT,,,,,,,,,,,,,
C12,Universal Audio,Microphone,Microphone,Modeled,Modeled,Ocean Way Studios,AKG C12,,,Embedded in the Ocean Way Studios  ,,,,,,,,,,,,,
C12A,Antares,Microphone,Microphone,Modeled,Modeled,Mic Mod,AKG C12A,,,AKG C12A ALT (Tone),,,,,,,,,,,,,
C12A,Universal Audio,Microphone,Microphone,Modeled,Modeled,Ocean Way Studios,AKG C12A,,,Embedded in the Ocean Way Studios  ,,,,,,,,,,,,,
BP-12A,Universal Audio,Microphone,Microphone,Modeled,Modeled,Putnam,AKG C12A,,,AKG C12A TOP,,,,,,,,,,,,,
C12VR,Antares,Microphone,Microphone,Modeled,Modeled,Mic Mod,AKG C12VR,,,,,,,,,,,,,,,,
C 3000,Antares,Microphone,Microphone,Modeled,Modeled,Mic Mod,AKG C3000,,,,,,,,,,,,,,,,
C 4000 B,Antares,Microphone,Microphone,Modeled,Modeled,Mic Mod,AKG C4000B,,,,,,,,,,,,,,,,
C414EB,Antares,Microphone,Microphone,Modeled,Modeled,Mic Mod,AKG C414 EB,,,AKG C414 EB ALT (Tone) ,,,,,,,,,,,,,
Condenser 414,IK Multimedia,Microphone,Microphone,Modeled,Modeled,"Amplitube, MicRoom, TONEX",AKG C414 EB,,Standalone Mic / Overhead Pair / Amplitube Room,"AKG C414 EB ALT (Tone)
Embedded in Amplitube & TONEX",,,,,,,,,,,,,
C414,Positive Grid,Microphone,Microphone,Modeled,Modeled,BIAS FX 2,AKG C414 EB,,,Embedded in BIAS FX,,,,,,,,,,,,,
LD-414 Brass,Universal Audio,Microphone,Microphone,Modeled,Modeled,Sphere,AKG C414 EB,,Brass Capsule,AKG C414 EB TOP,,,,,,,,,,,,,
LD-414 Nylon,Universal Audio,Microphone,Microphone,Modeled,Modeled,Sphere,AKG C414 EB,,Nylon Capsule,AKG C414 EB TOP,,,,,,,,,,,,,
C414,Antares,Microphone,Microphone,Modeled,Modeled,Mic Mod,AKG C414 XLS,,,AKG C414 XLS ALT (Tone),,,,,,,,,,,,,
C414,IK Multimedia,Microphone,Microphone,Modeled,Modeled,TONEX,AKG C414 XLS,,,Embedded in TONEX,,,,,,,,,,,,,
414 Cond,Line 6,Microphone,Microphone,"Guitar, Bass, Modeled","Bass, Guitar, Modeled",Helix Native,AKG C414 XLS,,,Embedded in Helix Native,,,,,,,,,,,,,
LD-414 T2,Universal Audio,Microphone,Microphone,Modeled,Modeled,Sphere,AKG C414 XLS,,,AKG C414 XLS TOP,,,,,,,,,,,,,
C414/ULS,Antares,Microphone,Microphone,Modeled,Modeled,Mic Mod,AKG C414/ULS,,,AKG C414/ULS ALT (Tone),,,,,,,,,,,,,
C414/ULS (mod1),Antares,Microphone,Microphone,Modeled,Modeled,Mic Mod,AKG C414/ULS,,Modified by Audio Upgrades,AKG C414/ULS ALT (Tone),,,,,,,,,,,,,
C414/ULS (mod2),Antares,Microphone,Microphone,Modeled,Modeled,Mic Mod,AKG C414/ULS,,Modified by Jim Williams,AKG C414/ULS ALT (Tone),,,,,,,,,,,,,
LD-414 US,Universal Audio,Microphone,Microphone,Modeled,Modeled,Sphere,AKG C414/ULS,,,AKG C414/ULS TOP,,,,,,,,,,,,,
SD-451,Universal Audio,Microphone,Microphone,Modeled,Modeled,"Hemisphere, Sphere",AKG C451B,,,,,,,,,,,,,,,,
C535 EB,Antares,Microphone,Microphone,Modeled,Modeled,Mic Mod,AKG C535 EB,,,,,,,,,,,,,,,,
D112,Antares,Microphone,Microphone,Modeled,Modeled,Mic Mod,AKG D112,,,AKG D112 ALT (Tone),,,,,,,,,,,,,
112 Dynamic,Line 6,Microphone,Microphone,"Guitar, Bass, Modeled","Bass, Guitar, Modeled",Helix Native,AKG D112,,,Embedded in Helix Native,,,,,,,,,,,,,
AKG D112,Universal Audio,Microphone,Microphone,Modeled,Modeled,Eden WT800,AKG D112,,,Embedded in Eden WT800,,,,,,,,,,,,,
DN-112,Universal Audio,Microphone,Microphone,Modeled,Modeled,Hemisphere,AKG D112,,,AKG D112 TOP,,,,,,,,,,,,,
12 Dynamic,Line 6,Microphone,Microphone,Modeled,Modeled,Helix Native,AKG D12,Legacy,,Embedded in Helix Native,,,,,,,,,,,,,
DN-12A,Universal Audio,Microphone,Microphone,Modeled,Modeled,"Hemisphere, Sphere",AKG D12,,,,,,,,,,,,,,,,
DN-12E,Universal Audio,Microphone,Microphone,Modeled,Modeled,Sphere,AKG D12E,,,,,,,,,,,,,,,,
Vintage Dynamic 20,IK Multimedia,Microphone,Microphone,Modeled,Modeled,"Amplitube, MicRoom",AKG D20,,,"AKG D20 TOP
Embedded in Amplitube",,,,,,,,,,,,,
D790,Antares,Microphone,Microphone,Modeled,Modeled,Mic Mod,AKG D790,,,,,,,,,,,,,,,,
Perception 120,Antares,Microphone,Microphone,Modeled,Modeled,Mic Mod,AKG P120,,,,,,,,,,,,,,,,
Perception 220,Antares,Microphone,Microphone,Modeled,Modeled,Mic Mod,AKG P220,,,,,,,,,,,,,,,,
Solid Tube,Antares,Microphone,Microphone,Modeled,Modeled,Mic Mod,AKG Solidtube,,,,,,,,,,,,,,,,
The Tube,Antares,Microphone,Microphone,Modeled,Modeled,Mic Mod,AKG The Tube,,,,,,,,,,,,,,,,
AM61,Antares,Microphone,Microphone,Modeled,Modeled,Mic Mod,Alesis AM61,,,,,,,,,,,,,,,,
Little Radiator,Soundtoys,Harmonic Coloration,Harmonic Coloration,Modeled,Modeled,,Altec Lansing 1566a,,,,,Plugin,"AU, VST3",5.5.4.18982,,,,,,,,,
Radiator,Soundtoys,Harmonic Coloration,Harmonic Coloration,Modeled,Modeled,,Altec Lansing 1567a,,,,,Plugin,"AU, VST3",5.5.4.18982,,,,,,,,,
Altec 21D,Universal Audio,Microphone,Microphone,Modeled,Modeled,Capitol Chambers,Altec Lansing M11 (21B Capsule),,Capital Chambers 4 and 5 provide historically accurate configs w/ a band limited frequency response,Embedded in Capitol Chambers,,,,,,,,,,,,,
1x15 Bass Vintage,IK Multimedia,Amp & Cab,Amp & Cab,"Bass, Modeled","Bass, Modeled",Amplitube,Ampeg B-15,Amplitube Collection,1x15 CAB,,,,,,,,,,,,,,
1x15 Ampeg B-15,Line 6,Amp & Cab,Amp & Cab,"Guitar, Modeled","Guitar, Modeled",Helix Native,Ampeg B-15,,1x15 CAB,Ampeg B-15 TOP,,,,,,,,,,,,,
B15,Positive Grid,Amp & Cab,Amp & Cab,"Bass, Modeled","Bass, Modeled",BIAS Amp 2,Ampeg B-15,,8x10 Bass Super,Ampeg B-15 ALT (Tone),,,,,,,,,,,,,
Low End Chrome (Amplitube),IK Multimedia,Amp & Cab,Amp & Cab,"Bass, Modeled","Bass, Modeled",TONEX,Ampeg B-15 (Heritage) ,"Premium Tone Model
Low End Chrome","Ampeg Heritage B-15N 
[NOTE: This cab doesn't make sense. The ""heritage"" was just the B-15. This is likely the stock OEM Eminence Speaker in the B-15 (Heritage)]",Ampeg B-15 (Heritage) TOP,,,,,,,,,,,,,
Heritage B15,Positive Grid,Amp & Cab,Amp & Cab,"Bass, Modeled","Bass, Modeled",BIAS Amp 2,Ampeg B-15 (Heritage) ,,6x10 Bass Blue,Ampeg B-15 (Heritage) ALT (Tone),,,,,,,,,,,,,
SVX-15N,IK Multimedia,Amp & Cab,Amp & Cab,"Bass, Modeled","Bass, Modeled",Amplitube,Ampeg B-15N,Amplitube SVX,,B-15N ALT (Tone),,,,,,,,,,,,,
Deep Black (Amplitube),IK Multimedia,Amp & Cab,Amp & Cab,"Bass, Modeled","Bass, Modeled",TONEX,Ampeg B-15N,"Premium Tone Model
Deep Black",,B-15N TOP,,,,,,,,,,,,,
Ampeg B15N,Universal Audio,Amp & Cab,Amp & Cab,"Bass, Modeled","Bass, Modeled",,Ampeg B-15N,Brainworx (Modeled by) ,,B-15N TOP,,Plugin,UAD-2,1.0.1,,,,,,,,,
"GTR Amp Bass - Mo' Town
Bass 15"" Fliptop (Cab)",Waves,Amp & Cab,Amp & Cab,"Bass, Modeled","Bass, Modeled",GTR Amp,Ampeg B-15N,,,B-15N DNU,,,,,,,,,,,,,
Ampeg B-15NF,Line 6,Amp & Cab,Amp & Cab,"Bass, Modeled","Bass, Modeled",Helix Native,Ampeg B-15NF,,,,,,,,,,,,,,,,
SVX-15R,IK Multimedia,Amp & Cab,Amp & Cab,"Bass, Modeled","Bass, Modeled",Amplitube,Ampeg B-15R,Amplitube SVX,,B-15R ALT (Tone),,,,,,,,,,,,,
Low End Chrome (Amplitube),IK Multimedia,Amp & Cab,Amp & Cab,"Bass, Modeled","Bass, Modeled",TONEX,Ampeg B-15R,"Premium Tone Model
Low End Chrome",,B-15R TOP,,,,,,,,,,,,,
Low End Chrome (Amplitube),IK Multimedia,Amp & Cab,Amp & Cab,"Bass, Modeled","Bass, Modeled",TONEX,Ampeg B-18N,"Premium Tone Model
Low End Chrome",,,,,,,,,,,,,,,
SVX-500,IK Multimedia,Amp & Cab,Amp & Cab,"Bass, Modeled","Bass, Modeled",Amplitube,Ampeg BA500,Amplitube SVX,2x10,Ampeg BA500 ALT (Tone),,,,,,,,,,,,,
Tube Tradition (Amplitube),IK Multimedia,Amp & Cab,Amp & Cab,"Bass, Modeled","Bass, Modeled",TONEX,Ampeg BA500,"Premium Tone Model
Tube Tradition","2x10 Combo
Ampeg SVT410HLF",Ampeg BA500 TOP,,,,,,,,,,,,,
67 T-15,Positive Grid,Amp & Cab,Amp & Cab,"Bass, Modeled","Bass, Modeled","BIAS Amp 2, BIAS FX 2",Ampeg BT-15,Legacy Series - BASS,2x10 Bass Super Duo ,,,,,,,,,,,,,,
SVX-410B,IK Multimedia,Amp & Cab,Amp & Cab,"Bass, Modeled","Bass, Modeled",Amplitube,Ampeg BXT410HL,Amplitube SVX,,,,,,,,,,,,,,,
"GTR Amp Drive - Cream
Acme 12"" OpenBack (Cab)",Waves,Amp & Cab,Amp & Cab,"Guitar, Modeled","Guitar, Modeled",GTR Amp,Ampeg G-12 Gemini I,,,,,,,,,,,,,,,,
"Vintage & Lo-Fi
Low End Chrome (Amplitube)",IK Multimedia,Amp & Cab,Amp & Cab,"Guitar, Modeled","Guitar, Modeled",TONEX,Ampeg G-15 Gemini II,"Premium Tone Model
Low End Chrome
Vintage & Lo-FI",,Ampeg G-15 Gemini II TOP,,,,,,,,,,,,,
"Vintage & Lo-Fi
Low End Chrome (Amplitube)",IK Multimedia,Amp & Cab,Amp & Cab,"Guitar, Modeled","Guitar, Modeled",TONEX,Ampeg G-15 Gemini II ,"Premium Tone Model
Low End Chrome
Vintage & Lo-FI",,Ampeg G-15 Gemini II ALT (Tone),"""Mascis Drive""; Dinosaur Jr. sound. It's a specific unit mod",,,,,,,,,,,,
Ampeg Liquifier Chorus,Line 6,Modulation,Modulation,"Guitar, Modeled, Stomp","Guitar, Modeled, Stomp",Helix Native,Ampeg Liquifier,,,,,,,,,,,,,,,,
Ampeg Opto Comp,Line 6,Dynamics,Dynamics,"Bass, Modeled, Stomp","Bass, Modeled, Stomp",Helix Native,Ampeg Opto Comp,,,,,,,,,,,,,,,,
SVX-212H,IK Multimedia,Amp & Cab,Amp & Cab,"Bass, Modeled","Bass, Modeled",Amplitube,Ampeg PB-212H,Amplitube SVX,,,,,,,,,,,,,,,
4x10 Ampeg Pro,Line 6,Amp & Cab,Amp & Cab,"Bass, Modeled","Bass, Modeled",Helix Native,Ampeg PR-410HLF,,4x10 CAB,,,,,,,,,,,,,,
Ampeg Scrambler,Line 6,Harmonic Coloration,Harmonic Coloration,"Bass, Modeled, Stomp","Bass, Modeled, Stomp",Helix Native,Ampeg Scrambler,,,,,,,,,,,,,,,,
"Ampeg SVT Brt
Ampeg SVT Nrm",Line 6,Amp & Cab,Amp & Cab,"Bass, Modeled","Bass, Modeled",Helix Native,Ampeg SVT,,,Ampeg SVT TOP,,,,,,,,,,,,,
"American Bass
American Bass v2",Positive Grid,Amp & Cab,Amp & Cab,"Bass, Deprecated, Modeled","Bass, Deprecated, Modeled",BIAS Amp 2,Ampeg SVT,,(Blues) 4x12 Tweed Bass,Deprecated by Bias X,,,,,,,,,,,,,
"Blue Line
69 Blue Line V2",Positive Grid,Amp & Cab,Amp & Cab,"Bass, Deprecated, Modeled","Bass, Deprecated, Modeled","BIAS Amp 2, BIAS FX 2",Ampeg SVT,Legacy Series - BASS,6x10 Bass Blue,Deprecated by Bias X,,,,,,,,,,,,,
SV Blue,Positive Grid,Amp & Cab,Amp & Cab,"Bass, Modeled","Bass, Modeled",BIAS X,Ampeg SVT,American Series - Bass,8x10 SV Blue Bass Cab,Ampeg SVT ALT (Tone),,,,,,,,,,,,,
GTR Amp Bass - SuperTube,Waves,Amp & Cab,Amp & Cab,"Bass, Modeled","Bass, Modeled",GTR Amp,Ampeg SVT,,,Ampeg SVT DNU,,,,,,,,,,,,,
SVT II,Positive Grid,Amp & Cab,Amp & Cab,"Bass, Modeled","Bass, Modeled",BIAS Amp 2,Ampeg SVT-2,,8x10 Bass Superb Eight,,,,,,,,,,,,,,
Tube Tradition (Amplitube),IK Multimedia,Amp & Cab,Amp & Cab,"Bass, Modeled","Bass, Modeled",TONEX,Ampeg SVT-2 Pro,"Premium Tone Model
Tube Tradition","
Ampeg SVT810E
FBT Superbass 250W 1x15",Ampeg SVT-2 Pro TOP,,,,,,,,,,,,,
Red,Positive Grid,Amp & Cab,Amp & Cab,"Bass, Modeled","Bass, Modeled",BIAS Amp 2,Ampeg SVT-2 Pro,,2x10 Bass Pro,Ampeg SVT-2 Pro ALT (Tone),,,,,,,,,,,,,
Ampeg SVT3Pro,Universal Audio,Amp & Cab,Amp & Cab,"Bass, Modeled","Bass, Modeled",,Ampeg SVT-3 Pro,Brainworx (Modeled by) ,8x10,,,Plugin,UAD-2,1.0.1,,,,,,,,,
SVX-PRO,IK Multimedia,Amp & Cab,Amp & Cab,"Bass, Modeled","Bass, Modeled",Amplitube,Ampeg SVT-4 Pro,Amplitube SVX,,Ampeg SVT-4 Pro ALT (Tone),,,,,,,,,,,,,
Tube Tradition (Amplitube),IK Multimedia,Amp & Cab,Amp & Cab,"Bass, Modeled","Bass, Modeled",TONEX,Ampeg SVT-4 Pro,"Premium Tone Model
Tube Tradition",Ampeg SVT410HLF,Ampeg SVT-4 Pro ALT (Tone),,,,,,,,,,,,,
Ampeg SVT-4 PRO,Line 6,Amp & Cab,Amp & Cab,"Bass, Modeled","Bass, Modeled",Helix Native,Ampeg SVT-4 Pro,,,Ampeg SVT-4 Pro TOP,,,,,,,,,,,,,
"400T
SVT 400T",Positive Grid,Amp & Cab,Amp & Cab,"Bass, Modeled","Bass, Modeled","BIAS Amp 2, BIAS FX 2",Ampeg SVT-400T,Legacy Series - BASS,6x10 Bass Blue (preamp out) ,,,,,,,,,,,,,,
"SVX-CL
SVT Classic (MixBox) ",IK Multimedia,Amp & Cab,Amp & Cab,"Bass, Modeled","Bass, Modeled","Amplitube, MixBox",Ampeg SVT-CL,Amplitube SVX,,Ampeg SVT-CL ALT (Tone),,,,,,,,,,,,,
Tube Tradition (Amplitube),IK Multimedia,Amp & Cab,Amp & Cab,"Bass, Modeled","Bass, Modeled",TONEX,Ampeg SVT-CL,"Premium Tone Model
Tube Tradition","Ampeg SVT810E
Orange OBC410",Ampeg SVT-CL TOP,,,,,,,,,,,,,
SVX-VR,IK Multimedia,Amp & Cab,Amp & Cab,"Bass, Modeled","Bass, Modeled",Amplitube,Ampeg SVT-VR,Amplitube SVX,,Ampeg SVT-VR ALT (Tone),,,,,,,,,,,,,
Tube Tradition (Amplitube),IK Multimedia,Amp & Cab,Amp & Cab,"Bass, Modeled","Bass, Modeled",TONEX,Ampeg SVT-VR,"Premium Tone Model
Tube Tradition","Ampeg SVT810AV
Ampeg SVT810E",Ampeg SVT-VR TOP,,,,,,,,,,,,,
Ampeg SVTVR Classic,Universal Audio,Amp & Cab,Amp & Cab,"Bass, Modeled, LOW DSP","Bass, LOW DSP, Modeled",,Ampeg SVT-VR,Brainworx (Modeled by) ,8x10 cab; 2 channels (bright / normal),Ampeg SVT-VR ALT (Low DSP),LOW DSP,Plugin,UAD-2,1.0.1,,,,,,,,,
Ampeg SVTVR,Universal Audio,Amp & Cab,Amp & Cab,"Bass, Modeled","Bass, Modeled",,Ampeg SVT-VR,Brainworx (Modeled by) ,8x10 cab; 2 channels (bright / normal),Ampeg SVT-VR ALT (Tone),,Plugin,UAD-2,1.0.1,,,,,,,,,
Bass Super Duo 2x10,Positive Grid,Amp & Cab,Amp & Cab,"Bass, Modeled","Bass, Modeled","BIAS Amp 2, BIAS FX 2",Ampeg SVT210AV,Legacy Series - CAB,2x10 CAB,,,,,,,,,,,,,,
Bass Pro 2x10,Positive Grid,Amp & Cab,Amp & Cab,"Bass, Modeled","Bass, Modeled","BIAS Amp 2, BIAS FX 2",Ampeg SVT210E,Legacy Series - CAB,2x10 CAB,,,,,,,,,,,,,,
SVX-212 AV,IK Multimedia,Amp & Cab,Amp & Cab,"Bass, Modeled","Bass, Modeled",Amplitube,Ampeg SVT212AV,Amplitube SVX,2x12,,,,,,,,,,,,,,
4x10 Ampeg HLF,Line 6,Amp & Cab,Amp & Cab,"Bass, Modeled","Bass, Modeled",Helix Native,Ampeg SVT410HLF,Legacy,4x10 CAB,,,,,,,,,,,,,,
SVX-410S,IK Multimedia,Amp & Cab,Amp & Cab,"Bass, Modeled","Bass, Modeled",Amplitube,Ampeg SVT410HLF,Amplitube SVX,4x10,,,,,,,,,,,,,,
"Bass Blue 6x10
Bass Superb Six 6x10",Positive Grid,Amp & Cab,Amp & Cab,"Bass, Modeled","Bass, Modeled","BIAS Amp 2, BIAS FX 2",Ampeg SVT610HLF,Legacy Series - CAB,6x10 CAB,Ampeg SVT610HLF TOP,,,,,,,,,,,,,
Bass 6x10 ,Waves,Amp & Cab,Amp & Cab,"Bass, Modeled","Bass, Modeled",GTR Amp,Ampeg SVT610HLF,,6x10,Ampeg SVT610HLF DNU,,,,,,,,,,,,,
SVX-810 AV,IK Multimedia,Amp & Cab,Amp & Cab,"Bass, Modeled","Bass, Modeled",Amplitube,Ampeg SVT810AV,Amplitube SVX,8x10,Ampeg SVT610HLF ALT (Tone),,,,,,,,,,,,,
8x10 SVT AV,Line 6,Amp & Cab,Amp & Cab,"Bass, Modeled","Bass, Modeled",Helix Native,Ampeg SVT810AV,,8x10,Ampeg SVT610HLF TOP,,,,,,,,,,,,,
Bass 8x10 Pro,Waves,Amp & Cab,Amp & Cab,"Bass, Modeled","Bass, Modeled","GTR Amp, GTR Solo / Solo Rack",Ampeg SVT810AV,,8x10,Ampeg SVT610HLF DNU,,,,,,,,,,,,,
Bass Superb Eight 8x10,Positive Grid,Amp & Cab,Amp & Cab,"Bass, Modeled","Bass, Modeled","BIAS Amp 2, BIAS FX 2",Ampeg SVT810AV,Legacy Series - CAB,8x10 CAB,,,,,,,,,,,,,,
SVX-810E,IK Multimedia,Amp & Cab,Amp & Cab,"Bass, Modeled","Bass, Modeled",Amplitube,Ampeg SVT810E,Amplitube SVX,,Ampeg SVT810E ALT (Tone),,,,,,,,,,,,,
Bass Super 8x10,Positive Grid,Amp & Cab,Amp & Cab,"Bass, Modeled","Bass, Modeled","BIAS Amp 2, BIAS FX 2",Ampeg SVT810E,Legacy Series - CAB,8x10 CAB,Ampeg SVT810E ALT (Tone),,,,,,,,,,,,,
Softube Bass Amp Room 8x10,Universal Audio,Amp & Cab,Amp & Cab,"Bass, Modeled","Bass, Modeled",Softube Bass Amp Room,Ampeg SVT810E,Softube (Modeled by),,Ampeg SVT810E TOP,Mic'd by a Sennheiser MD421; fat sound and lots of low end,Plugin,UAD-2,2.5.16,,,,,,,,,
SVX-4B,IK Multimedia,Amp & Cab,Amp & Cab,"Bass, Modeled","Bass, Modeled",Amplitube,Ampeg V-4B,Amplitube SVX,,Ampeg V-4B ALT (Tone),,,,,,,,,,,,,
Tube Tradition (Amplitube),IK Multimedia,Amp & Cab,Amp & Cab,"Bass, Modeled","Bass, Modeled",TONEX,Ampeg V-4B,"Premium Tone Model
Tube Tradition","Ampeg SVT212AV
Orange OBC810",Ampeg V-4B TOP,,,,,,,,,,,,,
Kramer Tape,Waves,Harmonic Coloration,Harmonic Coloration,"Mastering, Modeled","Mastering, Modeled",,Ampex 350,,,,,Plugin,AU,16.7.33,,,,,,,,,
Tape Machine 440,IK Multimedia,Harmonic Coloration,Harmonic Coloration,"Mastering, Modeled","Mastering, Modeled",,Ampex 440B,T-Racks,,,,Plugin,"AU, VST3",6.3.0,,,,,,,,,
Ampex ATR-102,Universal Audio,Harmonic Coloration,Harmonic Coloration,Modeled,Modeled,,Ampex ATR-102,,,,,Plugin,"UAD-2, UADx","11.8.1 (UAD-2)
1.0.6 (UADx) 1.2.2 (UADx - Luna)",,,,,,,,,
AMS DMX 15-80 S,Universal Audio,Delay,Delay,Modeled,Modeled,,AMS DMX 15-80S,AMS (Modeled by),,,,Plugin,UAD-2,1.0.0,,,,,,,,,
AMS Neve DFC Channel Strip,Universal Audio,"Dynamics, EQ, Preamps","Dynamics, EQ, Preamps",Modeled,Modeled,,AMS Neve DFC,,,,,Plugin,UAD-2,1.0.0,,,,,,,,,
AMX RMX16,Universal Audio,Reverb & Room,Reverb & Room,"Modeled, LOW DSP","LOW DSP, Modeled",,AMS RMX16,AMS (Modeled by),9 standard programs,AMS RMX16 ALT (Limited Features),,Plugin,UAD-2,1.0,,,,,,,,,
AMX RMX16 Expanded,Universal Audio,Reverb & Room,Reverb & Room,Modeled,Modeled,,AMS RMX16,AMS (Modeled by),9 standard programs + 9 add'l programs,AMS RMX16 TOP,,Plugin,UAD-2,1.0,,,,,,,,,
Tone Sovereign,Line 6,Harmonic Coloration,Harmonic Coloration,"Guitar, Modeled, Stomp","Guitar, Modeled, Stomp",Helix Native,Analog.Man King of Tone,,,,,,,,,,,,,,,,
Heir Apparent,Line 6,Harmonic Coloration,Harmonic Coloration,"Guitar, Modeled, Stomp","Guitar, Modeled, Stomp",Helix Native,Analog.Man Prince of Tone,,,,,,,,,,,,,,,,
Aphex Vintge Exciter,Waves,Harmonic Coloration,Harmonic Coloration,"Mastering, Modeled, Voice","Mastering, Modeled, Voice",,Aphex 402 Aural Exciter,,,,,Plugin,AU,16.7.33,,,,,,,,,
API Preamp,Universal Audio,Preamps,Preamps,Modeled,Modeled,,API 212L Mic Pre,,,,,Plugin,UAD-2,11.8.1,,,,,,,,,
Advance Comp HD,Positive Grid,Dynamics,Dynamics,"Modeled, Deprecated","Deprecated, Modeled",BIAS FX 2,API 2500 Stereo Bus Compressor,,(Rack),Deprecated by BIAS X,,,,,,,,,,,,,
AuralSentry,Positive Grid,Dynamics,Dynamics,Modeled,Modeled,BIAS X,API 2500 Stereo Bus Compressor,,(Rack - Advanced Compressor) ,Embedded in BIAS X,,,,,,,,,,,,,
API 2500 Compressor,Universal Audio,Dynamics,Dynamics,Modeled,Modeled,,API 2500 Stereo Bus Compressor,,,API 2500 Stereo Bus Compressor TOP,,Plugin,"UAD-2, UADx","11.8.1 (UAD-2)
1.5.11 (UADx)
1.1.2 (UADx) - Luna",,,,,,,,,
API-2500,Waves,Dynamics,Dynamics,Modeled,Modeled,,API 2500 Stereo Bus Compressor,,,API 2500 Stereo Bus Compressor ALT (Tone),,Plugin,AU,16.7.33,,,,,,,,,
API 550A,Universal Audio,EQ,EQ,Modeled,Modeled,,API 550A Discrete 3 Band EQ,,,API 550A Discrete 3 Band EQ TOP,,Plugin,UAD-2,11.8.1,,,,,,,,,
API-550A,Waves,EQ,EQ,Modeled,Modeled,,API 550A Discrete 3 Band EQ,,,API 550A Discrete 3 Band EQ ALT (Tone) ,,Plugin,AU,16.7.33,,,,,,,,,
API-550B,Waves,EQ,EQ,Modeled,Modeled,,API 550B 4 Band EQ,,,API 550B 4 Band EQ TOP,,Plugin,AU,16.7.33,,,,,,,,,
EQ-PG,IK Multimedia,EQ,EQ,Modeled,Modeled,"Amplitube, MixBox",API 560 10-Band Graphic EQ,"Amplitube Collection
T-Racks",,Standalone; Embedded in Amplitube and MixBox.,,Plugin,"AU, VST3",6.3.0,,,,,,,,,
API 560,Universal Audio,EQ,EQ,Modeled,Modeled,,API 560 10-Band Graphic EQ,,,API 560 10-Band GEQ TOP,,Plugin,UAD-2,11.8.1,,,,,,,,,
API-560,Waves,EQ,EQ,Modeled,Modeled,,API 560 10-Band Graphic EQ,,,API 560 10-Band GEQ ALT (Tone),,Plugin,AU,16.7.33,,,,,,,,,
API Vision Channel Strip Legacy,Universal Audio,Preamps,Preamps,"Modeled, LOW DSP","LOW DSP, Modeled",,API Vision Console,,,API Vision Console Channel Strip ALT (Low DSP),LOW DSP,Plugin,UAD-2,11.8.1,,,,,,,,,
API Vision Channel Strip,Universal Audio,Preamps,Preamps,Modeled,Modeled,,API Vision Console,,,API Vision Console Channel Strip TOP,,Plugin,"UAD-2, UADx","11.8.1 (UAD-2)
1.4.11 (UADx) 1.1.2 (UADx - Luna)",,,,,,,,,
PlastiChorus,Line 6,Modulation,Modulation,"Guitar, Modeled, Stomp","Guitar, Modeled, Stomp",Helix Native,Arion SCH-Z Stereo Chorus,,modded,,,,,,,,,,,,,,
Black Buff,IK Multimedia,Harmonic Coloration,Harmonic Coloration,"Guitar, Modeled, Stomp","Guitar, Modeled, Stomp",TONEX,Arion SMM-1 Metal Master,Black Buff,,,,,,,,,,,,,,,
ARP 2600 FX,Korg,"Modulation, Delay, Dynamics, EQ, Harmonic Coloration, Reverb & Room","Delay, Dynamics, EQ, Harmonic Coloration, Modulation, Reverb & Room",Modeled,Modeled,,ARP 2600,,"FX Chain from ARP 2600 
[ compressor, parametric EQ, guitar amp, overdriive, chorus, ensemble / harmonization, flangers, phraser, rotary, ring mod, tremolo, delay, echo, reverb ]",,[ Also inspired by Vox 847 Wah; Vox 848 Clyde McCoy Wah ],Plugin,"AU, VST3",1.2.1,,,,,,,,,
Rochester Comp,Line 6,Dynamics,Dynamics,"Bass, Modeled, Stomp","Bass, Modeled, Stomp",Helix Native,Ashly CLX-52 Compressor/Limiter,Billy Sheehan,,,,,,,,,,,,,,,
AT2020,Antares,Microphone,Microphone,Modeled,Modeled,Mic Mod,Audio-Technica AT2020,,,,,,,,,,,,,,,,
AT3525,Antares,Microphone,Microphone,Modeled,Modeled,Mic Mod,Audio-Technica AT3525,,,,,,,,,,,,,,,,
AT 4033a/Sm,Antares,Microphone,Microphone,Modeled,Modeled,Mic Mod,Audio-Technica AT4033a/SM,,,,,,,,,,,,,,,,
AT 4047/SV,Antares,Microphone,Microphone,Modeled,Modeled,Mic Mod,Audio-Technica AT4047/SV,,,,,,,,,,,,,,,,
AT 4050,Antares,Microphone,Microphone,Modeled,Modeled,Mic Mod,Audio-Technica AT4050,,,,,,,,,,,,,,,,
AT 4051,Antares,Microphone,Microphone,Modeled,Modeled,Mic Mod,Audio-Technica AT4051b,,,,,,,,,,,,,,,,
AT 4055,Antares,Microphone,Microphone,Modeled,Modeled,Mic Mod,Audio-Technica AT4055,,,,,,,,,,,,,,,,
AT 4060,Antares,Microphone,Microphone,Modeled,Modeled,Mic Mod,Audio-Technica AT4060,,,,,,,,,,,,,,,,
AT813a,Antares,Microphone,Microphone,Modeled,Modeled,Mic Mod,Audio-Technica AT813a,,,,,,,,,,,,,,,,
AT853Rx,Antares,Microphone,Microphone,Modeled,Modeled,Mic Mod,Audio-Technica AT853Rx,,,,,,,,,,,,,,,,
ATM11,Antares,Microphone,Microphone,Modeled,Modeled,Mic Mod,Audio-Technica ATM11,,,,,,,,,,,,,,,,
ATM25,Antares,Microphone,Microphone,Modeled,Modeled,Mic Mod,Audio-Technica ATM25,,,,,,,,,,,,,,,,
ATM31,Antares,Microphone,Microphone,Modeled,Modeled,Mic Mod,Audio-Technica ATM31,,,,,,,,,,,,,,,,
CX111,Antares,Microphone,Microphone,Modeled,Modeled,Mic Mod,Audix CX111,,,,,,,,,,,,,,,,
D1,Antares,Microphone,Microphone,Modeled,Modeled,Mic Mod,Audix D1,,,,,,,,,,,,,,,,
D4,Antares,Microphone,Microphone,Modeled,Modeled,Mic Mod,Audix D4,,,,,,,,,,,,,,,,
D6 Dynamic,Line 6,Microphone,Microphone,"Modeled, Bass","Bass, Modeled",Helix Native,Audix D6,,,Embedded in Helix Native,,,,,,,,,,,,,
DN-6,Universal Audio,Microphone,Microphone,Modeled,Modeled,Hemisphere,Audix D6,,,Audix D6 TOP,,,,,,,,,,,,,
OM2,Antares,Microphone,Microphone,Modeled,Modeled,Mic Mod,Audix OM2,,,,,,,,,,,,,,,,
OM3-xb,Antares,Microphone,Microphone,Modeled,Modeled,Mic Mod,Audix OM3xb,,,,,,,,,,,,,,,,
OM5,Antares,Microphone,Microphone,Modeled,Modeled,Mic Mod,Audix OM5,,,,,,,,,,,,,,,,
OM6,Antares,Microphone,Microphone,Modeled,Modeled,Mic Mod,Audix OM6,,,,,,,,,,,,,,,,
SCX1,Antares,Microphone,Microphone,Modeled,Modeled,Mic Mod,Audix SCX1,,,,,,,,,,,,,,,,
Avalon VT-737sp,Universal Audio,"Dynamics, EQ, Preamps","Dynamics, EQ, Preamps",Modeled,Modeled,,Avalon Design VT 737sp Channel Strip,,,,,Plugin,"UAD-2, UADx","11.8.1 (UAD-2)
1.0.7 (UADx)",,,,,,,,,
Tube Overdrive,IK Multimedia,Harmonic Coloration,Harmonic Coloration,"Guitar, Modeled, Stomp","Guitar, Modeled, Stomp",Amplitube,B.K. Butler Tube Driver,Joe Satriani Collection,,B.K. Butler Tube Driver ALT (Tone),,,,,,,,,,,,,
Tube Drive,Line 6,Harmonic Coloration,Harmonic Coloration,"Guitar, Modeled, Stomp","Guitar, Modeled, Stomp",Helix Native,B.K. Butler Tube Driver,Legacy,,B.K. Butler Tube Driver DNU,,,,,,,,,,,,,
Valve Driver,Line 6,Harmonic Coloration,Harmonic Coloration,"Guitar, Modeled, Stomp","Guitar, Modeled, Stomp",Helix Native,B.K. Butler Tube Driver,,,B.K. Butler Tube Driver TOP,,,,,,,,,,,,,
Tube Driver,Positive Grid,Harmonic Coloration,Harmonic Coloration,"Guitar, Modeled, Stomp, Deprecated","Deprecated, Guitar, Modeled, Stomp",BIAS FX 2,B.K. Butler Tube Driver,,(Pedal),Deprecated by BIAS X,,,,,,,,,,,,,
TubeKing,Positive Grid,Harmonic Coloration,Harmonic Coloration,"Guitar, Modeled, Stomp","Guitar, Modeled, Stomp",BIAS X,B.K. Butler Tube Driver,,(Pedal - 80' Tube Driver),B.K. Butler Tube Driver ALT (Tone),,,,,,,,,,,,,
Gus G. Tone Asylum,IK Multimedia,Harmonic Coloration,Harmonic Coloration,"Guitar, Modeled, Stomp","Guitar, Modeled, Stomp",TONEX,BBE G-Screamer OG-1,Premium Tone Model (Gus G.),,,,,,,,,,,,,,,
Vibrato,Positive Grid,Modulation,Modulation,"Guitar, Modeled, Stomp","Guitar, Modeled, Stomp",BIAS FX 2,BBE Mind Bender,,(Pedal),,,,,,,,,,,,,,
Opto Comp,Positive Grid,Dynamics,Dynamics,"Guitar, Modeled, Stomp","Guitar, Modeled, Stomp",BIAS FX 2,BBE Opto Stomp,,(Pedal),,,,,,,,,,,,,,
Rotary,Positive Grid,Modulation,Modulation,"Guitar, Modeled, Stomp","Guitar, Modeled, Stomp",BIAS FX 2,BBE Soul-Vibe SV-74,,(Pedal),,,,,,,,,,,,,,
Ultravoice XM8500,Antares,Microphone,Microphone,Modeled,Modeled,Mic Mod,Behringer Ultravoice XM8500,,,,,,,,,,,,,,,,
Cartographer,Line 6,Amp & Cab,Amp & Cab,"Guitar, Modeled","Guitar, Modeled",Helix Native,Ben Adrian Cartographer,,,,,,,,,,,,,,,,
4x12 Cartog C90,Line 6,Amp & Cab,Amp & Cab,"Guitar, Modeled","Guitar, Modeled",Helix Native,Ben Adrian Cartographer ,,4x12 CAB Celestion C90,,,,,,,,,,,,,,
4x12 Cartog Guv,Line 6,Amp & Cab,Amp & Cab,"Guitar, Modeled","Guitar, Modeled",Helix Native,Ben Adrian Cartographer ,,4x12 CAB Eminence Governor,,,,,,,,,,,,,,
KWB,Line 6,Harmonic Coloration,Harmonic Coloration,"Guitar, Modeled, Stomp","Guitar, Modeled, Stomp",Helix Native,Ben Adrian KWB ,,KWB = Kowloon Walled Bunny,,,,,,,,,,,,,,
Ribbon 160,IK Multimedia,Microphone,Microphone,Modeled,Modeled,"Amplitube, MicRoom",Beyerdynamic M160,,,Beyerdynamic M160 ALT (Tone),,,,,,,,,,,,,
160 Ribbon,Line 6,Microphone,Microphone,"Guitar, Modeled","Guitar, Modeled",Helix Native,Beyerdynamic M160,,,Embedded in Helix Native,,,,,,,,,,,,,
Rib-160,Universal Audio,Microphone,Microphone,Modeled,Modeled,Fender Tweed Deluxe,Beyerdynamic M160,,(1960s) vintage model,Embedded in Fender Tweed,TIP --> for classic buttery '60s' tone --> set TONE knob to MAX and fatten it up w/ this MIC in the OFF AXIS position.,,,,,,,,,,,,
RB-160,Universal Audio,Microphone,Microphone,Modeled,Modeled,"Hemisphere, Sphere",Beyerdynamic M160,,,Beyerdynamic M160 TOP,,,,,,,,,,,,,
M-500,Antares,Microphone,Microphone,Modeled,Modeled,Mic Mod,Beyerdynamic M500,,,,,,,,,,,,,,,,
M-500 Limited Edition Classic (Silver),Antares,Microphone,Microphone,Modeled,Modeled,Mic Mod,Beyerdynamic M500,,Limited Edition Classic (Silver),,,,,,,,,,,,,,
DN-88,Universal Audio,Microphone,Microphone,Modeled,Modeled,Hemisphere,Beyerdynamic M88,,,Beyerdynamic M88 TOP,,,,,,,,,,,,,
Coil 88,Waves,Microphone,Microphone,Modeled,Modeled,GTR Amp,Beyerdynamic M88,,,Embedded in GTR ,,,,,,,,,,,,,
88 Dynamic,Line 6,Microphone,Microphone,"Modeled, Bass","Bass, Modeled",Helix Native,Beyerdynamic M88TG,,,,,,,,,,,,,,,,
MC-834,Antares,Microphone,Microphone,Modeled,Modeled,Mic Mod,Beyerdynamic MC834,,,,,,,,,,,,,,,,
Echo Platter,Line 6,Delay,Delay,"Guitar, Modeled, Stomp","Guitar, Modeled, Stomp",Helix Native,Binson Echorec 2 T7E,Legacy,,Binson Echorec 2 T7E ALT (Tone),,,,,,,,,,,,,
EchoreX HD,Positive Grid,Delay,Delay,Modeled,Modeled,BIAS FX 2,Binson Echorec 2 T7E,,(Rack),Deprecated by Bias X,,,,,,,,,,,,,
Magna,Positive Grid,Delay,Delay,Modeled,Modeled,BIAS X,Binson Echorec 2 T7E,,(Rack - Vintage Delay) ,Binson Echorec 2 T7E TOP,,,,,,,,,,,,,
Gus G. Tone Asylum,IK Multimedia,Amp & Cab,Amp & Cab,"Guitar, Modeled","Guitar, Modeled",TONEX,Blackstar Blackfire 200,Premium Tone Model (Gus G.),Blackstar Series One 412,,,,,,,,,,,,,,
Gus G. Tone Asylum,IK Multimedia,"Amp & Cab, Harmonic Coloration, Reverb & Room, Preamps","Amp & Cab, Harmonic Coloration, Preamps, Reverb & Room","Guitar, Modeled, Stomp","Guitar, Modeled, Stomp",TONEX,Blackstar Dept 10 Amped 3,Premium Tone Model (Gus G.),Built In IR 4x12,,,,,,,,,,,,,,
Gus G. Tone Asylum,IK Multimedia,Amp & Cab,Amp & Cab,"Guitar, Modeled","Guitar, Modeled",TONEX,Blackstar HT Metal 5,Premium Tone Model (Gus G.),"Blackbird 50 Custom 4x12 
NOTE: This cab is the emulated 4x12 switch on the HT Metal 5",,,,,,,,,,,,,,
Gus G. Tone Asylum,IK Multimedia,Amp & Cab,Amp & Cab,"Guitar, Modeled","Guitar, Modeled",TONEX,Blackstar St. James,Premium Tone Model (Gus G.),"(50W 6L6 mode)
Blackstar Artisan 412
Blackstar Series One 412
CabRig Output (4x12) [DSP speaker simulation]",,,,,,,,,,,,,,
Blueberry,Antares,Microphone,Microphone,Modeled,Modeled,Mic Mod,Blue Blueberry,,,,,,,,,,,,,,,,
Bluebird,Antares,Microphone,Microphone,Modeled,Modeled,Mic Mod,Blue Bluebird,,,,,,,,,,,,,,,,
Mouse,Antares,Microphone,Microphone,Modeled,Modeled,Mic Mod,Blue Mouse,,,,,,,,,,,,,,,,
The Bottle w/ B6 Capsule,Antares,Microphone,Microphone,Modeled,Modeled,Mic Mod,Blue The Bottle (B6 Capsule),,,,,,,,,,,,,,,,
Pete Thorn 2x12,Universal Audio,Amp & Cab,Amp & Cab,"Guitar, Modeled","Guitar, Modeled",Suhr PT100,Bogner Cube Cab (2x12) M75 Scumback,,2x12 CAB M75 Scumback,,,,,,,,,,,,,,
Bogeyman (Amplitube) ,IK Multimedia,Amp & Cab,Amp & Cab,"Guitar, Modeled","Guitar, Modeled",TONEX,Bogner Ecstasy 101B,"Premium Tone Model
Bogeyman",Marshall 1960A 4x12,Bogner Ecstasy 101B ALT (Tone),,,,,,,,,,,,,
"Hard & Heavy
High-gain Heroes
Bogeyman (Amplitube) ",IK Multimedia,Amp & Cab,Amp & Cab,"Guitar, Modeled","Guitar, Modeled",TONEX,Bogner Ecstasy 101B,"Premium Tone Model
Bogeyman
Hard and Heavy
High-Gain Heroes",Bogner Uberkab 4x12,Bogner Ecstasy 101B ALT (Tone),,,,,,,,,,,,,
"German Xtra Blue
German Xtra Red",Line 6,Amp & Cab,Amp & Cab,"Guitar, Modeled","Guitar, Modeled",Helix Native,Bogner Ecstasy 101B,,,Bogner Ecstasy 101B TOP,,,,,,,,,,,,,
"Power Place
Power Place v2",Positive Grid,Amp & Cab,Amp & Cab,"Deprecated, Guitar, Modeled","Deprecated, Guitar, Modeled",BIAS Amp 2,Bogner Ecstasy 101B,,(Insane) 4x12 Treadplate ,Deprecated by BIAS X,,,,,,,,,,,,,
"Ecstasy 100
Ecstasy 101 V2",Positive Grid,Amp & Cab,Amp & Cab,"Deprecated, Guitar, Modeled","Deprecated, Guitar, Modeled","BIAS Amp 2, BIAS FX 2",Bogner Ecstasy 101B,Legacy Series - HIGH GAIN,(Red Channel) (Metal) 4x12 Green 25s ,Deprecated by BIAS X,,,,,,,,,,,,,
Ecstasy 100,Positive Grid,Amp & Cab,Amp & Cab,"Guitar, Modeled","Guitar, Modeled",BIAS X,Bogner Ecstasy 101B,American-Series - Mid-Gain/Crunch,4x12 Ecstasy 100,Bogner Ecstasy 101B ALT (Tone),,,,,,,,,,,,,
"Hard & Heavy
High-Gain Chug
Bogeyman (Amplitube) ",IK Multimedia,Amp & Cab,Amp & Cab,"Guitar, Modeled","Guitar, Modeled",TONEX,Bogner Ecstasy 3534,"Premium Tone Model
Bogeyman
Hard and Heavy
High-Gain Chug","Marshall 1960AX 4x12
Mesa/Boogie 4x12 Rectifier Standard Straight Cabinet
Orange PPC112
Orange PPC212",,,,,,,,,,,,,,
"Hard & Heavy
Bogeyman (Amplitube) ",IK Multimedia,Amp & Cab,Amp & Cab,"Guitar, Modeled","Guitar, Modeled",TONEX,Bogner Goldfinger 45,"Premium Tone Model
Bogeyman
Hard and Heavy",Marshall 1922 2x12,,,,,,,,,,,,,,
"Hard & Heavy
Bogeyman (Amplitube) ",IK Multimedia,Amp & Cab,Amp & Cab,"Guitar, Modeled","Guitar, Modeled",TONEX,Bogner Shiva,"Premium Tone Model
Bogeyman
Hard and Heavy",M-Tech Audio Cab 212,Bogner Shiva ALT (Tone),,,,,,,,,,,,,
1x12 Lead 80,Line 6,Amp & Cab,Amp & Cab,"Guitar, Modeled","Guitar, Modeled",Helix Native,Bogner Shiva,Legacy,1x12 CAB,,,,,,,,,,,,,,
German Mahadeva,Line 6,Amp & Cab,Amp & Cab,"Guitar, Modeled","Guitar, Modeled",Helix Native,Bogner Shiva,,,Bogner Shiva TOP,,,,,,,,,,,,,
4x12 Uber T75,Line 6,Amp & Cab,Amp & Cab,"Guitar, Modeled","Guitar, Modeled",Helix Native,Bogner Uberkab,,4x12 CAB Celestion G12T-75,,,,,,,,,,,,,,
4x12 Uber V30,Line 6,Amp & Cab,Amp & Cab,"Guitar, Modeled","Guitar, Modeled",Helix Native,Bogner Uberkab,,4x12 CAB Celestion Vintage 30,,,,,,,,,,,,,,
"Metal Gems
Modern Bogeyman (Amplitube) ",IK Multimedia,Amp & Cab,Amp & Cab,"Guitar, Modeled","Guitar, Modeled",TONEX,Bogner Uberschall,"Premium Tone Model (Metal Gems) 
Modern Bogeyman","Johnson J412V (Celestion G12-50GL Lynchback)
Johnson J412V (2 x G12-50GL Lynchback; 2 x Vintage 30)
Johnson J412V (Celestion G12T-75) 
Marshall 1960A 4x12 (Celestion Vintage 30)
Marshall JCM800 4x12 (2 x G12 Greenback; 2x Electro-Voice EVM12L)
Mesa/Boogie 2x12 Horizontal Rectifier Cabinet",Bogner Uberschall ALT (Tone),,,,,,,,,,,,,
German Ubersonic,Line 6,Amp & Cab,Amp & Cab,"Guitar, Modeled","Guitar, Modeled",Helix Native,Bogner Uberschall,,,Bogner Uberschall TOP,,,,,,,,,,,,,
"RB 101B
RB 101B v2",Positive Grid,Amp & Cab,Amp & Cab,"Guitar, Modeled","Guitar, Modeled",BIAS Amp 2,Bogner Uberschall,,(Hi-gain) 4x12 Celestion G12-75s,Bogner Uberschall ALT (Tone),,,,,,,,,,,,,
RB Uber,Positive Grid,Amp & Cab,Amp & Cab,"Guitar, Modeled","Guitar, Modeled",BIAS Amp 2,Bogner Uberschall,,(Insane) 4x12 Celestion G12-75s,Bogner Uberschall ALT (Tone),,,,,,,,,,,,,
Ubershall,Positive Grid,Amp & Cab,Amp & Cab,"Guitar, Modeled","Guitar, Modeled",BIAS Amp 2,Bogner Uberschall,,(Channel 2 only) (Metal) 4x12 G12M Greenbacks,Bogner Uberschall ALT (Tone),,,,,,,,,,,,,
Acoustic Sim,IK Multimedia,Delay,Delay,"Guitar, Modeled, Stomp","Guitar, Modeled, Stomp",Amplitube,Boss AC3 Acoustic Simulator,Amplitube Collection,,,,,,,,,,,,,,,
Auto Wah,Positive Grid,Modulation,Modulation,"Guitar, Modeled, Stomp","Guitar, Modeled, Stomp",BIAS FX 2,Boss AW2 Auto Wah,,(Pedal),,,,,,,,,,,,,,
Blues Wizard,Positive Grid,Harmonic Coloration,Harmonic Coloration,"Guitar, Modeled, Stomp","Guitar, Modeled, Stomp",BIAS FX 2,Boss BD2 Blues Driver,,(Pedal),,,,,,,,,,,,,,
Analog Chorus,IK Multimedia,Modulation,Modulation,"Guitar, Modeled, Stomp, Bass","Bass, Guitar, Modeled, Stomp",Amplitube,Boss CE-1 Chorus Ensemble,"Amplitube Collection
Amplitube SVX",,Boss CE-1 ALT (Tone),,,,,,,,,,,,,
"Chorus-1
Chorus C1 (Mixbox)",IK Multimedia,Modulation,Modulation,"Guitar, Modeled, Stomp","Guitar, Modeled, Stomp","Amplitube, MixBox",Boss CE-1 Chorus Ensemble,Amplitube Collection,,Boss CE-1 ALT (Tone),,,,,,,,,,,,,
70s Chorus,Line 6,Modulation,Modulation,"Guitar, Modeled, Stomp","Guitar, Modeled, Stomp",Helix Native,Boss CE-1 Chorus Ensemble,,,Boss CE-1 TOP,,,,,,,,,,,,,
Analog Chorus,Line 6,Modulation,Modulation,"Guitar, Modeled, Stomp","Guitar, Modeled, Stomp",Helix Native,Boss CE-1 Chorus Ensemble,Legacy,,Boss CE-1 ALT (Tone),,,,,,,,,,,,,
Chorus One,Positive Grid,Modulation,Modulation,"Guitar, Modeled, Stomp, Deprecated","Deprecated, Guitar, Modeled, Stomp",BIAS FX 2,Boss CE-1 Chorus Ensemble,,(Pedal),Deprecated by Bias X,,,,,,,,,,,,,
Aurora,Positive Grid,Modulation,Modulation,"Guitar, Modeled, Stomp","Guitar, Modeled, Stomp",BIAS X,Boss CE-1 Chorus Ensemble,,(Pedal - 70' Chorus) ,Boss CE-1 ALT (Tone),,,,,,,,,,,,,
Brigade Chorus,Universal Audio,Modulation,Modulation,"Guitar, Modeled, Stomp","Guitar, Modeled, Stomp",Paradise Guitar Studio,Boss CE-1 Chorus Ensemble,,,Boss CE-1 TOP,,Plugin,"UAD-2, UADx",11.8.1 (UAD-2) 1.2.16 (UADx),,,,,,,,,
Roland CE-1,Universal Audio,Modulation,Modulation,"Guitar, Modeled, Stomp, Deprecated","Deprecated, Guitar, Modeled, Stomp",,Boss CE-1 Chorus Ensemble,,,Superceded by UAD Brigade Chorus,,Plugin,UAD-2,11.8.1,,,,,,,,,
Chorus,IK Multimedia,Modulation,Modulation,"Guitar, Modeled, Stomp","Guitar, Modeled, Stomp","Amplitube, MixBox",Boss CE-2,Amplitube Collection,,Boss CE-2 ALT (Tone),,,,,,,,,,,,,
Swirl Wave,Positive Grid,Modulation,Modulation,"Guitar, Modeled, Stomp","Guitar, Modeled, Stomp",BIAS X,Boss CE-2,,(Pedal - Vibrato) ,Boss CE-2 TOP,,,,,,,,,,,,,
"Blue Comp
Blue Comp Treb",Line 6,Dynamics,Dynamics,"Guitar, Modeled, Stomp","Guitar, Modeled, Stomp",Helix Native,Boss CS-1 Compression Sustainer,Legacy,Treb version has treble switch enabled,Boss CS-1 TOP,,,,,,,,,,,,,
Blue Comp,Positive Grid,Dynamics,Dynamics,"Guitar, Modeled, Stomp","Guitar, Modeled, Stomp",BIAS FX 2,Boss CS-1 Compression Sustainer,,(Pedal),Boss CS-1 ALT (Tone),,,,,,,,,,,,,
DDelay,IK Multimedia,Delay,Delay,"Guitar, Modeled, Stomp","Guitar, Modeled, Stomp",Amplitube,Boss DD3 Digital Delay,L.A. Rocker Collection,,Boss DD3 ALT (Tone),,,,,,,,,,,,,
Delay,Positive Grid,Delay,Delay,"Guitar, Modeled, Stomp","Guitar, Modeled, Stomp",BIAS FX 2,Boss DD3 Digital Delay,,(Pedal),Deprecated by Bias X,,,,,,,,,,,,,
TimeArc,Positive Grid,Delay,Delay,"Guitar, Modeled, Stomp","Guitar, Modeled, Stomp",BIAS X,Boss DD3 Digital Delay,,(Pedal - Digital Delay),Boss DD3 TOP,,,,,,,,,,,,,
TapDelay,IK Multimedia,Delay,Delay,"Guitar, Modeled, Stomp","Guitar, Modeled, Stomp",Amplitube,Boss DD7 Digital Delay,Amplitube Collection,,,,,,,,,,,,,,,
Feedback,IK Multimedia,Harmonic Coloration,Harmonic Coloration,"Guitar, Modeled, Stomp","Guitar, Modeled, Stomp",Amplitube,Boss DF-2 Super Feedbacker & Distortion,Amplitube Metal,,,,,,,,,,,,,,,
Adriatic Delay,Line 6,Delay,Delay,"Guitar, Modeled, Stomp","Guitar, Modeled, Stomp",Helix Native,Boss DM-2,,,Boss DM-2 TOP (Adrian Mod),"(Adrian Mod) created by Line 6 audio architect Ben Adrian. It extends the original DM-2's maximum 300ms delay time up to 1.8 seconds, while adding, sweet modulation for a more versatile, ""tweakable"" sound.",,,,,,,,,,,,
Analog Echo,Line 6,Delay,Delay,"Guitar, Modeled, Stomp","Guitar, Modeled, Stomp",Helix Native,Boss DM-2,Legacy,,Boss DM-2 ALT (Tone),,,,,,,,,,,,,
Bucket Brigade,Line 6,Delay,Delay,"Guitar, Modeled, Stomp","Guitar, Modeled, Stomp",Helix Native,Boss DM-2,,,Boss DM-2 TOP,,,,,,,,,,,,,
Analog Delay,Positive Grid,Delay,Delay,"Guitar, Modeled, Stomp, Deprecated","Deprecated, Guitar, Modeled, Stomp",BIAS FX 2,Boss DM-3,,(Pedal),Deprecated By Bias X,,,,,,,,,,,,,
TimeFade,Positive Grid,Delay,Delay,"Guitar, Modeled, Stomp","Guitar, Modeled, Stomp",BIAS X,Boss DM-3,,(Pedal - Analog Delay) ,Boss DM-2 ALT (Tone),,,,,,,,,,,,,
Satch Dist,IK Multimedia,Harmonic Coloration,Harmonic Coloration,"Guitar, Modeled, Stomp","Guitar, Modeled, Stomp",Amplitube,Boss DS-1 Distortion,Joe Satriani Collection,,Boss DS-1 ALT (Tone),,,,,,,,,,,,,
X-DRIVE (Orange Setting),IK Multimedia,Harmonic Coloration,Harmonic Coloration,"Guitar, Modeled, Stomp","Guitar, Modeled, Stomp",Amplitube,Boss DS-1 Distortion,X-Gear (X-DRIVE),,Boss DS-1 ALT (Tone),,,,,,,,,,,,,
Distortion,IK Multimedia,Harmonic Coloration,Harmonic Coloration,"Guitar, Modeled, Stomp","Guitar, Modeled, Stomp","Amplitube, MixBox",Boss DS-1 Distortion,Amplitube Metal,,Boss DS-1 ALT (Tone),,,,,,,,,,,,,
Orange Buff,IK Multimedia,Harmonic Coloration,Harmonic Coloration,"Guitar, Modeled, Stomp","Guitar, Modeled, Stomp",TONEX,Boss DS-1 Distortion,Orange Buff,,Boss DS-1 ALT (Tone),,,,,,,,,,,,,
Deez One Mod,Line 6,Harmonic Coloration,Harmonic Coloration,"Guitar, Modeled, Stomp","Guitar, Modeled, Stomp",Helix Native,Boss DS-1 Distortion,,"The Keeley DS-1 Mod (specifically the ""Ultra Mod"" or ""Seeing Eye Mod"") is a popular, early-2000s modification for the Boss DS-1 distortion pedal, replacing stock components with high-quality, low-noise parts (metal film/poly capacitors).  It typically includes a toggle switch for two modes: a ""Seeing Eye"" mode (LED flashes with playing intensity) and an ""Ultra"" mode for a thicker, more Marshall-like, compressed gain.",Boss DS-1 TOP (Keeley Mod),"eliminates harsh, fizzy top-end frequencies while adding significant bass and midrange.",,,,,,,,,,,,
Deez One Vintage,Line 6,Harmonic Coloration,Harmonic Coloration,"Guitar, Modeled, Stomp","Guitar, Modeled, Stomp",Helix Native,Boss DS-1 Distortion,,,Boss DS-1 TOP,,,,,,,,,,,,,
DSONE,Positive Grid,Harmonic Coloration,Harmonic Coloration,"Guitar, Modeled, Stomp","Guitar, Modeled, Stomp",BIAS FX 2,Boss DS-1 Distortion,,(Pedal),Boss DS-1 DNU,,,,,,,,,,,,,
Orange Buff,IK Multimedia,Harmonic Coloration,Harmonic Coloration,"Guitar, Modeled, Stomp","Guitar, Modeled, Stomp",TONEX,Boss DS-2 Turbo Distortion,Orange Buff,Turbo I;  [ See Model ],,,,,,,,,,,,,,
Orange Buff,IK Multimedia,Harmonic Coloration,Harmonic Coloration,"Guitar, Modeled, Stomp","Guitar, Modeled, Stomp",TONEX,Boss DS-2 Turbo Distortion,Orange Buff,Turbo II; [ See Model ],,,,,,,,,,,,,,
63 Spring,Positive Grid,Reverb & Room,Reverb & Room,"Guitar, Modeled, Stomp, Deprecated","Deprecated, Guitar, Modeled, Stomp",BIAS FX 2,Boss FRV-1 Fender Reverb,,(Pedal),Deprecated by Bias X,,,,,,,,,,,,,
Ripple,Positive Grid,Reverb & Room,Reverb & Room,"Guitar, Modeled, Stomp","Guitar, Modeled, Stomp",BIAS X,Boss FRV-1 Fender Reverb,,(Pedal - Spring Reverb),Boss FRV-1 TOP,,,,,,,,,,,,,
Wringer Fuzz,Line 6,Harmonic Coloration,Harmonic Coloration,"Guitar, Modeled, Stomp","Guitar, Modeled, Stomp",Helix Native,Boss FZ-2 Hyper Fuzz,,Garbage's modification,,,,,,,,,,,,,,
Silver Buff,IK Multimedia,Harmonic Coloration,Harmonic Coloration,"Guitar, Modeled, Stomp","Guitar, Modeled, Stomp",TONEX,Boss FZ-5 Fuzz,,MODE Octavia [See Model],,,,,,,,,,,,,,
7 Band Graphic,IK Multimedia,EQ,EQ,"Guitar, Modeled, Stomp","Guitar, Modeled, Stomp",Amplitube,Boss GE-7 Equalizer,Amplitube Collection,,,,,,,,,,,,,,,
Metal Distortion 2,IK Multimedia,Harmonic Coloration,Harmonic Coloration,"Guitar, Modeled, Stomp","Guitar, Modeled, Stomp",Amplitube,Boss HM-2 Heavy Metal,Amplitube Metal,,Boss HM-2 ALT (Tone),,,,,,,,,,,,,
Black Buff,IK Multimedia,Harmonic Coloration,Harmonic Coloration,"Guitar, Modeled, Stomp","Guitar, Modeled, Stomp",TONEX,Boss HM-2 Heavy Metal,Black Buff,,Boss HM-2 ALT (Tone),,,,,,,,,,,,,
Pedals to the Medal,IK Multimedia,Harmonic Coloration,Harmonic Coloration,"Guitar, Modeled, Stomp","Guitar, Modeled, Stomp",TONEX,Boss HM-2 Heavy Metal,"Premium Tone Model
Pedals to the Metal",,Boss HM-2 ALT (Tone),,,,,,,,,,,,,
Swedish Chainsaw,Line 6,Harmonic Coloration,Harmonic Coloration,"Guitar, Modeled, Stomp","Guitar, Modeled, Stomp",Helix Native,Boss HM-2 Heavy Metal,,,Boss HM-2 TOP,,,,,,,,,,,,,
Metal Distortion,IK Multimedia,Harmonic Coloration,Harmonic Coloration,"Guitar, Modeled, Stomp","Guitar, Modeled, Stomp",Amplitube,Boss MT-2 Metal Zone,Amplitube Metal,,Boss MT-2 ALT (Tone),,,,,,,,,,,,,
X-DRIVE (Metal Setting),IK Multimedia,Harmonic Coloration,Harmonic Coloration,"Guitar, Modeled, Stomp","Guitar, Modeled, Stomp",Amplitube,Boss MT-2 Metal Zone,X-Gear (X-DRIVE),,Boss MT-2 ALT (Tone),,,,,,,,,,,,,
Grey Buff,IK Multimedia,Harmonic Coloration,Harmonic Coloration,"Guitar, Modeled, Stomp","Guitar, Modeled, Stomp",TONEX,Boss MT-2 Metal Zone,,,Boss MT-2 TOP,,,,,,,,,,,,,
Pedals to the Medal,IK Multimedia,Harmonic Coloration,Harmonic Coloration,"Guitar, Modeled, Stomp","Guitar, Modeled, Stomp",TONEX,Boss MT-2 Metal Zone,"Premium Tone Model
Pedals to the Metal",,Boss MT-2 TOP,,,,,,,,,,,,,
Heavy Dist,Line 6,Harmonic Coloration,Harmonic Coloration,"Guitar, Modeled, Stomp","Guitar, Modeled, Stomp",Helix Native,Boss MT-2 Metal Zone,Legacy,,Boss MT-2 ALT (Tone),,,,,,,,,,,,,
Killer Z,Line 6,Harmonic Coloration,Harmonic Coloration,"Guitar, Modeled, Stomp","Guitar, Modeled, Stomp",Helix Native,Boss MT-2 Metal Zone,Legacy,,Boss MT-2 ALT (Tone),,,,,,,,,,,,,
Noise Gate,IK Multimedia,Dynamics,Dynamics,"Guitar, Modeled, Stomp","Guitar, Modeled, Stomp",Amplitube,Boss NS-2 Noise Suppressor,Amplitube Collection,,,,,,,,,,,,,,,
SVX-OCT,IK Multimedia,Pitch,Pitch,"Guitar, Modeled, Stomp","Guitar, Modeled, Stomp",Amplitube,Boss OC-2 Octave,Amplitube SVX,,Boss OC-2 ALT (Tone),,,,,,,,,,,,,
Boctaver,Line 6,Pitch,Pitch,"Guitar, Modeled, Stomp","Guitar, Modeled, Stomp",Helix Native,Boss OC-2 Octave,,,Boss OC-2 TOP,,,,,,,,,,,,,
Satch Overdrive,IK Multimedia,Harmonic Coloration,Harmonic Coloration,"Guitar, Modeled, Stomp","Guitar, Modeled, Stomp",Amplitube,Boss OD-1 Overdrive,Joe Satriani Collection, Early '80s Japanese Version,Boss OD-1 TOP,,,,,,,,,,,,,
Yellow Buff,IK Multimedia,Harmonic Coloration,Harmonic Coloration,"Guitar, Modeled, Stomp","Guitar, Modeled, Stomp",TONEX,Boss OD-1 Overdrive,Yellow Buff,,Boss OD-1 TOP,,,,,,,,,,,,,
Vintage Overdrive,Positive Grid,Harmonic Coloration,Harmonic Coloration,"Guitar, Modeled, Stomp","Guitar, Modeled, Stomp",BIAS FX 2,Boss OD-3 OverDrive,,(Pedal),,,,,,,,,,,,,,
Phaser Pro,Positive Grid,Modulation,Modulation,"Guitar, Modeled, Stomp","Guitar, Modeled, Stomp",BIAS FX 2,Boss PH-2 Super Phaser,,(Pedal),,,,,,,,,,,,,,
Tremolo/Autopan,Line 6,Modulation,Modulation,"Guitar, Modeled, Stomp","Guitar, Modeled, Stomp",Helix Native,Boss PN-2 Tremolo/Pan,,,,,,,,,,,,,,,,
EQ4,Positive Grid,EQ,EQ,"Guitar, Modeled, Stomp","Guitar, Modeled, Stomp",BIAS FX 2,Boss PQ-4 Parametric Equalizer,,(Pedal),,,,,,,,,,,,,,
Digital Reverb,Positive Grid,Reverb & Room,Reverb & Room,"Guitar, Modeled, Stomp,  Deprecated"," Deprecated, Guitar, Modeled, Stomp",BIAS FX 2,Boss RV-3 Digital Reverb/Delay,,(Pedal),Deprecated by Bias X,,,,,,,,,,,,,
Luminis,Positive Grid,Reverb & Room,Reverb & Room,"Guitar, Modeled, Stomp","Guitar, Modeled, Stomp",BIAS X,Boss RV-3 Digital Reverb/Delay,,(Pedal - Digital Reverb) ,,,,,,,,,,,,,,
X-DRIVE (Yellow Setting),IK Multimedia,Harmonic Coloration,Harmonic Coloration,"Guitar, Modeled, Stomp","Guitar, Modeled, Stomp",Amplitube,Boss SD-1 Super OverDrive,X-Gear (X-DRIVE),,Boss SD-1 ALT (Tone),,,,,,,,,,,,,
Gus G. Tone Asylum,IK Multimedia,Harmonic Coloration,Harmonic Coloration,"Guitar, Modeled, Stomp","Guitar, Modeled, Stomp",TONEX,Boss SD-1 Super OverDrive,Premium Tone Model (Gus G.),,Boss SD-1 ALT (Tone),,,,,,,,,,,,,
Yellow Buff,IK Multimedia,Harmonic Coloration,Harmonic Coloration,"Guitar, Modeled, Stomp","Guitar, Modeled, Stomp",TONEX,Boss SD-1 Super OverDrive,Yellow Buff,,Boss SD-1 ALT (Tone),,,,,,,,,,,,,
Stupor OD,Line 6,Harmonic Coloration,Harmonic Coloration,"Guitar, Modeled, Stomp","Guitar, Modeled, Stomp",Helix Native,Boss SD-1 Super OverDrive,,,Boss SD-1 TOP,,,,,,,,,,,,,
"Slicer
Step Slicer",IK Multimedia,Modulation,Modulation,"Guitar, Modeled, Stomp","Guitar, Modeled, Stomp","Amplitube, MixBox",Boss SL-20 Slicer,Amplitube Collection,,,,,,,,,,,,,,,
Bubble Vibrato,Line 6,Modulation,Modulation,"Guitar, Modeled, Stomp","Guitar, Modeled, Stomp",Helix Native,Boss VB-2 Vibrato,,,Boss VB-2 TOP,,,,,,,,,,,,,
Pitch Vibrato,Line 6,Modulation,Modulation,"Guitar, Modeled, Stomp","Guitar, Modeled, Stomp",Helix Native,Boss VB-2 Vibrato,Legacy,,Boss VB-2 ALT (Tone),,,,,,,,,,,,,
Valvet,Antares,Microphone,Microphone,Modeled,Modeled,Mic Mod,Brauner Valvet,,,,,,,,,,,,,,,,
VM1,Antares,Microphone,Microphone,Modeled,Modeled,Mic Mod,Brauner VM1,,,Brauner VM1 ALT (Tone),,,,,,,,,,,,,
Tube VM,IK Multimedia,Microphone,Microphone,Modeled,Modeled,"Amplitube, MicRoom",Brauner VM1,,,Brauner VM1 ALT (Tone),,,,,,,,,,,,,
LD-BV1,Universal Audio,Microphone,Microphone,Modeled,Modeled,Sphere,Brauner VM1,,Klaus Heyne Edition.,Brauner VM1 TOP,,,,,,,,,,,,,
Cond VM1,Waves,Microphone,Microphone,Modeled,Modeled,GTR Amp,Brauner VM1,,,Embedded in GTR ,,,,,,,,,,,,,
Red Special,IK Multimedia,Dynamics,Dynamics,"Guitar, Modeled, Stomp","Guitar, Modeled, Stomp",Amplitube,Brian May Red Special,Brian May Collection,based on Brian May's Red Special custom guitar,,,,,,,,,,,,,,
Type 4007,Antares,Microphone,Microphone,Modeled,Modeled,Mic Mod,Bruel & Kjaer Type 4007,,,,,,,,,,,,,,,,
DPR-402,Waves,Dynamics,Dynamics,Modeled,Modeled,,BSS Audio DPR-402,,,,,Plugin,AU,16.7.33,,,,,,,,,
Hyde Street Amp Locker,IK Multimedia,Amp & Cab,Amp & Cab,"Guitar, Modeled","Guitar, Modeled",TONEX,Budda Superdrive 30 Series II,Premium Tone Model (Hyde Street),"2x12 
[Note: model shows 1x12 speaker; but this is a 2x12 combo]",,,,,,,,,,,,,,
C400S,Antares,Microphone,Microphone,Modeled,Modeled,Mic Mod,CAD C400S,,,,,,,,,,,,,,,,
95Ni,Antares,Microphone,Microphone,Modeled,Modeled,Mic Mod,CAD D90,,,,,,,,,,,,,,,,
Equitek E100,Antares,Microphone,Microphone,Modeled,Modeled,Mic Mod,CAD E100,,,,,,,,,,,,,,,,
Equitek E200,Antares,Microphone,Microphone,Modeled,Modeled,Mic Mod,CAD E200,,,,,,,,,,,,,,,,
Equitek E350,Antares,Microphone,Microphone,Modeled,Modeled,Mic Mod,CAD E350,,,,,,,,,,,,,,,,
VSM1,Antares,Microphone,Microphone,Modeled,Modeled,Mic Mod,CAD VSM1,,,,,,,,,,,,,,,,
Booster,IK Multimedia,Harmonic Coloration,Harmonic Coloration,"Guitar, Modeled, Stomp","Guitar, Modeled, Stomp",Amplitube,CAE MC-402  Boost/Overdrive,L.A. Rocker Collection,,,,,,,,,,,,,,,
Capitol Chambers,Universal Audio,Reverb & Room,Reverb & Room,Modeled,Modeled,,Capitol Studios Capital Chambers,,"Dynamic Room Modeling
",,"Chamber 2 (SPEAKER --> Altec 604 Duplex w/ JBL LE-175 horn + JBL Crossover) - rich, low-mid soundfield usig era-spanning custom Capitol Studios component pairing; 
Chamber 4 (SPEAKER --> Altec A7 Voice of the Theatre w/ Altec 802 horn) ""Al's Chamber"" - most in-demand chamber. Original installation movie theatre playback system. Balanced sound and shortest natural decay
Chamber 6 (SPEAKER --> Altec 604 Duplex) original 50s installation w/ vintage hi-fi audio playback speaker system giving warm, long decay
Chamber 7 (SPEAKER --> Tannoy System 8) full range sound and longest / most linear decay. passive coaxial 8"" mid-field speakers of English 80s origin
(see mic models)",Plugin,"UAD-2, UADx","11.8.1 (UAD-2)
1.0.9 (UADx)",,,,,,,,,
Capitol Mastering Compressor,Universal Audio,Dynamics,Dynamics,"Mastering, Modeled","Mastering, Modeled",,Capitol Studios CM5511,,,,,Plugin,UADx,1.1.12,,,,,,,,,
OverDriven Resonance,Positive Grid,Reverb & Room,Reverb & Room,"Guitar, Modeled, Stomp,  Deprecated"," Deprecated, Guitar, Modeled, Stomp",BIAS FX 2,Caroline Meteore Lo-Fi Reverb,,(Pedal),Deprecated in favor of Bias X,,,,,,,,,,,,,
OverReso,Positive Grid,Reverb & Room,Reverb & Room,"Guitar, Modeled, Stomp","Guitar, Modeled, Stomp",BIAS X,Caroline Meteore Lo-Fi Reverb,,(Pedal - Lofi Reverb),,,,,,,,,,,,,,
2x12 V3M,IK Multimedia,Amp & Cab,Amp & Cab,"Guitar, Modeled","Guitar, Modeled",Amplitube,Carvin 212V,Carvin Collection,2x12 CAB,,,,,,,,,,,,,,
CV G12-16,IK Multimedia,Amp & Cab,Amp & Cab,"Guitar, Modeled","Guitar, Modeled",Amplitube,Carvin G12-16,,1x12 CAB (Speaker),,,,,,,,,,,,,,
GTR Amp Neil Citron - Legatron Clean / Crunch,Waves,Amp & Cab,Amp & Cab,"Guitar, Modeled","Guitar, Modeled",GTR Amp,Carvin Legacy V100,,"2 Channels (Clean, Crunch)",,,,,,,,,,,,,,
Legendary Drive,Line 6,Harmonic Coloration,Harmonic Coloration,"Guitar, Modeled, Stomp","Guitar, Modeled, Stomp",Helix Native,Carvin Legacy VLD1,,High Gain (Yellow) channel,,,,,,,,,,,,,,
V3M,IK Multimedia,Amp & Cab,Amp & Cab,"Guitar, Modeled","Guitar, Modeled",Amplitube,Carvin V3M,Carvin Collection,(high-gain),,,,,,,,,,,,,,
Signature Collections Vol 1,IK Multimedia,"Harmonic Coloration, EQ","EQ, Harmonic Coloration","Guitar, Modeled, Stomp","Guitar, Modeled, Stomp",TONEX,Catalinbread Tribute,"Premium Tone Model
Signature Collections Vol. 1",,,,,,,,,,,,,,,
Brit Alnico S,IK Multimedia,Amp & Cab,Amp & Cab,"Guitar, Modeled","Guitar, Modeled",Amplitube,Celestion 100,,1x12 CAB (Speaker),,,,,,,,,,,,,,
A-Type,Positive Grid,Amp & Cab,Amp & Cab,"Guitar, Modeled","Guitar, Modeled","BIAS Amp 2, BIAS FX 2",Celestion A-Type,Celestion - Modern Vintage,"1x12, 2x12, 4x12 CABs",,,,,,,,,,,,,,
1x12 Open Vintage,IK Multimedia,Amp & Cab,Amp & Cab,"Guitar, Modeled","Guitar, Modeled",Amplitube,Celestion Blue,Amplitube Collection,1x12 CAB,,,,,,,,,,,,,,
Celestion Blue,Positive Grid,Amp & Cab,Amp & Cab,"Guitar, Modeled","Guitar, Modeled","BIAS Amp 2, BIAS FX 2",Celestion Blue,Celestion - Classic,"1x12, 2x12, 4x12 CABs",,,,,,,,,,,,,,
Blue Mod,Universal Audio,Amp & Cab,Amp & Cab,"Guitar, Modeled","Guitar, Modeled",Ruby 63 Top Boost,Celestion Blue,,2x12 CAB,,mic'd w/ Shure SM57,,,,,,,,,,,,
Brit Alnico B,IK Multimedia,Amp & Cab,Amp & Cab,"Guitar, Modeled","Guitar, Modeled",Amplitube,Celestion Blue Bulldog,,1x12 CAB (Speaker),,,,,,,,,,,,,,
Blue,Universal Audio,Amp & Cab,Amp & Cab,"Guitar, Modeled","Guitar, Modeled",Ruby 63 Top Boost,Celestion Blue Bulldog,,2x12 CAB,,mic'd w/ Shure SM57,,,,,,,,,,,,
Brit Darkness,IK Multimedia,Amp & Cab,Amp & Cab,"Guitar, Modeled","Guitar, Modeled",Amplitube,Celestion C90,,(Black Shadow - Tuned for Mesa/Boogie) 1x12 CAB (Speaker),,,,,,,,,,,,,,
Brit 80,IK Multimedia,Amp & Cab,Amp & Cab,"Guitar, Modeled","Guitar, Modeled",Amplitube,Celestion Classic Lead 80,,1x12 CAB (Speaker),,,,,,,,,,,,,,
G12-65,Positive Grid,Amp & Cab,Amp & Cab,"Guitar, Modeled","Guitar, Modeled","BIAS Amp 2, BIAS FX 2",Celestion G12-65,Celestion - Classic,"1x12, 2x12, 4x12 CABs",,,,,,,,,,,,,,
D65,Universal Audio,Amp & Cab,Amp & Cab,"Guitar, Modeled","Guitar, Modeled",Lion '68 Super Lead Amp,Celestion G12-65,,4x12 CAB,,mic'd w/ Sennheiser MD 421 + Royer R121. Tight bottom end clarity (good for rock and blues) ,,,,,,,,,,,,
1x12 Celest 12H,Line 6,Amp & Cab,Amp & Cab,"Guitar, Modeled","Guitar, Modeled",Helix Native,Celestion G12H (75),Legacy,1x12 CAB,,,,,,,,,,,,,,
Green,Universal Audio,Amp & Cab,Amp & Cab,"Guitar, Modeled","Guitar, Modeled",Ruby 63 Top Boost,Celestion G12H (75),,2x12 CAB,,mic'd w/ Beyerdynamic M160,,,,,,,,,,,,
GB30,Universal Audio,Amp & Cab,Amp & Cab,"Guitar, Modeled","Guitar, Modeled",Lion '68 Super Lead Amp,Celestion G12H (75),,4x12 CAB Closed back,,mic'd w/ Royer R121 + Shure SM57; Tight bass + good treble definition. Great for distorted classic rock tones. ,,,,,,,,,,,,
4x12 UK GB30,Universal Audio,Amp & Cab,Amp & Cab,"Guitar, Modeled","Guitar, Modeled",Paradise Guitar Studio,Celestion G12H (75),,4x12 CAB Closed back,,mic'd w/ Royer R121 + Shure SM57; Tight bass + good treble definition. Great for distorted classic rock tones. ,,,,,,,,,,,,
2x12 Green Ace,Universal Audio,Amp & Cab,Amp & Cab,"Guitar, Modeled","Guitar, Modeled",Paradise Guitar Studio,Celestion G12H (75),,"2x12 CAB modern British boutique 
[ Matchless DC30; Marshall 2061, Friedman, Orange ]",,"More midrange honk and tamer highs, thicker when used w/ distortion; mic'd w/ Beyerdynamic M160",,,,,,,,,,,,
4x12 Blackback30,Line 6,Amp & Cab,Amp & Cab,"Guitar, Modeled","Guitar, Modeled",Helix Native,Celestion G12H (75) ,,4x12 CAB,,Recorded w/ Park 75 head,,,,,,,,,,,,
Brit Anniversary 1,IK Multimedia,Amp & Cab,Amp & Cab,"Guitar, Modeled","Guitar, Modeled",Amplitube,Celestion G12H Anniversary,,1x12 CAB (Speaker); 8 ohm,,,,,,,,,,,,,,
Brit Anniversary 2,IK Multimedia,Amp & Cab,Amp & Cab,"Guitar, Modeled","Guitar, Modeled",Amplitube,Celestion G12H Anniversary,,1x12 CAB (Speaker); 16 ohm,,,,,,,,,,,,,,
G12H Anniversary,Positive Grid,Amp & Cab,Amp & Cab,"Guitar, Modeled","Guitar, Modeled","BIAS Amp 2, BIAS FX 2",Celestion G12H Anniversary,Celestion - Classic,"1x12, 2x12, 4x12 CABs",,,,,,,,,,,,,,
G12H-150 Redback,Positive Grid,Amp & Cab,Amp & Cab,"Guitar, Modeled","Guitar, Modeled","BIAS Amp 2, BIAS FX 2",Celestion G12H-150 Redback,Celestion - Modern Vintage,"1x12, 2x12, 4x12 CABs",,,,,,,,,,,,,,
G12H-75 Creamback,Positive Grid,Amp & Cab,Amp & Cab,"Guitar, Modeled","Guitar, Modeled","BIAS Amp 2, BIAS FX 2",Celestion G12H-75 Creamback,Celestion - Modern Vintage,"1x12, 2x12, 4x12 CABs",,,,,,,,,,,,,,
Suhr PT 2x12,Universal Audio,Amp & Cab,Amp & Cab,"Guitar, Modeled","Guitar, Modeled","Suhr PT100, Suhr SE100",Celestion G12H-75 Creamback,,2x12 CAB Closed back; 150W,,,,,,,,,,,,,,
Brit 100,IK Multimedia,Amp & Cab,Amp & Cab,"Guitar, Modeled","Guitar, Modeled",Amplitube,Celestion G12K-100,,1x12 CAB (Speaker),,,,,,,,,,,,,,
Brit Green,IK Multimedia,Amp & Cab,Amp & Cab,"Guitar, Modeled","Guitar, Modeled",Amplitube,Celestion G12M Greenback,,1x12 CAB (Speaker),,,,,,,,,,,,,,
Celest G12M25 2x12,Positive Grid,Amp & Cab,Amp & Cab,"Guitar, Modeled","Guitar, Modeled","BIAS Amp 2, BIAS FX 2",Celestion G12M Greenback,Remaster Series - CAB,2x12 CAB,,,,,,,,,,,,,,
GB25,Universal Audio,Amp & Cab,Amp & Cab,"Guitar, Modeled","Guitar, Modeled",Dream '65 Reverb Amp,Celestion G12M Greenback,,1x12 CAB (Speaker),,"Celestion ""bark"" w/ smooth, open midrange of ribbon mic. mic'd by Beyerdynamic M160",,,,,,,,,,,,
1x12,Universal Audio,Amp & Cab,Amp & Cab,"Guitar, Modeled","Guitar, Modeled",Softube Bass Amp Room,Celestion G12M Greenback,,1x12 CAB (Speaker),,mic'd by a Sennheiser MD421,,,,,,,,,,,,
4x12 Green 25s ,Positive Grid,Amp & Cab,Amp & Cab,"Guitar, Modeled","Guitar, Modeled","BIAS Amp 2, BIAS FX 2",Celestion G12M Greenback,Legacy Series - CAB,4x12 CAB,,,,,,,,,,,,,,
G12M Greenback,Positive Grid,Amp & Cab,Amp & Cab,"Guitar, Modeled","Guitar, Modeled","BIAS Amp 2, BIAS FX 2",Celestion G12M Greenback,Celestion - Classic,"1x12, 2x12, 4x12 CABs",,,,,,,,,,,,,,
Green25 2x12,Positive Grid,Amp & Cab,Amp & Cab,"Guitar, Modeled","Guitar, Modeled","BIAS Amp 2, BIAS FX 2",Celestion G12M Greenback,Legacy Series - CAB,2x12 CAB,,,,,,,,,,,,,,
1x12 GB25,Universal Audio,Amp & Cab,Amp & Cab,"Guitar, Modeled","Guitar, Modeled",Paradise Guitar Studio,Celestion G12M Greenback,,1x12 CAB,,"Greenback warmth with clarity, and a nicely balanced high end. Good for thick cleans and punchy overdrive tones. mic'd w/ Beyerdynamic M160",,,,,,,,,,,,
1x12 Open Cream,Line 6,Amp & Cab,Amp & Cab,"Guitar, Modeled","Guitar, Modeled",Helix Native,Celestion G12M-65,,1x12 open back CAB,,,,,,,,,,,,,,
G12M-65 Creamback,Positive Grid,Amp & Cab,Amp & Cab,"Guitar, Modeled","Guitar, Modeled","BIAS Amp 2, BIAS FX 2",Celestion G12M-65,Celestion - Modern Vintage,"1x12, 2x12, 4x12 CABs",,,,,,,,,,,,,,
Brit 75,IK Multimedia,Amp & Cab,Amp & Cab,"Guitar, Modeled","Guitar, Modeled",Amplitube,Celestion G12T-75,,1x12 CAB (Speaker),,,,,,,,,,,,,,
Celest G12T75 4x12,Positive Grid,Amp & Cab,Amp & Cab,"Guitar, Modeled","Guitar, Modeled","BIAS Amp 2, BIAS FX 2",Celestion G12T-75,Remaster Series - CAB,4x12,,,,,,,,,,,,,,
Celest T-75s 4x12,Positive Grid,Amp & Cab,Amp & Cab,"Guitar, Modeled","Guitar, Modeled","BIAS Amp 2, BIAS FX 2",Celestion G12T-75,Legacy Series - CAB,4x12 CAB,,,,,,,,,,,,,,
4x12 MOO)))N T75,Line 6,Amp & Cab,Amp & Cab,"Guitar, Modeled","Guitar, Modeled",Helix Native,Celestion G12T-75 ,,4x12 CAB for Sunn,,,,,,,,,,,,,,
Brit Alnico G,IK Multimedia,Amp & Cab,Amp & Cab,"Guitar, Modeled","Guitar, Modeled",Amplitube,Celestion Gold,,1x12 CAB (Speaker),,,,,,,,,,,,,,
1x12 Gold TR,Universal Audio,Amp & Cab,Amp & Cab,"Guitar, Modeled","Guitar, Modeled",Paradise Guitar Studio,Celestion Gold,,1x12 Boutique CAB [TR might be a Two-Rock style cab],,"Narrower sound, midrange forward, thicker with less high end; mic'd w/ Sennheiser MD421",,,,,,,,,,,,
Neo Creamback,Positive Grid,Amp & Cab,Amp & Cab,"Guitar, Modeled","Guitar, Modeled","BIAS Amp 2, BIAS FX 2",Celestion Neo Creamback,Celestion - Modern Vintage,"1x12, 2x12, 4x12 CABs",,,,,,,,,,,,,,
Silver,Universal Audio,Amp & Cab,Amp & Cab,"Guitar, Modeled","Guitar, Modeled",Ruby 63 Top Boost,Celestion Silver Bulldog,,2x12 CAB,,,,,,,,,,,,,,
Brit Silver,IK Multimedia,Amp & Cab,Amp & Cab,"Guitar, Modeled","Guitar, Modeled",Amplitube,Celestion V12-60,,1x12 CAB (Speaker),,,,,,,,,,,,,,
Brit V1,IK Multimedia,Amp & Cab,Amp & Cab,"Guitar, Modeled","Guitar, Modeled",Amplitube,Celestion Vintage 30,,"1x12 CAB (Speaker); 16 ohm, Mesa/Boogie custom",,,,,,,,,,,,,,
Brit V2,IK Multimedia,Amp & Cab,Amp & Cab,"Guitar, Modeled","Guitar, Modeled",Amplitube,Celestion Vintage 30,,"1x12 CAB (Speaker); 8 ohm, 60W, Mesa/Boogie custom",,,,,,,,,,,,,,
Brit V3,IK Multimedia,Amp & Cab,Amp & Cab,"Guitar, Modeled","Guitar, Modeled",Amplitube,Celestion Vintage 30,,1x12 CAB (Speaker); 70W Marshall custom,,,,,,,,,,,,,,
Brit Vintage 16A,IK Multimedia,Amp & Cab,Amp & Cab,"Guitar, Modeled","Guitar, Modeled",Amplitube,Celestion Vintage 30,,"1x12 CAB (Speaker); 16 ohm, 60W (Chinese manufature) ",,,,,,,,,,,,,,
Brit Vintage 16B,IK Multimedia,Amp & Cab,Amp & Cab,"Guitar, Modeled","Guitar, Modeled",Amplitube,Celestion Vintage 30,,"1x12 CAB (Speaker); 16 ohm, 60W (UK manufature) ",,,,,,,,,,,,,,
Brit Vintage 8,IK Multimedia,Amp & Cab,Amp & Cab,"Guitar, Modeled","Guitar, Modeled",Amplitube,Celestion Vintage 30,,"1x12 CAB (Speaker); 8 ohm, 60W (Chinese manufature) ",,,,,,,,,,,,,,
Celest V-30s 4x12,Positive Grid,Amp & Cab,Amp & Cab,"Guitar, Modeled","Guitar, Modeled","BIAS Amp 2, BIAS FX 2",Celestion Vintage 30,Legacy Series - CAB,4x12 CAB,,,,,,,,,,,,,,
Celest V30 4x12,Positive Grid,Amp & Cab,Amp & Cab,"Guitar, Modeled","Guitar, Modeled","BIAS Amp 2, BIAS FX 2",Celestion Vintage 30,Remaster Series - CAB,4x12,,,,,,,,,,,,,,
Vintage 30,Positive Grid,Amp & Cab,Amp & Cab,"Guitar, Modeled","Guitar, Modeled","BIAS Amp 2, BIAS FX 2",Celestion Vintage 30,Celestion - Classic,"1x12, 2x12, 4x12 CABs",,,,,,,,,,,,,,
"4x12 UK V30
4x12 UK V30 Modern",Universal Audio,Amp & Cab,Amp & Cab,"Guitar, Modeled","Guitar, Modeled",Paradise Guitar Studio,Celestion Vintage 30,,4x12 CAB (UK built),,"- Normal: miked w/ a Sennheiser MD421. Bottom end chunk and fullness. Great for a big lead sound or thick rhythm sounds. 
- Modern: miked w/ an AKG C414 condenser. Standard for modern rock + metal. Tight bottom end and high end punch. If you want a more scooped sound, this is it. ",,,,,,,,,,,,
V30,Universal Audio,Amp & Cab,Amp & Cab,"Guitar, Modeled","Guitar, Modeled",Lion '68 Super Lead Amp,Celestion Vintage 30,,4x12 CAB,,"mic'd w/ AKG C414 (standard for modern rock + metal. Tight bottom end + high end punch) ""Scooped sound"" ",,,,,,,,,,,,
Suhr 4x12,Universal Audio,Amp & Cab,Amp & Cab,"Guitar, Modeled","Guitar, Modeled","Diezel Herbert, Diezel VH4, Suhr SE100",Celestion Vintage 30,,4x12 CAB,,,,,,,,,,,,,,
Chandler GAV19T,Universal Audio,Amp & Cab,Amp & Cab,"Guitar, Modeled","Guitar, Modeled",,Chandler Limited GAV19T,Brainworx (Modeled by) ,,,,Plugin,UAD-2,1.0.3,,,,,,,,,
Chandler Limited Curve Bender,Universal Audio,EQ,EQ,"Mastering, Modeled","Mastering, Modeled",,Chandler Limited TG12345 Curve Bender,Softube / Chandler Limited  (Modeled by),,,,Plugin,UAD-2,2.5.16,,,,,,,,,
Chandler LImited Zener Limiter,Universal Audio,Dynamics,Dynamics,"Mastering, Modeled","Mastering, Modeled",,Chandler Limited TG12413 Zener Limiter,Softube / Chandler Limited  (Modeled by),,,,Plugin,UAD-2,2.5.16,,,,,,,,,
PitchHaze Delay,Positive Grid,"Delay, Modulation, Pitch","Delay, Modulation, Pitch","Guitar, Modeled, Stomp","Guitar, Modeled, Stomp",BIAS FX 2,Chase Bliss Thermae,,(Pedal),Chase Bliss Audio Thermae ALT (Tone),,,,,,,,,,,,,
Pitch Shift Delay,Universal Audio,"Delay, Modulation","Delay, Modulation","Guitar, Modeled, Stomp","Guitar, Modeled, Stomp",Paradise Guitar Studio,Chase Bliss Thermae,,modded,Chase Bliss Audio Thermae TOP,Use at very low mix settings for wildly distorted background sound design-style beds.  ,,,,,,,,,,,,
4038,Antares,Microphone,Microphone,Modeled,Modeled,Mic Mod,Coles 4038,,,Coles 4038 ALT (Tone),,,,,,,,,,,,,
4038 Ribbon,Line 6,Microphone,Microphone,"Guitar, Bass, Modeled","Bass, Guitar, Modeled",Helix Native,Coles 4038,,,Embedded in Helix Native,,,,,,,,,,,,,
RB-4038,Universal Audio,Microphone,Microphone,Modeled,Modeled,Sphere,Coles 4038,,,Coles 4038 TOP,,,,,,,,,,,,,
Colordrive,Line 6,Harmonic Coloration,Harmonic Coloration,"Guitar, Modeled, Stomp","Guitar, Modeled, Stomp",Helix Native,Colorsound Overdriver,Legacy,,,,,,,,,,,,,,,
L6 Drive,Line 6,Harmonic Coloration,Harmonic Coloration,"Guitar, Modeled, Stomp","Guitar, Modeled, Stomp",Helix Native,Colorsound Overdriver,Legacy,modded - unspecified,,,,,,,,,,,,,,
Colorful,Line 6,Modulation,Modulation,"Guitar, Modeled, Stomp","Guitar, Modeled, Stomp",Helix Native,Colorsound Wah-fuzz,,,,,,,,,,,,,,,,
VHS Modulator,Positive Grid,Modulation,Modulation,"Guitar, Modeled, Stomp, Deprecated","Deprecated, Guitar, Modeled, Stomp",BIAS FX 2,Cooper FX Generation Loss V2,,(Pedal),Deprecated by BIAS X,,,,,,,,,,,,,
VHS,Positive Grid,Modulation,Modulation,"Guitar, Modeled, Stomp","Guitar, Modeled, Stomp",BIAS X,Cooper FX Generation Loss V2,,(Pedal - Lofi Modulator) ,,,,,,,,,,,,,,
XR Silver,IK Multimedia,EQ,EQ,"Guitar, Modeled, Stomp","Guitar, Modeled, Stomp",TONEX,Cornish TB-83,,,,,,,,,,,,,,,,
GTR Amp Bass - Directube,Waves,Amp & Cab,Amp & Cab,"Bass, Modeled","Bass, Modeled",GTR Amp,"Countryman Type 85 Direct Box
Telefunken V72",,,,,,,,,,,,,,,,
Spin Cycle,Line 6,Modulation,Modulation,"Guitar, Modeled, Stomp","Guitar, Modeled, Stomp",Helix Native,Craig Anderton Wah/Anti-Wah,Legacy,,,,,,,,,,,,,,,
Gus G. Tone Asylum (Fire & Fury),IK Multimedia,"Amp & Cab, Harmonic Coloration","Amp & Cab, Harmonic Coloration","Guitar, Modeled, Stomp","Guitar, Modeled, Stomp",TONEX,Crazy Tube Circuits Crossfire,Premium Tone Model (Gus G.),Hesu M412BK-B,,,,,,,,,,,,,,
Gus G. Tone Asylum,IK Multimedia,Harmonic Coloration,Harmonic Coloration,"Guitar, Modeled, Stomp","Guitar, Modeled, Stomp",TONEX,Crazy Tube Circuits Speed Demon,Premium Tone Model (Gus G.),,,,,,,,,,,,,,,
Filter-C,IK Multimedia,Modulation,Modulation,"Guitar, Modeled, Stomp","Guitar, Modeled, Stomp","Amplitube, MixBox",Curtis CEM3320,Amplitube Collection,,,,,,,,,,,,,,,
Weeper,Line 6,Modulation,Modulation,"Guitar, Modeled, Stomp","Guitar, Modeled, Stomp",Helix Native,Dallas Arbiter Cry Baby Wah,,,,,,,,,,,,,,,,
"Fuzz Age
Fuzz Age 2",IK Multimedia,Harmonic Coloration,Harmonic Coloration,"Guitar, Modeled, Stomp","Guitar, Modeled, Stomp",Amplitube,Dallas Arbiter Fuzz Face,Electric Gypsy Collection,,Dallas Arbiter Fuzz Face ALT (Tone),,,,,,,,,,,,,
X-DRIVE (Fuzzface Setting),IK Multimedia,Harmonic Coloration,Harmonic Coloration,"Guitar, Modeled, Stomp","Guitar, Modeled, Stomp",Amplitube,Dallas Arbiter Fuzz Face,X-Gear (X-DRIVE),,Dallas Arbiter Fuzz Face ALT (Tone),,,,,,,,,,,,,
Arbitrator Fuzz,Line 6,Harmonic Coloration,Harmonic Coloration,"Guitar, Modeled, Stomp","Guitar, Modeled, Stomp",Helix Native,Dallas Arbiter Fuzz Face,,,Dallas Arbiter Fuzz Face TOP,,,,,,,,,,,,,
Facial Fuzz,Line 6,Harmonic Coloration,Harmonic Coloration,"Guitar, Modeled, Stomp","Guitar, Modeled, Stomp",Helix Native,Dallas Arbiter Fuzz Face,Legacy,,Dallas Arbiter Fuzz Face ALT (Tone),,,,,,,,,,,,,
Deranged Master,Line 6,Harmonic Coloration,Harmonic Coloration,"Guitar, Modeled, Stomp","Guitar, Modeled, Stomp",Helix Native,Dallas Arbiter Rangemaster,,,,,,,,,,,,,,,,
Treble Booster,Positive Grid,Harmonic Coloration,Harmonic Coloration,"Guitar, Modeled, Stomp","Guitar, Modeled, Stomp",BIAS FX 2,Dallas Arbiter RangeMaster,,(Pedal),Deprecated by BIAS X,,,,,,,,,,,,,
Radiance,Positive Grid,Harmonic Coloration,Harmonic Coloration,"Guitar, Modeled, Stomp","Guitar, Modeled, Stomp",BIAS X,Dallas Arbiter RangeMaster,,(Pedal - 60' Treble Boost) ,,,,,,,,,,,,,,
Dangerous BAX EQ Master,Universal Audio,EQ,EQ,"Mastering, Modeled","Mastering, Modeled",,Dangerous Music BAX EQ,Brainworx (Modeled by) ,Stereo Unit (2 Channel),,,Plugin,UAD-2,1.0.1,,,,,,,,,
Dangerous BAX EQ MIx,Universal Audio,EQ,EQ,Modeled,Modeled,,Dangerous Music BAX EQ,Brainworx (Modeled by) ,Single Channel,,,Plugin,UAD-2,1.0.1,,,,,,,,,
Double Black,IK Multimedia,"Harmonic Coloration, EQ, Preamps","EQ, Harmonic Coloration, Preamps","Bass, Modeled, Stomp","Bass, Modeled, Stomp",TONEX,Darkglass Microtubes B7K,Double Black,,,,,,,,,,,,,,,
Obsidian 7000,Line 6,"Harmonic Coloration, EQ, Preamps","EQ, Harmonic Coloration, Preamps","Bass, Modeled, Stomp","Bass, Modeled, Stomp",Helix Native,Darkglass Microtubes B7K Ultra,,,,,,,,,,,,,,,,
Double Black,IK Multimedia,"Harmonic Coloration, EQ, Preamps, Dynamics","Dynamics, EQ, Harmonic Coloration, Preamps","Bass, Modeled, Stomp","Bass, Modeled, Stomp",TONEX,Darkglass Microtubes X Ultra,Double Black,,,,,,,,,,,,,,,
bx_subsynth,Universal Audio,"EQ, Dynamics","Dynamics, EQ",Modeled,Modeled,,dbx 120X Subharmonic Synthesizer,Brainworx (Modeled by) ,,,,Plugin,UAD-2,1.0.1,,,,,,,,,
VC 160,Native Instruments,Dynamics,Dynamics,Modeled,Modeled,Guitar Rig 7,dbx 160 VCA Compressor/Limiter,Softube (Modeled by),,"dbx 160 ALT (Tone)
Embedded in Guitar Rig",,Plugin,"AU, VST3",1.4.11,,,,,,,,,
dbx 160 Compressor,Universal Audio,Dynamics,Dynamics,Modeled,Modeled,,dbx 160 VCA Compressor/Limiter,,,dbx 160 TOP,,Plugin,"UAD-2, UADx",11.8.1 (UAD-2) 1.0.9 (UADx),,,,,,,,,
dbx-160,Waves,Dynamics,Dynamics,Modeled,Modeled,,dbx 160 VCA Compressor/Limiter,,,dbx 160 ALT (Tone),,Plugin,AU,16.7.33,,,,,,,,,
Tremulator,Positive Grid,Modulation,Modulation,"Guitar, Modeled, Stomp","Guitar, Modeled, Stomp",BIAS FX 2,Demeter TRM-1 Tremulator,,(Pedal),,,,,,,,,,,,,,
Diezel 4x12,Universal Audio,Amp & Cab,Amp & Cab,"Guitar, Modeled","Guitar, Modeled","Diezel Herbert, Diezel VH4",Diezel 412FK,,4x12 CAB,,,,,,,,,,,,,,
"Hargen
Insane Hargen",Positive Grid,Amp & Cab,Amp & Cab,"Guitar, Modeled","Guitar, Modeled","BIAS Amp 2, BIAS FX 2",Diezel Hagen,Legacy Series - HIGH GAIN,(Channel 3) (Metal) 4x12 Green 25s ,,,,,,,,,,,,,,
"Metal Gems
Herbie (Amplitube)",IK Multimedia,Amp & Cab,Amp & Cab,"Guitar, Modeled","Guitar, Modeled",TONEX,Diezel Herbert,"Premium Tone Model (Metal Gems) 
Herbie","Johnson J412V (Celestion G12-50GL Lynchback)
Johnson J412V (2 x G12-50GL Lynchback; 2 x Vintage 30)
Johnson J412V (Celestion G12T-75) 
Marshall 1960A 4x12 (Celestion Vintage 30)
Marshall 1960A 4x12 (2 x G12 Greenback; 2x Electro-Voice EVM12L)
Mesa/Boogie 2x12 Horizontal Rectifier Cabinet",Diezel Herbert TOP,,,,,,,,,,,,,
Herbert,Positive Grid,Amp & Cab,Amp & Cab,"Guitar, Modeled","Guitar, Modeled",BIAS Amp 2,Diezel Herbert,,(Insane) 4x12 Thrasher,Diezel Herbert ALT (Tone),,,,,,,,,,,,,
Diezel Herbert,Universal Audio,Amp & Cab,Amp & Cab,"Guitar, Modeled","Guitar, Modeled",,Diezel Herbert,Brainworx (Modeled by) ,,Diezel Herbert ALT (Tone),,Plugin,UAD-2,1.0.1,,,,,,,,,
VHandcraft 4,IK Multimedia,Amp & Cab,Amp & Cab,"Guitar, Modeled","Guitar, Modeled",Amplitube,Diezel VH4,Amplitube Collection,(high-gain),Diezel VH4 ALT (Tone),,,,,,,,,,,,,
"Metal Heads
Gasoline (Amplitube)",IK Multimedia,Amp & Cab,Amp & Cab,"Guitar, Modeled","Guitar, Modeled",TONEX,Diezel VH4,"Premium Tone Model
Gasoline",Engl E412VSB,Diezel VH4 ALT (Tone),,,,,,,,,,,,,
"Das Benzin Lead
Das Benzin Mega",Line 6,Amp & Cab,Amp & Cab,"Guitar, Modeled","Guitar, Modeled",Helix Native,Diezel VH4,,2 Models/Channels (Mega; Lead),Diezel VH4 TOP,,,,,,,,,,,,,
"92 VH4
Monster VH4
Monster VH4 v2",Positive Grid,Amp & Cab,Amp & Cab,"Guitar, Modeled","Guitar, Modeled",BIAS Amp 2,Diezel VH4,Legacy Series - HIGH GAIN, 4x12 OR V-30s,Diezel VH4 ALT (Tone),,,,,,,,,,,,,
VH4,Positive Grid,Amp & Cab,Amp & Cab,"Guitar, Modeled","Guitar, Modeled",BIAS Amp 2,Diezel VH4,,(Channel 3) (Metal) 4x12 G12M Greenbacks,Diezel VH4 ALT (Tone),,,,,,,,,,,,,
Diesel VH4,Positive Grid,Amp & Cab,Amp & Cab,"Guitar, Modeled","Guitar, Modeled",BIAS FX 2,Diezel VH4,Remaster Series - HIGH GAIN,4x12,Diezel VH4 ALT (Tone),,,,,,,,,,,,,
VH-4,Positive Grid,Amp & Cab,Amp & Cab,"Guitar, Modeled","Guitar, Modeled",BIAS X,Diezel VH4,Europe Series - High-Gain/Distortion,2x12 Cab,Diezel VH4 ALT (Tone),,,,,,,,,,,,,
Diezel VH4,Universal Audio,Amp & Cab,Amp & Cab,"Guitar, Modeled","Guitar, Modeled",,Diezel VH4,Brainworx (Modeled by) ,,Diezel VH4 ALT (Tone),,Plugin,UAD-2,1.0.1,,,,,,,,,
Ambient Reverb,Positive Grid,Reverb & Room,Reverb & Room,"Guitar, Modeled, Stomp,  Deprecated"," Deprecated, Guitar, Modeled, Stomp",BIAS FX 2,DigiTech Supernatural Ambient Verb,,(Pedal),Deprecated by BIAS X,,,,,,,,,,,,,
Nebula,Positive Grid,Reverb & Room,Reverb & Room,"Guitar, Modeled, Stomp","Guitar, Modeled, Stomp",BIAS X,DigiTech Supernatural Ambient Verb,,(Pedal - Ambient Reverb),,,,,,,,,,,,,,
Wharmonator,IK Multimedia,Pitch,Pitch,"Guitar, Modeled, Stomp","Guitar, Modeled, Stomp",Amplitube,DigiTech Whammy,Amplitube Metal,,DigiTech Whammy ALT (Tone),,,,,,,,,,,,,
Pitch Wham,Line 6,Pitch,Pitch,"Guitar, Modeled, Stomp","Guitar, Modeled, Stomp",Helix Native,DigiTech Whammy,,,DigiTech Whammy TOP,,,,,,,,,,,,,
Pitch Shifter,Positive Grid,Pitch,Pitch,"Guitar, Modeled, Stomp,  Deprecated"," Deprecated, Guitar, Modeled, Stomp",BIAS FX 2,DigiTech Whammy,,(Pedal),Deprecated by BIAS X,,,,,,,,,,,,,
Pomi,Positive Grid,Pitch,Pitch,"Guitar, Modeled, Stomp","Guitar, Modeled, Stomp",BIAS X,DigiTech Whammy,,(Pedal - Pitch Shifter) ,DigiTech Whammy ALT (Tone),,,,,,,,,,,,,
Pete Thorn 2x12 (open cab) ,Universal Audio,Amp & Cab,Amp & Cab,"Guitar, Modeled","Guitar, Modeled",Suhr PT100,Divided By 13 2x12F,,2x12 CAB Celestion Blue,,,,,,,,,,,,,,
"D13 FTR
FTR37",Positive Grid,Amp & Cab,Amp & Cab,"Guitar, Modeled","Guitar, Modeled","BIAS Amp 2, BIAS FX 2",Divided By 13 FTR 37,Legacy Series - CRUNCH,(Blues) 1x12 Tweed Lux ,,,,,,,,,,,,,,
Divided Duo,Line 6,Amp & Cab,Amp & Cab,"Guitar, Modeled","Guitar, Modeled",Helix Native,Divided By 13 JRT 9/15,,,,,,,,,,,,,,,,
Triad Chorus,IK Multimedia,Modulation,Modulation,Modeled,Modeled,,"DMP TSC-618
Dytronics CS-5 Tri-Stereo Chorus","Softube (Modeled by)
T-Racks",,"DMP TSC-6718 ALT (Tone)
Dytronics CS-5 ALT (Tone)",,Plugin,"AU, VST3",6.3.0,,,,,,,,,
Dytronics Tri-Stereo Chorus,Universal Audio,Modulation,Modulation,Modeled,Modeled,,"DMP TSC-618
Dytronics CS-5 Tri-Stereo Chorus",Softube (Modeled by),,"DMP TSC-6718 TOP
Dytronics CS-5 TOP",,Plugin,UAD-2,2.5.16,,,,,,,,,
XR Black,IK Multimedia,"Harmonic Coloration, EQ","EQ, Harmonic Coloration","Guitar, Modeled, Stomp","Guitar, Modeled, Stomp",TONEX,DOD Boneshaker,,,,,,,,,,,,,,,,
Black Buff,IK Multimedia,Harmonic Coloration,Harmonic Coloration,"Guitar, Modeled, Stomp","Guitar, Modeled, Stomp",TONEX,DOD FX86B Death Metal,Black Buff,,,,,,,,,,,,,,,
Pedals to the Medal,IK Multimedia,Harmonic Coloration,Harmonic Coloration,"Guitar, Modeled, Stomp","Guitar, Modeled, Stomp",TONEX,DOD FX86B Death Metal,"Premium Tone Model
Pedals to the Metal",,,,,,,,,,,,,,,
Overdrive,Line 6,"Harmonic Coloration, Preamps","Harmonic Coloration, Preamps","Guitar, Modeled, Stomp","Guitar, Modeled, Stomp",Helix Native,DOD Overdrive/Preamp 250,Legacy,,DOD Overdrive/Preamp 250 ALT (Tone),,,,,,,,,,,,,
Top Secret OD,Line 6,"Harmonic Coloration, Preamps","Harmonic Coloration, Preamps","Guitar, Modeled, Stomp","Guitar, Modeled, Stomp",Helix Native,DOD Overdrive/Preamp 250,,,DOD Overdrive/Preamp 250 TOP,,,,,,,,,,,,,
4006,Universal Audio,Microphone,Microphone,Modeled,Modeled,Ocean Way Studios,DPA 4006,,,,,,,,,,,,,,,,
"Maz 18
PhD 18",Positive Grid,Amp & Cab,Amp & Cab,"Guitar, Modeled","Guitar, Modeled","BIAS Amp 2, BIAS FX 2",Dr. Z Maz 18,Legacy Series - CRUNCH,(Blues) 1x12 Tweed Lux ,,,,,,,,,,,,,,
1x12 MAZ 18 Jr.,IK Multimedia,Amp & Cab,Amp & Cab,"Guitar, Modeled","Guitar, Modeled",Amplitube,Dr. Z Maz 18 Jr.,Dr. Z Collection,1x12 CAB,,,,,,,,,,,,,,
MAZ 18 Jr,IK Multimedia,Amp & Cab,Amp & Cab,"Guitar, Modeled","Guitar, Modeled",Amplitube,Dr. Z Maz 18 Jr.,Dr. Z Collection,(clean),Dr. Z MAZ 18 Jr ALT (Tone),,,,,,,,,,,,,
TONEX Amp Red (Amplitube) ,IK Multimedia,Amp & Cab,Amp & Cab,"Guitar, Modeled","Guitar, Modeled",TONEX,Dr. Z Maz 18 Jr.,"Premium Tone Model
TONEX Amp Red",1x12 Combo,Dr. Z MAZ 18 Jr TOP,,,,,,,,,,,,,
Interstate Zed,Line 6,Amp & Cab,Amp & Cab,"Guitar, Modeled","Guitar, Modeled",Helix Native,Dr. Z Route 66,,,Dr. Z Route 66 TOP,,,,,,,,,,,,,
"PhDz
PhD Z V2",Positive Grid,Amp & Cab,Amp & Cab,"Guitar, Modeled, Deprecated","Deprecated, Guitar, Modeled","BIAS Amp 2, BIAS FX 2",Dr. Z Route 66,Legacy Series - LOW GAIN,(Blues) 2x12 Black Duo ,Dr. Z Route 66 ALT (Tone),,,,,,,,,,,,,
Route 66,Positive Grid,Amp & Cab,Amp & Cab,"Guitar, Modeled","Guitar, Modeled",BIAS FX 2,Dr. Z Route 66,Boutique Series - Low-Gain/Clean,,Dr. Z Route 66 ALT (Tone),,,,,,,,,,,,,
2x12 Interstate,Line 6,Amp & Cab,Amp & Cab,"Guitar, Modeled","Guitar, Modeled",Helix Native,Dr. Z Z Best,,2x12 CAB Celestion Vintage 30,,,,,,,,,,,,,,
Z Wreck,IK Multimedia,Amp & Cab,Amp & Cab,"Guitar, Modeled","Guitar, Modeled",Amplitube,Dr. Z Z Wreck,Dr. Z Collection,(crunch),Dr. Z Z Wreck ALT (Tone),,,,,,,,,,,,,
TONEX Amp Black (Amplitube),IK Multimedia,Amp & Cab,Amp & Cab,"Guitar, Modeled","Guitar, Modeled",TONEX,Dr. Z Z Wreck,"Premium Tone Model
TONEX Amp Black","Marshall 1960A 4x12
Dr.Z Z Best 2x12",Dr. Z Z Wreck TOP,,,,,,,,,,,,,
"PhD W
Z Wreck",Positive Grid,Amp & Cab,Amp & Cab,"Guitar, Modeled","Guitar, Modeled","BIAS Amp 2, BIAS FX 2",Dr. Z Z Wreck,Legacy Series - LOW GAIN,(Clean) 2x12 Jazz Clean ,Dr. Z Z Wreck ALT (Tone),,,,,,,,,,,,,
2x12 Z Wreck,IK Multimedia,Amp & Cab,Amp & Cab,"Guitar, Modeled","Guitar, Modeled",Amplitube,Dr. Z Z Wreck Cab,Dr. Z Collection,2x12 CAB,,,,,,,,,,,,,,
"PhD Lux
Z-Lux",Positive Grid,Amp & Cab,Amp & Cab,"Guitar, Modeled","Guitar, Modeled","BIAS Amp 2, BIAS FX 2",Dr. Z Z-Lux,Legacy Series - CRUNCH,(Blues) 1x12 Tweed Lux ,,,,,,,,,,,,,,
1x12 JBG125 Deluxe,Universal Audio,Amp & Cab,Amp & Cab,"Guitar, Modeled","Guitar, Modeled",Paradise Guitar Studio,Dumble 1x12 Cabinet,,1x12 JBL D120F; Rare custom cab w/ modified JBL (silk dust cap) ,,Clarity with a sweeter top end than the D120F Delivers; an articulate sound for cleans but with a warmer overall tone; mic'd w/ a Sennheiser MD421,,,,,,,,,,,,
Chrome 2x12,Positive Grid,Amp & Cab,Amp & Cab,"Guitar, Modeled","Guitar, Modeled","BIAS Amp 2, BIAS FX 2",Dumble 2x12 Cabinet,Legacy Series - CAB,2x12 CAB Electro-Voice EVM2L,,,,,,,,,,,,,,
"2x12 Boutique D65
2x12 Boutique D65 Thick
2x12 D65",Universal Audio,Amp & Cab,Amp & Cab,"Guitar, Modeled","Guitar, Modeled",Paradise Guitar Studio,Dumble 2x12 Cabinet,,"2x12 CAB Celestion G12-65s 
used by Robben Ford",,"Regular Version:  Classic California ported combo cab sound (80's Dumble; boutique) great for mildly overdriven sounds and cleans up well; mic'd w/ Shure SM57 + Royer R121
Thick Version: Tight bottom  end and crisp high end clarity, favored by many blues and rock players. (Mixed w/ the 121 louder for a thicker sound) 
Non-Boutique: same as the ""thick verrsion"", but mic'd w/ a Sennheiser 421 instead of the 57",,,,,,,,,,,,
2x12 Boutique D-EV12,Universal Audio,Amp & Cab,Amp & Cab,"Guitar, Modeled","Guitar, Modeled",Paradise Guitar Studio,"Dumble 2x12 Cabinet
",,(1970s) 2x12 CAB front-ported; closed back oversized Electro-Voice EVM12L; ,,"Made for Larry Carlton and heard on several famous recordings. 
Bigger and warmer than its 1x12 cousin. Front port delivers a uniquely vocal midrange quality w/ a narrow frequency range. Great for mild OD, slide and sweet melodies. mic'd w AKG C414",,,,,,,,,,,,
2x12 Brute,Universal Audio,Amp & Cab,Amp & Cab,"Guitar, Modeled","Guitar, Modeled",Paradise Guitar Studio,"Dumble 2x12 Cabinet
",,"(1990s) 2x12 CAB partial open-back Electro-Voice EVM12L
custom made for Robben Ford",,"Round, warm lows, thick and midrange forward, with soft top end. Never strident, even with heaps of gain; mic'd w/ Neumann U67",,,,,,,,,,,,
ODS Legends,IK Multimedia,Amp & Cab,Amp & Cab,"Guitar, Modeled","Guitar, Modeled",TONEX,Dumble ODS 100,Premium Tone Model (Overdrive Special) ,(1983) 2x12 Dumble Cabinet w/  Electro-Voice EVM12L,,,,,,,,,,,,,,
Enigmatic 82,Universal Audio,Amp & Cab,Amp & Cab,"Guitar, Modeled","Guitar, Modeled",Paradise Guitar Studio,"Dumble ODS 100
Dumble ODS 50
Dumble ODS 50 HRM",,,,,,,1.0.4,,,,,,,,,
ODS Legends,IK Multimedia,Amp & Cab,Amp & Cab,"Guitar, Modeled","Guitar, Modeled",TONEX,Dumble ODS 50,Premium Tone Model (Overdrive Special) ,(1979) Dumble 2x12 Cabinet Celestion JB-85,,,,,,,,,,,,,,
ODS Legends,IK Multimedia,Amp & Cab,Amp & Cab,"Guitar, Modeled","Guitar, Modeled",TONEX,Dumble ODS 50,Premium Tone Model (Overdrive Special) ,(1984) Van Weelden Twinkeland 2x12 2017,,,,,,,,,,,,,,
ODS Legends,IK Multimedia,Amp & Cab,Amp & Cab,"Guitar, Modeled","Guitar, Modeled",TONEX,Dumble ODS 50,Premium Tone Model (Overdrive Special) ,"(2004) (Premium Tone Model / Overdrive Special) 
Van Weelden Twinkeland 2x12 2017",,,,,,,,,,,,,,
"Overdrive Special
Dumbell (Amplitube)",IK Multimedia,Amp & Cab,Amp & Cab,"Guitar, Modeled","Guitar, Modeled",TONEX,Dumble ODS 50,"Premium Tone Model
Dumbell","(##0080) 1x12 Combo Celestion JB-85 
[Note: This appears to be modeled after a specific Dumble Combo, but the speakers are from a Fuchs JB-ODS.]",,,,,,,,,,,,,,
Dumble 50,Positive Grid,Amp & Cab,Amp & Cab,"Guitar, Modeled","Guitar, Modeled",BIAS FX 2,Dumble ODS 50,Legacy Series - LOW GAIN,2x12 Combo,,,,,,,,,,,,,,
Dumbel 50,Positive Grid,Amp & Cab,Amp & Cab,"Guitar, Modeled","Guitar, Modeled",BIAS X,Dumble ODS 50,Boutique Series - Low-Gain/Clean, 1x12 Combo,,,,,,,,,,,,,,
ODS 50 BS,Positive Grid,Amp & Cab,Amp & Cab,"Guitar, Modeled","Guitar, Modeled",BIAS Amp 2,Dumble ODS 50 HRM,,(Blues) 1x12 Tweed Lux ,,,,,,,,,,,,,,
ODS 50 CN,Positive Grid,Amp & Cab,Amp & Cab,"Guitar, Modeled","Guitar, Modeled",BIAS Amp 2,Dumble ODS 50 HRM,,(Clean) 2x12 Jazz Clean ,,,,,,,,,,,,,,
"67 Dumble Clean
67 Dumble Clean v2",Positive Grid,Amp & Cab,Amp & Cab,"Guitar, Modeled","Guitar, Modeled","BIAS Amp 2, BIAS FX 2",Dumble Overdrive Special (1967),Legacy Series - LOW GAIN,(Glassy) 2x12 Green 25  ,,,,,,,,,,,,,,
Bass Wah,IK Multimedia,Modulation,Modulation,"Bass, Modeled, Stomp","Bass, Modeled, Stomp",Amplitube,Dunlop 105Q Cry Baby Bass Wah,Amplitube SVX,,Dunlop 105Q Cry Baby Bass Wah  ALT (Tone),,,,,,,,,,,,,
Teardrop Bass Q,Line 6,Modulation,Modulation,"Bass, Modeled, Stomp","Bass, Modeled, Stomp",Helix Native,Dunlop 105Q Cry Baby Bass Wah,,modded,Dunlop 105Q Cry Baby Bass Wah  TOP,,,,,,,,,,,,,
Dime Wah,IK Multimedia,Modulation,Modulation,"Guitar, Modeled, Stomp","Guitar, Modeled, Stomp",Amplitube,Dunlop Cry Baby Classic Wah,Dimebag Darrell - CFH,,,,,,,,,,,,,,,
Teardrop 310,Line 6,Modulation,Modulation,"Guitar, Modeled, Stomp","Guitar, Modeled, Stomp",Helix Native,Dunlop Cry Baby Classic Wah,,,,,,,,,,,,,,,,
Cry Wah,Positive Grid,Modulation,Modulation,"Guitar, Modeled, Stomp","Guitar, Modeled, Stomp",BIAS FX 2,Dunlop Cry Baby Standard Wah,,(Pedal),Deprecated by BIAS X,,,,,,,,,,,,,
ToneCry,Positive Grid,Modulation,Modulation,"Guitar, Modeled, Stomp","Guitar, Modeled, Stomp",BIAS X,Dunlop Cry Baby Standard Wah,,(Pedal - Classic Wah) ,,,,,,,,,,,,,,
May Wah,IK Multimedia,Modulation,Modulation,"Guitar, Modeled, Stomp","Guitar, Modeled, Stomp",Amplitube,Dunlop Cry Baby Wah,Brian May Collection,,Dunlop Cry Baby Wah TOP,,,,,,,,,,,,,
Wah,IK Multimedia,Modulation,Modulation,"Guitar, Modeled, Stomp","Guitar, Modeled, Stomp",Amplitube,Dunlop Cry Baby Wah,Amplitube Collection,,Dunlop Cry Baby Wah TOP,,,,,,,,,,,,,
Fassel,Line 6,"Modulation, Dynamics","Dynamics, Modulation","Guitar, Modeled, Stomp","Guitar, Modeled, Stomp",Helix Native,Dunlop EW-85V Mister Cry Baby Super Volume Wah,,,,,,,,,,,,,,,,
VintageFuzz,Positive Grid,Harmonic Coloration,Harmonic Coloration,"Guitar, Modeled, Stomp, Deprecated","Deprecated, Guitar, Modeled, Stomp",BIAS FX 2,Dunlop Germanium Fuzz Face,,(Pedal),Deprecated by BIAS X,,,,,,,,,,,,,
Red Germanium,Positive Grid,Harmonic Coloration,Harmonic Coloration,"Guitar, Modeled, Stomp","Guitar, Modeled, Stomp",BIAS X,Dunlop Germanium Fuzz Face,,(Pedal - Classic Fuzz) ,Dunlop Germanium Fuzz Face ALT (Tone),,,,,,,,,,,,,
Vintage Fuzz,Universal Audio,Harmonic Coloration,Harmonic Coloration,"Guitar, Modeled, Stomp","Guitar, Modeled, Stomp",Paradise Guitar Studio,Dunlop Germanium Fuzz Face,,,Dunlop Germanium Fuzz Face TOP,"Pair with the Lion Bass model for soaring psychedelic blues tones. For more brightness and clarity, use Lion's Low inputs. ",,,,,,,,,,,,
Teemah!,Line 6,Harmonic Coloration,Harmonic Coloration,"Guitar, Modeled, Stomp","Guitar, Modeled, Stomp",Helix Native,Dunlop Paul Cochrane Timmy,,,,,,,,,,,,,,,,
WahDist,IK Multimedia,Modulation,Modulation,"Guitar, Modeled, Stomp","Guitar, Modeled, Stomp",Amplitube,Dunlop SW95 Slash Signature Wah,L.A. Rocker Collection,,,,,,,,,,,,,,,
Tremolo,Positive Grid,"Modulation, Spatial Imaging","Modulation, Spatial Imaging","Guitar, Modeled, Stomp, Deprecated","Deprecated, Guitar, Modeled, Stomp",BIAS FX 2,Dunlop TS-1 Stereo Tremolo,,(Pedal),Deprecated by BIAS X,,,,,,,,,,,,,
Lumen,Positive Grid,"Modulation, Spatial Imaging","Modulation, Spatial Imaging","Guitar, Modeled, Stomp","Guitar, Modeled, Stomp",BIAS X,Dunlop TS-1 Stereo Tremolo,,(Pedal - Stereo Tremolo),,,,,,,,,,,,,,
TERC,IK Multimedia,Modulation,Modulation,Modeled,Modeled,Amplitube,Dytronics CS-5 Tri-Stereo Chorus,Fulltone Collection,,Dytronics CS-5 ALT (Tone),,,,,,,,,,,,,
Tri Chorus,Line 6,Modulation,Modulation,"Guitar, Modeled","Guitar, Modeled",Helix Native,Dytronics CS-5 Tri-Stereo Chorus,Legacy,,Dytronics CS-5 DNU,,,,,,,,,,,,,
Trinity Chorus,Line 6,Modulation,Modulation,"Guitar, Modeled","Guitar, Modeled",Helix Native,Dytronics CS-5 Tri-Stereo Chorus,,,Dytronics CS-5 TOP,,,,,,,,,,,,,
Dytronics Cyclosonic Panner,Universal Audio,"Modulation, Spatial Imaging","Modulation, Spatial Imaging",Modeled,Modeled,,Dytronics FS-1 Cyclosonic Panner,Softube (Modeled by),,,,Plugin,UAD-2,2.5.16,,,,,,,,,
Pillars,Line 6,Harmonic Coloration,Harmonic Coloration,"Guitar, Modeled, Stomp","Guitar, Modeled, Stomp",Helix Native,Earthquaker Devices Plumes,,,,,,,,,,,,,,,,
PitchHaze Delay,Positive Grid,"Delay, Modulation, Pitch","Delay, Modulation, Pitch","Guitar, Modeled, Stomp","Guitar, Modeled, Stomp",BIAS X,EarthQuaker Devices Rainbow Machine,,(Pedal - Lofi Delay) ,,,,,,,,,,,,,,
Signature Collections Vol 1,IK Multimedia,Harmonic Coloration,Harmonic Coloration,"Guitar, Modeled, Stomp","Guitar, Modeled, Stomp",TONEX,EarthQuaker Devices Sunn O))) LIfe Pedal,"Premium Tone Model
Signature Collections Vol. 1",,EarthQuaker Devices Life Pedal ALT (Tone),,,,,,,,,,,,,
Vital Boost,Line 6,Harmonic Coloration,Harmonic Coloration,"Guitar, Modeled, Stomp","Guitar, Modeled, Stomp",Helix Native,EarthQuaker Devices Sunn O))) LIfe Pedal,,Boost Circuit,EarthQuaker Devices Life Pedal TOP,,,,,,,,,,,,,
Vital Dist,Line 6,Harmonic Coloration,Harmonic Coloration,"Guitar, Modeled, Stomp","Guitar, Modeled, Stomp",Helix Native,EarthQuaker Devices Sunn O))) LIfe Pedal,,Octave/Distortion Circuit,EarthQuaker Devices Life Pedal TOP,,,,,,,,,,,,,
QTC1,Antares,Microphone,Microphone,Modeled,Modeled,Mic Mod,Earthworks QTC1,,,,,,,,,,,,,,,,
TC30K,Antares,Microphone,Microphone,Modeled,Modeled,Mic Mod,Earthworks TC30,,,,,,,,,,,,,,,,
Z30x,Antares,Microphone,Microphone,Modeled,Modeled,Mic Mod,Earthworks Z30X,,,,,,,,,,,,,,,,
Bass Octaver,Line 6,Harmonic Coloration,Harmonic Coloration,"Bass, Modeled, Stomp","Bass, Modeled, Stomp",Helix Native,EBS OctaBass,Legacy,,,,,,,,,,,,,,,
"1x15""",Universal Audio,Amp & Cab,Amp & Cab,"Bass, Modeled","Bass, Modeled",Eden WT800,Eden D115XLT ,,1x15 CAB,,,,,,,,,,,,,,
4x10 Garden,Line 6,Amp & Cab,Amp & Cab,"Guitar, Modeled","Guitar, Modeled",Helix Native,Eden D410XLT,,4x10 CAB,Eden D410XLT TOP,,,,,,,,,,,,,
"4x10""",Universal Audio,Amp & Cab,Amp & Cab,"Bass, Modeled","Bass, Modeled",Eden WT800,Eden D410XLT,,4x10 CAB,Eden D410XLT ALT (Tone),,,,,,,,,,,,,
"Bass E15 15"" + (4x10)""",Waves,Amp & Cab,Amp & Cab,"Bass, Modeled","Bass, Modeled",GTR Amp,Eden EX410SC4,,,,,,,,,,,,,,,,
Eden WT800,Universal Audio,Amp & Cab,Amp & Cab,"Bass, Modeled","Bass, Modeled",,Eden WT800,Softube (Modeled by),,Eden WT800 TOP,,Plugin,UAD-2,2.5.16,,,,,,,,,
GTR Amp Bass - Thunder,Waves,Amp & Cab,Amp & Cab,"Bass, Modeled","Bass, Modeled",GTR Amp,Eden WT800,,,Eden WT800 ALT (Tone),,,,,,,,,,,,,
"W600
WTP 600",Positive Grid,Amp & Cab,Amp & Cab,"Bass, Modeled","Bass, Modeled","BIAS Amp 2, BIAS FX 2",Eden WTP600,Legacy Series - BASS,6x10 Bass Blue ,,,,,,,,,,,,,,
1x6 BM DK,IK Multimedia,Amp & Cab,Amp & Cab,"Guitar, Modeled","Guitar, Modeled",Amplitube,ELAC 6RM/202,Brian May Collection,1x6 CAB,,,,,,,,,,,,,,
Throbber,Line 6,Modulation,Modulation,"Guitar, Modeled","Guitar, Modeled",Helix Native,Electrix Pro Filter Factory,Legacy,,,,,,,,,,,,,,,
BigPig,IK Multimedia,"Harmonic Coloration, Dynamics","Dynamics, Harmonic Coloration","Guitar, Modeled, Stomp","Guitar, Modeled, Stomp",Amplitube,Electro-Harmonix Big Muff Pi,Amplitube Metal,,Electro-Harmonix Big Muff Pi ALT (Tone),,,,,,,,,,,,,
X-DRIVE (Big Fuzz Setting),IK Multimedia,"Harmonic Coloration, Dynamics","Dynamics, Harmonic Coloration","Guitar, Modeled, Stomp","Guitar, Modeled, Stomp",Amplitube,Electro-Harmonix Big Muff Pi,X-Gear (X-DRIVE),,Electro-Harmonix Big Muff Pi ALT (Tone),,,,,,,,,,,,,
Fuzz Pedals,IK Multimedia,"Harmonic Coloration, Dynamics","Dynamics, Harmonic Coloration","Guitar, Modeled, Stomp","Guitar, Modeled, Stomp",TONEX,Electro-Harmonix Big Muff Pi,"Premium Tone Model
Fuzz Pedals",,Electro-Harmonix Big Muff Pi ALT (Tone),,,,,,,,,,,,,
Muff,IK Multimedia,"Harmonic Coloration, Dynamics","Dynamics, Harmonic Coloration","Guitar, Modeled, Stomp","Guitar, Modeled, Stomp",TONEX,Electro-Harmonix Big Muff Pi,Muff,,Electro-Harmonix Big Muff Pi ALT (Tone),,,,,,,,,,,,,
Fuzz Pi,Line 6,"Harmonic Coloration, Dynamics","Dynamics, Harmonic Coloration","Guitar, Modeled, Stomp","Guitar, Modeled, Stomp",Helix Native,Electro-Harmonix Big Muff Pi,Legacy,,Electro-Harmonix Big Muff Pi DNU,,,,,,,,,,,,,
Guitar Muff,Positive Grid,"Harmonic Coloration, Dynamics","Dynamics, Harmonic Coloration","Guitar, Modeled, Stomp, Deprecated","Deprecated, Guitar, Modeled, Stomp",BIAS FX 2,Electro-Harmonix Big Muff Pi,,(Pedal),Deprecated by BIAS X,,,,,,,,,,,,,
Muffin Pie,Positive Grid,"Harmonic Coloration, Dynamics","Dynamics, Harmonic Coloration","Guitar, Modeled, Stomp","Guitar, Modeled, Stomp",BIAS X,Electro-Harmonix Big Muff Pi,,(Pedal - Classic Fuzz) ,Electro-Harmonix Big Muff Pi ALT (Tone),,,,,,,,,,,,,
Big Fuzz,Universal Audio,Harmonic Coloration,Harmonic Coloration,"Guitar, Modeled, Stomp","Guitar, Modeled, Stomp",Paradise Guitar Studio,Electro-Harmonix Big Muff Pi,,,Electro-Harmonix Big Muff Pi TOP,"Super Saturated w/ huge low end and massive sustain. Thick heavy and loose. Bypass tone knob for even more gain + mids. The tone control on these pedals is an unusual ""tilt"" design that increases highs while reducing lows,and vice-versa. This can yield massive tonal changes with small moves. Set low for extremely dark ""in a cave"" tones, or high for AM radio-type effects. 
Pair with Lion's Bass model and the UK GB30 4x12 cab for a huge '90s alternative rock sound. Adjusting the Volume between 11 and 1 o'clock yields a wide range of tones. ",,,,,,,,,,,,
Courtesan Flange,Line 6,Modulation,Modulation,"Guitar, Modeled, Stomp","Guitar, Modeled, Stomp",Helix Native,Electro-Harmonix Deluxe Electric Mistress,,,Electro-Harmonix Deluxe Electric Mistress TOP,,,,,,,,,,,,,
Legendary Flux,Positive Grid,Modulation,Modulation,"Guitar, Modeled, Stomp","Guitar, Modeled, Stomp",BIAS X,Electro-Harmonix Deluxe Electric Mistress,,(Pedal -  Classic Flanger) ,Electro-Harmonix Deluxe Electric Mistress ALT (Tone),,,,,,,,,,,,,
Analog Delay,IK Multimedia,"Delay, Modulation","Delay, Modulation","Bass, Modeled, Stomp","Bass, Modeled, Stomp",Amplitube,Electro-Harmonix Deluxe Memory Man,Amplitube SVX,,Electro-Harmonix Deluxe Memory Man ALT (Tone),,,,,,,,,,,,,
EchoMan,IK Multimedia,"Delay, Modulation","Delay, Modulation","Guitar, Modeled, Stomp","Guitar, Modeled, Stomp",Amplitube,Electro-Harmonix Deluxe Memory Man,Amplitube Collection,,Electro-Harmonix Deluxe Memory Man ALT (Tone),,,,,,,,,,,,,
Analog w/ Mod,Line 6,"Delay, Modulation","Delay, Modulation","Guitar, Modeled, Stomp","Guitar, Modeled, Stomp",Helix Native,Electro-Harmonix Deluxe Memory Man,Legacy,,Electro-Harmonix Deluxe Memory Man DNU,,,,,,,,,,,,,
Elephant Man,Line 6,"Delay, Modulation","Delay, Modulation","Guitar, Modeled, Stomp","Guitar, Modeled, Stomp",Helix Native,Electro-Harmonix Deluxe Memory Man,,,Electro-Harmonix Deluxe Memory Man TOP,,,,,,,,,,,,,
Deluxe Delay,Positive Grid,"Delay, Modulation","Delay, Modulation","Guitar, Modeled, Stomp, Deprecated","Deprecated, Guitar, Modeled, Stomp",BIAS FX 2,Electro-Harmonix Deluxe Memory Man,,(Pedal),Deprecated by BIAS X,,,,,,,,,,,,,
TimeMemory,Positive Grid,"Delay, Modulation","Delay, Modulation","Guitar, Modeled, Stomp","Guitar, Modeled, Stomp",BIAS X,Electro-Harmonix Deluxe Memory Man,,(Pedal - Deluxe Delay) ,Electro-Harmonix Deluxe Memory Man ALT (Tone),,,,,,,,,,,,,
Analog Memory Delay,Universal Audio,"Delay, Modulation","Delay, Modulation","Guitar, Modeled, Stomp","Guitar, Modeled, Stomp",Paradise Guitar Studio,Electro-Harmonix Deluxe Memory Man,,,Electro-Harmonix Deluxe Memory Man ALT (Tone),"Add the preamp to color the dry tone, and use the vibrato and chorus to add texture to repeats.Enable the warm preamp circuit with the Color switch. Set Blend to minimum, and crank up Level to add warmth and gain, when placed in the Pre FX section. Set Color off to add gain only to delayed signals.
Enable Sync for the ultra-famous Dublin dotted eighth delay (1/8D)",,,,,,,,,,,,
Analog Flanger,IK Multimedia,Modulation,Modulation,"Guitar, Modeled, Stomp","Guitar, Modeled, Stomp",Amplitube,Electro-Harmonix Electric Mistress,Amplitube Metal,,Electro-Harmonix Electric Mistress ALT (Tone),,,,,,,,,,,,,
Electric Flanger,IK Multimedia,Modulation,Modulation,"Guitar, Modeled, Stomp","Guitar, Modeled, Stomp","Amplitube, MixBox",Electro-Harmonix Electric Mistress,Amplitube Collection,,Electro-Harmonix Electric Mistress ALT (Tone),,,,,,,,,,,,,
Flanger,Positive Grid,Modulation,Modulation,"Guitar, Modeled, Stomp, Deprecated","Deprecated, Guitar, Modeled, Stomp",BIAS FX 2,Electro-Harmonix Electric Mistress,,(Pedal),Deprecated by BIAS X,,,,,,,,,,,,,
CyberMistress,Positive Grid,Modulation,Modulation,"Guitar, Modeled, Stomp","Guitar, Modeled, Stomp",BIAS X,Electro-Harmonix Electric Mistress,,(Pedal - Flanger) ,Electro-Harmonix Electric Mistress TOP,,,,,,,,,,,,,
Black Fuzz,IK Multimedia,"EQ, Harmonic Coloration","EQ, Harmonic Coloration","Guitar, Modeled, Stomp","Guitar, Modeled, Stomp",TONEX,Electro-Harmonix Graphic Fuzz,Black Fuzz,,Electro-Harmonix Graphic Fuzz TOP,,,,,,,,,,,,,
Fuzz Pedals,IK Multimedia,"EQ, Harmonic Coloration","EQ, Harmonic Coloration","Guitar, Modeled, Stomp","Guitar, Modeled, Stomp",TONEX,Electro-Harmonix Graphic Fuzz,"Premium Tone Model
Fuzz Pedals",,Electro-Harmonix Graphic Fuzz TOP,,,,,,,,,,,,,
Delay,IK Multimedia,Delay,Delay,"Guitar, Modeled, Stomp","Guitar, Modeled, Stomp",Amplitube,Electro-Harmonix Memory Man,Amplitube Collection,,,,,,,,,,,,,,,
Octaver,Positive Grid,Pitch,Pitch,"Guitar, Modeled, Stomp, Deprecated","Deprecated, Guitar, Modeled, Stomp",BIAS FX 2,Electro-Harmonix Micro POG,,(Pedal),Deprecated by BIAS X,,,,,,,,,,,,,
MiniOctet,Positive Grid,Pitch,Pitch,"Guitar, Modeled, Stomp","Guitar, Modeled, Stomp",BIAS X,Electro-Harmonix Micro POG,,(Pedal - Octave Pedal) ,,,,,,,,,,,,,,
Poly Octaver,Positive Grid,Pitch,Pitch,"Guitar, Modeled, Stomp, Deprecated","Deprecated, Guitar, Modeled, Stomp",BIAS FX 2,Electro-Harmonix POG 2,,(Pedal),Deprecated by BIAS X,,,,,,,,,,,,,
Octet,Positive Grid,Pitch,Pitch,"Guitar, Modeled, Stomp","Guitar, Modeled, Stomp",BIAS X,Electro-Harmonix POG 2,,(Pedal - Octave Pedal) ,,,,,,,,,,,,,,
SVX Envelope Filter,IK Multimedia,Modulation,Modulation,"Guitar, Modeled, Stomp","Guitar, Modeled, Stomp",Amplitube,Electro-Harmonix Q-Tron,Amplitube SVX,,Electro-Harmonix Q-Tron TOP,,,,,,,,,,,,,
Envelope Filter,IK Multimedia,Modulation,Modulation,"Guitar, Modeled, Stomp","Guitar, Modeled, Stomp","Amplitube, MixBox",Electro-Harmonix Q-Tron,,,Electro-Harmonix Q-Tron TOP,,,,,,,,,,,,,
Bighorn Fuzz,Line 6,"Harmonic Coloration, Dynamics","Dynamics, Harmonic Coloration","Guitar, Modeled, Stomp","Guitar, Modeled, Stomp",Helix Native,Electro-Harmonix Ram's Head Big Muff Pi,,,,,,,,,,,,,,,,
Rezo,IK Multimedia,Pitch,Pitch,"Guitar, Modeled, Stomp","Guitar, Modeled, Stomp",Amplitube,Electro-Harmonix Ravish,Amplitube Collection,,,,,,,,,,,,,,,
Dark Dove Fuzz,Line 6,"Harmonic Coloration, Dynamics","Dynamics, Harmonic Coloration","Guitar, Modeled, Stomp","Guitar, Modeled, Stomp",Helix Native,Electro-Harmonix Russian Big Muff Pi,,,Electro-Harmonix Russian Big Muff Pi TOP,,,,,,,,,,,,,
Muff,IK Multimedia,"Harmonic Coloration, Dynamics","Dynamics, Harmonic Coloration","Guitar, Modeled, Stomp","Guitar, Modeled, Stomp",TONEX,Electro-Harmonix Russian Big Muff PI ,Muff,,Electro-Harmonix Russian Big Muff Pi ALT (Tone),,,,,,,,,,,,,
Cloner,Positive Grid,Modulation,Modulation,"Guitar, Modeled, Stomp, Deprecated","Deprecated, Guitar, Modeled, Stomp",BIAS FX 2,Electro-Harmonix Small Clone,,(Pedal),Deprecated by BIAS X,,,,,,,,,,,,,
Tide,Positive Grid,Modulation,Modulation,"Guitar, Modeled, Stomp","Guitar, Modeled, Stomp",BIAS X,Electro-Harmonix Small Clone,,(Pedal - Classic Chorus),,,,,,,,,,,,,,
Filter Phaser,IK Multimedia,Modulation,Modulation,"Guitar, Modeled, Stomp","Guitar, Modeled, Stomp","Amplitube, MixBox",Electro-Harmonix Small Stone,Amplitube Collection,,Electro-Harmonix Small Stone ALT (Tone),,,,,,,,,,,,,
Small Phazer,IK Multimedia,Modulation,Modulation,"Guitar, Modeled, Stomp","Guitar, Modeled, Stomp","Amplitube, MixBox",Electro-Harmonix Small Stone,Amplitube Collection,,Electro-Harmonix Small Stone ALT (Tone),,,,,,,,,,,,,
Pebble Phaser,Line 6,Modulation,Modulation,"Guitar, Modeled, Stomp","Guitar, Modeled, Stomp",Helix Native,Electro-Harmonix Small Stone,,,Electro-Harmonix Small Stone TOP,,,,,,,,,,,,,
Space Biscuit,Positive Grid,Modulation,Modulation,"Guitar, Modeled, Stomp","Guitar, Modeled, Stomp",BIAS X,Electro-Harmonix Small Stone,,(Pedal - Classic Phaser) ,Electro-Harmonix Small Stone ALT (Tone),,,,,,,,,,,,,
Reverse Delay,Positive Grid,Delay,Delay,"Guitar, Modeled, Stomp, Deprecated","Deprecated, Guitar, Modeled, Stomp",BIAS FX 2,Electro-Harmonix Stereo Memory Man,,(Pedal),Deprecated by BIAS X,,,,,,,,,,,,,
Esrever,Positive Grid,Delay,Delay,"Guitar, Modeled, Stomp","Guitar, Modeled, Stomp",BIAS X,Electro-Harmonix Stereo Memory Man,,(Pedal - Reverse Delay) ,,,,,,,,,,,,,,
Triangle Fuzz,Line 6,"Harmonic Coloration, Dynamics","Dynamics, Harmonic Coloration","Guitar, Modeled, Stomp","Guitar, Modeled, Stomp",Helix Native,Electro-Harmonix Triangle Big Muff Pi,,,Electro-Harmonix Triangle Big Muff Pi TOP,,,,,,,,,,,,,
Bermuda Triangle,Universal Audio,Harmonic Coloration,Harmonic Coloration,"Modeled, Stomp","Modeled, Stomp",,Electro-Harmonix Triangle Big Muff Pi,,Distortion Essentials,Electro-Harmonix Triangle Big Muff Pi ALT (Tone),,Plugin,UAD-2,11.8.1,,,,,,,,,
Electro-Voice 631,Universal Audio,Microphone,Microphone,Modeled,Modeled,Hitsville Studios,Electro-Voice 631,,,,,,,,,,,,,,,,
635A,Antares,Microphone,Microphone,Modeled,Modeled,Mic Mod,Electro-Voice 635A,,,,,,,,,,,,,,,,
EV Darkness,IK Multimedia,Amp & Cab,Amp & Cab,"Guitar, Modeled","Guitar, Modeled",Amplitube,Electro-Voice EVM12L,,1x12 CAB (Speaker) ,,,,,,,,,,,,,,
1x12 EV12 Classic,Universal Audio,Amp & Cab,Amp & Cab,"Guitar, Modeled","Guitar, Modeled",Paradise Guitar Studio,Electro-Voice EVM12L,,1x12 CAB,,"Focused single speaker, thick and tight bottom, with airy top end. A wonderful, versatile speaker when clean or overdriven; mic'd w/ AKG C414",,,,,,,,,,,,
1x12 EV12 Deluxe,Universal Audio,Amp & Cab,Amp & Cab,"Guitar, Modeled","Guitar, Modeled",Paradise Guitar Studio,Electro-Voice EVM12L,,1x12 CAB,,"Focused single speaker, thick and tight bottom, with airy top end. A wonderful, versatile speaker. HPF disabled for a bit more subsonic punch; mic'd w/ AKG C414",,,,,,,,,,,,
1x12 Open Cast,Line 6,Amp & Cab,Amp & Cab,"Guitar, Modeled","Guitar, Modeled",Helix Native,Electro-Voice EVM12L ,,1x12 open back CAB,,,,,,,,,,,,,,
EV12,Universal Audio,Amp & Cab,Amp & Cab,"Guitar, Modeled","Guitar, Modeled","Dream '65 Reverb Amp, Lion '68 Super Lead Amp",Electro-Voice EVM12L ,,1x12 CAB,,Thick + tight bottom end w/ airy top; mic'd w/ AKG C414,,,,,,,,,,,,
N/D357,Antares,Microphone,Microphone,Modeled,Modeled,Mic Mod,Electro-Voice N/D357,,,,,,,,,,,,,,,,
N/D767A,Antares,Microphone,Microphone,Modeled,Modeled,Mic Mod,Electro-Voice N/D767A,,,,,,,,,,,,,,,,
N/D868,Antares,Microphone,Microphone,Modeled,Modeled,Mic Mod,Electro-Voice N/D868,,,,,,,,,,,,,,,,
DN-4,Universal Audio,Microphone,Microphone,Modeled,Modeled,Hemisphere,Electro-Voice ND46,,,,,,,,,,,,,,,,
PL20,Antares,Microphone,Microphone,Modeled,Modeled,Mic Mod,Electro-Voice PL20,,,,,,,,,,,,,,,,
RE15,Antares,Microphone,Microphone,Modeled,Modeled,Mic Mod,Electro-Voice RE15,,,,,,,,,,,,,,,,
RE16,Antares,Microphone,Microphone,Modeled,Modeled,Mic Mod,Electro-Voice RE16,,,,,,,,,,,,,,,,
Dynamic 20,IK Multimedia,Microphone,Microphone,Modeled,Modeled,"Amplitube, MicRoom",Electro-Voice RE20,,,Electro-Voice RE20 ALT(Tone),,,,,,,,,,,,,
20 Dynamic,Line 6,Microphone,Microphone,Modeled,Modeled,Helix Native,Electro-Voice RE20,Legacy,,Embedded in Helix Native,,,,,,,,,,,,,
Electro-Voice RE20,Universal Audio,Microphone,Microphone,Modeled,Modeled,Eden WT800,Electro-Voice RE20,,,Embedded in Eden WT800,,,,,,,,,,,,,
DN-20,Universal Audio,Microphone,Microphone,Modeled,Modeled,"Hemisphere, Sphere",Electro-Voice RE20,,,Electro-Voice RE20 TOP,,,,,,,,,,,,,
"Dyn
Dyn RE20",Waves,Microphone,Microphone,Modeled,Modeled,GTR Amp,Electro-Voice RE20,,,Embedded in GTR ,,,,,,,,,,,,,
RE50,Universal Audio,Microphone,Microphone,Modeled,Modeled,Sound City Studios,Electro-Voice RE50/B,,,,,,,,,,,,,,,,
RE55,Antares,Microphone,Microphone,Modeled,Modeled,Mic Mod,Electro-Voice RE55,,,,,,,,,,,,,,,,
elysia alpha master,Universal Audio,Dynamics,Dynamics,"Mastering, Modeled, Deprecated","Deprecated, Mastering, Modeled",,Elysia Alpha Compressor,Elysia (Modeled by),mastering (stereo) version; ,superceded by compressor V2,,Plugin,UAD-2,1.9.1,,,,,,,,,
elysia alpha mix,Universal Audio,Dynamics,Dynamics,"Modeled, Deprecated","Deprecated, Modeled",,Elysia Alpha Compressor,Elysia (Modeled by),single channel,superceded by compressor V2,,Plugin,UAD-2,1.9.1,,,,,,,,,
elysia alpha compressor V2,Universal Audio,"Dynamics, EQ","Dynamics, EQ","Mastering, Modeled","Mastering, Modeled",,Elysia Alpha Compressor,Elysia (Modeled by),,Elysia Alpha Compressor TOP,,Plugin,UAD-2,1.14.1,,,,,,,,,
elysia mpressor,Universal Audio,Dynamics,Dynamics,Modeled,Modeled,,Elysia mpressor Creative Compressor,Elysia (Modeled by),,,,Plugin,UAD-2,1.4.1,,,,,,,,,
Abbey Road Reel ADT,Waves,Modulation,Modulation,Modeled,Modeled,,EMI ADT,,single modulation,,,Plugin,AU,16.7.33,,,,,,,,,
Abbey Road Reel ADT Live,Waves,Modulation,Modulation,"Live Sound, Modeled, REMOVE","Live Sound, Modeled, REMOVE",,EMI ADT,,single modulation,,,Plugin,AU,16.7.33,,,,,,,,,
Abbey Road Reel ADT2V,Waves,Modulation,Modulation,Modeled,Modeled,,EMI ADT,,Adds a second ADT Modulation,,,Plugin,AU,16.7.33,,,,,,,,,
Abbey Road Reel ADT2V Live,Waves,Modulation,Modulation,"Live Sound, Modeled, REMOVE","Live Sound, Modeled, REMOVE",,EMI ADT,,Adds a second ADT Modulation,,,Plugin,AU,16.7.33,,,,,,,,,
Abbey Road The King's Microphones,Waves,"Microphone, Container","Container, Microphone",Modeled,Modeled,,"EMI King George V
EMI King George VI
EMI Queen Elizabeth",,,,,Plugin,AU,16.7.33,,,,,,,,,
Abbey Road REDD.17,Waves,Preamps,Preamps,Modeled,Modeled,,EMI REDD.17,,,,,Plugin,AU,16.7.33,,,,,,,,,
Abbey Road REDD.37.51,Waves,Preamps,Preamps,Modeled,Modeled,,"EMI REDD.37
EMI REDD.51",,,,,Plugin,AU,16.7.33,,,,,,,,,
Abbey Road RS124,Waves,Dynamics,Dynamics,Modeled,Modeled,,EMI RS124 Compressor,,,,,Plugin,AU,16.7.33,,,,,,,,,
Abbey Road RS56 Passive EQ,Waves,EQ,EQ,Modeled,Modeled,,EMI RS56 Curve Bender,,,,,Plugin,AU,16.7.33,,,,,,,,,
Abbey Road Chambers,Waves,"Reverb & Room, Delay","Delay, Reverb & Room",Modeled,Modeled,,EMI STEED,,,,,Plugin,AU,16.7.33,,,,,,,,,
Abbey Road Saturator,Waves,"Dynamics, Harmonic Coloration","Dynamics, Harmonic Coloration",Modeled,Modeled,,EMI TG12321 Compander,,,,,Plugin,AU,16.7.33,,,,,,,,,
Abbey Road EMI TG12345,Waves,"Dynamics, EQ, Preamps","Dynamics, EQ, Preamps",Modeled,Modeled,,EMI TG12345 Console,,,EMI TG12345 TOP,,Plugin,AU,16.7.33,,,,,,,,,
NLS Buss,Waves,Harmonic Coloration,Harmonic Coloration,Modeled,Modeled,,"EMI TG12345 Console
Neve 5116
SSL 4000G Channel",,"Mix Bus
Spike Stent SSL 4000G; Mike Hedge EMI TG12345 Mk IV; Yoad Nevo's customized Neve 5116","EMI TG12345 TOP
Neve 5116 TOP 
SSL 4000G Channel TOP",,Plugin,AU,16.7.33,,,,,,,,,
NLS Channel,Waves,Harmonic Coloration,Harmonic Coloration,"Channel Strip, Modeled","Channel Strip, Modeled",,"EMI TG12345 Console
Neve 5116
SSL 4000G Channel",,"Channel Strip
Spike Stent SSL 4000G; Mike Hedge EMI TG12345 Mk IV; Yoad Nevo's customized Neve 5116","EMI TG12345 TOP
Neve 5116 TOP 
SSL 4000G Channel TOP",,Plugin,AU,16.7.33,,,,,,,,,
Abbey Road TG Mastering,Waves,"Dynamics, EQ, Preamps, Spatial Imaging","Dynamics, EQ, Preamps, Spatial Imaging","Mastering, Modeled","Mastering, Modeled",,"EMI TG12410 Transfer Console
EMI TG12411 Input Module
EMI TG12412 Tone Module
EMI TG12413 Limiter Module
EMI TG12414 Filter Module
EMI TG12416 Output Module",,,,,Plugin,AU,16.7.33,,,,,,,,,
Abbey Road TG Mastering Live,Waves,"Dynamics, EQ, Preamps, Spatial Imaging","Dynamics, EQ, Preamps, Spatial Imaging","Live Sound, Modeled, REMOVE","Live Sound, Modeled, REMOVE",,"EMI TG12410 Transfer Console
EMI TG12411 Input Module
EMI TG12412 Tone Module
EMI TG12413 Limiter Module
EMI TG12414 Filter Module
EMI TG12416 Output Module",,,,,Plugin,AU,16.7.33,,,,,,,,,
Ensemble,IK Multimedia,Modulation,Modulation,Modeled,Modeled,MixBox,Eminent Solina/ARP String Ensemble,,Chorus effect only,,,,,,,,,,,,,,
Empiral Labs FATSO Jr,Universal Audio,Harmonic Coloration,Harmonic Coloration,"Modeled, LOW DSP","LOW DSP, Modeled",,Empirical Labs EL7 FATSO,,no sidechain filtering,Empirical Labs EL7 FATSO ALT (no sidechain),,Plugin,UAD-2,11.8.1,,,,,,,,,
Empiral Labs FATSO Sr,Universal Audio,Harmonic Coloration,Harmonic Coloration,Modeled,Modeled,,Empirical Labs EL7 FATSO,,,Empirical Labs EL7 FATSO TOP,,Plugin,UAD-2,11.8.1,,,,,,,,,
Comprexxor,IK Multimedia,Dynamics,Dynamics,Modeled,Modeled,,Empirical Labs EL8 Distressor,T-Racks,,Empirical Labs EL8 Distressor ALT (Tone),,Plugin,"AU, VST3",6.3.0,,,,,,,,,
Empirical Labs Distressor,Universal Audio,Dynamics,Dynamics,Modeled,Modeled,,Empirical Labs EL8 Distressor,,,Empirical Labs EL8 Distressor TOP,,Plugin,"UAD-2, UADx",11.8.1 (UAD-2) 1.0.9 (UADx),,,,,,,,,
Nectar 4 Reverb,iZotope,Reverb & Room,Reverb & Room,"Modeled, Voice","Modeled, Voice",,EMT 140 ST,Nectar Suite,"
Stereo plate reverb w/ saturation. 
(EMT 140 was very classic and common for vocal processing)",EMT 140 ST ALT (Tone),,Plugin,"AU, VST3",4.1.0,,,,,,,,,
Little Plate,Soundtoys,Reverb & Room,Reverb & Room,Modeled,Modeled,,EMT 140 ST,,,EMT 140 ST TOP,,Plugin,"AU, VST3",5.5.4.18982,,,,,,,,,
Plate 140 Reverb,Universal Audio,Reverb & Room,Reverb & Room,"Guitar, Modeled, Stomp","Guitar, Modeled, Stomp",Paradise Guitar Studio,EMT 140 ST,,,Embedded in Paradise Guitar Studio,"Big, dense, and lush metallic reflections, with a smooth decay. Dark, warm, and colored mid-range wash. Add modulation for subtle swirling modulation on the reverb tails. 
Set Decay to 4.0 seconds for a classic album-ready plate reverb.",,,,,,,,,,,,
EMT 140,Universal Audio,Reverb & Room,Reverb & Room,Modeled,Modeled,,EMT 140 ST,,"Specific unit from Plant Studios, Sausalito, CA",EMT 140 ST TOP,,Plugin,UAD-2,11.8.1,,,,,,,,,
Abbey Road Plates,Waves,Reverb & Room,Reverb & Room,Modeled,Modeled,,EMT 140 ST,,Specific unit from Abbey Road,EMT 140 ST TOP,,Plugin,AU,16.7.33,,,,,,,,,
Space Plate,Soundtoys,Reverb & Room,Reverb & Room,Modeled,Modeled,,"EMT 140 ST
EMT 240 Reverb Foil
Lawson The Plate II
Studio Technologies Ecoplate III
Stocktronics RX4000",,"mixed/modeled plate reverb. 5 plate styles (models), 3 analog preamp templates (EMT V54 Tube, EMT 162 solid state, clean),",,,Plugin,"AU, VST3",5.5.4.18982,,,,,,,,,
EMT 250,Universal Audio,"Delay, Modulation, Reverb & Room","Delay, Modulation, Reverb & Room",Modeled,Modeled,,EMT 250 Digital Reverb,,,,,Plugin,UAD-2,11.8.1,,,,,,,,,
Engl PRO 4x12,Universal Audio,Amp & Cab,Amp & Cab,"Guitar, Modeled","Guitar, Modeled",Engl Savage 120,Engl E412VGB,,4x12 CAB,Engl E412VGB TOP,,,,,,,,,,,,,
4x12 E 412 Standard,IK Multimedia,Amp & Cab,Amp & Cab,"Guitar, Modeled","Guitar, Modeled",Amplitube,Engl E412VSB,Engl Collection,4x12 CAB,Engl E412VGB ALT (Tone),,,,,,,,,,,,,
ENG 4x12,Positive Grid,Amp & Cab,Amp & Cab,"Guitar, Modeled","Guitar, Modeled","BIAS Amp 2, BIAS FX 2",Engl E412VSB,Legacy Series - CAB,4x12 CAB,Engl E412VGB ALT (Tone),,,,,,,,,,,,,
Engl Vintage 4x12,Universal Audio,Amp & Cab,Amp & Cab,"Guitar, Modeled","Guitar, Modeled",Engl Savage 120,Engl E412VSB,,4x12 CAB,Engl E412VGB TOP,,,,,,,,,,,,,
Metal Cabinet,Universal Audio,Amp & Cab,Amp & Cab,"Guitar, Modeled","Guitar, Modeled",Softube Metal Amp Room,Engl E412VSB,,4x12 CAB,Engl E412VGB ALT (Tone),,,,,,,,,,,,,
4x12 E 412 PRO XXL,IK Multimedia,Amp & Cab,Amp & Cab,"Guitar, Modeled","Guitar, Modeled",Amplitube,Engl E412XXL,Engl Collection,4x12 CAB,Engl E412XXL ALT (Tone),,,,,,,,,,,,,
4x12 XXL V30,Line 6,Amp & Cab,Amp & Cab,"Guitar, Modeled","Guitar, Modeled",Helix Native,Engl E412XXL,,4x12 CAB,Engl E412XXL TOP,,,,,,,,,,,,,
Engl XXL 4x12,Universal Audio,Amp & Cab,Amp & Cab,"Guitar, Modeled","Guitar, Modeled",Engl Savage 120,Engl E412XXL,,4x12 CAB,Engl E412XXL ALT (Tone),,,,,,,,,,,,,
Engl Savage,Universal Audio,Amp & Cab,Amp & Cab,"Guitar, Modeled","Guitar, Modeled",,Engl E610 Savage 120,Brainworx (Modeled by) ,,,,Plugin,UAD-2,1.0.1,,,,,,,,,
Untamed (Amplitube),IK Multimedia,Amp & Cab,Amp & Cab,"Guitar, Modeled","Guitar, Modeled",TONEX,Engl E635 Fireball 100,"Premium Tone Model
Untamed",Engl E412VSB,Engl E635 Fireball 100 ALT (Tone),,,,,,,,,,,,,
ANGL Meteor,Line 6,Amp & Cab,Amp & Cab,"Guitar, Modeled","Guitar, Modeled",Helix Native,Engl E635 Fireball 100,,,Engl E635 Fireball 100 TOP,,,,,,,,,,,,,
"Fire
Fire v2
German Fire V2",Positive Grid,Amp & Cab,Amp & Cab,"Guitar, Modeled","Guitar, Modeled","BIAS Amp 2, BIAS FX 2",Engl E635 Fireball 100,Legacy Series - HIGH GAIN,(Insane) 4x12 Treadplate ,Engl E635 Fireball 100 ALT (Tone),,,,,,,,,,,,,
"Hard & Heavy
Savag (Amplitube)",IK Multimedia,Amp & Cab,Amp & Cab,"Guitar, Modeled","Guitar, Modeled",TONEX,Engl E642 Invader 100,"Premium Tone Model
Hard and Heavy
Savag",Dragoon 260C8CV,Engl E642 Invader 100 TOP,,,,,,,,,,,,,
Invader,Positive Grid,Amp & Cab,Amp & Cab,"Guitar, Modeled","Guitar, Modeled","BIAS Amp 2, BIAS FX 2",Engl E642 Invader 100,Legacy Series - HIGH GAIN,(Channel 3) (Metal) 4x12 Green 25s ,Engl E642 Invader 100 ALT (Tone),,,,,,,,,,,,,
German 34,IK Multimedia,Amp & Cab,Amp & Cab,"Guitar, Modeled","Guitar, Modeled",Amplitube,Engl E645 Powerball,Amplitube Collection,(high-gain),Engl E645 Powerball ALT (Tone),,,,,,,,,,,,,
Powerball,IK Multimedia,Amp & Cab,Amp & Cab,"Guitar, Modeled","Guitar, Modeled",Amplitube,Engl E645 Powerball,Engl Collection,(high-gain),Engl E645 Powerball ALT (Tone),,,,,,,,,,,,,
Gus G. Tone Asylum,IK Multimedia,Amp & Cab,Amp & Cab,"Guitar, Modeled","Guitar, Modeled",TONEX,Engl E645 Powerball,Premium Tone Model (Gus G.),Blackstar Series One 412,Engl E645 Powerball TOP,,,,,,,,,,,,,
"Hard & Heavy
Untamed (Amplitube)",IK Multimedia,Amp & Cab,Amp & Cab,"Guitar, Modeled","Guitar, Modeled",TONEX,Engl E645 Powerball,"Premium Tone Model
Untamed",Engl E412VSB,Engl E645 Powerball TOP,,,,,,,,,,,,,
Untamed (Amplitube),IK Multimedia,Amp & Cab,Amp & Cab,"Guitar, Modeled","Guitar, Modeled",TONEX,Engl E645 Powerball,"Premium Tone Model
Untamed",Mesa/Boogie 2x12 Horizontal Rectifier Cabinet,Engl E645 Powerball TOP,,,,,,,,,,,,,
Power Ball,Positive Grid,Amp & Cab,Amp & Cab,"Guitar, Modeled","Guitar, Modeled",BIAS Amp 2,Engl E645 Powerball,,"(Channel 4) (Insane)
4x12 Green 25s",Engl E645 Powerball ALT (Tone),,,,,,,,,,,,,
Softube Metal Amp Room,Universal Audio,Amp & Cab,Amp & Cab,"Guitar, Modeled","Guitar, Modeled",,Engl E645 Powerball,Softube (Modeled by),,Engl E645 Powerball ALT (Tone),,Plugin,UAD-2,2.5.16,,,,,,,,,
Untamed (Amplitube),IK Multimedia,Amp & Cab,Amp & Cab,"Guitar, Modeled","Guitar, Modeled",TONEX,Engl E645II Powerball II,"Premium Tone Model
Untamed",Engl E412VSB,,,,,,,,,,,,,,
Engl E646 VS,Universal Audio,Amp & Cab,Amp & Cab,"Guitar, Modeled","Guitar, Modeled",,Engl E646 Victor Smolski Ltd.,Brainworx (Modeled by) ,,,,Plugin,UAD-2,1.2.2,,,,,,,,,
"Hard & Heavy
Savag (Amplitube)",IK Multimedia,Amp & Cab,Amp & Cab,"Guitar, Modeled","Guitar, Modeled",TONEX,Engl E650 (Ritchie Blackmore Signature),"Premium Tone Model
Hard and Heavy
Savag",Engl E412VSB,Engl E650 TOP,,,,,,,,,,,,,
"Black 100
RB100",Positive Grid,Amp & Cab,Amp & Cab,"Guitar, Modeled","Guitar, Modeled","BIAS Amp 2, BIAS FX 2",Engl E650 (Ritchie Blackmore Signature),Legacy Series - HIGH GAIN,(Channel 2) (Insane) 4x12 Green 25s ,Engl E650 ALT (Tone),,,,,,,,,,,,,
E650,IK Multimedia,Amp & Cab,Amp & Cab,"Guitar, Modeled","Guitar, Modeled",Amplitube,Engl E650 (Ritchie Blackmore Signature) ,Engl Collection,,Engl E650 ALT (Tone),,,,,,,,,,,,,
Engl E765 RT,Universal Audio,Amp & Cab,Amp & Cab,"Guitar, Modeled","Guitar, Modeled",,Engl E765 Retro Tube,Brainworx (Modeled by) ,,,,Plugin,UAD-2,1.2.2,,,,,,,,,
1x12 Epicenter,Line 6,Amp & Cab,Amp & Cab,"Guitar, Modeled","Guitar, Modeled",Helix Native,Epifani UL3 112,,1x12 CAB,,,,,,,,,,,,,,
Volume,Positive Grid,Dynamics,Dynamics,"Guitar, Modeled, Stomp, Deprecated","Deprecated, Guitar, Modeled, Stomp",BIAS FX 2,Ernie Ball 250K Mono Volume Pedal,,(Pedal),Deprecated by BIAS X,,,,,,,,,,,,,
Volairis,Positive Grid,Dynamics,Dynamics,"Guitar, Modeled, Stomp","Guitar, Modeled, Stomp",BIAS X,Ernie Ball 250K Mono Volume Pedal,,(Pedal - Volume) ,,,,,,,,,,,,,,
SVX Volume,IK Multimedia,Dynamics,Dynamics,"Bass, Modeled, Stomp","Bass, Modeled, Stomp",Amplitube,Ernie Ball MVP,Amplitube SVX,,Ernie Ball MVP TOP,,,,,,,,,,,,,
Volume,IK Multimedia,Dynamics,Dynamics,"Guitar, Modeled, Stomp","Guitar, Modeled, Stomp",Amplitube,Ernie Ball MVP,Amplitube Collection,,Ernie Ball MVP TOP,,,,,,,,,,,,,
Ballistic Fuzz,Line 6,Harmonic Coloration,Harmonic Coloration,"Guitar, Modeled, Stomp","Guitar, Modeled, Stomp",Helix Native,Euthymia ICBM Fuzz,,,,,,,,,,,,,,Helix Native,,(Legacy) 
Blackhole,Eventide,Reverb & Room,Reverb & Room,Modeled,Modeled,,"Eventide DSP4000 Ultra-Harmonizer
Eventide H8000
Eventide Space",,Reverb preset from multiple Eventide hardware units,,,Plugin,"AU, VST3",3.11.4,,,,,,,,,
UltraReverb,Eventide,Reverb & Room,Reverb & Room,Modeled,Modeled,,"Eventide Eclipse
Eventide Orville",,"9 reverbs (2 halls, 2 chambers, 2 rooms, 2 plates and ambience) w/ EQ, compression, delay. lo-fi bit-reducer for ""vintage digital"" sound",,,Plugin,"AU, VST3",3.11.4,,,,,,,,,
Crystallizer,Soundtoys,"Delay, Modulation, Pitch","Delay, Modulation, Pitch",Modeled,Modeled,,Eventide H3000 Ultra-Harmonizer,,"Granular Echo Synthesizer. 
[ pitch shifting; delay and feedback w/ gating/ducking ]",Eventide H3000 Ultra-Harmonizer ALT (Tone),,Plugin,"AU, VST3",5.5.4.18982,,,,,,,,,
H3000 Band Delays Mk II,Eventide,"Delay, Modulation","Delay, Modulation",Modeled,Modeled,,Eventide H3000 Ultra-Harmonizer,,"8 voices of tempo-based, filtered delays. 
[ Function Generator (LFO) based feedback modulation. LPF, HPF, All-Pass, Band-Pass and Shelving EQ (per-voice) ]",Eventide H3000 Ultra-Harmonizer TOP,,Plugin,"AU, VST3",1.3.4,,,,,,,,,
H3000 Factory Mk II,Eventide,"Delay, Modulation, Pitch","Delay, Modulation, Pitch",Modeled,Modeled,,Eventide H3000 Ultra-Harmonizer,,"18 block effects processor
[ 2 delay, 2 pitch shift, 2 filters, 2 VCA AM modules, 2 envelope modules, 2 LFOs w/ 13 shapes, Noise Generator, Function Generator ]",Eventide H3000 Ultra-Harmonizer TOP,,Plugin,"AU, VST3",1.3.4,,,,,,,,,
Undulator,Eventide,Modulation,Modulation,Modeled,Modeled,,Eventide H3000 Ultra-Harmonizer,,"Modulated tremolo w/ feedback, detune and delay",Eventide H3000 Ultra-Harmonizer TOP,,Plugin,"AU, VST3",1.3.4,,,,,,,,,
Smart Harmony,Line 6,"Delay, Modulation, Pitch, Spatial Imaging","Delay, Modulation, Pitch, Spatial Imaging","Guitar, Modeled, Stomp","Guitar, Modeled, Stomp",Helix Native,Eventide H3000 Ultra-Harmonizer,Legacy,,Embedded in Helix Native,,,,,,,,,,,,,
Twin Harmony,Line 6,"Delay, Modulation, Pitch, Spatial Imaging","Delay, Modulation, Pitch, Spatial Imaging","Guitar, Modeled, Stomp","Guitar, Modeled, Stomp",Helix Native,Eventide H3000 Ultra-Harmonizer,,,Embedded in Helix Native,,,,,,,,,,,,,
H910 Harmonizer,Eventide,"Delay, Modulation, Pitch","Delay, Modulation, Pitch",Modeled,Modeled,,Eventide H910,,single channel,Eventide H910 TOP,,Plugin,"AU, VST3",3.12.4,,,,,,,,,
H910 Dual Harmonizer,Eventide,"Delay, Modulation, Pitch, Spatial Imaging","Delay, Modulation, Pitch, Spatial Imaging",Modeled,Modeled,,Eventide H910,,dual channel,Eventide H910 TOP,,Plugin,"AU, VST3",3.12.4,,,,,,,,,
Eventide H910 Harmonizer,Universal Audio,Pitch,Pitch,Modeled,Modeled,,Eventide H910,Eventide (Modeled by),,Eventide H910 ALT (Tone),,Plugin,UAD-2,1.0.12,,,,,,,,,
H949 Harmonizer,Eventide,"Delay, Modulation, Pitch","Delay, Modulation, Pitch",Modeled,Modeled,,Eventide H949,,single channel,,,Plugin,"AU, VST3",3.12.4,,,,,,,,,
H949 Dual Harmonizer,Eventide,"Delay, Modulation, Pitch, Spatial Imaging","Delay, Modulation, Pitch, Spatial Imaging",Modeled,Modeled,,Eventide H949,,dual channel,,,Plugin,"AU, VST3",3.12.4,,,,,,,,,
Instant Flanger Mk II,Eventide,Modulation,Modulation,Modeled,Modeled,,Eventide Instant Flanger,,,,,Plugin,"AU, VST3",1.8.4,,,,,,,,,
Instant Phaser Mk II,Eventide,Modulation,Modulation,Modeled,Modeled,,Eventide Instant Phaser,,,,,Plugin,"AU, VST3",1.8.4,,,,,,,,,
Omnipressor,Eventide,Dynamics,Dynamics,Modeled,Modeled,,Eventide Omnipressor,,,,,Plugin,"AU, VST3",3.12.4,,,,,,,,,
Harmonator,IK Multimedia,"Delay, Modulation, Pitch, Spatial Imaging","Delay, Modulation, Pitch, Spatial Imaging","Guitar, Stomp, Modeled","Guitar, Modeled, Stomp",Amplitube,Eventide PitchFactor,Amplitube Collection,,,,,,,,,,,,,,,
SP2016 Reverb,Eventide,Reverb & Room,Reverb & Room,Modeled,Modeled,,Eventide SP2016,,"Stereo Room, Room and Hi-Density Plate Eventide Reverb",,,Plugin,"AU, VST3",1.8.5,,,,,,,,,
Blackvalve,Steinberg,Dynamics,Dynamics,Modeled,Modeled,,Fairchild 660 Compressor,Cubase,Loosely modeled,Fairchild 660 ALT (DAW-Built In) ,,Plugin,VST3,,,,,,,,,,
Fairchild 660 Compressor,Universal Audio,Dynamics,Dynamics,Modeled,Modeled,,Fairchild 660 Compressor,,,Fairchild 660 TOP,,Plugin,"UAD-2, UADx","11.8.1 (UAD-2)
1.0.15 (UADx)",,,,,,,,,
PuigChild 660,Waves,Dynamics,Dynamics,Modeled,Modeled,,Fairchild 660 Compressor,Jack Puig,modeled after specific unit; likely customized,Fairchild 660 ALT (Tone) ,,Plugin,AU,16.7.33,,,,,,,,,
"VC-670
Model 670 (AmpliTube / MixBox) ",IK Multimedia,Dynamics,Dynamics,"Mastering, Modeled","Mastering, Modeled","Amplitube, MixBox",Fairchild 670 Limiting Amplifier,"Amplitube Collection
T-Racks",,"Fairchild 670 ALT (Tone)
Embedded in AmpliTube / MixBox; Standalone",,Plugin,"AU, VST3",6.3.0,,,,,,,,,
Ozone 12 Vintage Limiter,iZotope,Dynamics,Dynamics,"Mastering, Modeled","Mastering, Modeled",,Fairchild 670 Limiting Amplifier,Ozone,"(1950s) 3 modes of operation (Analog, Tube, Modern) w/ true peak limiting",Fairchild 670 ALT (Tone),,Plugin,"AU, VST3",12.1.0,,,,,,,,,
Fairchild 670 Legacy,Universal Audio,Dynamics,Dynamics,"Mastering, Modeled, LOW DSP","LOW DSP, Mastering, Modeled",,Fairchild 670 Limiting Amplifier,,,Fairchild 670 ALT (Low DSP),LOW DSP,Plugin,UAD-2,11.8.1,,,,,,,,,
Fairchild 670 Compressor,Universal Audio,Dynamics,Dynamics,"Mastering, Modeled","Mastering, Modeled",,Fairchild 670 Limiting Amplifier,,,Fairchild 670 TOP,,Plugin,UAD-2,"11.8.1 (UAD-2)
1.0.16 (UADx)",,,,,,,,,
PuigChild 670,Waves,Dynamics,Dynamics,"Mastering, Modeled","Mastering, Modeled",,Fairchild 670 Limiting Amplifier,Jack Puig,modeled after specific unit; likely customized,Fairchild 670 ALT (Tone),Unit was likely modified. More pronounced midrange. (Less faithful recreation),Plugin,AU,16.7.33,,,,,,,,,
"Super Amp
Super Amp 1950",Positive Grid,Amp & Cab,Amp & Cab,"Guitar, Modeled","Guitar, Modeled","BIAS Amp 2, BIAS FX 2",Fender '50 Super Amp,Legacy Series - LOW GAIN,(Glassy) 2x12 Black Duo ,,,,,,,,,,,,,,
1x15 53 Bassman,IK Multimedia,Amp & Cab,Amp & Cab,"Guitar, Modeled","Guitar, Modeled",Amplitube,Fender '53 Bassman,Fender Collection,1x15 CAB,,,,,,,,,,,,,,
53 Bassman,IK Multimedia,Amp & Cab,Amp & Cab,"Guitar, Modeled","Guitar, Modeled",Amplitube,Fender '53 Bassman,Fender Collection,(crunch),Fender '53 Bassman ALT (Tone),,,,,,,,,,,,,
"Vintage & Lo-Fi
OG Tweed (Amplitube)",IK Multimedia,Amp & Cab,Amp & Cab,"Guitar, Modeled","Guitar, Modeled",TONEX,Fender '53 Bassman,"Premium Tone Model
OG Tweed
Vintage & Lo-FI",1x15,Fender '53 Bassman TOP,,,,,,,,,,,,,
"Joe Satriani Amp Vault
JS Tweedy LIttle (Amplitube)",IK Multimedia,Amp & Cab,Amp & Cab,"Guitar, Modeled","Guitar, Modeled",TONEX,Fender '53 Tweed Deluxe,"Premium Tone Model (Joe Satriani) 
JS Tweedy Little",1x12,Fender 53 Tweed Deluxe ALT (Tone),,,,,,,,,,,,,
1x12 Tweed JBF120,Universal Audio,Amp & Cab,Amp & Cab,"Guitar, Modeled","Guitar, Modeled",Paradise Guitar Studio,"Fender '53 Tweed Deluxe
Fender '55 Tweed Deluxe",,1x12 CAB JBL D120F,"Fender '53 Tweed Deluxe TOP
Fender '55 Tweed Deluxe TOP","Bright, hi-fi and midrange-y; mic'd w/ AKG C414",,,,,,,,,,,,
1x12 Tweed Blu15,Universal Audio,Amp & Cab,Amp & Cab,"Guitar, Modeled","Guitar, Modeled",Paradise Guitar Studio,"Fender '53 Tweed Deluxe
Fender '55 Tweed Deluxe",,1x12 CAB Celestion Blue,"Fender '53 Tweed Deluxe TOP
Fender '55 Tweed Deluxe TOP",Darker than the stock Jensen P12R; mic'd w/ Neumann U67,,,,,,,,,,,,
1x12 Tweed GB25,Universal Audio,Amp & Cab,Amp & Cab,"Guitar, Modeled","Guitar, Modeled",Paradise Guitar Studio,"Fender '53 Tweed Deluxe
Fender '55 Tweed Deluxe",,1x12 CAB Celestion G25M Greenback ,"Fender '53 Tweed Deluxe TOP
Fender '55 Tweed Deluxe TOP","Modern and thick w/ a clear high end, fuller w/ distortion pedals or higher gain; mic'd w/ Shure SM57",,,,,,,,,,,,
1x12 Tweed JP12,Universal Audio,Amp & Cab,Amp & Cab,"Guitar, Modeled","Guitar, Modeled",Paradise Guitar Studio,"Fender '53 Tweed Deluxe
Fender '55 Tweed Deluxe",,1x12 CAB,"Fender '53 Tweed Deluxe TOP
Fender '55 Tweed Deluxe TOP",thinner and less aggressive side; mic'd w/ Shure SM57,,,,,,,,,,,,
"59 Tweed Lux V2
Tweed Lux
Tweed Lux v2
Tweed Lux 1x12 (Cab)",Positive Grid,Amp & Cab,Amp & Cab,"Guitar, Modeled","Guitar, Modeled","BIAS Amp 2, BIAS FX 2",Fender '55 Tweed Deluxe,Legacy Series - LOW GAIN,(Blues) 1x12 Tweed Lux,Fender '55 Tweed Deluxe ALT (Tone),,,,,,,,,,,,,
"Fender 55 Tweed Deluxe
Woodrow 55 Instrument Amp",Universal Audio,Amp & Cab,Amp & Cab,"Guitar, Modeled","Guitar, Modeled",Paradise Guitar Studio,Fender '55 Tweed Deluxe,,,"Fender '55 Tweed Deluxe TOP
Standalone; Embedded in Paradise Guitar Studio",,Plugin,"UAD-2, UADx",11.8.1(UAD-2); 1.0.4 (UADx),,,,,,,,,
57 Bandmaster,IK Multimedia,Amp & Cab,Amp & Cab,"Guitar, Modeled","Guitar, Modeled",Amplitube,Fender '57 Bandmaster,Fender Collection,(crunch),Fender '57 Bandmaster ALT (Tone),,,,,,,,,,,,,
"Tweed 2
Big Tweed (Amplitube)",IK Multimedia,Amp & Cab,Amp & Cab,"Guitar, Modeled","Guitar, Modeled",TONEX,Fender '57 Bandmaster,"Premium Tone Model
Big Tweed
Tweed 2",3x10,Fender '57 Bandmaster TOP,,,,,,,,,,,,,
3x10 57 Bandmaster,IK Multimedia,Amp & Cab,Amp & Cab,"Guitar, Modeled","Guitar, Modeled",Amplitube,Fender '57 Bandmaster,Fender Collection,3x10 CAB,,,,,,,,,,,,,,
57 Champ,IK Multimedia,Amp & Cab,Amp & Cab,"Guitar, Modeled","Guitar, Modeled",Amplitube,Fender '57 Champ,Fender Collection,(clean) 1x8,Fender '57 Champ ALT (Tone),,,,,,,,,,,,,
US Small Tweed,Line 6,Amp & Cab,Amp & Cab,"Guitar, Modeled","Guitar, Modeled",Helix Native,Fender '57 Champ,,,Fender '57 Champ TOP,,,,,,,,,,,,,
"Hyde Street Amp Locker
Silver (Amplitube)",IK Multimedia,Amp & Cab,Amp & Cab,"Guitar, Modeled","Guitar, Modeled",TONEX,Fender '57 Champ,Premium Tone Model (Hyde Street),1x10,,,,,,,,,,,,,,
1x8 57 Custom Champ,IK Multimedia,Amp & Cab,Amp & Cab,"Guitar, Modeled","Guitar, Modeled",Amplitube,Fender '57 Custom Champ,Fender Collection,1x8 CAB,,,,,,,,,,,,,,
57 Custom Champ,IK Multimedia,Amp & Cab,Amp & Cab,"Guitar, Modeled","Guitar, Modeled",Amplitube,Fender '57 Custom Champ,Fender Collection,(crunch),,,,,,,,,,,,,,
1x12 57 Custom Deluxe,IK Multimedia,Amp & Cab,Amp & Cab,"Guitar, Modeled","Guitar, Modeled",Amplitube,Fender '57 Custom Deluxe,Fender Collection,1x12 CAB,,,,,,,,,,,,,,
57 Custom Deluxe,IK Multimedia,Amp & Cab,Amp & Cab,"Guitar, Modeled","Guitar, Modeled",Amplitube,Fender '57 Custom Deluxe,Fender Collection,(crunch),Fender '57 Custom Deluxe ALT (Tone),,,,,,,,,,,,,
"Joe Satriani Amp Vault
JS LIttle White (Amplitube)",IK Multimedia,Amp & Cab,Amp & Cab,"Guitar, Modeled","Guitar, Modeled",TONEX,Fender '57 Custom Deluxe,"Premium Tone Model (Joe Satriani) 
JS Little White","1x12 
[Model called 57 Blonde. It is really a deluxe. Blondes were 60s]",Fender '57 Custom Deluxe TOP,,,,,,,,,,,,,
"Tweed 1
LIttle Tweed (Amplitube)",IK Multimedia,Amp & Cab,Amp & Cab,"Guitar, Modeled","Guitar, Modeled",TONEX,Fender '57 Custom Deluxe,"Premium Tone Model
Little Tweed
Tweed 1",1x12,Fender '57 Custom Deluxe TOP,,,,,,,,,,,,,
1x15 57 Custom Pro-Amp,IK Multimedia,Amp & Cab,Amp & Cab,"Guitar, Modeled","Guitar, Modeled",Amplitube,Fender '57 Custom Pro-Amp,Fender Collection,1x15 CAB,,,,,,,,,,,,,,
57 Custom Pro-Amp,IK Multimedia,Amp & Cab,Amp & Cab,"Guitar, Modeled","Guitar, Modeled",Amplitube,Fender '57 Custom Pro-Amp,Fender Collection,(crunch),,,,,,,,,,,,,,
2x12 57 Custom Twin-Amp,IK Multimedia,Amp & Cab,Amp & Cab,"Guitar, Modeled","Guitar, Modeled",Amplitube,Fender '57 Custom Twin-Amp,Fender Collection,2x12 CAB ,,,,,,,,,,,,,,
57 Custom Twin-Amp,IK Multimedia,Amp & Cab,Amp & Cab,"Guitar, Modeled","Guitar, Modeled",Amplitube,Fender '57 Custom Twin-Amp,Fender Collection,(clean),Fender '57 Custom Twin-Amp ALT (Tone),,,,,,,,,,,,,
"Tweed 1
Big Tweed (Amplitube)",IK Multimedia,Amp & Cab,Amp & Cab,"Guitar, Modeled","Guitar, Modeled",TONEX,Fender '57 Custom Twin-Amp,"Premium Tone Model
Big Tweed
Tweed 1",2x12,Fender '57 Custom Twin-Amp TOP,,,,,,,,,,,,,
57 Deluxe,IK Multimedia,Amp & Cab,Amp & Cab,"Guitar, Modeled","Guitar, Modeled",Amplitube,Fender '57 Deluxe,Fender Collection,(crunch) 1x12,Fender '57 Deluxe TOP,,,,,,,,,,,,,
Tube Vintage Combo,IK Multimedia,Amp & Cab,Amp & Cab,"Guitar, Modeled","Guitar, Modeled",Amplitube,Fender '57 Deluxe,Amplitube Collection,(crunch),Fender '57 Deluxe TOP,,,,,,,,,,,,,
Blues Lux 1x12,Positive Grid,Amp & Cab,Amp & Cab,"Guitar, Modeled","Guitar, Modeled","BIAS Amp 2, BIAS FX 2",Fender '57 Deluxe,Legacy Series - CAB,1x12 CAB,Fender '57 Deluxe ALT (Tone),,,,,,,,,,,,,
4x10 Tweed P10R,Line 6,Amp & Cab,Amp & Cab,"Guitar, Modeled","Guitar, Modeled",Helix Native,Fender '59 Bassman,,4x10 CAB,Embedded in Helix Native,,,,,,,,,,,,,
Tweed Bass 4x12,Positive Grid,Amp & Cab,Amp & Cab,"Guitar, Modeled, Deprecated","Deprecated, Guitar, Modeled","BIAS Amp 2, BIAS FX 2",Fender '59 Bassman,Legacy Series - CAB,"4x12 CAB
[NOTE: Fender Bassman was a 4x10]",Deprecated by BIAS X,,,,,,,,,,,,,
Bassmaster,Positive Grid,Amp & Cab,Amp & Cab,"Guitar, Modeled","Guitar, Modeled",BIAS X,Fender '59 Bassman,American-Series - Mid-Gain/Crunch,4x10 Bassmaster Cab,Fender ’59 Bassman ALT (Tone),,,,,,,,,,,,,
4x10 Tweed B-Man,Universal Audio,Amp & Cab,Amp & Cab,"Guitar, Modeled","Guitar, Modeled",Paradise Guitar Studio,Fender '59 Bassman,,4x10 CAB,Embedded in Paradise,"Great scooped, high fidelity sound when used clean. Use w/ low gain sounds for clean, somewhat pristine sounds. mic'd w/ Shure SM57",,,,,,,,,,,,
GTR Amp Clean - Clean,Waves,Amp & Cab,Amp & Cab,"Guitar, Modeled","Guitar, Modeled","GTR Amp, GTR Solo / Solo Rack",Fender '59 Bassman,,,Fender ’59 Bassman DNU,,,,,,,,,,,,,
American Tube Vintage,IK Multimedia,Amp & Cab,Amp & Cab,"Guitar, Modeled","Guitar, Modeled",Amplitube,Fender ’59 Bassman,Amplitube Collection,(crunch),Fender ’59 Bassman ALT (Tone),,,,,,,,,,,,,
American Vintage B,IK Multimedia,Amp & Cab,Amp & Cab,"Guitar, Modeled","Guitar, Modeled",Amplitube,Fender ’59 Bassman,Electric Gypsy Collection,(clean),Fender ’59 Bassman ALT (Tone),,,,,,,,,,,,,
"Tweed Blues Brt
Tweed Blues Nrm",Line 6,Amp & Cab,Amp & Cab,"Guitar, Modeled","Guitar, Modeled",Helix Native,Fender ’59 Bassman,,"2 Models/Channels (normal, bright)",Fender ’59 Bassman TOP,,,,,,,,,,,,,
59 Bassman LTD,IK Multimedia,Amp & Cab,Amp & Cab,"Guitar, Modeled","Guitar, Modeled",Amplitube,Fender '59 Bassman LTD,Fender Collection,(crunch) 4x10,Fender '59 Bassman LTD ALT (Tone),,,,,,,,,,,,,
"Tweed 2
Big Tweed (Amplitube)",IK Multimedia,Amp & Cab,Amp & Cab,"Guitar, Modeled","Guitar, Modeled",TONEX,Fender '59 Bassman LTD,"Premium Tone Model
Big Tweed
Tweed 2",4x10,Fender '59 Bassman LTD TOP,,,,,,,,,,,,,
Bassman 1962 CH,Positive Grid,Amp & Cab,Amp & Cab,"Guitar, Modeled","Guitar, Modeled",BIAS Amp 2,Fender '62 Bassman,,(Crunch) 4x12 Celestion V30s ,,Recorded w/ Ibanez TS808,,,,,,,,,,,,
Bassman 1962,Positive Grid,Amp & Cab,Amp & Cab,"Guitar, Modeled","Guitar, Modeled",BIAS Amp 2,Fender '62 Bassman,,6x10 Bass Blue,,,,,,,,,,,,,,
Bassman 1962 GY,Positive Grid,Amp & Cab,Amp & Cab,"Guitar, Modeled","Guitar, Modeled",BIAS Amp 2,Fender '62 Bassman,,(Glassy) 2x12 Black Duo ,,,,,,,,,,,,,,
63 Reverb,IK Multimedia,Reverb & Room,Reverb & Room,Modeled,Modeled,Amplitube,Fender '63 Tube Reverb,Fender Collection,,,,,,,,,,,,,,,
"Joe Satriani Amp Vault
JS Black Combo (Amplitube)",IK Multimedia,Amp & Cab,Amp & Cab,"Guitar, Modeled","Guitar, Modeled",TONEX,Fender '64 Custom Deluxe Reverb,"Premium Tone Model (Joe Satriani)
JS Black Combo",1x12,Fender '64 Custom Deluxe Reverb TOP,,,,,,,,,,,,,
Opto Tremolo,IK Multimedia,"Amp & Cab, Modulation","Amp & Cab, Modulation","Guitar, Modeled","Guitar, Modeled","Amplitube, MixBox",Fender '64 Custom Deluxe Reverb,Amplitube Collection,Optical Tremolo Circuit only,Fender Opto Trem ALT (Tone),,,,,,,,,,,,,
Tremolo,IK Multimedia,"Amp & Cab, Modulation","Amp & Cab, Modulation",Modeled,Modeled,"Amplitube, MixBox",Fender '64 Custom Deluxe Reverb,Fender Collection,Optical Tremolo Circuit only,Fender Opto Trem ALT (Tone),,,,,,,,,,,,,
Optical Trem,Line 6,Modulation,Modulation,"Guitar, Modeled","Guitar, Modeled",Helix Native,Fender '64 Custom Deluxe Reverb,,Optical Tremolo Circuit only,Fender Opto Trem TOP,,,,,,,,,,,,,
Opto Tremolo,Line 6,Modulation,Modulation,"Guitar, Modeled","Guitar, Modeled",Helix Native,Fender '64 Custom Deluxe Reverb,Legacy,Optical Tremolo Circuit only,Fender Opto Trem ALT (Tone),,,,,,,,,,,,,
Deluxe Reverb GY,Positive Grid,Amp & Cab,Amp & Cab,"Guitar, Modeled","Guitar, Modeled",BIAS Amp 2,Fender '64 Custom Deluxe Reverb,,(Glassy) 2x12 Black Duo ,Fender '64 Custom Deluxe Reverb ALT (Tone),,,,,,,,,,,,,
Flow,Positive Grid,Modulation,Modulation,"Guitar, Modeled","Guitar, Modeled",BIAS X,Fender '64 Custom Deluxe Reverb,,(Pedal - Tremolo) Optical Tremolo Circuit only,Fender Opto Trem ALT (Tone),,,,,,,,,,,,,
"Joe Satriani Amp Vault
JS Black Combo (Amplitube)",IK Multimedia,Amp & Cab,Amp & Cab,"Guitar, Modeled","Guitar, Modeled",TONEX,Fender '64 Custom Princeton Reverb,"Premium Tone Model (Joe Satriani)
JS Black Combo",1x10,,,,,,,,,,,,,,
64 Vibroverb Custom,IK Multimedia,Amp & Cab,Amp & Cab,"Guitar, Modeled","Guitar, Modeled",Amplitube,Fender '64 Custom Vibroverb,Fender Collection,(clean) 1x15,,,,,,,,,,,,,,
1x12 US Deluxe,Line 6,Amp & Cab,Amp & Cab,"Guitar, Modeled","Guitar, Modeled",Helix Native,Fender '65 Deluxe Reverb,,1x12 CAB,Oxford 12K5-6 TOP,,,,,,,,,,,,,
65 Deluxe Reverb,IK Multimedia,Amp & Cab,Amp & Cab,"Guitar, Modeled","Guitar, Modeled",Amplitube,Fender '65 Deluxe Reverb,Fender Collection,(clean) 1x12,Fender '65 Deluxe Reverb ALT (Tone),,,,,,,,,,,,,
American Tube Clean 2,IK Multimedia,Amp & Cab,Amp & Cab,"Guitar, Modeled","Guitar, Modeled",Amplitube,Fender '65 Deluxe Reverb,Amplitube Collection,(clean),Fender '65 Deluxe Reverb ALT (Tone),,,,,,,,,,,,,
"Cali' 65
Twin (Amplitube)",IK Multimedia,Amp & Cab,Amp & Cab,"Guitar, Modeled","Guitar, Modeled",TONEX,Fender '65 Deluxe Reverb,"Premium Tone Model
Cali ' 65
Twin",1x12,Fender '65 Deluxe Reverb ALT (Tone),,,,,,,,,,,,,
"US Deluxe Nrm
US Deluxe Vib",Line 6,Amp & Cab,Amp & Cab,"Guitar, Modeled","Guitar, Modeled",Helix Native,Fender '65 Deluxe Reverb,,"2 Models/Channels (normal, vibrato)",Fender '65 Deluxe Reverb TOP,,,,,,,,,,,,,
"Deluxe Reverb CH
Overdriven Deluxe
Overdriven Lux Verb",Positive Grid,Amp & Cab,Amp & Cab,"Guitar, Modeled, Deprecated","Deprecated, Guitar, Modeled",BIAS Amp 2,Fender '65 Deluxe Reverb,Legacy Series - CRUNCH,(Crunch) 4x12 Celestion V30s,Fender '65 Deluxe Reverb ALT (Tone),Recorded w/ Ibanez TS808,,,,,,,,,,,,
65 American Lux,Positive Grid,Amp & Cab,Amp & Cab,"Guitar, Modeled, Deprecated","Deprecated, Guitar, Modeled",BIAS Amp 2,Fender '65 Deluxe Reverb,,(Glassy) 1x12 C-12K ,Fender '65 Deluxe Reverb ALT (Tone),,,,,,,,,,,,,
"Black 1x12
Black Lux 1x12",Positive Grid,Amp & Cab,Amp & Cab,"Guitar, Modeled, Deprecated","Deprecated, Guitar, Modeled","BIAS Amp 2, BIAS FX 2",Fender '65 Deluxe Reverb,Legacy Series - CAB,1x12 CAB,Fender '65 Deluxe Reverb ALT (Tone),,,,,,,,,,,,,
67 Blackface V2,Positive Grid,Amp & Cab,Amp & Cab,"Guitar, Modeled, Deprecated","Deprecated, Guitar, Modeled",BIAS FX 2,Fender '65 Deluxe Reverb,Legacy Series - LOW GAIN,2x12,Fender '65 Deluxe Reverb ALT (Tone),,,,,,,,,,,,,
Blackface,Positive Grid,Amp & Cab,Amp & Cab,"Guitar, Modeled, Deprecated","Deprecated, Guitar, Modeled",BIAS FX 2,Fender '65 Deluxe Reverb,Remaster Series - LOW GAIN,1x12,Fender '65 Deluxe Reverb ALT (Tone),,,,,,,,,,,,,
Blackface 63,Positive Grid,Amp & Cab,Amp & Cab,"Guitar, Modeled","Guitar, Modeled",BIAS X,Fender '65 Deluxe Reverb,American Series - Low-Gain/Clean,1x12 Blackface Cab,Fender '65 Deluxe Reverb ALT (Tone),,,,,,,,,,,,,
1x12 Oxford,Universal Audio,Amp & Cab,Amp & Cab,"Guitar, Modeled","Guitar, Modeled",Paradise Guitar Studio,Fender '65 Deluxe Reverb,,1x12 CAB,,Classic sound right off the shelf from 1965; mic'd w/ Shure SM57,,,,,,,,,,,,
Dream 65 Reverb Amp,Universal Audio,Amp & Cab,Amp & Cab,"Guitar, Modeled","Guitar, Modeled",Paradise Guitar Studio,Fender '65 Deluxe Reverb,,,"Fender '65 Deluxe Reverb TOP
Standalone; Embedded in Paradise Guitar Studio",,Plugin,UADx,1.0.5,,,,,,,,,
Trem 675,Universal Audio,Modulation,Modulation,"Guitar, Modeled, Stomp","Guitar, Modeled, Stomp",Paradise Guitar Studio,Fender '65 Deluxe Reverb,, Optical Tremolo Circuit only,Fender Opto Trem TOP,"Added versatility of tempo sync, stereo operation, and square or sine wave modulation. Try the square wave for ""glitchy"" tremolo sounds. This is especially effective when the speed is adjusted freely when Sync is off.
Enable Sync with the sine wave in stereo for luscious synchronized swimming tremolo sounds. ",,,,,,,,,,,,
65 Princeton,IK Multimedia,Amp & Cab,Amp & Cab,"Guitar, Modeled","Guitar, Modeled",Amplitube,Fender '65 Princeton,Fender Collection,(clean) 1x10,,,,,,,,,,,,,,
"Cali' 65
Twin (Amplitube)",IK Multimedia,Amp & Cab,Amp & Cab,"Guitar, Modeled","Guitar, Modeled",TONEX,Fender '65 Princeton Reverb,"Premium Tone Model
Cali ' 65
Twin",1x10,Fender '65 Princeton Reverb ALT (Tone),,,,,,,,,,,,,
"Joe Satriani Amp Vault
JS Black Combo (Amplitube)",IK Multimedia,Amp & Cab,Amp & Cab,"Guitar, Modeled","Guitar, Modeled",TONEX,Fender '65 Princeton Reverb,"Premium Tone Model (Joe Satriani)
JS Black Combo",1x10,Fender '65 Princeton Reverb ALT (Tone),,,,,,,,,,,,,
1x10 US Princess,Line 6,Amp & Cab,Amp & Cab,"Guitar, Modeled","Guitar, Modeled",Helix Native,Fender '65 Princeton Reverb,,1x10 CAB Jensen C10R,Fender '65 Princeton Reverb CAB TOP,,,,,,,,,,,,,
1x12 US Princess,Line 6,Amp & Cab,Amp & Cab,"Guitar, Modeled","Guitar, Modeled",Helix Native,Fender '65 Princeton Reverb,Legacy,Modded 1x12 CAB Celestion Blue,Fender '65 Princeton Reverb CAB ALT (Tone),,,,,,,,,,,,,
US Princess,Line 6,Amp & Cab,Amp & Cab,"Guitar, Modeled","Guitar, Modeled",Helix Native,Fender '65 Princeton Reverb,,,Fender '65 Princeton Reverb TOP,,,,,,,,,,,,,
4x10 65 Super Reverb,IK Multimedia,Amp & Cab,Amp & Cab,"Guitar, Modeled","Guitar, Modeled",Amplitube,Fender '65 Super Reverb,Fender Collection,4x10 CAB,Fender '65 Super Reverb (CAB) ALT (Tone),,,,,,,,,,,,,
4x10 Open Vintage,IK Multimedia,Amp & Cab,Amp & Cab,"Guitar, Modeled","Guitar, Modeled",Amplitube,Fender '65 Super Reverb,Amplitube Collection,(1967) 4x10 CAB,Fender '65 Super Reverb (CAB) ALT (Tone),,,,,,,,,,,,,
65 SuperReverb,IK Multimedia,Amp & Cab,Amp & Cab,"Guitar, Modeled","Guitar, Modeled",Amplitube,Fender '65 Super Reverb,Fender Collection,(clean),Fender '65 Super Reverb ALT (Tone),,,,,,,,,,,,,
Hyde Street Amp Locker,IK Multimedia,Amp & Cab,Amp & Cab,"Guitar, Modeled","Guitar, Modeled",TONEX,Fender '65 Super Reverb,Premium Tone Model (Hyde Street),"4x12 
[NOTE: The '65 Super Reverb was a 4x10, not a 4x12]",Fender '65 Super Reverb ALT (Tone),,,,,,,,,,,,,
Twin (Amplitube),IK Multimedia,Amp & Cab,Amp & Cab,"Guitar, Modeled","Guitar, Modeled",TONEX,Fender '65 Super Reverb,"Premium Tone Model
Twin",4x10,Fender '65 Super Reverb ALT (Tone),,,,,,,,,,,,,
4x10 US Super,Line 6,Amp & Cab,Amp & Cab,"Guitar, Modeled","Guitar, Modeled",Helix Native,Fender '65 Super Reverb,,4x10 CAB,Fender '65 Super Reverb (CAB) TOP,,,,,,,,,,,,,
"US Super Nrm
US Super Vib",Line 6,Amp & Cab,Amp & Cab,"Guitar, Modeled","Guitar, Modeled",Helix Native,Fender '65 Super Reverb,,"2 Models/Channels (normal, vibrato)",Fender '65 Super Reverb TOP,,,,,,,,,,,,,
Super Reverb CH,Positive Grid,Amp & Cab,Amp & Cab,"Guitar, Modeled","Guitar, Modeled",BIAS Amp 2,Fender '65 Super Reverb,,(Crunch) 4x12 Celestion V30s ,Fender '65 Super Reverb ALT (Tone),Recorded w/ Ibanez TS808,,,,,,,,,,,,
"Super Reverb
Super Reverb CN",Positive Grid,Amp & Cab,Amp & Cab,"Guitar, Modeled","Guitar, Modeled","BIAS Amp 2, BIAS FX 2",Fender '65 Super Reverb,Legacy Series - LOW GAIN,(Clean) 2x12 Jazz Clean ,Fender '65 Super Reverb ALT (Tone),,,,,,,,,,,,,
S-Verb,Universal Audio,Amp & Cab,Amp & Cab,"Guitar, Modeled","Guitar, Modeled",Dream '65 Reverb Amp,Fender '65 Super Reverb,,(1966) 4x10 Fender CTS,Fender '65 Super Reverb TOP,mic'd w/ AKG C414. Lots of mids. Surf sounds. Lo-Fi,,,,,,,,,,,,
4x10 S-Verb,Universal Audio,Amp & Cab,Amp & Cab,"Guitar, Modeled","Guitar, Modeled",Paradise Guitar Studio,Fender '65 Super Reverb,,(1966) 4x10 CAB Fender CTS,Fender '65 Super Reverb (CAB) ALT (Tone),"Plenty of midrange, great for surf sounds, almost lo-fi. mic'd w/ an AKG C414 ",,,,,,,,,,,,
4x10 Openback,Waves,Amp & Cab,Amp & Cab,"Guitar, Modeled","Guitar, Modeled","GTR Amp, GTR Solo / Solo Rack",Fender '65 Super Reverb,,4x10 CAB Fender CTS,Fender '65 Super Reverb (CAB) DNU,,,,,,,,,,,,,
GTR Amp Drive - Drive,Waves,Amp & Cab,Amp & Cab,"Guitar, Modeled","Guitar, Modeled","GTR Amp, GTR Solo / Solo Rack",Fender '65 Super Reverb,,,Fender '65 Super Reverb DNU,,,,,,,,,,,,,
65 Twin Reverb,IK Multimedia,Amp & Cab,Amp & Cab,"Guitar, Modeled","Guitar, Modeled",Amplitube,Fender '65 Twin Reverb,Fender Collection,(clean) 2x12,Fender '65 Twin Reverb ALT (Tone),,,,,,,,,,,,,
American Tube Clean 1,IK Multimedia,Amp & Cab,Amp & Cab,"Guitar, Modeled","Guitar, Modeled",Amplitube,Fender '65 Twin Reverb,Amplitube Collection,(clean),Fender '65 Twin Reverb ALT (Tone),,,,,,,,,,,,,
Silver (Amplitube),IK Multimedia,Amp & Cab,Amp & Cab,"Guitar, Modeled","Guitar, Modeled",TONEX,Fender '65 Twin Reverb,"Premium Tone Model
Silver",2x12,Fender '65 Twin Reverb ALT (Tone),,,,,,,,,,,,,
Twin (Amplitube),IK Multimedia,Amp & Cab,Amp & Cab,"Guitar, Modeled","Guitar, Modeled",TONEX,Fender '65 Twin Reverb,"Premium Tone Model
Twin",2x12,Fender '65 Twin Reverb ALT (Tone),,,,,,,,,,,,,
2x12 Double C12N,Line 6,Amp & Cab,Amp & Cab,"Guitar, Modeled","Guitar, Modeled",Helix Native,Fender '65 Twin Reverb,,2x12 CAB Jensen C12N,Fender '65 Twin Reverb (CAB) TOP,,,,,,,,,,,,,
"US Double Nrm
US Double Vib",Line 6,Amp & Cab,Amp & Cab,"Guitar, Modeled","Guitar, Modeled",Helix Native,Fender '65 Twin Reverb,,"2 Models/Channels (normal, vibrato)",Fender '65 Twin Reverb TOP,,,,,,,,,,,,,
"67 Blackface Duo
67 Blackface Duo v2",Positive Grid,Amp & Cab,Amp & Cab,"Guitar, Modeled","Guitar, Modeled",BIAS Amp 2,Fender '65 Twin Reverb,,(1967) (Glassy) 2x12 Black Duo ,Fender '65 Twin Reverb ALT (Tone),,,,,,,,,,,,,
"69 Duo Verb V2
Twin Reverb",Positive Grid,Amp & Cab,Amp & Cab,"Guitar, Modeled","Guitar, Modeled",BIAS Amp 2,Fender '65 Twin Reverb,Legacy Series - LOW GAIN,(Clean) 2x12 Jazz Clean ,Fender '65 Twin Reverb ALT (Tone),,,,,,,,,,,,,
Black Duo 2x12,Positive Grid,Amp & Cab,Amp & Cab,"Guitar, Modeled","Guitar, Modeled","BIAS Amp 2, BIAS FX 2",Fender '65 Twin Reverb,Legacy Series - CAB,2x12 CAB,Fender '65 Twin Reverb (CAB) ALT (Tone),,,,,,,,,,,,,
2x12 Twin Modern,Universal Audio,Amp & Cab,Amp & Cab,"Guitar, Modeled","Guitar, Modeled",Paradise Guitar Studio,Fender '65 Twin Reverb,,2x12 CAB Jensen C12K (Modern Reissue),Fender '65 Twin Reverb (CAB) TOP,"Mic'd w/ AKG C414;  provides a detailed and transparent sound that is distinctly different from a dynamic mic. With extended low and high frequency response, the 414 captures a full-bodied representation of the amp.",,,,,,,,,,,,
2x12 Twin Classic,Universal Audio,Amp & Cab,Amp & Cab,"Guitar, Modeled","Guitar, Modeled",Paradise Guitar Studio,Fender '65 Twin Reverb,,2x12 CAB,Fender '65 Twin Reverb (CAB) TOP,"Mic'd w/ Shure SM57 (provides aggressive upper midrange punch and presence)
blended w/ Royer R121 (fills out the sound with rich, smooth, low end and reduced top end)
Classic Mic Combination",,,,,,,,,,,,
2x12 Twin Vintage,Universal Audio,Amp & Cab,Amp & Cab,"Guitar, Modeled","Guitar, Modeled",Paradise Guitar Studio,Fender '65 Twin Reverb,,2x12 CAB,Fender '65 Twin Reverb (CAB) TOP,"Mic'd w/ unique cardioid double-ribbon Beyerdynamic M160; provides a very focused sound with detail and warmth. Its natural sound with a smooth top-end tames the higher frequencies often present in tube amplifiers. This choice is especially smooth when adding distortion or overdrive to a clean amp.
",,,,,,,,,,,,
UAD Softube Vintage Amp Room (Brown),Universal Audio,Amp & Cab,Amp & Cab,"Guitar, Modeled","Guitar, Modeled",Softube Vintage Amp Room,Fender '65 Twin Reverb,Softube (Modeled by),(1966) 2x12,Fender '65 Twin Reverb ALT (Tone),,,,,,,,,,,,,
"65 Blackface Vibro
65 Blackface Vibro v2",Positive Grid,Amp & Cab,Amp & Cab,"Guitar, Modeled","Guitar, Modeled",BIAS Amp 2,Fender '65 Vibrolux Reverb,,(Glassy) 2x12 Black Duo ,Fender '65 Vibrolux Reverb TOP,,,,,,,,,,,,,
Acme 2x10 OpenBack,Waves,Amp & Cab,Amp & Cab,"Guitar, Modeled","Guitar, Modeled",GTR Amp,Fender '65 Vibrolux Reverb,,2x10 Openback Eminence Copperhead,Fender '65 Vibrolux Reverb ALT (Tone),,,,,,,,,,,,,
66 Bass,Positive Grid,Amp & Cab,Amp & Cab,"Guitar, Modeled","Guitar, Modeled",BIAS Amp 2,Fender '66 Bassman,,(Glassy) 4x10 P10Q ,,,,,,,,,,,,,,
"Joe Satriani Amp Vault
JS SIlver Combo (Amplitube)",IK Multimedia,Amp & Cab,Amp & Cab,"Guitar, Modeled","Guitar, Modeled",TONEX,Fender '68 Custom Deluxe Reverb,"Premium Tone Model (Joe Satriani)
JS Silver Combo",1x12,,,,,,,,,,,,,,
"Joe Satriani Amp Vault
JS Silver Combo (Amplitube)",IK Multimedia,Amp & Cab,Amp & Cab,"Guitar, Modeled","Guitar, Modeled",TONEX,Fender '68 Custom Princeton Reverb,"Premium Tone Model (Joe Satriani)
JS Silver Combo",1x10,,,,,,,,,,,,,,
"Joe Satriani Amp Vault
JS SIlver Combo (Amplitube)",IK Multimedia,Amp & Cab,Amp & Cab,"Guitar, Modeled","Guitar, Modeled",TONEX,Fender '68 Custom Pro Reverb,"Premium Tone Model (Joe Satriani)
JS Silver Combo","2x12 
[Note: Model showed this as 1x10. That's an error. Custom Pro is a 12"" amp]",Fender '68 Custom Pro Reverb TOP,,,,,,,,,,,,,
"Vintage & Lo-Fi
Silver (Amplitube)",IK Multimedia,Amp & Cab,Amp & Cab,"Guitar, Modeled","Guitar, Modeled",TONEX,Fender '68 Custom Pro Reverb,"Premium Tone Model
Silver
Vintage & Lo-FI","2x12 
[NOTE: This seems to be a mixed model. The ""vintage"" blackface era was a 2x12. The actual 68 era reissue was a 1x12]",Fender '68 Custom Pro Reverb TOP,,,,,,,,,,,,,
"Joe Satriani Amp Vault
JS SIlver Combo (Amplitube)",IK Multimedia,Amp & Cab,Amp & Cab,"Guitar, Modeled","Guitar, Modeled",TONEX,Fender '68 Custom Vibro Champ Reverb,"Premium Tone Model (Joe Satriani)
JS Silver Combo",1x10,Fender '68 Custom Vibro Champ Reverb TOP,,,,,,,,,,,,,
77 Silver Tone V2,Positive Grid,Amp & Cab,Amp & Cab,"Guitar, Modeled","Guitar, Modeled",BIAS FX 2,Fender '68 Custom Vibro Champ Reverb,Legacy Series - LOW GAIN,2x12,Fender '68 Custom Vibro Champ Reverb ALT (Tone),,,,,,,,,,,,,
2x12 Open SL,IK Multimedia,Amp & Cab,Amp & Cab,"Guitar, Modeled","Guitar, Modeled",Amplitube,Fender '68 Twin Reverb,Electric Gypsy Collection,2x12 CAB,Fender '68 Twin Reverb (CAB) ALT (Tone),,,,,,,,,,,,,
2x12 Open T J120,IK Multimedia,Amp & Cab,Amp & Cab,"Guitar, Modeled","Guitar, Modeled",Amplitube,Fender '68 Twin Reverb,Electric Gypsy Collection,2x12 CAB JBL D120F (Factory Upgrade Option),Fender '68 Twin Reverb (CAB) ALT (Tone),,,,,,,,,,,,,
American Vintage T,IK Multimedia,Amp & Cab,Amp & Cab,"Guitar, Modeled","Guitar, Modeled","Amplitube, MixBox",Fender '68 Twin Reverb,Electric Gypsy Collection,(1968) (clean) 2x12 JBL D120F w/ spring reverb,Fender 68 Twin Reverb ALT (Tone),,,,,,,,,,,,,
"Hyde Street Amp Locker
Silver (Amplitube)",IK Multimedia,Amp & Cab,Amp & Cab,"Guitar, Modeled","Guitar, Modeled",TONEX,Fender '68 Twin Reverb,Premium Tone Model (Hyde Street),2x12,Fender 68 Twin Reverb TOP,,,,,,,,,,,,,
2x12 JBF120 Thick,Universal Audio,Amp & Cab,Amp & Cab,"Guitar, Modeled","Guitar, Modeled",Paradise Guitar Studio,Fender '68 Twin Reverb,,2x12 CAB JBL D120F (Factory Upgrade Option),Fender '68 Twin Reverb (CAB) TOP,"Mic'd w/ Shure SM57 + AKG C414; Shines with loud and clean tube amps. Used by the biggest players in country, surf, and psychedelic rock, who relied on the incredible punch and articulation of these speakers",,,,,,,,,,,,
JBF120,Universal Audio,Amp & Cab,Amp & Cab,"Guitar, Modeled","Guitar, Modeled",Dream '65 Reverb Amp,Fender '68 Twin Reverb,,2x12 CAB JBL D120F ,Fender '68 Twin Reverb (CAB) TOP,"mic'd w/ Shure SM57 + Royer R121; clean, low gain. Great for fingerstyle. Forward + sizzly w/ more gain. ",,,,,,,,,,,,
2x12 JBF120,Universal Audio,Amp & Cab,Amp & Cab,"Guitar, Modeled","Guitar, Modeled",Paradise Guitar Studio,Fender '68 Twin Reverb,,2x12 CAB JBL D120F (Factory Upgrade Option),Fender '68 Twin Reverb (CAB) TOP,"Mic'd w/ Shure SM57 + Royer R121; Very detailed cabinet, great for clean and low gain, excellent for finger style playing. Very forward and sizzly when used w/ more gain. ",,,,,,,,,,,,
"Hyde Street Amp Locker
Silver (Amplitube)",IK Multimedia,Amp & Cab,Amp & Cab,"Guitar, Modeled","Guitar, Modeled",TONEX,Fender '68 Vibrolux Reverb,Premium Tone Model (Hyde Street),2x12,Fender '68 Vibrolux Reverb TOP,,,,,,,,,,,,,
Vibro Queen,Positive Grid,Amp & Cab,Amp & Cab,"Guitar, Modeled","Guitar, Modeled",BIAS Amp 2,Fender '68 Vibrolux Reverb,,(Glassy) 2x12 Vibro,Fender '68 Vibrolux Reverb ALT (Tone),,,,,,,,,,,,,
1x12 Fullerton,Line 6,Amp & Cab,Amp & Cab,"Guitar, Modeled","Guitar, Modeled",Helix Native,Fender 5C3 Tweed Deluxe,,1x12 CAB,,,,,,,,,,,,,,
"Fullerton Brt
Fullerton Jump
Fullerton Nrm",Line 6,Amp & Cab,Amp & Cab,"Guitar, Modeled","Guitar, Modeled",Helix Native,Fender 5C3 Tweed Deluxe,,"3 Models/Channels (normal, bright, jumped)",,,,,,,,,,,,,,
Drip Spring 65 Reverb,Universal Audio,Reverb & Room,Reverb & Room,"Guitar, Modeled, Stomp","Guitar, Modeled, Stomp",Paradise Guitar Studio,Fender 6G15 Reverb Unit,,,,"Drippy, syrupy spring reverb, warmed by tubes and with your choice of three different tanks, plus bass and treble controls. 

Tank A: Bright drip and pingy aggressiveness
Tank B: Midrange warmth and longer sustain 
Tank C: Smooth and warm tube spring ambience; This reverb is always mono, for true spring reverb authenticity. 
Use the EQ knobs to adjust the reverb tone in the mix. Increase treble for lively, snappy, out-front reverb, and reduce Treble and increase Bass for dark subtlety.",,,,,,,,,,,,
US Dripman Nrm,Line 6,Amp & Cab,Amp & Cab,"Guitar, Modeled","Guitar, Modeled",Helix Native,Fender Bassman 100,,,Fender Bassman 100 Silverface TOP,,,,,,,,,,,,,
Bassman 100,Positive Grid,Amp & Cab,Amp & Cab,"Guitar, Modeled","Guitar, Modeled",BIAS Amp 2,Fender Bassman 100,,6x10 Bass Blue,Fender Bassman 100 Silverface ALT (Tone),,,,,,,,,,,,,
"Bass 15""",Waves,Amp & Cab,Amp & Cab,"Bass, Modeled","Bass, Modeled",GTR Amp,Fender Bassman 115,,,,,,,,,,,,,,,,
2x15 Closed B J130,IK Multimedia,Amp & Cab,Amp & Cab,"Guitar, Modeled","Guitar, Modeled",Amplitube,Fender Bassman 215,Electric Gypsy Collection,2x15 CAB JBL D130F,,,,,,,,,,,,,,
Blender,IK Multimedia,Harmonic Coloration,Harmonic Coloration,"Guitar, Modeled, Stomp","Guitar, Modeled, Stomp",Amplitube,Fender Blender,Fender Collection,,Fender Blender ALT (Tone),,,,,,,,,,,,,
Da Fuzz,IK Multimedia,Harmonic Coloration,Harmonic Coloration,"Guitar, Modeled, Stomp","Guitar, Modeled, Stomp",TONEX,Fender Blender,,,Fender Blender ALT (Tone),,,,,,,,,,,,,
Fuzz Pedals,IK Multimedia,Harmonic Coloration,Harmonic Coloration,"Guitar, Modeled, Stomp","Guitar, Modeled, Stomp",TONEX,Fender Blender,"Premium Tone Model
Fuzz Pedals",,Fender Blender TOP,,,,,,,,,,,,,
Big Tweed (Amplitube),IK Multimedia,Amp & Cab,Amp & Cab,"Guitar, Modeled","Guitar, Modeled",TONEX,Fender Blues Deluxe,"Premium Tone Model
Big Tweed",1x12,,,,,,,,,,,,,,
Vibro Lux 1x12,Positive Grid,Amp & Cab,Amp & Cab,"Guitar, Modeled","Guitar, Modeled","BIAS Amp 2, BIAS FX 2",Fender Brownface Vibrolux,Legacy Series - CAB,1x12 CAB,,,,,,,,,,,,,,
Champion 600,IK Multimedia,Amp & Cab,Amp & Cab,"Guitar, Modeled","Guitar, Modeled",Amplitube,Fender Champion 600,Fender Collection,(clean),,,,,,,,,,,,,,
Tape Echo,IK Multimedia,Delay,Delay,Modeled,Modeled,Amplitube,Fender Cyber-Twin SE,Fender Collection,Tape Echo Effect only,,,,,,,,,,,,,,
2x15 Closed D J130,IK Multimedia,Amp & Cab,Amp & Cab,"Guitar, Modeled","Guitar, Modeled",Amplitube,Fender Dual Showman,Electric Gypsy Collection,2x15 CAB,Fender Dual Showman (CAB) ALT (Tone),,,,,,,,,,,,,
American Vintage D,IK Multimedia,Amp & Cab,Amp & Cab,"Guitar, Modeled","Guitar, Modeled",Amplitube,Fender Dual Showman,Electric Gypsy Collection,(clean),,,,,,,,,,,,,,
2x15 US Dripman,Line 6,Amp & Cab,Amp & Cab,"Guitar, Modeled","Guitar, Modeled",Helix Native,Fender Dual Showman,,2x15 CAB,Fender Dual Showman (CAB) TOP,,,,,,,,,,,,,
Dark Modern (Amplitube),IK Multimedia,Amp & Cab,Amp & Cab,"Guitar, Modeled","Guitar, Modeled",TONEX,Fender EVH 5150 III 100W (6L6),"Premium Tone Model
Dark Modern",Marshall 1960B 4x12,Fender EVH 5150 III 100W (6L6) ALT (Tone),,,,,,,,,,,,,
Gus G. Tone Asylum,IK Multimedia,Amp & Cab,Amp & Cab,"Guitar, Modeled","Guitar, Modeled",TONEX,Fender EVH 5150 III 100W (6L6),Premium Tone Model (Gus G.),"Blackstar Artisan 412
Blackstar Series One 412
Blackstar St. James 4x12",Fender EVH 5150 III 100W (6L6) ALT (Tone/Metal),,,,,,,,,,,,,
"Joe Satriani Amp Vault
JS Stealth (Amplitube)",IK Multimedia,Amp & Cab,Amp & Cab,"Guitar, Modeled","Guitar, Modeled",TONEX,Fender EVH 5150 III 100W (6L6),"Premium Tone Model (Joe Satriani)
JS Stealth","Marshall 1960A ""Stain"" 4x12 ",Fender EVH 5150 III 100W (6L6) ALT (Tone),,,,,,,,,,,,,
"EV Panama Blue
EV Panama Red",Line 6,Amp & Cab,Amp & Cab,"Guitar, Modeled","Guitar, Modeled",Helix Native,Fender EVH 5150 III 100W (6L6),,2 Models/Channels (Blue; Red) ,Fender EVH 5150 III 100W (6L6) TOP,,,,,,,,,,,,,
"5150 III MT
5153 MK II V2",Positive Grid,Amp & Cab,Amp & Cab,"Guitar, Modeled","Guitar, Modeled",BIAS Amp 2,Fender EVH 5150 III 100W (6L6),,(Red Channel) (Metal) 4x12 Green 25s ,"Fender EVH 5150 III 100W (6L6) ALT (Tone)
Deprecated by BIAS X",,,,,,,,,,,,,
Insane III,Positive Grid,Amp & Cab,Amp & Cab,"Guitar, Modeled","Guitar, Modeled",BIAS FX 2,Fender EVH 5150 III 100W (6L6),Remaster Series - HIGH GAIN,4x12,"Fender EVH 5150 III 100W (6L6) ALT (Tone)
Deprecated by BIAS X",,,,,,,,,,,,,
Insanity III,Positive Grid,Amp & Cab,Amp & Cab,"Guitar, Modeled","Guitar, Modeled",BIAS X,Fender EVH 5150 III 100W (6L6),American Series - High-Gain/Distortion,4x12 Insanity III Cab,Fender EVH 5150 III 100W (6L6) ALT (Tone),,,,,,,,,,,,,
Insane 4x12,Positive Grid,Amp & Cab,Amp & Cab,"Guitar, Modeled","Guitar, Modeled","BIAS Amp 2, BIAS FX 2",Fender EVH 5150 III 4x12,Remaster Series - CAB,,,,,,,,,,,,,,,
"High-Gain Chug
Striped (Amplitube)",IK Multimedia,Amp & Cab,Amp & Cab,"Guitar, Modeled","Guitar, Modeled",TONEX,Fender EVH 5150 III 50W (6L6),"Premium Tone Model
High-Gain Chug
Striped",Mesa/Boogie 4x12 Rectifier Standard Straight Cabinet,,,,,,,,,,,,,,
"High-gain Heroes
Striped (Amplitube)",IK Multimedia,Amp & Cab,Amp & Cab,"Guitar, Modeled","Guitar, Modeled",TONEX,Fender EVH 5150 III 50W (6L6),"Premium Tone Model
High-Gain Heroes
Striped",Mesa/Boogie 4x12 Rectifier Standard Straight Cabinet,,,,,,,,,,,,,,
"Joe Satriani Amp Vault
JS Goldie (Amplitube)",IK Multimedia,Amp & Cab,Amp & Cab,"Guitar, Modeled","Guitar, Modeled",TONEX,Fender EVH 5150 IIIs 100W (EL34),"Premium Tone Model (Joe Satriani)
JS Goldie","Marshall 1960A ""Stain"" 4x12 ",,,,,,,,,,,,,,
Fuzz Wah,IK Multimedia,"Harmonic Coloration, Modulation","Harmonic Coloration, Modulation","Guitar, Modeled, Stomp","Guitar, Modeled, Stomp",Amplitube,Fender Fuzz Wah,Fender Collection,,,,,,,,,,,,,,,
Fender Volume,IK Multimedia,Dynamics,Dynamics,"Guitar, Modeled, Stomp","Guitar, Modeled, Stomp",Amplitube,Fender FVP-1 Volume Pedal,Fender Collection,,,,,,,,,,,,,,,
Fender Wah,IK Multimedia,Dynamics,Dynamics,"Guitar, Modeled, Stomp","Guitar, Modeled, Stomp",Amplitube,Fender FWP-1 Wah Pedal,Fender Collection,Outboard listed as 'Wah',,,,,,,,,,,,,,
Triangle Chorus,IK Multimedia,Modulation,Modulation,"Guitar, Modeled, Stomp","Guitar, Modeled, Stomp",Amplitube,Fender Hammertone Chorus,Fender Collection,Pedal derived from Fender Cyber-Twin SE,,,,,,,,,,,,,,
Sine Flange,IK Multimedia,Modulation,Modulation,"Guitar, Modeled, Stomp","Guitar, Modeled, Stomp",Amplitube,Fender Hammertone Flanger,Fender Collection,Pedal derived from Fender Cyber-Twin SE,,,,,,,,,,,,,,
"Cali Hot Rods
Hot Rod (Amplitube)",IK Multimedia,Amp & Cab,Amp & Cab,"Guitar, Modeled","Guitar, Modeled",TONEX,Fender Hot Rod Deluxe,"Premium Tone Model
Cali Hot Rods
Hot Rod",1x12,,,,,,,,,,,,,,
Hot Rod 1x12,Positive Grid,Amp & Cab,Amp & Cab,"Guitar, Modeled","Guitar, Modeled","BIAS Amp 2, BIAS FX 2",Fender Hot Rod Deluxe,Legacy Series - CAB,1x12 CAB,,,,,,,,,,,,,,
"Cali Hot Rods
Hot Rod (Amplitube)",IK Multimedia,Amp & Cab,Amp & Cab,"Guitar, Modeled","Guitar, Modeled",TONEX,Fender Hot Rod DeVille 212,"Premium Tone Model
Cali Hot Rods
Hot Rod",2x12,,,,,,,,,,,,,,
"Cali Hot Rods
Hot Rod (Amplitube)",IK Multimedia,Amp & Cab,Amp & Cab,"Guitar, Modeled","Guitar, Modeled",TONEX,Fender Hot Rod DeVille 410,"Premium Tone Model
Cali Hot Rods
Hot Rod",4x10,,,,,,,,,,,,,,
4x12 Metal F 1,IK Multimedia,Amp & Cab,Amp & Cab,"Guitar, Modeled","Guitar, Modeled",Amplitube,Fender MH-412SL Metalhead,Amplitube Metal,4x12 CAB,Fender MH-412SL Metalhead TOP,,,,,,,,,,,,,
MH-412SL,IK Multimedia,Amp & Cab,Amp & Cab,"Guitar, Modeled","Guitar, Modeled",Amplitube,Fender MH-412SL Metalhead,Fender Collection,4x12 CAB,Fender MH-412SL Metalhead TOP,,,,,,,,,,,,,
MH-500 Metalhead,IK Multimedia,Amp & Cab,Amp & Cab,"Guitar, Modeled","Guitar, Modeled",Amplitube,Fender MH-500 Metalhead,Fender Collection,(high-gain),,,,,,,,,,,,,,
"Mini Duo Reverb
Mini Duo Reverb v2",Positive Grid,Amp & Cab,Amp & Cab,"Guitar, Modeled","Guitar, Modeled",BIAS Amp 2,Fender Mini 65 Twin-Amp,,(Blues) 1x12 Black Lux ,,,,,,,,,,,,,,
Phaser,IK Multimedia,Modulation,Modulation,"Guitar, Modeled, Stomp","Guitar, Modeled, Stomp","Amplitube, MixBox",Fender Phaser,Fender Collection,,,,,,,,,,,,,,,
Pro Junior,IK Multimedia,Amp & Cab,Amp & Cab,"Guitar, Modeled","Guitar, Modeled",Amplitube,Fender Pro Junior,Fender Collection,(clean) 1x10,Fender Pro Junior ALT (Tone),,,,,,,,,,,,,
Little Tweed (Amplitube),IK Multimedia,Amp & Cab,Amp & Cab,"Guitar, Modeled","Guitar, Modeled",TONEX,Fender Pro Junior,"Premium Tone Model
Little Tweed",1x10,Fender Pro Junior TOP,,,,,,,,,,,,,
Showtime 64 Tube Amp,Universal Audio,Amp & Cab,Amp & Cab,"Guitar, Modeled","Guitar, Modeled",Paradise Guitar Studio,Fender Showman,,,"Fender Showman TOP
Standalone; Embedded in Paradise Guitar Studio",,Plugin,UADx,1.0.1,,,,,,,,,
"15"" ClosedBack",Waves,Amp & Cab,Amp & Cab,"Guitar, Modeled","Guitar, Modeled",GTR Amp,Fender Showman,,,Fender Showman ALT (Tone),,,,,,,,,,,,,
Custom Fender,IK Multimedia,Amp & Cab,Amp & Cab,"Guitar, Modeled","Guitar, Modeled",Amplitube,Fender Special Design,,1x12 CAB (Speaker),,,,,,,,,,,,,,
Fuzz Pedals,IK Multimedia,Harmonic Coloration,Harmonic Coloration,"Bass, Modeled, Stomp","Bass, Modeled, Stomp",TONEX,Fender Sub-Lime Bass Fuzz,"Premium Tone Model
Fuzz Pedals",,Fender Sub-Lime Bass Fuzz TOP,,,,,,,,,,,,,
XR Yellow,IK Multimedia,Harmonic Coloration,Harmonic Coloration,"Bass, Modeled, Stomp","Bass, Modeled, Stomp",TONEX,Fender Sub-Lime Bass Fuzz,,,Fender Sub-Lime Bass Fuzz TOP,,,,,,,,,,,,,
Bassman 300,IK Multimedia,Amp & Cab,Amp & Cab,"Guitar, Modeled","Guitar, Modeled",Amplitube,Fender Super Bassman 300,Fender Collection,,Fender Super Bassman 300 ALT (Tone),,,,,,,,,,,,,
Twin (Amplitube),IK Multimedia,Amp & Cab,Amp & Cab,"Guitar, Modeled","Guitar, Modeled",TONEX,Fender Super Bassman 300,"Premium Tone Model
Twin","Aguilar DB410
Fender 810 PRO
Trace Elliot 1048H 4x10 ",Fender Super Bassman 300 TOP,,,,,,,,,,,,,
Supra Bass V2,Positive Grid,Amp & Cab,Amp & Cab,"Guitar, Modeled","Guitar, Modeled",BIAS FX 2,Fender Super Bassman 300,Legacy Series - BASS,8x10,Fender Super Bassman 300 ALT (Tone),,,,,,,,,,,,,
Silver (Amplitube),IK Multimedia,Amp & Cab,Amp & Cab,"Guitar, Modeled","Guitar, Modeled",TONEX,Fender Super Six Reverb,"Premium Tone Model
Silver",6x10,,,,,,,,,,,,,,
Super-Sonic,IK Multimedia,Amp & Cab,Amp & Cab,"Guitar, Modeled","Guitar, Modeled",Amplitube,Fender Super-Sonic 22,Fender Collection,(crunch) 1x12,Fender Super-Sonic 22 TOP,,,,,,,,,,,,,
"Super Sonic
Super Sonic V2",Positive Grid,Amp & Cab,Amp & Cab,"Guitar, Modeled","Guitar, Modeled","BIAS Amp 2, BIAS FX 2",Fender Super-Sonic 22,Legacy Series - CRUNCH,(Channel 2) (Blues) 1x12 Tweed Lux,Fender Super-Sonic 22 ALT (Tone),,,,,,,,,,,,,
TBP-1,IK Multimedia,Amp & Cab,Amp & Cab,"Bass, Modeled","Bass, Modeled",Amplitube,Fender TBP-1 Bass Preamp,Fender Collection,,Fender TBP-1 Bass Preamp ALT (Tone),,,,,,,,,,,,,
Low End Chrome (Amplitube),IK Multimedia,Amp & Cab,Amp & Cab,"Bass, Modeled","Bass, Modeled",TONEX,Fender TBP-1 Bass Preamp,"Premium Tone Model
Low End Chrome",Fender 810 PRO,Fender TBP-1 Bass Preamp TOP,,,,,,,,,,,,,
Fender Compressor,IK Multimedia,Dynamics,Dynamics,"Guitar, Modeled, Stomp","Guitar, Modeled, Stomp",Amplitube,Fender The Bends Compressor,Fender Collection,,,,,,,,,,,,,,,
"Dual Rev
The Twin",Positive Grid,Amp & Cab,Amp & Cab,"Guitar, Modeled","Guitar, Modeled","BIAS Amp 2, BIAS FX 2",Fender The Twin,Legacy Series - CRUNCH,(Channel 2) (Crunch) 4x12 Celestion V30s,,,,,,,,,,,,,,
FR 2x12,Positive Grid,Amp & Cab,Amp & Cab,"Guitar, Modeled","Guitar, Modeled","BIAS Amp 2, BIAS FX 2",Fender ToneMaster FR212,Remaster Series - CAB,2x12 CAB,,,,,,,,,,,,,,
Pitch Shift,IK Multimedia,Pitch,Pitch,"Guitar, Modeled, Stomp, ","Guitar, Modeled, Stomp",Amplitube,Fender ToneMaster Pro,Fender Collection,Pedal derived from Fender Cyber-Twin SE,,,,,,,,,,,,,,
1x8 Small Tweed,Line 6,Amp & Cab,Amp & Cab,"Guitar, Modeled","Guitar, Modeled",Helix Native,Fender Tweed Champ 1x8,, 1x8 CAB,,,,,,,,,,,,,,
Vibratone,IK Multimedia,Amp & Cab,Amp & Cab,"Guitar, Modeled","Guitar, Modeled",Amplitube,Fender Vibratone,Fender Collection,,Fender Vibratone ALT (Tone),,,,,,,,,,,,,
Rotary Drum,Line 6,"Amp & Cab, Modulation","Amp & Cab, Modulation",Modeled,Modeled,Helix Native,Fender Vibratone,Legacy,,Fender Vibratone ALT (Tone),,,,,,,,,,,,,
Vibe Rotary,Line 6,"Amp & Cab, Modulation","Amp & Cab, Modulation","Guitar, Modeled","Guitar, Modeled",Helix Native,Fender Vibratone,,,Fender Vibratone TOP,,,,,,,,,,,,,
Vibro-King,IK Multimedia,Amp & Cab,Amp & Cab,"Guitar, Modeled","Guitar, Modeled",Amplitube,Fender Vibro-King,Fender Collection,(clean) 3x10,Fender Vibro-King TOP,,,,,,,,,,,,,
Vibro 2x12,Positive Grid,Amp & Cab,Amp & Cab,"Guitar, Modeled","Guitar, Modeled","BIAS Amp 2, BIAS FX 2",Fender Vibro-King,Legacy Series - CAB,2x12 CAB,Fender Vibro-King ALT (Tone),,,,,,,,,,,,,
"Overdriven Vibro
Vibroverb CH",Positive Grid,Amp & Cab,Amp & Cab,"Guitar, Modeled","Guitar, Modeled","BIAS Amp 2, BIAS FX 2",Fender Vibroverb,Legacy Series - CRUNCH,(Crunch) 4x12 Celestion V30s,Fender Vibroverb TOP,Recorderd w/ Ibanez TS808,,,,,,,,,,,,
Vibroverb BS,Positive Grid,Amp & Cab,Amp & Cab,"Guitar, Modeled","Guitar, Modeled",BIAS Amp 2,Fender Vibroverb,,(Blues) 1x12 Tweed Lux ,Fender Vibroverb TOP,,,,,,,,,,,,,
Silver Alnico,IK Multimedia,Amp & Cab,Amp & Cab,"Guitar, Modeled","Guitar, Modeled",Amplitube,Fisher 12-4L,,1x12 CAB (Speaker) ,,,,,,,,,,,,,,
FOX Phaser,IK Multimedia,Modulation,Modulation,"Guitar, Modeled, Stomp","Guitar, Modeled, Stomp",Amplitube,Foxx Foot Phaser,Brian May Collection,,,,,,,,,,,,,,,
Cobra,Positive Grid,Amp & Cab,Amp & Cab,"Guitar, Modeled","Guitar, Modeled","BIAS Amp 2, BIAS FX 2",Framus Cobra,Legacy Series - HIGH GAIN,(Lead Channel) (Insane) 4x12 Green 25s,,,,,,,,,,,,,,
Fruity Fuzz,IK Multimedia,Harmonic Coloration,Harmonic Coloration,"Guitar, Modeled, Stomp","Guitar, Modeled, Stomp",TONEX,Frantone Peachfuzz,Premium Tone Model,,Frantone Peachfuzz TOP,,,,,,,,,,,,,
PRODrive Yellow,IK Multimedia,Harmonic Coloration,Harmonic Coloration,"Guitar, Modeled, Stomp","Guitar, Modeled, Stomp",TONEX,Frantone Peachfuzz,PRODrive Yellow,,Frantone Peachfuzz TOP,,,,,,,,,,,,,
BE 4x12,Positive Grid,Amp & Cab,Amp & Cab,"Guitar, Modeled","Guitar, Modeled","BIAS Amp 2, BIAS FX 2",Friedman 412,Remaster Series - CAB,4x12 CAB,Friedman 412 ALT (Tone),,,,,,,,,,,,,
Friedman Vintage 4x12,Universal Audio,Amp & Cab,Amp & Cab,"Guitar, Modeled","Guitar, Modeled","Friedman Buxom Betty, Suhr PT100, Suhr SE100",Friedman 412 ,,4x12 CAB,Friedman 412 TOP,,,,,,,,,,,,,
US Gold (Amplitube) ,IK Multimedia,Amp & Cab,Amp & Cab,"Guitar, Modeled","Guitar, Modeled",TONEX,Friedman BE100,"Premium Tone Model
US Gold",Johnson J412V,Friedman BE100 ALT (Tone),,,,,,,,,,,,,
"Placater Clean
Placater Dirty",Line 6,Amp & Cab,Amp & Cab,"Guitar, Modeled","Guitar, Modeled",Helix Native,Friedman BE100,,"2 Models/Channels (clean, BE/HBE)",Friedman BE100 TOP,,,,,,,,,,,,,
BE100 HG,Positive Grid,Amp & Cab,Amp & Cab,"Guitar, Modeled","Guitar, Modeled",BIAS Amp 2,Friedman BE100,,(Channel 2) (Hi Gain) 4x12 OR V-30s ,Friedman BE100 ALT (Tone),,,,,,,,,,,,,
BE100 MT,Positive Grid,Amp & Cab,Amp & Cab,"Guitar, Modeled","Guitar, Modeled",BIAS Amp 2,Friedman BE100,,(Channel 2) (Metal) 4x12 Green 25s ,Friedman BE100 ALT (Tone),,,,,,,,,,,,,
BE101,Positive Grid,Amp & Cab,Amp & Cab,"Guitar, Modeled","Guitar, Modeled",BIAS FX 2,Friedman BE100,Legacy Series - CRUNCH,4x12,Friedman BE100 ALT (Tone),,,,,,,,,,,,,
BE101,Positive Grid,Amp & Cab,Amp & Cab,"Guitar, Modeled","Guitar, Modeled",BIAS FX 2,Friedman BE100,Remaster Series - CRUNCH,4x12,Friedman BE100 ALT (Tone),,,,,,,,,,,,,
BE101,Positive Grid,Amp & Cab,Amp & Cab,"Guitar, Modeled","Guitar, Modeled",BIAS X,Friedman BE100,Plexi Series - Mid-Gain/Crunch,,Friedman BE100 ALT (Tone),,,,,,,,,,,,,
Friedman BE100,Universal Audio,Amp & Cab,Amp & Cab,"Guitar, Modeled","Guitar, Modeled",,Friedman BE100,Brainworx (Modeled by) ,,Friedman BE100 ALT (Tone),,Plugin,UAD-2,1.0.2,,,,,,,,,
Friedman Buxom Betty,Universal Audio,Amp & Cab,Amp & Cab,"Guitar, Modeled","Guitar, Modeled",,Friedman Buxom Betty,Brainworx (Modeled by) ,Friedman Dirty Shirley 112 Cab,,,Plugin,UAD-2,1.0.1,,,,,,,,,
Friedman Dirty Shirley 1x12,Universal Audio,Amp & Cab,Amp & Cab,"Guitar, Modeled","Guitar, Modeled","Friedman Buxom Betty, Fuchs Train II",Friedman Dirty Shirley 112 Cab,,1x12 CAB,,,,,,,,,,,,,,
Friedman DS40,Universal Audio,Amp & Cab,Amp & Cab,"Guitar, Modeled","Guitar, Modeled",,Friedman DS40 (Dirty Shirley) ,Brainworx (Modeled by) ,,,,Plugin,UAD-2,1.0.2,,,,,,,,,
US Gold (Amplitube) ,IK Multimedia,Amp & Cab,Amp & Cab,"Guitar, Modeled","Guitar, Modeled",TONEX,Friedman PT20 (Pink Taco) ,"Premium Tone Model
US Gold","Orange PPC212
Silvertone Twin Twelve 1484 (Cab Only)",,,,,,,,,,,,,,
"Joe Satriani Amp Vault
JS Lil Box (Amplitube)",IK Multimedia,Amp & Cab,Amp & Cab,"Guitar, Modeled","Guitar, Modeled",TONEX,Friedman Small Box Combo,"Premium Tone Model (Joe Satriani) 
JS Lil Box",1x12,,,,,,,,,,,,,,
Tonex Pedal,IK Multimedia,Harmonic Coloration,Harmonic Coloration,"Guitar, Modeled, Stomp","Guitar, Modeled, Stomp",TONEX,Fryer Treble Booster,TONEX Pedal,,,,,,,,,,,,,,,
Fuchs,Universal Audio,Amp & Cab,Amp & Cab,"Guitar, Modeled","Guitar, Modeled",Fuchs Train II,Fuchs Feiten Ultralight 212,,(1980s) Emulation of the Buzz Feiten Vintage 212 Cabinet. ,Fuchs Feiten Ultralight 212 TOP,"Dynamic, clean quick and punchy. Sound of a 4x12 in a 2x12 form factor. Blues, jazz and good for recording. ",,,,,,,,,,,,
FEITEN 4x12,Universal Audio,Amp & Cab,Amp & Cab,"Guitar, Modeled","Guitar, Modeled",Suhr SE100,Fuchs Feiten Ultralight 212,,Dual Ultralight 212 w/ Warehouse ET65 speakers. (Pair of 2x12 cabs),Fuchs Feiten Ultralight 212 TOP,,,,,,,,,,,,,
"Overdrive Supreme
Supreme Clean",Positive Grid,Amp & Cab,Amp & Cab,"Guitar, Modeled","Guitar, Modeled","BIAS Amp 2, BIAS FX 2",Fuchs Overdrive Supreme,Legacy Series - LOW GAIN,(Clean) 2x12 Jazz Clean ,Fuchs Overdrive Supreme ALT (Tone),Dumble clone,,,,,,,,,,,,
Fuchs Overdrive Supreme 50,Universal Audio,Amp & Cab,Amp & Cab,"Guitar, Modeled","Guitar, Modeled",,Fuchs Overdrive Supreme ,Brainworx (Modeled by) ,,Fuchs Overdrive Supreme TOP,Dumble clone,Plugin,UAD-2,1.0.2,,,,,,,,,
Fuchs Train II,Universal Audio,Amp & Cab,Amp & Cab,"Guitar, Modeled","Guitar, Modeled",,Fuchs Train II,Brainworx (Modeled by) ,,,,Plugin,UAD-2,1.0.1,,,,,,,,,
XR Dark Blue,IK Multimedia,Harmonic Coloration,Harmonic Coloration,"Guitar, Modeled, Stomp","Guitar, Modeled, Stomp",TONEX,Fulltone '70 BC-108C,,,,,,,,,,,,,,,,
Double Red,IK Multimedia,Harmonic Coloration,Harmonic Coloration,"Guitar, Modeled, Stomp","Guitar, Modeled, Stomp",TONEX,Fulltone Full-Drive 2,Double Red,,,,,,,,,,,,,,,
OCD,IK Multimedia,Harmonic Coloration,Harmonic Coloration,"Guitar, Modeled, Stomp","Guitar, Modeled, Stomp",Amplitube,Fulltone OCD,Fulltone Collection,,Fulltone OCD ALT (Tone),,,,,,,,,,,,,
XR White,IK Multimedia,Harmonic Coloration,Harmonic Coloration,"Guitar, Modeled, Stomp","Guitar, Modeled, Stomp",TONEX,Fulltone OCD,,,Fulltone OCD ALT (Tone),,,,,,,,,,,,,
Compulsive Drive,Line 6,Harmonic Coloration,Harmonic Coloration,"Guitar, Modeled, Stomp","Guitar, Modeled, Stomp",Helix Native,Fulltone OCD,,,Fulltone OCD TOP,,,,,,,,,,,,,
SAB Driver,Positive Grid,Harmonic Coloration,Harmonic Coloration,"Guitar, Modeled, Stomp, Deprecated","Deprecated, Guitar, Modeled, Stomp",BIAS FX 2,Fulltone OCD,,(Pedal),"Fulltone OCD ALT (Tone)
Deprecated by BIAS X",,,,,,,,,,,,,
The Obsessive,Positive Grid,Harmonic Coloration,Harmonic Coloration,"Guitar, Modeled, Stomp","Guitar, Modeled, Stomp",BIAS X,Fulltone OCD,,(Pedal - Classic Natural OD),Fulltone OCD ALT (Tone),,,,,,,,,,,,,
TS Dark Blue,IK Multimedia,Harmonic Coloration,Harmonic Coloration,"Guitar, Modeled, Stomp","Guitar, Modeled, Stomp",TONEX,Fulltone Plimsoul,,,,,,,,,,,,,,,,
SSTE,IK Multimedia,Delay,Delay,Modeled,Modeled,Amplitube,Fulltone SSTE ,Fulltone Collection,SSTE = Solid State Tape Echo,,,,,,,,,,,,,,
Satch Octave,IK Multimedia,Harmonic Coloration,Harmonic Coloration,"Guitar, Modeled, Stomp","Guitar, Modeled, Stomp",Amplitube,Fulltone Ultimate Octave,Joe Satriani Collection,,,,,,,,,,,,,,,
Pre EQ 3,IK Multimedia,EQ,EQ,"Guitar, Modeled","Guitar, Modeled",Amplitube,Furman PQ-3,Dimebag Darrell - CFH,,,,,,,,,,,,,,,
"GK Bass
TONEX Amp Black (Amplitube)",IK Multimedia,Amp & Cab,Amp & Cab,"Bass, Modeled","Bass, Modeled",TONEX,Gallien-Krueger 2001RB,"Premium Tone Model
GK Bass
TONEX Amp Black",Galien Krueger NEO 410,,,,,,,,,,,,,,
Bass GK 4x10,Positive Grid,Amp & Cab,Amp & Cab,"Bass, Modeled","Bass, Modeled","BIAS Amp 2, BIAS FX 2",Gallien-Krueger 410RBH,Legacy Series - CAB,4x10 CAB,,,,,,,,,,,,,,
"RB 700
700 RB V2",Positive Grid,Amp & Cab,Amp & Cab,"Bass, Modeled","Bass, Modeled","BIAS Amp 2, BIAS FX 2",Gallien-Krueger 700RB,Legacy Series - BASS,4x10 Bass GK ,,,,,,,,,,,,,,
Solid State Bass Preamp,IK Multimedia,Amp & Cab,Amp & Cab,"Bass, Modeled","Bass, Modeled",Amplitube,Gallien-Krueger 800RB,Amplitube Collection,,Gallien-Krueger 800RB ALT (Tone),,,,,,,,,,,,,
"GK Bass
TONEX Amp Black (Amplitube)",IK Multimedia,Amp & Cab,Amp & Cab,"Bass, Modeled","Bass, Modeled",TONEX,Gallien-Krueger 800RB,"Premium Tone Model
GK Bass
TONEX Amp Black",Aguilar DB410,Gallien-Krueger 800RB ALT (Tone),,,,,,,,,,,,,
TONEX Amp Black (Amplitube),IK Multimedia,Amp & Cab,Amp & Cab,"Bass, Modeled","Bass, Modeled",TONEX,Gallien-Krueger 800RB,"Premium Tone Model
TONEX Amp Black",Ambeg BA500,Gallien-Krueger 800RB ALT (Tone),,,,,,,,,,,,,
G Cougar 800,Line 6,Amp & Cab,Amp & Cab,"Bass, Modeled","Bass, Modeled",Helix Native,Gallien-Krueger 800RB,,,Gallien-Krueger 800RB TOP,,,,,,,,,,,,,
"GK 800
GK 800 V2",Positive Grid,Amp & Cab,Amp & Cab,"Bass, Modeled, Deprecated","Bass, Deprecated, Modeled",BIAS FX 2,Gallien-Krueger 800RB,Legacy Series - BASS,4x10 Bass GK ,"Gallien-Krueger 800RB ALT (Tone)
Deprecated by BIAS X",,,,,,,,,,,,,
GK-800,Positive Grid,Amp & Cab,Amp & Cab,"Bass, Modeled","Bass, Modeled",BIAS X,Gallien-Krueger 800RB,American Series - Bass,,Gallien-Krueger 800RB ALT (Tone),,,,,,,,,,,,,
Gallien Krueger 800 RB,Universal Audio,Amp & Cab,Amp & Cab,"Bass, Modeled","Bass, Modeled",,Gallien-Krueger 800RB,Brainworx (Modeled by) ,,Gallien-Krueger 800RB ALT (Tone),,Plugin,UAD-2,1.0.1,,,,,,,,,
The Backline,Positive Grid,Amp & Cab,Amp & Cab,"Bass, Modeled","Bass, Modeled",BIAS Amp 2,Gallien-Krueger Backline 600,,2x12 Bass NEO,,,,,,,,,,,,,,
Bass CX10 2x10,Positive Grid,Amp & Cab,Amp & Cab,"Bass, Modeled","Bass, Modeled","BIAS Amp 2, BIAS FX 2",Gallien-Krueger CX210,Legacy Series - CAB,2x10 CAB,,,,,,,,,,,,,,
1x12 MB 150 S,IK Multimedia,Amp & Cab,Amp & Cab,"Guitar, Modeled","Guitar, Modeled",Amplitube,Gallien-Krueger MB150S,Galien Krueger Collection,1x12 CAB,,,,,,,,,,,,,,
MB 150 S,IK Multimedia,Amp & Cab,Amp & Cab,"Bass, Modeled","Bass, Modeled",Amplitube,Gallien-Krueger MB150S,Galien Krueger Collection,,Gallien-Krueger MB150S ALT (Tone),,,,,,,,,,,,,
GK Bass,IK Multimedia,Amp & Cab,Amp & Cab,"Bass, Modeled","Bass, Modeled",TONEX,Gallien-Krueger MB150S,"Premium Tone Model
GK Bass",Gallien-Krueger 115 RBH,Gallien-Krueger MB150S TOP,,,,,,,,,,,,,
TONEX Amp Black (Amplitube),IK Multimedia,Amp & Cab,Amp & Cab,"Bass, Modeled","Bass, Modeled",TONEX,Gallien-Krueger MB150S,"Premium Tone Model
TONEX Amp Black",Gallien-Krueger 115 RBH,Gallien-Krueger MB150S TOP,,,,,,,,,,,,,
Bass NEO 2x12,Positive Grid,Amp & Cab,Amp & Cab,"Bass, Modeled","Bass, Modeled","BIAS Amp 2, BIAS FX 2",Gallien-Krueger NEO 212,Legacy Series - CAB,2x12 CAB,,,,,,,,,,,,,,
4x10 NY410,IK Multimedia,Amp & Cab,Amp & Cab,"Bass, Modeled","Bass, Modeled",Amplitube,Gallien-Krueger NEO 410,Amplitube Collection,4x10 CAB,,,,,,,,,,,,,,
Double Red,IK Multimedia,Harmonic Coloration,Harmonic Coloration,"Guitar, Modeled, Stomp","Guitar, Modeled, Stomp",TONEX,GCI Brutalist Jr.,Double Red,,,,,,,,,,,,,,,
"Vintage & Lo-Fi
Low End Chrome (Amplitube)",IK Multimedia,Amp & Cab,Amp & Cab,"Guitar, Modeled","Guitar, Modeled",TONEX,Geloso G204V,"Premium Tone Model
Low End Chrome
Vintage & Lo-FI",,,,,,,,,,,,,,,
"Vintage & Lo-Fi
Low End Chrome (Amplitube)",IK Multimedia,Amp & Cab,Amp & Cab,"Guitar, Modeled","Guitar, Modeled",TONEX,Geloso G215,"Premium Tone Model
Low End Chrome
Vintage & Lo-FI",Handmade 1x12 ,,,,,,,,,,,,,,
1x12 Field Coil,Line 6,Amp & Cab,Amp & Cab,"Guitar, Modeled","Guitar, Modeled",Helix Native,Gibson EH185,Legacy,1x12 CAB,,,,,,,,,,,,,,
Stone Age 185,Line 6,Amp & Cab,Amp & Cab,"Guitar, Modeled","Guitar, Modeled",Helix Native,Gibson EH185,,,,,,,,,,,,,,,,
GA-18,Positive Grid,Amp & Cab,Amp & Cab,"Guitar, Modeled","Guitar, Modeled",BIAS Amp 2,Gibson GA-18,,(Crunch) 1x12 C-12K,,,,,,,,,,,,,,
"Acme 8"" OpenBack",Waves,Amp & Cab,Amp & Cab,"Guitar, Modeled","Guitar, Modeled","GTR Amp, GTR Solo / Solo Rack",Gibson GA-5 Skylark,,1x8 Jensen C8R,,,,,,,,,,,,,,
GTR Amp Clean - Sweet,Waves,Amp & Cab,Amp & Cab,"Guitar, Modeled","Guitar, Modeled","GTR Amp, GTR Solo / Solo Rack",Gibson GA-5 Skylark,,(1968),,,,,,,,,,,,,,
"API 550A DNU
API 550B ALT (Tone)
API 560 DNU
GML Model 8200 ALT (Tone)
",Universal Audio,EQ,EQ,"Modeled, LOW DSP","LOW DSP, Modeled",,GML Model 8200,Massenburg Designworks (Modeled by),,GML Model 8200 ALT (Tone) ,LOW DSP,Plugin,UAD-2,1.0.0,,,,,,,,,
MDWEQ5-5B,Universal Audio,EQ,EQ,Modeled,Modeled,,GML Model 8200,Massenburg Designworks (Modeled by),,GML Model 8200 TOP,,Plugin,UAD-2,1.0.0,,,,,,,,,
Grammatico GSG,Line 6,Amp & Cab,Amp & Cab,"Guitar, Modeled","Guitar, Modeled",Helix Native,Grammatico GSG100,,,,,,,,,,,,,,,,
1x12 Grammatico,Line 6,Amp & Cab,Amp & Cab,"Guitar, Modeled","Guitar, Modeled",Helix Native,Grammatico LaGrange,,1x12 CAB,,,,,,,,,,,,,,
"Grammatico LG Brt
Grammatico LG Jmp
Grammatico LG Nrm",Line 6,Amp & Cab,Amp & Cab,"Guitar, Modeled","Guitar, Modeled",Helix Native,Grammatico LaGrange,,,,,,,,,,,,,,,,
Gret 6156,Positive Grid,Amp & Cab,Amp & Cab,"Guitar, Modeled","Guitar, Modeled","BIAS Amp 2, BIAS FX 2",Gretsch 6156 Playboy,Legacy Series - LOW GAIN,(Glassy) 1x12,,,,,,,,,,,,,,
MD-1,Antares,Microphone,Microphone,Modeled,Modeled,Mic Mod,Groove Tubes MD1a,,,,,,,,,,,,,,,,
"MD1b
MD1b-FET",IK Multimedia,Microphone,Microphone,Modeled,Modeled,"Amplitube, MicRoom",Groove Tubes MD1b-FET,,,,,,,,,,,,,,,,
Velo-8,IK Multimedia,Microphone,Microphone,Modeled,Modeled,"Amplitube, MicRoom",Groove Tubes Velo 8,,,,,,,,,,,,,,,,
"GA 930
Vintage Crunch",Positive Grid,Amp & Cab,Amp & Cab,"Guitar, Modeled","Guitar, Modeled","BIAS Amp 2, BIAS FX 2",Guyatone GA-930,Legacy Series - CRUNCH,(Blues) 1x12 Tweed Lux ,,,,,,,,,,,,,,
Tverb,Eventide,Reverb & Room,Reverb & Room,Modeled,Modeled,,Hansa Tonstudios Meistersaal,,Tony Visconti,,,Plugin,"AU, VST3",2.11.5,,,,,,,,,
Harrison 32C SE,Universal Audio,EQ,EQ,"Modeled, LOW DSP","LOW DSP, Modeled",,Harrison 32C EQ,,,Harrison 32C EQ ALT (Low DSP),LOW DSP,Plugin,UAD-2,11.8.1,,,,,,,,,
Harrison 32C,Universal Audio,EQ,EQ,Modeled,Modeled,,Harrison 32C EQ,,,Harrison 32C EQ TOP,,Plugin,UAD-2,11.8.1,,,,,,,,,
H35 Bass,Positive Grid,Amp & Cab,Amp & Cab,"Bass, Modeled","Bass, Modeled",BIAS Amp 2,Hartke A35,,1x18 Big Bass,,,,,,,,,,,,,,
GTR Amp Bass - SolidState,Waves,Amp & Cab,Amp & Cab,"Bass, Modeled","Bass, Modeled","GTR Amp, GTR Solo / Solo Rack",Hartke HA3500,,,,,,,,,,,,,,,,
"H5000 Bass
H5001",Positive Grid,Amp & Cab,Amp & Cab,"Bass, Modeled","Bass, Modeled","BIAS Amp 2, BIAS FX 2",Hartke HA5000,Legacy Series - BASS,2x10 Bass CX-10,,,,,,,,,,,,,,
30 Dynamic,Line 6,Microphone,Microphone,"Guitar, Modeled","Guitar, Modeled",Helix Native,Heil Sound PR 30,,,,,,,,,,,,,,,,
40 Dynamic,Line 6,Microphone,Microphone,"Modeled, Bass","Bass, Modeled",Helix Native,Heil Sound PR 40,,,,,,,,,,,,,,,,
Helios Type 69 Legacy,Universal Audio,"EQ, Preamps","EQ, Preamps","Modeled, LOW DSP","LOW DSP, Modeled",,Helios Type 69,,,Helios Type 69 TOP,LOW DSP,Plugin,UAD-2,11.8.1,,,,,,,,,
Helios Type 69,Universal Audio,"EQ, Preamps","EQ, Preamps",Modeled,Modeled,,Helios Type 69,,,Helios Type 69 TOP,,Plugin,"UAD-2, UADx","11.8.1 (UAD-2)
1.0.6 (UADx)",,,,,,,,,
Kramer HLS,Waves,"EQ, Preamps","EQ, Preamps","Channel Strip, Modeled","Channel Strip, Modeled",,Helios Type 69,,,Helios Type 69 DNU,,Plugin,AU,16.7.33,,,,,,,,,
Dhyana Drive,Line 6,Harmonic Coloration,Harmonic Coloration,"Guitar, Modeled, Stomp","Guitar, Modeled, Stomp",Helix Native,Hermida Zendrive,,,,,,,,,,,,,,,,
Hitsville EQ,Universal Audio,EQ,EQ,Modeled,Modeled,,Hitsville USA EQ,,,,,Plugin,"UAD-2, UADx",11.8.1 (UAD-2) 1.3.16 (UADx),,,,,,,,,
Hitsville EQ Mastering,Universal Audio,EQ,EQ,Modeled,Modeled,,Hitsville USA EQ (Mastering),,,,,Plugin,"UAD-2, UADx",11.8.1 (UAD-2) 1.3.16 (UADx),,,,,,,,,
Hitsville Reverb Chambers,Universal Audio,Reverb & Room,Reverb & Room,Modeled,Modeled,,Hitsville USA Motown Studios,,"2 custom built reverb ""converted attic"" chambers w/ Dynamic Room Modeling",,"

2648 West Grand Blvd (vocals, solos, percussion); 
[ Speakers --> Bozak 800 + ElectroVoice T35V tweeters w/ Bozak x-over (Bozak 8"" alum cone midrange driver w/ series-parallel array of EV 35B tweeters per side. 3-way x-over's lowband is empty = HPF); JBL 2482 + ElectroVoice T35B tweeters w/ Bozak x-over (JBL compression driver w/ massive Altec 803B multicell dispersion horn - replaced 800s in 1968 - same tweeter / x-over)]

2644 West Grand Blvd (strings, horn, piano, drums)
[Speakers --> Altec605B Duplex w/ Altec N-1500A x-over (full-range, coazial duplex w/ 15"" woofer and high-freq multicell horn driver. Altec 612B cab w/ crossover) Bose 901 w/ active EQ (full and even freq response, side imaging, replaced Altecs in late 60s]",Plugin,"UAD-2, UADx",11.8.1 (UAD-2) 1.0.16 (UADx),,,,,,,,,
HiAmp,IK Multimedia,Amp & Cab,Amp & Cab,"Guitar, Modeled","Guitar, Modeled",Amplitube,Hiwatt DR103 Custom 100,Amplitube Collection,(crunch) Fane Purple Back,Hiwatt DR103 Custom 100 ALT (Tone),,,,,,,,,,,,,
"Joe Satriani Amp Vault
JS High Custom (Amplitube)",IK Multimedia,Amp & Cab,Amp & Cab,"Guitar, Modeled","Guitar, Modeled",TONEX,Hiwatt DR103 Custom 100,"Premium Tone Model (Joe Satriani)
JS High Custom","Marshall 1960A ""Stain"" 4x12 ",Hiwatt DR103 Custom 100 ALT (Tone),,,,,,,,,,,,,
TONEX Amp Black (Amplitube),IK Multimedia,Amp & Cab,Amp & Cab,"Guitar, Modeled","Guitar, Modeled",TONEX,Hiwatt DR103 Custom 100,"Premium Tone Model
TONEX Amp Black","Hiwatt 4x12
Marshall 1960B 4x12",Hiwatt DR103 Custom 100 ALT (Tone),,,,,,,,,,,,,
WhoWatt 100,Line 6,Amp & Cab,Amp & Cab,"Guitar, Modeled","Guitar, Modeled",Helix Native,Hiwatt DR103 Custom 100,,(Brilliant Channel)  ,Hiwatt DR103 Custom 100 TOP,,,,,,,,,,,,,
DR103 BS,Positive Grid,Amp & Cab,Amp & Cab,"Guitar, Modeled","Guitar, Modeled",BIAS Amp 2,Hiwatt DR103 Custom 100,,(Brilliant Channel) (Blues) 1x12 Tweed Lux ,Hiwatt DR103 Custom 100 ALT (Tone),,,,,,,,,,,,,
DR103 CH,Positive Grid,Amp & Cab,Amp & Cab,"Guitar, Modeled","Guitar, Modeled",BIAS Amp 2,Hiwatt DR103 Custom 100,,(Brilliant Channel) (Crunch) 4x12 Celestion V30s ,Hiwatt DR103 Custom 100 ALT (Tone),,,,,,,,,,,,,
DR103 GY,Positive Grid,Amp & Cab,Amp & Cab,"Guitar, Modeled","Guitar, Modeled",BIAS Amp 2,Hiwatt DR103 Custom 100,,(Normal Channel) (Glassy) 2x12 Black Duo ,Hiwatt DR103 Custom 100 ALT (Tone),,,,,,,,,,,,,
"Hiway 103 Clean
Hiway 103 Clean v2",Positive Grid,Amp & Cab,Amp & Cab,"Guitar, Modeled","Guitar, Modeled",BIAS Amp 2,Hiwatt DR103 Custom 100,,(Clean) 4x12 Hiway 4123,Hiwatt DR103 Custom 100 ALT (Tone),,,,,,,,,,,,,
"Hiway DR103
Hiway DR103 v2",Positive Grid,Amp & Cab,Amp & Cab,"Guitar, Modeled","Guitar, Modeled","BIAS Amp 2, BIAS FX 2",Hiwatt DR103 Custom 100,Legacy Series - CRUNCH,(Crunch) 4x12 Hiway 4123,Hiwatt DR103 Custom 100 ALT (Tone),,,,,,,,,,,,,
DR201 Custom,Positive Grid,Amp & Cab,Amp & Cab,"Bass, Modeled","Bass, Modeled","BIAS Amp 2, BIAS FX 2",Hiwatt DR201 Custom 200,Legacy Series - BASS,6x10 Bass Blue,,,,,,,,,,,,,,
"British Rock 50
British Rock 50 v2",Positive Grid,Amp & Cab,Amp & Cab,"Guitar, Modeled","Guitar, Modeled",BIAS Amp 2,Hiwatt DR504 Custom 50,,(Hi Gain) 4x12 OR V-30s ,,,,,,,,,,,,,,
Hiway Fane 2x12,Positive Grid,Amp & Cab,Amp & Cab,"Guitar, Modeled","Guitar, Modeled","BIAS Amp 2, BIAS FX 2",Hiwatt SE212F,Legacy Series - CAB,2x12 CAB,,,,,,,,,,,,,,
"4x12 WhoWatt
4x12 WhoWatt 100",Line 6,Amp & Cab,Amp & Cab,"Guitar, Modeled","Guitar, Modeled",Helix Native,Hiwatt SE4123F,,4x12 CAB,Hiwatt 4123F TOP,,,,,,,,,,,,,
Acme 4x12 Cab,Waves,Amp & Cab,Amp & Cab,"Guitar, Modeled","Guitar, Modeled",GTR Amp,Hiwatt SE4123F,,4x12 CAB,Hiwatt 4123F ALT (Tone),,,,,,,,,,,,,
4x12 HiAmp,IK Multimedia,Amp & Cab,Amp & Cab,"Guitar, Modeled","Guitar, Modeled",Amplitube,Hiwatt SE4123F,Amplitube Collection,4x12 CAB,Hiwatt SE4123F TOP,,,,,,,,,,,,,
Hiway 4123 4x12,Positive Grid,Amp & Cab,Amp & Cab,"Guitar, Modeled","Guitar, Modeled","BIAS Amp 2, BIAS FX 2",Hiwatt SE4123F,Legacy Series - CAB,4x12 CAB,Hiwatt SE4123F ALT (Tone),,,,,,,,,,,,,
Horizon Gate,Line 6,Dynamics,Dynamics,"Guitar, Modeled, Stomp","Guitar, Modeled, Stomp",Helix Native,Horizon Precision Drive,,Gate Circuit,,,,,,,,,,,,,,
Horizon Drive,Line 6,Harmonic Coloration,Harmonic Coloration,"Guitar, Modeled, Stomp","Guitar, Modeled, Stomp",Helix Native,Horizon Precision Drive,,,,,,,,,,,,,,,,
"Switch Blade
SwitchAxe Lead",Positive Grid,Amp & Cab,Amp & Cab,"Guitar, Modeled","Guitar, Modeled","BIAS Amp 2, BIAS FX 2",Hughes & Kettner SwitchBlade 100,Legacy Series - HIGH GAIN,(Lead Channel) (Insane) 4x12 Green 25s,,,,,,,,,,,,,,
Alex Lifeson Legacy,IK Multimedia,Amp & Cab,Amp & Cab,"Guitar, Modeled","Guitar, Modeled",TONEX,Hughes & Kettner Triamp MkII,Premium Tone Model (Alex Lifeson),Hughes & Kettner TC 412 A60,,,,,,,,,,,,,,
Panned Phaser,Line 6,Modulation,Modulation,"Guitar, Modeled, Stomp","Guitar, Modeled, Stomp",Helix Native,Ibanez Flying Pan FP777,Legacy,,,,,,,,,,,,,,,
GTR Amp Neil Citron - Thermitron Clean / Crunch,Waves,Amp & Cab,Amp & Cab,"Guitar, Modeled","Guitar, Modeled",GTR Amp,Ibanez TN120 Thermion,,"2 Channels (Clean, Crunch)",,,,,,,,,,,,,,
Diode Overdrive,IK Multimedia,Harmonic Coloration,Harmonic Coloration,"Guitar, Modeled, Stomp","Guitar, Modeled, Stomp",Amplitube,Ibanez TS808 (Tube Screamer),Amplitube Collection,,Ibanez TS808 ALT (Tone),,,,,,,,,,,,,
X-DRIVE (Green Setting),IK Multimedia,Harmonic Coloration,Harmonic Coloration,"Guitar, Modeled, Stomp","Guitar, Modeled, Stomp",Amplitube,Ibanez TS808 (Tube Screamer),X-Gear (X-DRIVE),,Ibanez TS808 ALT (Tone),,,,,,,,,,,,,
OverScream,IK Multimedia,Harmonic Coloration,Harmonic Coloration,"Guitar, Modeled, Stomp","Guitar, Modeled, Stomp","Amplitube, MixBox",Ibanez TS808 (Tube Screamer),Amplitube Collection,,Ibanez TS808 ALT (Tone),,,,,,,,,,,,,
TS Green,IK Multimedia,Harmonic Coloration,Harmonic Coloration,"Guitar, Modeled, Stomp","Guitar, Modeled, Stomp",TONEX,Ibanez TS808 (Tube Screamer),,,Ibanez TS808 ALT (Tone),,,,,,,,,,,,,
Scream 808,Line 6,Harmonic Coloration,Harmonic Coloration,"Guitar, Modeled, Stomp","Guitar, Modeled, Stomp",Helix Native,Ibanez TS808 (Tube Screamer),,,Ibanez TS808 TOP,,,,,,,,,,,,,
Screamer,Line 6,Harmonic Coloration,Harmonic Coloration,"Guitar, Modeled, Stomp","Guitar, Modeled, Stomp",Helix Native,Ibanez TS808 (Tube Screamer),Legacy,,Ibanez TS808 ALT (Tone),,,,,,,,,,,,,
8080D,Positive Grid,Harmonic Coloration,Harmonic Coloration,"Guitar, Modeled, Stomp, Deprecated","Deprecated, Guitar, Modeled, Stomp",BIAS FX 2,Ibanez TS808 (Tube Screamer),,(Pedal),Deprecated by BIAS X,,,,,,,,,,,,,
Evergreen,Positive Grid,Harmonic Coloration,Harmonic Coloration,"Guitar, Modeled, Stomp","Guitar, Modeled, Stomp",BIAS X,Ibanez TS808 (Tube Screamer),,(Pedal - Mid Boost) ,Ibanez TS808 ALT (Tone),,,,,,,,,,,,,
TS Overdrive,Universal Audio,Harmonic Coloration,Harmonic Coloration,"Guitar, Modeled, Stomp","Guitar, Modeled, Stomp",Paradise Guitar Studio,Ibanez TS808 (Tube Screamer),,,"Ibanez TS808 ALT (Tone)
Standalone; Embedded in Paradise Guitar Studio",,Plugin,UAD-2,11.8.1,,,,,,,,,
MDMX Screamer,Waves,Harmonic Coloration,Harmonic Coloration,"Guitar, Modeled, Stomp, REMOVE","Guitar, Modeled, REMOVE, Stomp",,Ibanez TS808 (Tube Screamer),,,Ibanez TS808 DNU,,Plugin,AU,16.7.33,,,,,,,,,
"ODS Legends
Signature Collections Vol 1.",IK Multimedia,Harmonic Coloration,Harmonic Coloration,"Guitar, Modeled, Stomp","Guitar, Modeled, Stomp",TONEX,Ibanez TS808 (Tube Screamer) ,"Premium Tone Model (Overdrive Special) 
Signature Collections Vol. 1",,Ibanez TS808 ALT (Tone),,,,,,,,,,,,,
Overdrive Pro,Positive Grid,Harmonic Coloration,Harmonic Coloration,"Guitar, Modeled, Stomp","Guitar, Modeled, Stomp",BIAS FX 2,Ibanez TS808DX,,(Pedal),,,,,,,,,,,,,,
SVX-OD,IK Multimedia,Harmonic Coloration,Harmonic Coloration,"Guitar, Modeled, Stomp","Guitar, Modeled, Stomp",Amplitube,Ibanez TS9 (Tube Screamer),Amplitube SVX,,Ibanez TS9 TOP,,,,,,,,,,,,,
Overdrive,IK Multimedia,Harmonic Coloration,Harmonic Coloration,"Guitar, Modeled, Stomp","Guitar, Modeled, Stomp","Amplitube, MixBox",Ibanez TS9 (Tube Screamer),Amplitube Collection,,Ibanez TS9 TOP,,,,,,,,,,,,,
Wah 10,IK Multimedia,Modulation,Modulation,"Guitar, Modeled, Stomp","Guitar, Modeled, Stomp",Amplitube,Ibanez WH10,Amplitube Collection,,,,,,,,,,,,,,,
Noise Reduction,Positive Grid,Dynamics,Dynamics,"Guitar, Modeled, Stomp","Guitar, Modeled, Stomp",BIAS FX 2,ISP Technologies Decimator,,(Pedal),,,,,,,,,,,,,,
Gus G. Tone Asylum,IK Multimedia,Harmonic Coloration,Harmonic Coloration,"Guitar, Modeled, Stomp","Guitar, Modeled, Stomp",TONEX,J. Rockett Archer,Premium Tone Model (Gus G.),,,,,,,,,,,,,,,
California Red,IK Multimedia,Amp & Cab,Amp & Cab,"Guitar, Modeled","Guitar, Modeled",Amplitube,JBL D120F,,1x12 CAB (Speaker) ,JBL D120F ALT (Tone),,,,,,,,,,,,,
American J100,IK Multimedia,Amp & Cab,Amp & Cab,"Guitar, Modeled","Guitar, Modeled",Amplitube,Jensen Blackbird 100,Mesa/Boogie Collection,1x12 CAB (Speaker) ,,,,,,,,,,,,,,
American J40,IK Multimedia,Amp & Cab,Amp & Cab,"Guitar, Modeled","Guitar, Modeled",Amplitube,Jensen Blackbird 40,Mesa/Boogie Collection,1x12 CAB (Speaker) ,,,,,,,,,,,,,,
American 12K,IK Multimedia,Amp & Cab,Amp & Cab,"Guitar, Modeled","Guitar, Modeled",Amplitube,Jensen C12K,,1x12 CAB (Speaker) ,Jensen C12K TOP,,,,,,,,,,,,,
C-12K 1x12,Positive Grid,Amp & Cab,Amp & Cab,"Guitar, Modeled","Guitar, Modeled","BIAS Amp 2, BIAS FX 2",Jensen C12K,Legacy Series - CAB,1x12 CAB (Speaker) ,Jensen C12K ALT (Tone),,,,,,,,,,,,,
American 12C,IK Multimedia,Amp & Cab,Amp & Cab,"Guitar, Modeled","Guitar, Modeled",Amplitube,Jensen C12Q,,1x12 CAB (Speaker) ,,,,,,,,,,,,,,
P10Q 4x12,Positive Grid,Amp & Cab,Amp & Cab,"Guitar, Modeled","Guitar, Modeled","BIAS Amp 2, BIAS FX 2",Jensen P10Q,Legacy Series - CAB,4x10 CAB,,,,,,,,,,,,,,
American Alnico,IK Multimedia,Amp & Cab,Amp & Cab,"Guitar, Modeled","Guitar, Modeled",Amplitube,Jensen P12Q,,1x12 CAB (Speaker) ,,,,,,,,,,,,,,
JCA100H,IK Multimedia,Amp & Cab,Amp & Cab,"Guitar, Modeled","Guitar, Modeled",Amplitube,Jet City JCA 100HDM,Jet City Collection,(high-gain),,,,,,,,,,,,,,
JCA20H,IK Multimedia,Amp & Cab,Amp & Cab,"Guitar, Modeled","Guitar, Modeled",Amplitube,Jet City JCA 20H,Jet City Collection,(high-gain),Jet City JCA 20H ALT (Tone),,,,,,,,,,,,,
Jet Blue (Amplitube),IK Multimedia,Amp & Cab,Amp & Cab,"Guitar, Modeled","Guitar, Modeled",TONEX,Jet City JCA 20H,Premium Tone Model,Orange PPC112,Jet City JCA 20H TOP,,,,,,,,,,,,,
4x12 SoloLead EM,Line 6,Amp & Cab,Amp & Cab,"Guitar, Modeled","Guitar, Modeled",Helix Native,Jet City JCA48S,,4x12 CAB,,,,,,,,,,,,,,
Signature Collections Vol 1.,IK Multimedia,Harmonic Coloration,Harmonic Coloration,"Guitar, Modeled, Stomp","Guitar, Modeled, Stomp",TONEX,JHS Morning Glory,"Premium Tone Model
Signature Collections Vol. 1",,JHS Morning Glory TOP,,,,,,,,,,,,,
TS Gold,IK Multimedia,Harmonic Coloration,Harmonic Coloration,"Guitar, Modeled, Stomp","Guitar, Modeled, Stomp",TONEX,JHS Morning Glory,,,JHS Morning Glory ALT (Tone),,,,,,,,,,,,,
BM DK,IK Multimedia,Amp & Cab,Amp & Cab,"Guitar, Modeled","Guitar, Modeled",Amplitube,John Deacon Deacy,Brian May Collection,(crunch),,,,,,,,,,,,,,
Star Gate,IK Multimedia,Dynamics,Dynamics,"Guitar, Modeled, Stomp","Guitar, Modeled, Stomp",Amplitube,John Deacon Deacy,Brian May Collection,Noise Gate Circuit Only,,,,,,,,,,,,,,
Pocket Fuzz,Line 6,Harmonic Coloration,Harmonic Coloration,"Guitar, Modeled, Stomp","Guitar, Modeled, Stomp",Helix Native,Jordan Boss Tone,,,,,,,,,,,,,,,,
Treble Booster,IK Multimedia,Harmonic Coloration,Harmonic Coloration,"Guitar, Modeled, Stomp","Guitar, Modeled, Stomp",Amplitube,KAT BMG Treble Booster Classic,Brian May Collection,,,,,,,,,,,,,,,
4K Comp,Positive Grid,Dynamics,Dynamics,"Guitar, Modeled, Stomp, Deprecated","Deprecated, Guitar, Modeled, Stomp",BIAS FX 2,Keeley 4 Knob Compressor,,(Pedal),Deprecated by BIAS X,,,,,,,,,,,,,
Tetra,Positive Grid,Dynamics,Dynamics,"Guitar, Modeled, Stomp","Guitar, Modeled, Stomp",BIAS X,Keeley 4 Knob Compressor,,(Pedal - 4 Knob Compressor) ,,,,,,,,,,,,,,
Golden Horse / Goldie Horsie,IK Multimedia,Harmonic Coloration,Harmonic Coloration,"Guitar, Modeled, Stomp","Guitar, Modeled, Stomp",TONEX,Klon Centaur,Premium Tone Model,Golden Horse (Tonex) / Goldie Horsie (Amplitube) ,Klon Centaur ALT (Tone),,,,,,,,,,,,,
"ODS Legends
Signature Collections Vol 1.",IK Multimedia,Harmonic Coloration,Harmonic Coloration,"Guitar, Modeled, Stomp","Guitar, Modeled, Stomp",TONEX,Klon Centaur,"Premium Tone Model (Overdrive Special) 
Signature Collections Vol. 1",,Klon Centaur ALT (Tone),,,,,,,,,,,,,
Minotaur,Line 6,Harmonic Coloration,Harmonic Coloration,"Guitar, Modeled, Stomp","Guitar, Modeled, Stomp",Helix Native,Klon Centaur,,,Klon Centaur TOP,,,,,,,,,,,,,
Clone Drive,Positive Grid,Harmonic Coloration,Harmonic Coloration,"Guitar, Modeled, Stomp, Deprecated","Deprecated, Guitar, Modeled, Stomp",BIAS FX 2,Klon Centaur,,(Pedal),"Klon Centaur ALT (Tone)
Deprecated by BIAS X",,,,,,,,,,,,,
Golden ,Positive Grid,Harmonic Coloration,Harmonic Coloration,"Guitar, Modeled, Stomp","Guitar, Modeled, Stomp",BIAS X,Klon Centaur,,(Pedal - Hard Clipping OD) ,Klon Centaur ALT (Tone),,,,,,,,,,,,,
Gold Overdrive,Universal Audio,Harmonic Coloration,Harmonic Coloration,"Guitar, Modeled, Stomp","Guitar, Modeled, Stomp",Paradise Guitar Studio,Klon Centaur,,,Klon Centaur TOP,"works as a clean boost at low gain settings, with thick midrange-forward drive when gain is set higher. Many players prefer to use the Gold Overdrive as a clean boost. Set Gain at the minimum and push the Output for a mid-forward boost sound. 
For a classic Gold Overdrive lead sound with a clean amp, set Gain to 3 o'clock, Treble to noon, and Output to 9 o'clock.",,,,,,,,,,,,
GTR Amp High Gain - Hot,Waves,Amp & Cab,Amp & Cab,"Guitar, Modeled","Guitar, Modeled",GTR Amp,Koch Twintone,,,,,,,,,,,,,,,,
Mystery Filter,Line 6,"Delay, Harmonic Coloration, Dynamics, Modulation, Pitch, Reverb & Room","Delay, Dynamics, Harmonic Coloration, Modulation, Pitch, Reverb & Room",Modeled,Modeled,Helix Native,Korg A3,,,Embedded in Helix Native,,,,,,,,,,,,,
MS-20FX,Korg,"Delay, Modulation, Dynamics, Harmonic Coloration, EQ, Reverb & Room","Delay, Dynamics, EQ, Harmonic Coloration, Modulation, Reverb & Room",Modeled,Modeled,,Korg MS-20,,"FX Chain from Korg MS-20 
[compressors, limiters, overdrive, wah, 4-band EQ, exciter / enhancer, talkbox, flanger, phaser, chorus, delay, harmonization, reverb ]",,,Plugin,"AU, VST3",2.4.2,,,,,,,,,
KORG SDD-3000,Universal Audio,Delay,Delay,"Guitar, Modeled","Guitar, Modeled",,KORG SDD-3000 Digital Delay,,,,,Plugin,UAD-2,11.8.1,,,,,,,,,
Attack Synth,Line 6,"Harmonic Coloration, Pitch, Modulation","Harmonic Coloration, Modulation, Pitch",Modeled,Modeled,Helix Native,Korg X911,Legacy,,,,,,,,,,,,,,,
Dynamic Drive,IK Multimedia,Harmonic Coloration,Harmonic Coloration,"Guitar, Modeled, Stomp","Guitar, Modeled, Stomp",TONEX,Landgraff Dynamic Overdrive,Premium Tone Model,,Landgraff Dynamic Overdrive TOP,,,,,,,,,,,,,
TS Blue,IK Multimedia,Harmonic Coloration,Harmonic Coloration,"Guitar, Modeled, Stomp","Guitar, Modeled, Stomp",TONEX,Landgraff Dynamic Overdrive,,,Landgraff Dynamic Overdrive TOP,,,,,,,,,,,,,
GH50,Positive Grid,Amp & Cab,Amp & Cab,"Guitar, Modeled","Guitar, Modeled",BIAS Amp 2,Laney GH50L,,(Insane) 4x12 Celest T-75s ,,,,,,,,,,,,,,
Lanny 50 V2,Positive Grid,Amp & Cab,Amp & Cab,"Guitar, Modeled","Guitar, Modeled",BIAS FX 2,Laney GH50R,Legacy Series - CRUNCH,4x12,,,,,,,,,,,,,,
Hot Rod (Amplitube),IK Multimedia,Amp & Cab,Amp & Cab,"Guitar, Modeled","Guitar, Modeled",TONEX,Laney VC30-212,"Premium Tone Model
Hot Rod",2x12 Combo,,,,,,,,,,,,,,
L47MP,Antares,Microphone,Microphone,Modeled,Modeled,Mic Mod,Lawson L47MP,,,,,,,,,,,,,,,,
Alex Lifeson Legacy,IK Multimedia,Amp & Cab,Amp & Cab,"Guitar, Modeled","Guitar, Modeled",TONEX,Lerxst Omega,Premium Tone Model (Alex Lifeson),"Lerxst Omega 4x12
Marshall 1960BV 4x12",,,,,,,,,,,,,,
Rotary Mod,Eventide,Modulation,Modulation,Modeled,Modeled,,Leslie 122,,,Leslie 122 ALT (Tone),,Plugin,"AU, VST3",1.3.5,,,,,,,,,
"122
122A",IK Multimedia,"Amp & Cab, Modulation","Amp & Cab, Modulation",Modeled,Modeled,Amplitube,Leslie 122,Leslie Collection,(clean),"Leslie 122 ALT (Tone)
Embedded in Amplitube",,,,,,,,,,,,,
122 Rotary,Line 6,"Amp & Cab, Modulation","Amp & Cab, Modulation",Modeled,Modeled,Helix Native,Leslie 122,,,"Leslie 122 TOP
Embedded in Helix Native",,,,,,,,,,,,,
Rotary Speaker,IK Multimedia,"Amp & Cab, Modulation","Amp & Cab, Modulation",Modeled,Modeled,"Amplitube, MixBox","Leslie 122
Leslie 147",Amplitube Collection,,"Leslie 122 ALT (Tone)
Leslie 147 ALT (Tone)",,,,,,,,,,,,,
Leslie,IK Multimedia,Modulation,Modulation,Modeled,Modeled,,"Leslie 122
Leslie 147
Leslie 3300w
Leslie G37
Leslie Studio 12",T-Racks,"Lesley rotary speaker emulators [ 5 Leslie amps, 6 cabinets, spring reverb, 3-band parametric EQ ]","Leslie 122 ALT (Tone)
Leslie 147 ALT (Tone)
Leslie 3300w TOP
Leslie G37 TOP
Leslie Studio 12 TOP",,Plugin,"AU, VST3",6.3.0,,,,,,,,,
147,IK Multimedia,"Amp & Cab, Modulation","Amp & Cab, Modulation",Modeled,Modeled,Amplitube,Leslie 147,Leslie Collection,(clean),"Leslie 147 ALT (Tone)
Embedded in Amplitube",,,,,,,,,,,,,
145 Rotary,Line 6,"Amp & Cab, Modulation","Amp & Cab, Modulation",Modeled,Modeled,Helix Native,Leslie 147,,,"Leslie 147 TOP
Embedded in Helix Native",,,,,,,,,,,,,
Rotary Drum/Horn,Line 6,"Amp & Cab, Modulation","Amp & Cab, Modulation",Modeled,Modeled,Helix Native,Leslie 147,Legacy,,"Leslie 147 TOP
Embedded in Helix Native",,,,,,,,,,,,,
Waterfall Rotary Speaker,Universal Audio,Modulation,Modulation,Modeled,Modeled,,Leslie 147,,,Leslie 147 ALT (Tone),,Plugin,UADx,1.2.16,,,,,,,,,
3300W,IK Multimedia,"Amp & Cab, Modulation",Amp & Cab,Modeled,Modeled,Amplitube,Leslie 3300w,Leslie Collection,(clean),Leslie 3300w ALT (Tone),,,,,,,,,,,,,
G37,IK Multimedia,Amp & Cab,Amp & Cab,Modeled,Modeled,Amplitube,Leslie G37,Leslie Collection,(speaker),,,,,,,,,,,,,,
G37 / St12,IK Multimedia,Amp & Cab,Amp & Cab,Modeled,Modeled,Amplitube,"Leslie G37
Leslie Studio 12",Leslie Collection,(clean),"Leslie G37 ALT (Tone)
Leslie Studio 12 ALT (Tone)",,,,,,,,,,,,,
Studio 12,IK Multimedia,Amp & Cab,Amp & Cab,Modeled,Modeled,Amplitube,Leslie Studio 12 ,Leslie Collection,(speaker only) ,,,,,,,,,,,,,,
RC 24,Native Instruments,Reverb & Room,Reverb & Room,Modeled,Modeled,Guitar Rig 7,Lexicon 224 Digital Reverb,Softube (Modeled by),,"Lexicon 224 ALT (Tone)
Standalone; Embedded in Guitar Rig",,Plugin,"AU, VST3",1.4.11,,,,,,,,,
Reverb 224,Universal Audio,Reverb & Room,Reverb & Room,"Guitar, Modeled, Stomp","Guitar, Modeled, Stomp",Paradise Guitar Studio,Lexicon 224 Digital Reverb,,,Embedded in Paradise Guitar Studio,,,,,,,,,,,,,
Lexicon 224,Universal Audio,Reverb & Room,Reverb & Room,Modeled,Modeled,,Lexicon 224 Digital Reverb,,,Lexicon 224 TOP,,Plugin,"UAD-2, UADx",11.8.1 (UAD-2) 1.4.16 (UADx),,,,,,,,,
RC 48,Native Instruments,Reverb & Room,Reverb & Room,Modeled,Modeled,Guitar Rig 7,Lexicon 480L,Softube (Modeled by),,"Lexicon 480L ALT (Tone)
Standalone; Embedded in Guitar Rig",,Plugin,"AU, VST3",1.4.11,,,,,,,,,
Lexicon 480L,Universal Audio,Reverb & Room,Reverb & Room,Modeled,Modeled,,Lexicon 480L,,,Lexicon 480L TOP,,Plugin,UAD-2,1.0,,,,,,,,,
Little Primal Tap,Soundtoys,Delay,Delay,"Modeled, LOW DSP","LOW DSP, Modeled",,Lexicon Prime Time 93 Digital Delay,Prime Time 93 Digital Delay,Vintage digital retro delay,Lexicon Model 93 Prime Time Digital Delay ALT (Low DSP),LOW DSP,Plugin,"AU, VST3",5.5.4.18982,,,,,,,,,
Primal Tap,Soundtoys,Delay,Delay,Modeled,Modeled,,Lexicon Prime Time 93 Digital Delay,,Vintage digital retro delay. 2 independent delay lines w/ 6 delay algorithms. 4 LFO shapes for automated pitch shifting and modulating delay.,Lexicon Model 93 Prime Time Digital Delay TOP,,Plugin,"AU, VST3",5.5.4.18982,,,,,,,,,
Bleat Chop Trem,Line 6,Modulation,Modulation,"Guitar, Modeled, Stomp","Guitar, Modeled, Stomp",Helix Native,Lightfoot Labs Goatkeeper 2,,,,,,,,,,,,,,,,
Little Labs IBP,Universal Audio,"Delay, Time / Phase, Harmonic Coloration","Delay, Harmonic Coloration, Time / Phase","Modeled, Restoration","Modeled, Restoration",,Little Labs IBP,,,,,Plugin,UAD-2,11.8.1,,,,,,,,,
LIttle Labs VOG,Universal Audio,EQ,EQ,"Mastering, Modeled, Restoration","Mastering, Modeled, Restoration",,Little Labs VOG,,,,,Plugin,UAD-2,11.8.1,,,,,,,,,
Hyde Street Amp Locker,IK Multimedia,Amp & Cab,Amp & Cab,"Guitar, Modeled","Guitar, Modeled",TONEX,Little Smokey Amplifiers Camel Cigar Box Amp,Premium Tone Model (Hyde Street),Marshall 1960A 4x12,,,,,,,,,,,,,,
Lurssen Mastering EQ,IK Multimedia,EQ,EQ,"Mastering, Modeled","Mastering, Modeled",,Lurssen Mastering Stereo Tube EQ,"Lurssen Mastering
T-Racks","[Gavin Lurssen, Reuben Cohen, Lurssen Mastering in Los Angeles]",,,Plugin,"AU, VST3",6.3.0,,,,,,,,,
Maag EQ4,Universal Audio,EQ,EQ,"Mastering, Modeled, Deprecated","Deprecated, Mastering, Modeled",,Maag Audio EQ4M,Brainworx (Modeled by) ,,Maag Audio EQ4M ALT (Tone),superceded by Maag EQ4 MS,Plugin,UAD-2,1.5.5,,,,,,,,,
Maag EQ4 MS,Universal Audio,EQ,EQ,"Mastering, Modeled","Mastering, Modeled",,Maag Audio EQ4M,Brainworx (Modeled by) ,,Maag Audio EQ4M TOP,,Plugin,UAD-2,1.0,,,,,,,,,
Bronze Master,Line 6,Harmonic Coloration,Harmonic Coloration,"Bass, Modeled, Stomp","Bass, Modeled, Stomp",Helix Native,Maestro BB-1 Bass Brassmaster,Legacy,,,,,,,,,,,,,,,
Conductor,Line 6,Modulation,Modulation,"Guitar, Modeled, Stomp","Guitar, Modeled, Stomp",Helix Native,Maestro BG-2 Boomerang,,,,,,,,,,,,,,,,
Tube Echo,Line 6,Delay,Delay,"Guitar, Modeled, Stomp","Guitar, Modeled, Stomp",Helix Native,Maestro Echoplex EP-1,Legacy,,,,,,,,,,,,,,,
EP Tape Echo,IK Multimedia,Delay,Delay,Modeled,Modeled,Amplitube,Maestro Echoplex EP-3,Electric Gypsy Collection,,Maestro Echoplex EP-3 ALT (Tone),,,,,,,,,,,,,
Tape Echo,IK Multimedia,Delay,Delay,Modeled,Modeled,MixBox,Maestro Echoplex EP-3,T-Racks,,"Maestro Echoplex EP-3 ALT (Tone)
Embedded in MixBox",,Plugin,"AU, VST3",6.3.0,,,,,,,,,
Tape Echo,Line 6,Delay,Delay,Modeled,Modeled,Helix Native,Maestro Echoplex EP-3,Legacy,,Maestro Echoplex EP-3 ALT (Tone),,,,,,,,,,,,,
Transistor Tape,Line 6,Delay,Delay,Modeled,Modeled,Helix Native,Maestro Echoplex EP-3,,,Maestro Echoplex EP-3 TOP,,,,,,,,,,,,,
Echotape,Positive Grid,Delay,Delay,"Modeled, Deprecated","Deprecated, Modeled",BIAS FX 2,Maestro Echoplex EP-3,,(Rack),Deprecated by BIAS X,,,,,,,,,,,,,
RetroReel,Positive Grid,Delay,Delay,Modeled,Modeled,BIAS X,Maestro Echoplex EP-3,,(Rack - Vintage Delay),Maestro Echoplex EP-3 ALT (Tone),,,,,,,,,,,,,
EP-III Tape Echo,Universal Audio,Delay,Delay,Modeled,Modeled,Paradise Guitar Studio,Maestro Echoplex EP-3,,,Maestro Echoplex EP-3 ALT (Tone),,,,,,,,,,,,,
EP-34 Tape Echo,Universal Audio,"Delay, Harmonic Coloration","Delay, Harmonic Coloration",Modeled,Modeled,,"Maestro Echoplex EP-3
Maestro Echoplex EP-4",,,Maestro Echoplex EP-3 TOP,,Plugin,UAD-2,11.8.1,,,,,,,,,
FuzzOne,IK Multimedia,Harmonic Coloration,Harmonic Coloration,"Guitar, Modeled, Stomp","Guitar, Modeled, Stomp",Amplitube,Maestro FZ-1 Fuzz Tone,Electric Gypsy Collection,,Maestro FZ-1 Fuzz Tone TOP,,,,,,,,,,,,,
Buzz Saw,Line 6,Harmonic Coloration,Harmonic Coloration,"Guitar, Modeled, Stomp","Guitar, Modeled, Stomp",Helix Native,Maestro FZ-1 Fuzz Tone,Legacy,,Maestro FZ-1 Fuzz Tone ALT (Tone),,,,,,,,,,,,,
Tone Fuzz,IK Multimedia,Harmonic Coloration,Harmonic Coloration,"Guitar, Modeled, Stomp","Guitar, Modeled, Stomp",TONEX,Maestro FZ-1B Fuzz Tone,,,Maestro FZ-1B Fuzz Tone TOP,,,,,,,,,,,,,
Vintage & Lo-Fi Collection,IK Multimedia,Harmonic Coloration,Harmonic Coloration,"Guitar, Modeled, Stomp","Guitar, Modeled, Stomp",TONEX,Maestro FZ-1B Fuzz Tone,"Premium Tone Model
Vintage & Lo-FI",,Maestro FZ-1B Fuzz Tone TOP,,,,,,,,,,,,,
Vintage Vibrato,Universal Audio,Modulation,Modulation,"Guitar, Modeled, Stomp","Guitar, Modeled, Stomp",Paradise Guitar Studio,Magnatone 260,,Vibrator Circuit only,,,,,,,,,,,,,,
Ping Pong,Positive Grid,Delay,Delay,"Guitar, Modeled, Stomp, Deprecated","Deprecated, Guitar, Modeled, Stomp",BIAS FX 2,Manea Digital Echo & Ping Pong Delay,,(Pedal),Depracted by BIAS X,,,,,,,,,,,,,
Ping Pong,Positive Grid,Delay,Delay,"Guitar, Modeled, Stomp","Guitar, Modeled, Stomp",BIAS X,Manea Digital Echo & Ping Pong Delay,,(Pedal - Digital Delay) ,,,,,,,,,,,,,,
CR-3A,Antares,Microphone,Microphone,Modeled,Modeled,Mic Mod,Manley Langevin CR-3A,,,,,,,,,,,,,,,,
Studio EQ,Positive Grid,EQ,EQ,Modeled,Modeled,BIAS FX 2,Manley Massive Passive,,(Rack),Embedded in BIAS FX 2,,,,,,,,,,,,,
Studio EQ,Universal Audio,EQ,EQ,"Guitar, Modeled","Guitar, Modeled",Paradise Guitar Studio,Manley Massive Passive,,Stompified version of outboard gear,Embedded in Paradise,"For instant S-Verb amp sound, place in front of the Showtime amp with the Bright switch on and the S-Verb cab, and cut 6-10 dB with the LMF fader at the default 400 Hz. 
Mix helper: easily brighten a dark amp to cut through a dense mix, or cut crucial lows or mids to sit better in the mix. Use the Studio EQ in a Post FX slot and have at it! ",,,,,,,,,,,,
Manley Massive Passive,Universal Audio,EQ,EQ,Modeled,Modeled,,Manley Massive Passive,,,Manley Massive Passive TOP,,Plugin,"UAD-2, UADx","11.8.1 (UAD-2)
1.0.7 (UADx)",,,,,,,,,
Manley Massive Passive MST,Universal Audio,EQ,EQ,"Mastering, Modeled","Mastering, Modeled",,Manley Massive Passive Mastering,,,Manley Massive Passive TOP - Mastering,,Plugin,"UAD-2, UADx","11.8.1 (UAD-2)
1.0.7 (UADx)",,,,,,,,,
Reference Gold,Antares,Microphone,Microphone,Modeled,Modeled,Mic Mod,Manley Reference Gold,,,,,,,,,,,,,,,,
Cond GR,Waves,Microphone,Microphone,Modeled,Modeled,GTR Amp,Manley Reference Gold,,,Embedded in GTR ,,,,,,,,,,,,,
Dyna-Mu,IK Multimedia,Dynamics,Dynamics,"Mastering, Modeled","Mastering, Modeled",,Manley Variable Mu,T-Racks,,Manley Variable-Mu ALT (Tone),,Plugin,"AU, VST3",6.3.0,,,,,,,,,
Manley Variable Mu,Universal Audio,Dynamics,Dynamics,Modeled,Modeled,,Manley Variable Mu,,,Manley Variable-Mu TOP,,Plugin,"UAD-2, UADx","11.8.1 (UAD-2)
1.0.6 (UADx)",,,,,,,,,
Manley VOXBOX,Universal Audio,"Dynamics, EQ, Preamps","Dynamics, EQ, Preamps","Mastering, Modeled","Mastering, Modeled",,Manley VOXBOX,,,,,Plugin,"UAD-2, UADx","11.8.1 (UAD-2)
1.0.10 (UADx)",,,,,,,,,
Manley Reference Mic Preamp,Universal Audio,Preamps,Preamps,Modeled,Modeled,,Manley VOXBOX,,preamp only ,,,Plugin,"UAD-2, UADx","11.8.1 (UAD-2)
1.0.10 (UADx)",,,,,,,,,
MM25,Positive Grid,Amp & Cab,Amp & Cab,"Bass, Modeled","Bass, Modeled",BIAS FX 2,Markbass LIttle Mark II,Legacy Series - BASS,2x10 Combo,,,,,,,,,,,,,,
Mini Mark II,Positive Grid,Amp & Cab,Amp & Cab,"Bass, Modeled, Deprecated","Bass, Deprecated, Modeled",BIAS Amp 2,Markbass Mini CMD 121P,,2x10 Bass Super Duo,Deprecated by BIAS X,,,,,,,,,,,,,
Mk Mini II,Positive Grid,Amp & Cab,Amp & Cab,"Bass, Modeled","Bass, Modeled",BIAS X,Markbass Mini CMD 121P,Europe Series - Bass,,,,,,,,,,,,,,,
"MB T500
TTE 500",Positive Grid,Amp & Cab,Amp & Cab,"Bass, Modeled","Bass, Modeled","BIAS Amp 2, BIAS FX 2",Markbass TTE 500,Legacy Series - BASS,6x10 Bass Blue,,,,,,,,,,,,,,
Super 100JH,Positive Grid,Amp & Cab,Amp & Cab,"Guitar, Modeled","Guitar, Modeled",BIAS Amp 2,Marshall 100JH,,(Blues) 1x12 Tweed Lux ,,,,,,,,,,,,,,
2x12 Closed Vintage,IK Multimedia,Amp & Cab,Amp & Cab,"Guitar, Modeled","Guitar, Modeled",Amplitube,Marshall 1922,Amplitube Collection,2x12 CAB Celestion G12M Greenbacks,,,,,,,,,,,,,,
British 900 2x12,Positive Grid,Amp & Cab,Amp & Cab,"Guitar, Modeled","Guitar, Modeled","BIAS Amp 2, BIAS FX 2",Marshall 1936,Legacy Series - CAB,2x12 CAB,Marshall 1936 TOP,,,,,,,,,,,,,
2x12 Closedback,Waves,Amp & Cab,Amp & Cab,"Guitar, Modeled","Guitar, Modeled","GTR Amp, GTR Solo / Solo Rack",Marshall 1936,,2x12 CAB closed back Celestion G12M Greenbacks,Marshall 1936 ALT (Tone),,,,,,,,,,,,,
"Joe Satriani Amp Vault
JS JTM (Amplitube)",IK Multimedia,Amp & Cab,Amp & Cab,"Guitar, Modeled","Guitar, Modeled",TONEX,Marshall 1959 Super Lead Plexi,"Premium Tone Model (Joe Satriani)
JS JTM","(1969) Marshall 1960A ""Stain"" 4x12",Marshall 1959 SLP TOP,,,,,,,,,,,,,
"Joe Satriani Amp Vault
JS JTM (Amplitube)",IK Multimedia,Amp & Cab,Amp & Cab,"Guitar, Modeled","Guitar, Modeled",TONEX,Marshall 1959 Super Lead Plexi,"Premium Tone Model (Joe Satriani)
JS JTM","(1971) Marshall 1960A ""Stain"" 4x12",Marshall 1959 SLP TOP,,,,,,,,,,,,,
Plexi Guard (Amplitube),IK Multimedia,Amp & Cab,Amp & Cab,"Guitar, Modeled","Guitar, Modeled",TONEX,Marshall 1959 Super Lead Plexi,"Premium Tone Model
Plexi Guard",Marshall 1960AV 4x12,Marshall 1959 SLP ALT (Tone),,,,,,,,,,,,,
"Plexi Tone
Plexi Guard (Amplitube)",IK Multimedia,Amp & Cab,Amp & Cab,"Guitar, Modeled","Guitar, Modeled",TONEX,Marshall 1959 Super Lead Plexi,"Premium Tone Model
Plexi Guard
Plexi Tone","Marshall 1960A 4x12
Marshall Lead 412
Orange PPC412",Marshall 1959 SLP ALT (Tone),,,,,,,,,,,,,
"Brit Plexi Brt
Brit Plexi Jump
Brit Plexi Nrm",Line 6,Amp & Cab,Amp & Cab,"Guitar, Modeled","Guitar, Modeled",Helix Native,Marshall 1959 Super Lead Plexi,,"3 Models/Channels (normal, bright, jumped)",Marshall 1959 SLP TOP,,,,,,,,,,,,,
"1968 Crunch
69 Plexiglas V2
69 Super Lead
69 Super Lead v2",Positive Grid,Amp & Cab,Amp & Cab,"Guitar, Modeled","Guitar, Modeled",BIAS Amp 2,Marshall 1959 Super Lead Plexi,Legacy Series - CRUNCH,(1969) (Crunch) 4x12 Green 25s,Marshall 1959 SLP ALT (Tone),,,,,,,,,,,,,
Plexi 1968 CH,Positive Grid,Amp & Cab,Amp & Cab,"Guitar, Modeled","Guitar, Modeled",BIAS Amp 2,Marshall 1959 Super Lead Plexi,,(Crunch) 4x12 Celestion V30s ,Marshall 1959 SLP ALT (Tone),,,,,,,,,,,,,
Plexi 1968 HG,Positive Grid,Amp & Cab,Amp & Cab,"Guitar, Modeled","Guitar, Modeled",BIAS Amp 2,Marshall 1959 Super Lead Plexi,,(Hi Gain) 4x12 OR V-30s ,Marshall 1959 SLP ALT (Tone),,,,,,,,,,,,,
Plexi 1974 CH,Positive Grid,Amp & Cab,Amp & Cab,"Guitar, Modeled","Guitar, Modeled",BIAS Amp 2,Marshall 1959 Super Lead Plexi,,(Crunch) 4x12 Celestion V30s ,Marshall 1959 SLP ALT (Tone),,,,,,,,,,,,,
Plexi 1974 HG,Positive Grid,Amp & Cab,Amp & Cab,"Guitar, Modeled","Guitar, Modeled",BIAS Amp 2,Marshall 1959 Super Lead Plexi,,(Hi Gain) 4x12 OR V-30s ,Marshall 1959 SLP ALT (Tone),,,,,,,,,,,,,
British Lead,Positive Grid,Amp & Cab,Amp & Cab,"Guitar, Modeled","Guitar, Modeled",BIAS X,Marshall 1959 Super Lead Plexi,Plexi Series - Mid-Gain/Crunch,4x12 British Lead Cab,Marshall 1959 SLP ALT (Tone),,,,,,,,,,,,,
Marshall Plexi Classic,Universal Audio,Amp & Cab,Amp & Cab,"Guitar, Modeled, LOW DSP","Guitar, LOW DSP, Modeled",,Marshall 1959 Super Lead Plexi,Softube (Modeled by),,Marshall 1959 SLP ALT (Tone; Low DSP),LOW DSP,Plugin,UAD-2,2.5.16,,,,,,,,,
Marshall Plexi Super Lead 1959,Universal Audio,Amp & Cab,Amp & Cab,"Guitar, Modeled","Guitar, Modeled",,Marshall 1959 Super Lead Plexi,Softube (Modeled by),,Marshall 1959 SLP ALT (Tone),,Plugin,UAD-2,2.5.16,,,,,,,,,
GTR Amp Neil Citron - Plexitron Lite / Crunch,Waves,Amp & Cab,Amp & Cab,"Guitar, Modeled","Guitar, Modeled",GTR Amp,Marshall 1959 Super Lead Plexi,,2 Channels,Marshall 1959 SLP DNU,,,,,,,,,,,,,
Lion 68 Super Lead Amp,Universal Audio,Amp & Cab,Amp & Cab,"Guitar, Modeled","Guitar, Modeled",Paradise Guitar Studio,"Marshall 1959 Super Lead Plexi 
Marshall 1959 Super Bass Plexi",,,"Marshall 1959 SLP TOP
Marshall 1959 SBP TOP
Standalone; Embedded in Paradise Guitar Studio","2 Versions of 1959SLP
1. LEAD (stock version)
2. BROWN - EVH, ""Brown"" Mod. ",Plugin,UADx,1.0.5,,,,,,,,,
"Plexi Tone
Plexi Guard (Amplitube)",IK Multimedia,Amp & Cab,Amp & Cab,"Guitar, Modeled","Guitar, Modeled",TONEX,Marshall 1959 Super Lead Plexi HW,"Premium Tone Model
Plexi Guard
Plexi Tone",Marshall 1960A 4x12,,,,,,,,,,,,,,
4x12 Brit 30,IK Multimedia,Amp & Cab,Amp & Cab,"Guitar, Modeled","Guitar, Modeled",Amplitube,Marshall 1960A,Amplitube Collection,4x12 CAB Celestion Vintage 30,Marshall 1960A ALT (Tone),,,,,,,,,,,,,
4x12 Brit 8000,IK Multimedia,Amp & Cab,Amp & Cab,"Guitar, Modeled","Guitar, Modeled",Amplitube,Marshall 1960A,Amplitube Collection,4x12 CAB Celestion Classic Lead 80,Marshall 1960A ALT (Tone),,,,,,,,,,,,,
4x12 Brit 9000,IK Multimedia,Amp & Cab,Amp & Cab,"Guitar, Modeled","Guitar, Modeled",Amplitube,Marshall 1960A,Amplitube Collection,4x12 CAB,Marshall 1960A ALT (Tone),,,,,,,,,,,,,
4x12 Closed 75 C,IK Multimedia,Amp & Cab,Amp & Cab,"Guitar, Modeled","Guitar, Modeled",Amplitube,Marshall 1960A,Electric Gypsy Collection,4x12 CAB,Marshall 1960A ALT (Tone),,,,,,,,,,,,,
4x12 Modern M 1,IK Multimedia,Amp & Cab,Amp & Cab,"Guitar, Modeled","Guitar, Modeled",Amplitube,Marshall 1960A,Amplitube Metal,4x12 CAB,Marshall 1960A ALT (Tone),,,,,,,,,,,,,
4x12 1960A T75,Line 6,Amp & Cab,Amp & Cab,"Guitar, Modeled","Guitar, Modeled",Helix Native,Marshall 1960A,,4x12 CAB,Marshall 1960A TOP,,,,,,,,,,,,,
BR 4x12,Positive Grid,Amp & Cab,Amp & Cab,"Guitar, Modeled","Guitar, Modeled","BIAS Amp 2, BIAS FX 2",Marshall 1960A,Remaster Series - CAB,4x12,Marshall 1960A ALT (Tone),,,,,,,,,,,,,
4x12 Standard,Waves,Amp & Cab,Amp & Cab,"Guitar, Modeled","Guitar, Modeled","GTR Amp, GTR Solo / Solo Rack",Marshall 1960A,,4x12 CAB,Marshall 1960A DNU,,,,,,,,,,,,,
1965A 4x12,Positive Grid,Amp & Cab,Amp & Cab,"Guitar, Modeled","Guitar, Modeled","BIAS Amp 2, BIAS FX 2",Marshall 1960A ,Legacy Series - CAB,4x12 CAB,Marshall 1960A ALT (Tone),,,,,,,,,,,,,
4x12 Closed 25 C,IK Multimedia,Amp & Cab,Amp & Cab,"Guitar, Modeled","Guitar, Modeled",Amplitube,Marshall 1960A Basketweave,Electric Gypsy Collection,4x12 CAB,Marshall 1960A Basketweave ALT (Tone),,,,,,,,,,,,,
4x12 Closed Vintage,IK Multimedia,Amp & Cab,Amp & Cab,"Guitar, Modeled","Guitar, Modeled",Amplitube,Marshall 1960A Basketweave,Amplitube Collection,4x12 CAB,Marshall 1960A Basketweave ALT (Tone),,,,,,,,,,,,,
4x12 Greenback20,Line 6,Amp & Cab,Amp & Cab,"Guitar, Modeled","Guitar, Modeled",Helix Native,Marshall 1960A Basketweave,,4x12 CAB Celestion G12M (Legacy) ,Marshall 1960A Basketweave TOP,,,,,,,,,,,,,
4x12 Greenback25,Line 6,Amp & Cab,Amp & Cab,"Guitar, Modeled","Guitar, Modeled",Helix Native,Marshall 1960A Basketweave,,4x12 CAB,Marshall 1960A Basketweave TOP,,,,,,,,,,,,,
4x12 Greenback30,Line 6,Amp & Cab,Amp & Cab,"Guitar, Modeled","Guitar, Modeled",Helix Native,Marshall 1960A Basketweave,,4x12 CAB/ Celestion G12H (75),Marshall 1960A Basketweave TOP,,,,,,,,,,,,,
Brown JB,Universal Audio,Amp & Cab,Amp & Cab,"Guitar, Modeled","Guitar, Modeled",Lion '68 Super Lead Amp,Marshall 1960A Basketweave,,(1968) 4x12 CAB; 2x12 Celestion G12M Greenback; 2x12 JBL D120F,Marshall 1960A Basketweave ALT (Tone),Combines the girth and midrange of the greenbacks with the high end sizzle of the JBF speakers. Cones are mic'd  and pre-mixed separately w/ Shure SM57s,,,,,,,,,,,,
4x12 UK Brown JB,Universal Audio,Amp & Cab,Amp & Cab,"Guitar, Modeled","Guitar, Modeled",Paradise Guitar Studio,Marshall 1960A Basketweave,,(1968) 4x12 CAB; 2x12 Celestion G12M Greenback; 2x12 JBL D120F,Marshall 1960A Basketweave ALT (Tone),Combines the girth and midrange of the greenbacks with the high end sizzle of the JBF speakers. Cones are mic'd  and pre-mixed separately w/ Shure SM57s,,,,,,,,,,,,
"4x12 Stripped GB
4x12 Stripped Off-Axis
4x12 Stripped On-Axis",Universal Audio,Amp & Cab,Amp & Cab,"Guitar, Modeled","Guitar, Modeled",Paradise Guitar Studio,Marshall 1960A Basketweave,,4x12 CAB,Marshall 1960A Basketweave ALT (Tone),"Mic 'd w/ Beyerdynamic M160 + Shure SM57; Power, bottom-end girth, and warmth. Great for mellowing out overdriven sound. Classic greenback bark w/ the smooth open midrange of a '60s ribbon mic and edge of a 57.
- Off Axis (smoother, darker tones)
- On Axis (brighter, livelier tones)",,,,,,,,,,,,
Stripped On-Axis,Universal Audio,Amp & Cab,Amp & Cab,"Guitar, Modeled","Guitar, Modeled",Lion '68 Super Lead Amp,Marshall 1960A Basketweave,,(1968) 4x12 CAB Celestion G12M Greenback,Marshall 1960A Basketweave ALT (Tone),mic'd w/ Beyerdynamic M160 (open midrange) + Shure SM57 (edge) ,,,,,,,,,,,,
Stripped Off-Axis,Universal Audio,Amp & Cab,Amp & Cab,"Guitar, Modeled","Guitar, Modeled",Lion '68 Super Lead Amp,Marshall 1960A Basketweave,,(1968) 4x12 CAB Celestion G12M Greenback,Marshall 1960A Basketweave ALT (Tone),mic'd w/ Beyerdynamic M160 (open midrange) + Shure SM57 (edge)  [ mic'd off-axis --> less edge / brightness ],,,,,,,,,,,,
4x12 1960AV SL,IK Multimedia,Amp & Cab,Amp & Cab,"Guitar, Modeled","Guitar, Modeled",Amplitube,Marshall 1960AV,L.A. Rocker Collection,4x12 CAB,Marshall 1960AV ALT (Tone),,,,,,,,,,,,,
4x12 Brit V30,Line 6,Amp & Cab,Amp & Cab,"Guitar, Modeled","Guitar, Modeled",Helix Native,Marshall 1960AV,,4x12 CAB,Marshall 1960AV TOP,,,,,,,,,,,,,
British G12V 4x12,Positive Grid,Amp & Cab,Amp & Cab,"Guitar, Modeled","Guitar, Modeled","BIAS Amp 2, BIAS FX 2",Marshall 1960AV,Legacy Series - CAB,4x12 CAB,Marshall 1960AV ALT (Tone),,,,,,,,,,,,,
4x12 Satch Green,IK Multimedia,Amp & Cab,Amp & Cab,"Guitar, Modeled","Guitar, Modeled",Amplitube,Marshall 1960AX,Joe Satriani Collection,4x12 CAB,Marshall 1960AX TOP,,,,,,,,,,,,,
Plexi 4x12,Positive Grid,Amp & Cab,Amp & Cab,"Guitar, Modeled","Guitar, Modeled","BIAS Amp 2, BIAS FX 2",Marshall 1960AX,Remaster Series - CAB,4x12 CAB,Marshall 1960AX ALT (Tone),,,,,,,,,,,,,
4x12 Vintage,Waves,Amp & Cab,Amp & Cab,"Guitar, Modeled","Guitar, Modeled","GTR Amp, GTR Solo / Solo Rack",Marshall 1960AX,,4x12 CAB,Marshall 1960AX ALT (Tone),,,,,,,,,,,,,
4x12 Satch 60,IK Multimedia,Amp & Cab,Amp & Cab,"Guitar, Modeled","Guitar, Modeled",Amplitube,Marshall 1960B,Joe Satriani Collection,4x12 CAB,Marshall 1960B ALT (Tone),,,,,,,,,,,,,
1960B 4x12,Universal Audio,Amp & Cab,Amp & Cab,"Guitar, Modeled","Guitar, Modeled",Diezel Herbert,Marshall 1960B,,(1978) 4x12 CAB Celestion G12M (55) Blackbacks,Marshall 1960B TOP,,,,,,,,,,,,,
Black Cabinet,Universal Audio,Amp & Cab,Amp & Cab,"Guitar, Modeled","Guitar, Modeled",Softube Metal Amp Room,Marshall 1960B,,4x12 CAB,Marshall 1960B ALT (Tone),,,,,,,,,,,,,
Pete Thorn 4x12,Universal Audio,Amp & Cab,Amp & Cab,"Guitar, Modeled","Guitar, Modeled",Suhr PT100,Marshall 1960B,,(1978) 4x12 CAB Celestion G12M Greenback,Marshall 1960B TOP,,,,,,,,,,,,,
4x12 1960BV SL,IK Multimedia,Amp & Cab,Amp & Cab,"Guitar, Modeled","Guitar, Modeled",Amplitube,Marshall 1960BV,L.A. Rocker Collection,4x12 CAB,,,,,,,,,,,,,,
English 4x12,Universal Audio,Amp & Cab,Amp & Cab,"Guitar, Modeled","Guitar, Modeled","Diezel Herbert, Diezel VH4, Engl Savage 120, Friedman Buxom Betty, Fuchs Train II, Suhr PT100, Suhr SE100",Marshall 1960TV,,4x12 CAB,,,,,,,,,,,,,,
Standard 18,Positive Grid,Amp & Cab,Amp & Cab,"Guitar, Modeled","Guitar, Modeled",BIAS Amp 2,Marshall 1974X,,(Crunch) 2x12 Chrome,,,,,,,,,,,,,,
4x12 Closed J120,IK Multimedia,Amp & Cab,Amp & Cab,"Guitar, Modeled","Guitar, Modeled",Amplitube,Marshall 1982A,Electric Gypsy Collection,4x12 CAB JBL D120F,Marshall 1982A TOP,,,,,,,,,,,,,
4x12 Closed Modern,IK Multimedia,Amp & Cab,Amp & Cab,"Guitar, Modeled","Guitar, Modeled",Amplitube,Marshall 1982A,Amplitube Collection,4x12 CAB,Marshall 1982A TOP,,,,,,,,,,,,,
4x12 Red Pig,IK Multimedia,Amp & Cab,Amp & Cab,"Guitar, Modeled","Guitar, Modeled",Amplitube,Marshall 1982A,Amplitube Collection,4x12 CAB Celestion G25H-T75,Marshall 1982A TOP,,,,,,,,,,,,,
"Plexi Tone
Plexi Guard (Amplitube)",IK Multimedia,Amp & Cab,Amp & Cab,"Guitar, Modeled","Guitar, Modeled",TONEX,Marshall 1987 Super Lead Plexi,"Premium Tone Model
Plexi Guard
Plexi Tone","Marshall 1960A 4x12
Marshall 1990 Lead 8x10
Orange PPC412",Marshall 1987 SLP TOP,,,,,,,,,,,,,
"British Plexi 50W
British Plexi 50W v2",Positive Grid,Amp & Cab,Amp & Cab,"Guitar, Modeled","Guitar, Modeled",BIAS Amp 2,Marshall 1987 Super Lead Plexi,,(Crunch) 4x12 Green 25s ,Marshall 1987 SLP ALT (Tone),,,,,,,,,,,,,
Plexi 1987 BS,Positive Grid,Amp & Cab,Amp & Cab,"Guitar, Modeled","Guitar, Modeled",BIAS Amp 2,Marshall 1987 Super Lead Plexi,,(Blues) 1x12 Tweed Lux ,Marshall 1987 SLP ALT (Tone),,,,,,,,,,,,,
Plexi Guard (Amplitube),IK Multimedia,Amp & Cab,Amp & Cab,"Guitar, Modeled","Guitar, Modeled",TONEX,Marshall 1992 Super Bass Plexi,"Premium Tone Model
Plexi Guard",Marshall 1935A 4x12,Marshall 1992 SBP TOP,,,,,,,,,,,,,
Super Bass,Positive Grid,Amp & Cab,Amp & Cab,"Guitar, Modeled","Guitar, Modeled",BIAS Amp 2,Marshall 1992 Super Bass Plexi,,8x10 Bass Super,Marshall 1992 SBP ALT (Tone),,,,,,,,,,,,,
British Lead Bass,Positive Grid,Amp & Cab,Amp & Cab,"Guitar, Modeled","Guitar, Modeled","BIAS Amp 2, BIAS FX 2",Marshall 1992 Super Bass Plexi,Legacy Series - BASS,2x10 Bass Super Duo,Marshall 1992 SBP ALT (Tone),,,,,,,,,,,,,
Gold Guard (Amplitube),IK Multimedia,Amp & Cab,Amp & Cab,"Bass, Modeled","Bass, Modeled",TONEX,Marshall 1992 Super Bass Plexi,"Premium Tone Model
Gold Guard",Marshall 1552 2x15,,,,,,,,,,,,,,
MiniPlex 20,IK Multimedia,Amp & Cab,Amp & Cab,"Guitar, Modeled","Guitar, Modeled",Amplitube,Marshall 2061X,Amplitube Collection,(high-gain),,,,,,,,,,,,,,
4x12 Brit Silver,IK Multimedia,Amp & Cab,Amp & Cab,"Guitar, Modeled","Guitar, Modeled",Amplitube,Marshall 2551A,Amplitube Collection,4x12 CAB,,,,,,,,,,,,,,
Alex Lifeson Legacy,IK Multimedia,Amp & Cab,Amp & Cab,"Guitar, Modeled","Guitar, Modeled",TONEX,Marshall 4140 Club & Country,Premium Tone Model (Alex Lifeson),2x12,,,,,,,,,,,,,,
Alex Lifeson Legacy,IK Multimedia,Amp & Cab,Amp & Cab,"Guitar, Modeled","Guitar, Modeled",TONEX,Marshall 6100 30th Anniversary,Premium Tone Model (Alex Lifeson),"Marshall 1960BV 4x12
Marshall 4140 Club & Country 2x12",Marshall 6100 30th Anniversary TOP,,,,,,,,,,,,,
"Joe Satriani Amp Vault
JS JCM (Amplitube)",IK Multimedia,Amp & Cab,Amp & Cab,"Guitar, Modeled","Guitar, Modeled",TONEX,Marshall 6100 30th Anniversary,"Premium Tone Model (Joe Satriani)
JS JCM",Marshall 1960B 4x12 ,Marshall 6100 30th Anniversary TOP,,,,,,,,,,,,,
"Hard & Heavy
Gold Guard (Amplitube)",IK Multimedia,Amp & Cab,Amp & Cab,"Guitar, Modeled","Guitar, Modeled",TONEX,Marshall 6100LM 30th Anniversary,"Premium Tone Model
Gold Guard",M-Tech Audio Cab 112,,,,,,,,,,,,,,
"High-gain Heroes
Gold Guard (Amplitube)",IK Multimedia,Amp & Cab,Amp & Cab,"Guitar, Modeled","Guitar, Modeled",TONEX,Marshall 6100LM 30th Anniversary,"Premium Tone Model
Gold Guard
High-Gain Heroes",M-Tech Audio Cab 112,,,,,,,,,,,,,,
AFD 100,IK Multimedia,Amp & Cab,Amp & Cab,"Guitar, Modeled","Guitar, Modeled",Amplitube,Marshall AFD100,,(high-gain),Marshall AFD100 ALT (Tone),,,,,,,,,,,,,
Brit 100 Mod 34/36,IK Multimedia,Amp & Cab,Amp & Cab,"Guitar, Modeled","Guitar, Modeled",Amplitube,Marshall AFD100,L.A. Rocker Collection,,Marshall AFD100 ALT (Tone),,,,,,,,,,,,,
Mirrored(Amplitube),IK Multimedia,Amp & Cab,Amp & Cab,"Guitar, Modeled","Guitar, Modeled",TONEX,Marshall AFD100,"Premium Tone Model
Mirrored",Johnson J412V,Marshall AFD100 TOP,,,,,,,,,,,,,
Plexi Guard (Amplitube),IK Multimedia,Amp & Cab,Amp & Cab,"Guitar, Modeled","Guitar, Modeled",TONEX,Marshall AFD100,"Premium Tone Model
Plexi Guard",Marshall 1960BV 4x12,Marshall AFD100 TOP,,,,,,,,,,,,,
"AFD 100
Snake's Lead 800 V2",Positive Grid,Amp & Cab,Amp & Cab,"Guitar, Modeled","Guitar, Modeled","BIAS Amp 2, BIAS FX 2",Marshall AFD100,Legacy Series - HIGH GAIN,(Hi Gain) 4x12 OR V-30s,Marshall AFD100 ALT (Tone),,,,,,,,,,,,,
X-DRIVE (Blue Setting),IK Multimedia,Harmonic Coloration,Harmonic Coloration,"Guitar, Modeled, Stomp","Guitar, Modeled, Stomp",Amplitube,Marshall Bluesbreaker,X-Gear (X-DRIVE),,Marshall Bluesbreaker 1962 ALT (Tone),,,,,,,,,,,,,
Bluesbreaker CH,Positive Grid,Amp & Cab,Amp & Cab,"Guitar, Modeled","Guitar, Modeled",BIAS Amp 2,Marshall Bluesbreaker 1962,,(Crunch) 4x12 Celestion V30s ,Marshall Bluesbreaker 1962 ALT (Tone),,,,,,,,,,,,,
Bluesbreaker GY,Positive Grid,Amp & Cab,Amp & Cab,"Guitar, Modeled","Guitar, Modeled",BIAS Amp 2,Marshall Bluesbreaker 1962,,(Glassy) 2x12 Black Duo ,Marshall Bluesbreaker 1962 ALT (Tone),,,,,,,,,,,,,
BB Clean,Positive Grid,Amp & Cab,Amp & Cab,"Guitar, Modeled","Guitar, Modeled",BIAS FX 2,Marshall Bluesbreaker 1962,Legacy Series - LOW GAIN,2x12,Marshall Bluesbreaker 1962 ALT (Tone),,,,,,,,,,,,,
British Breaker,Positive Grid,Amp & Cab,Amp & Cab,"Guitar, Modeled","Guitar, Modeled",BIAS FX 2,Marshall Bluesbreaker 1962,Remaster Series - LOW GAIN,2x12,Marshall Bluesbreaker 1962 ALT (Tone),,,,,,,,,,,,,
Marshall Bluesbreaker 1962,Universal Audio,Amp & Cab,Amp & Cab,"Guitar, Modeled","Guitar, Modeled",,Marshall Bluesbreaker 1962,Softube (Modeled by),Original model),Marshall Bluesbreaker 1962 TOP,,Plugin,UAD-2,2.5.16,,,,,,,,,
Double Black,IK Multimedia,Harmonic Coloration,Harmonic Coloration,"Guitar, Modeled, Stomp","Guitar, Modeled, Stomp",TONEX,Marshall Drivemaster,Double Black,,,,,,,,,,,,,,,
JCM Slash,IK Multimedia,Amp & Cab,Amp & Cab,"Guitar, Modeled","Guitar, Modeled",Amplitube,Marshall JCM 25/50 2555 Silver Jubilee,,(high-gain),Marshall 2555 Silver Jubilee TOP,Based on 1987 Silver Jubilee that Slash preferred,,,,,,,,,,,,
Brit L.A. Gold,IK Multimedia,Amp & Cab,Amp & Cab,"Guitar, Modeled","Guitar, Modeled",Amplitube,Marshall JCM 25/50 2555 Silver Jubilee,L.A. Rocker Collection,,Marshall 2555 Silver Jubilee TOP,,,,,,,,,,,,,
Brit Silver,IK Multimedia,Amp & Cab,Amp & Cab,"Guitar, Modeled","Guitar, Modeled",Amplitube,Marshall JCM 25/50 2555 Silver Jubilee,Amplitube Collection,(high-gain),Marshall 2555 Silver Jubilee TOP,,,,,,,,,,,,,
Gold Guard (Amplitube),IK Multimedia,Amp & Cab,Amp & Cab,"Guitar, Modeled","Guitar, Modeled",TONEX,Marshall JCM 25/50 2555 Silver Jubilee,"Premium Tone Model
Gold Guard",Marshall 2551A 4x12,Marshall 2555 Silver Jubilee TOP,,,,,,,,,,,,,
Jubilee 1987 CH,Positive Grid,Amp & Cab,Amp & Cab,"Guitar, Modeled","Guitar, Modeled",BIAS Amp 2,Marshall JCM 25/50 2555 Silver Jubilee,,(Crunch) 4x12 Celestion V30s ,Marshall 2555 Silver Jubilee ALT (Tone),,,,,,,,,,,,,
Jubilee 1987 HG,Positive Grid,Amp & Cab,Amp & Cab,"Guitar, Modeled","Guitar, Modeled",BIAS Amp 2,Marshall JCM 25/50 2555 Silver Jubilee,,(Hi Gain) 4x12 OR V-30s ,Marshall 2555 Silver Jubilee ALT (Tone),,,,,,,,,,,,,
87 Jubilee,Positive Grid,Amp & Cab,Amp & Cab,"Guitar, Modeled","Guitar, Modeled",BIAS FX 2,Marshall JCM 25/50 2555 Silver Jubilee,Legacy Series - CRUNCH,4x12,Marshall 2555 Silver Jubilee ALT (Tone),,,,,,,,,,,,,
Marshall Silver Jubilee 2555,Universal Audio,Amp & Cab,Amp & Cab,"Guitar, Modeled","Guitar, Modeled",,Marshall JCM 25/50 2555 Silver Jubilee,Softube (Modeled by),,Marshall 2555 Silver Jubilee ALT (Tone),,Plugin,UAD-2,2.5.16,,,,,,,,,
"Joe Satriani Amp Vault
JS JCM (Amplitube)",IK Multimedia,Amp & Cab,Amp & Cab,"Guitar, Modeled","Guitar, Modeled",TONEX,Marshall JCM2000 DSL100,"Premium Tone Model (Joe Satriani)
JS JCM",Marshall 1960B 4x12 ,,,,,,,,,,,,,,
"Hard & Heavy
Gold Guard (Amplitube)",IK Multimedia,Amp & Cab,Amp & Cab,"Guitar, Modeled","Guitar, Modeled",TONEX,Marshall JCM2000 TSL100,"Premium Tone Model
Gold Guard",Mesa/Boogie 4x12 Rectifier Standard Straight Cabinet,,,,,,,,,,,,,,
Gus G. Tone Asylum,IK Multimedia,Amp & Cab,Amp & Cab,"Guitar, Modeled","Guitar, Modeled",TONEX,Marshall JCM2000 TSL60,Premium Tone Model (Gus G.),Blackstar Artisan 412,,,,,,,,,,,,,,
Brit 8000,IK Multimedia,Amp & Cab,Amp & Cab,"Guitar, Modeled","Guitar, Modeled",Amplitube,Marshall JCM800 2203,Amplitube Collection,(high-gain),Marshall JCM800 ALT (Tone),,,,,,,,,,,,,
British Tube Lead 1,IK Multimedia,Amp & Cab,Amp & Cab,"Guitar, Modeled","Guitar, Modeled",Amplitube,Marshall JCM800 2203,Amplitube Collection,(high-gain),Marshall JCM800 ALT (Tone),,,,,,,,,,,,,
"800 & 900
Gold Guard (Amplitube)",IK Multimedia,Amp & Cab,Amp & Cab,"Guitar, Modeled","Guitar, Modeled",TONEX,Marshall JCM800 2203,"Premium Tone Model
800 & 900
Gold Guard","Marshall 1960AX 4x12
Marshall 1960BV 4x12",Marshall JCM800 TOP,,,,,,,,,,,,,
Gold Guard (Amplitube),IK Multimedia,Amp & Cab,Amp & Cab,"Guitar, Modeled","Guitar, Modeled",TONEX,Marshall JCM800 2203,"Premium Tone Model
Gold Guard",Fender EVH 5150 III 4x12,Marshall JCM800 TOP,,,,,,,,,,,,,
Brit 2203,Line 6,Amp & Cab,Amp & Cab,"Guitar, Modeled","Guitar, Modeled",Helix Native,Marshall JCM800 2203,,,Marshall JCM800 TOP,,,,,,,,,,,,,
JCM800 MT,Positive Grid,Amp & Cab,Amp & Cab,"Guitar, Modeled","Guitar, Modeled",BIAS Amp 2,Marshall JCM800 2203,,(Metal) 4x12 Green 25s ,Marshall JCM800 ALT (Tone),Recorded w/ Ibanez TS808,,,,,,,,,,,,
"British Lead 800
British Lead 800 v2",Positive Grid,Amp & Cab,Amp & Cab,"Guitar, Modeled","Guitar, Modeled",BIAS Amp 2,Marshall JCM800 2203,Legacy Series - CRUNCH,(Crunch) 4x12 Celestion V30s,Marshall JCM800 ALT (Tone),,,,,,,,,,,,,
JCM800 CH,Positive Grid,Amp & Cab,Amp & Cab,"Guitar, Modeled","Guitar, Modeled",BIAS Amp 2,Marshall JCM800 2203,,(Crunch) 4x12 Celestion V30s ,Marshall JCM800 ALT (Tone),,,,,,,,,,,,,
British Lead 800,Positive Grid,Amp & Cab,Amp & Cab,"Guitar, Modeled","Guitar, Modeled",BIAS FX 2,Marshall JCM800 2203,Remaster Series - CRUNCH,4x12,Marshall JCM800 ALT (Tone),,,,,,,,,,,,,
British 800,Positive Grid,Amp & Cab,Amp & Cab,"Guitar, Modeled","Guitar, Modeled",BIAS X,Marshall JCM800 2203,British Series - Mid-Gain/Crunch,,Marshall JCM800 ALT (Tone),,,,,,,,,,,,,
UAD Softube Vintage Amp Room (White),Universal Audio,Amp & Cab,Amp & Cab,"Guitar, Modeled","Guitar, Modeled","Softube Amp Room Half-Stack, Softube Vintage Amp Room",Marshall JCM800 2203,Softube (Modeled by),,Marshall JCM800 TOP,Recorded w/ Marshall 1960A 4x12 Cab,,,,,,,,,,,,
"KK100
Slayer King",Positive Grid,Amp & Cab,Amp & Cab,"Guitar, Modeled","Guitar, Modeled","BIAS Amp 2, BIAS FX 2",Marshall JCM800 2203KK,Legacy Series - HIGH GAIN,(Metal) 4x12 Green 25s,,,,,,,,,,,,,,
"Hard & Heavy
Gold Guard (Amplitube)",IK Multimedia,Amp & Cab,Amp & Cab,"Guitar, Modeled","Guitar, Modeled",TONEX,Marshall JCM800 2203ZW,"Premium Tone Model
Gold Guard",Marshall 1960B 4x12,,,,,,,,,,,,,,
Brit 2204,Line 6,Amp & Cab,Amp & Cab,"Guitar, Modeled","Guitar, Modeled",Helix Native,Marshall JCM800 2204,,,,,,,,,,,,,,,,
"Hyde Street Amp Locker
Gold Guard (Amplitube)",IK Multimedia,Amp & Cab,Amp & Cab,"Guitar, Modeled","Guitar, Modeled",TONEX,Marshall JCM900 2100,Premium Tone Model (Hyde Street),Marshall 1960A 4x12,,,,,,,,,,,,,,
Brit 9000,IK Multimedia,Amp & Cab,Amp & Cab,"Guitar, Modeled","Guitar, Modeled",Amplitube,Marshall JCM900 4100,Amplitube Collection,(high-gain),Marshall JCM900 ALT  (Tone),,,,,,,,,,,,,
"British Tube Lead
British Tube Lead 2",IK Multimedia,Amp & Cab,Amp & Cab,"Guitar, Modeled","Guitar, Modeled","Amplitube, MixBox",Marshall JCM900 4100,Amplitube Collection,(high-gain),Marshall JCM900 ALT  (Tone),,,,,,,,,,,,,
"800 & 900
Gold Guard (Amplitube)",IK Multimedia,Amp & Cab,Amp & Cab,"Guitar, Modeled","Guitar, Modeled",TONEX,Marshall JCM900 4100,"Premium Tone Model
800 & 900
Gold Guard",Marshall 1960A 4x12,Marshall JCM900 TOP,,,,,,,,,,,,,
Gold Guard (Amplitube),IK Multimedia,Amp & Cab,Amp & Cab,"Guitar, Modeled","Guitar, Modeled",TONEX,Marshall JCM900 4100,"Premium Tone Model
Gold Guard","Fender EVH 5150 III 4x12
Hiwatt 4x12",Marshall JCM900 TOP,,,,,,,,,,,,,
"High-gain Heroes
Gold Guard (Amplitube)",IK Multimedia,Amp & Cab,Amp & Cab,"Guitar, Modeled","Guitar, Modeled",TONEX,Marshall JCM900 4100,"Premium Tone Model
Gold Guard
High-Gain Heroes",Marshall 1960A 4x12,Marshall JCM900 TOP,,,,,,,,,,,,,
"British 900 Clean
British 900 Clean v2",Positive Grid,Amp & Cab,Amp & Cab,"Guitar, Modeled","Guitar, Modeled",BIAS Amp 2,Marshall JCM900 4100,,(Clean) 4x12 Celestion T-75s ,Marshall JCM900 ALT  (Tone),,,,,,,,,,,,,
British Lead 900,Positive Grid,Amp & Cab,Amp & Cab,"Guitar, Modeled","Guitar, Modeled",BIAS Amp 2,Marshall JCM900 4100,,(Crunch) 4x12 1965A ,Marshall JCM900 ALT (Tone),,,,,,,,,,,,,
Vintage Metal Lead,IK Multimedia,Amp & Cab,Amp & Cab,"Guitar, Modeled","Guitar, Modeled",Amplitube,Marshall JMP 2203,Amplitube Metal,(high-gain),Marshall JMP 2203  ALT (Tone),,,,,,,,,,,,,
"1979 British High G
Plexi 1979 HG",Positive Grid,Amp & Cab,Amp & Cab,"Guitar, Modeled","Guitar, Modeled","BIAS Amp 2, BIAS FX 2",Marshall JMP 2203,Legacy Series - HIGH GAIN,(Hi Gain) 4x12 OR V-30s,Marshall JMP 2203  ALT (Tone),,,,,,,,,,,,,
Marshall JMP 2203,Universal Audio,Amp & Cab,Amp & Cab,"Guitar, Modeled","Guitar, Modeled",,Marshall JMP 2203,Softube (Modeled by),,Marshall JMP 2203  TOP,,Plugin,UAD-2,2.5.16,,,,,,,,,
GTR Amp Drive - Overdrive,Waves,Amp & Cab,Amp & Cab,"Guitar, Modeled","Guitar, Modeled","GTR Amp, GTR Solo / Solo Rack",Marshall JMP 2203,,,Marshall JMP 2203  DNU,,,,,,,,,,,,,
GTR Amp High Gain - Crush / PRS Crush,Waves,Amp & Cab,Amp & Cab,"Guitar, Modeled","Guitar, Modeled","GTR Amp, GTR Solo / Solo Rack",Marshall JMP 2204 MK2,,modded,,,,,,,,,,,,,,
Brit Valve Pre,IK Multimedia,Amp & Cab,Amp & Cab,"Guitar, Modeled","Guitar, Modeled",Amplitube,Marshall JMP-1,Amplitube Collection,(high-gain),Marshall JMP-1 TOP,,,,,,,,,,,,,
GTR Amp High Gain - Shredder,Waves,Amp & Cab,Amp & Cab,"Guitar, Modeled","Guitar, Modeled","GTR Amp, GTR Solo / Solo Rack",Marshall JMP-1,,,Marshall JMP-1 ALT (Tone),,,,,,,,,,,,,
"Brit Trem Brt
Brit Trem Jump
Brit Trem Nrm",Line 6,Amp & Cab,Amp & Cab,"Guitar, Modeled","Guitar, Modeled",Helix Native,Marshall JTM 45/50 Mk II,,"3 Models/Channels (normal, bright, jumped)",Marshall JTM 45/50 Mk II TOP,,,,,,,,,,,,,
65 Plexi,Positive Grid,Amp & Cab,Amp & Cab,"Guitar, Modeled","Guitar, Modeled",BIAS Amp 2,Marshall JTM 45/50 Mk II,,(Crunch) 4x12 1965A ,Marshall JTM 45/50 Mk II ALT (Tone),,,,,,,,,,,,,
JH Gold,IK Multimedia,Amp & Cab,Amp & Cab,"Guitar, Modeled","Guitar, Modeled",Amplitube,Marshall JTM45 2245,Electric Gypsy Collection,(crunch),Marshall JTM45 2245 ALT (Tone),,,,,,,,,,,,,
"Brit J45 Brt
Brit J45 Nrm",Line 6,Amp & Cab,Amp & Cab,"Guitar, Modeled","Guitar, Modeled",Helix Native,Marshall JTM45 2245,,"2 Models/Channels (normal, bright)",Marshall JTM45 2245 TOP,,,,,,,,,,,,,
"63 British J45
63 British J45 v2",Positive Grid,Amp & Cab,Amp & Cab,"Guitar, Modeled","Guitar, Modeled",BIAS Amp 2,Marshall JTM45 2245,,(Blues) 4x12 Green 25s ,Marshall JTM45 2245 ALT (Tone),,,,,,,,,,,,,
JTM45 BS,Positive Grid,Amp & Cab,Amp & Cab,"Guitar, Modeled","Guitar, Modeled",BIAS Amp 2,Marshall JTM45 2245,,(Blues) 1x12 Tweed Lux ,Marshall JTM45 2245 ALT (Tone),,,,,,,,,,,,,
JTM45 GY,Positive Grid,Amp & Cab,Amp & Cab,"Guitar, Modeled","Guitar, Modeled",BIAS Amp 2,Marshall JTM45 2245,,(Glassy) 2x12 Black Duo ,Marshall JTM45 2245 ALT (Tone),,,,,,,,,,,,,
"JM45 Clean
JTM45 CN",Positive Grid,Amp & Cab,Amp & Cab,"Guitar, Modeled","Guitar, Modeled","BIAS Amp 2, BIAS FX 2",Marshall JTM45 2245,Legacy Series - LOW GAIN,(Clean) 2x12 Jazz Clean ,Marshall JTM45 2245 ALT (Tone),,,,,,,,,,,,,
"JTM45 CH
Overdriven JM45",Positive Grid,Amp & Cab,Amp & Cab,"Guitar, Modeled","Guitar, Modeled","BIAS Amp 2, BIAS FX 2",Marshall JTM45 2245,Legacy Series - CRUNCH,(Crunch) 4x12 Celestion V30s,Marshall JTM45 2245 ALT (Tone),,,,,,,,,,,,,
Plexi Lead,Positive Grid,Amp & Cab,Amp & Cab,"Guitar, Modeled","Guitar, Modeled",BIAS FX 2,Marshall JTM45 2245,Remaster Series - CRUNCH,4x12,Marshall JTM45 2245 ALT (Tone),,,,,,,,,,,,,
British Lead S100,IK Multimedia,Amp & Cab,Amp & Cab,"Guitar, Modeled","Guitar, Modeled",Amplitube,Marshall JTM45/100 Super 100,Electric Gypsy Collection,(crunch),Marshall JTM45/100 Super 100 TOP,,,,,,,,,,,,,
Super Jimi Clean,Positive Grid,Amp & Cab,Amp & Cab,"Guitar, Modeled","Guitar, Modeled",BIAS FX 2,Marshall JTM45/100 Super 100,Legacy Series - CRUNCH,4x12,Marshall JTM45/100 Super 100 ALT (Tone),,,,,,,,,,,,,
Satch VM,IK Multimedia,Amp & Cab,Amp & Cab,"Guitar, Modeled","Guitar, Modeled",Amplitube,Marshall JVM 410H JS,Joe Satriani Collection,(high-gain),Marshall JVM 410H JS ALT (Tone),,,,,,,,,,,,,
"Hard & Heavy
Gold Guard (Amplitube)",IK Multimedia,Amp & Cab,Amp & Cab,"Guitar, Modeled","Guitar, Modeled",TONEX,Marshall JVM 410H JS,"Premium Tone Model
Gold Guard",Marshall 2551A 4x12,Marshall JVM 410H JS TOP,,,,,,,,,,,,,
"High-Gain Chug
Gold Guard (Amplitube)",IK Multimedia,Amp & Cab,Amp & Cab,"Guitar, Modeled","Guitar, Modeled",TONEX,Marshall JVM 410H JS,"Premium Tone Model
Gold Guard
High-Gain Chug",Marshall 2551A 4x12,Marshall JVM 410H JS TOP,,,,,,,,,,,,,
"Joe Satriani Amp Vault
JS JVM (Amplitube)",IK Multimedia,Amp & Cab,Amp & Cab,"Guitar, Modeled","Guitar, Modeled",TONEX,Marshall JVM 410H JS,"Premium Tone Model (Joe Satriani)
JS JVM","(6L6 Mod)
Marshall 1960B 4x12 ",Marshall JVM 410H JS TOP,,,,,,,,,,,,,
"Joe Satriani Amp Vault
JS JVM (Amplitube)",IK Multimedia,Amp & Cab,Amp & Cab,"Guitar, Modeled","Guitar, Modeled",TONEX,Marshall JVM 410H JS,"Premium Tone Model (Joe Satriani)
JS JVM",(C83 Mod) Marshall 1960B 4x12 ,Marshall JVM 410H JS TOP,,,,,,,,,,,,,
"Joe Satriani Amp Vault
JS JVM (Amplitube)",IK Multimedia,Amp & Cab,Amp & Cab,"Guitar, Modeled","Guitar, Modeled",TONEX,Marshall JVM 410H JS,"Premium Tone Model (Joe Satriani)
JS JVM",(KT88 Mod) Marshall 1960B 4x12 ,Marshall JVM 410H JS TOP,,,,,,,,,,,,,
"Joe Satriani Amp Vault
JS JVM (Amplitube)",IK Multimedia,Amp & Cab,Amp & Cab,"Guitar, Modeled","Guitar, Modeled",TONEX,Marshall JVM 410H JS,"Premium Tone Model (Joe Satriani)
JS JVM",Marshall 1960B 4x12 ,Marshall JVM 410H JS TOP,,,,,,,,,,,,,
Red Pig,IK Multimedia,Amp & Cab,Amp & Cab,"Guitar, Modeled","Guitar, Modeled",Amplitube,Marshall Major,Amplitube Collection,(crunch),,,,,,,,,,,,,,
90s Brit Pedals,IK Multimedia,Harmonic Coloration,Harmonic Coloration,"Guitar, Modeled, Stomp","Guitar, Modeled, Stomp",TONEX,Marshall Shredmaster,"Premium Tone Model
90s Brit Pedals",,Marshall Shredmaster TOP,,,,,,,,,,,,,
Double Black,IK Multimedia,Harmonic Coloration,Harmonic Coloration,"Guitar, Modeled, Stomp","Guitar, Modeled, Stomp",TONEX,Marshall Shredmaster,Double Black,,Marshall Shredmaster TOP,,,,,,,,,,,,,
Thrash Master,Positive Grid,Harmonic Coloration,Harmonic Coloration,"Guitar, Modeled, Stomp","Guitar, Modeled, Stomp",BIAS FX 2,Marshall Shredmaster,,(Pedal),Marshall Shredmaster ALT (Tone),,,,,,,,,,,,,
"Hyde Street Amp Locker
Plexi Guard (Amplitube)",IK Multimedia,Amp & Cab,Amp & Cab,"Guitar, Modeled","Guitar, Modeled",TONEX,Marshall SV20H ,Premium Tone Model (Hyde Street),Marshall Studio Vintage 2x12 ,,,,,,,,,,,,,,
The Ambass'dor,IK Multimedia,Harmonic Coloration,Harmonic Coloration,"Guitar, Modeled, Stomp","Guitar, Modeled, Stomp",Amplitube,Marshall The Guv'nor,Amplitube Collection,,Marshall The Guv'nor ALT (Tone),,,,,,,,,,,,,
X-DRIVE (Monarch Setting),IK Multimedia,Harmonic Coloration,Harmonic Coloration,"Guitar, Modeled, Stomp","Guitar, Modeled, Stomp",Amplitube,Marshall The Guv'nor,X-Gear (X-DRIVE),,Marshall The Guv'nor ALT (Tone),,,,,,,,,,,,,
90s Brit Pedals,IK Multimedia,Harmonic Coloration,Harmonic Coloration,"Guitar, Modeled, Stomp","Guitar, Modeled, Stomp",TONEX,Marshall The Guv'nor,"Premium Tone Model
90s Brit Pedals",,Marshall The Guv'nor TOP,,,,,,,,,,,,,
Double Black,IK Multimedia,Harmonic Coloration,Harmonic Coloration,"Guitar, Modeled, Stomp","Guitar, Modeled, Stomp",TONEX,Marshall The Guv'nor,Double Black,,Marshall The Guv'nor TOP,,,,,,,,,,,,,
1x12 Combo,IK Multimedia,Amp & Cab,Amp & Cab,"Guitar, Modeled","Guitar, Modeled",Amplitube,Marshall Valvestate VS100,Amplitube Collection,1x12 CAB,,,,,,,,,,,,,,
Brit T12G,IK Multimedia,Amp & Cab,Amp & Cab,"Guitar, Modeled","Guitar, Modeled",Amplitube,Marshall Valvestate VS100,,1x12 CAB Combo Celestion G12T-75,,,,,,,,,,,,,,
"YJM 100
YM100",Positive Grid,Amp & Cab,Amp & Cab,"Guitar, Modeled","Guitar, Modeled","BIAS Amp 2, BIAS FX 2",Marshall YJM100,Legacy Series - HIGH GAIN,(Hi Gain) 4x12 OR V-30s ,,,,,,,,,,,,,,
"Matchstick Ch1
Matchstick Ch2
Matchstick Jump",Line 6,Amp & Cab,Amp & Cab,"Guitar, Modeled","Guitar, Modeled",Helix Native,Matchless DC-30,,"3 Models/Channels (ch1, ch2, jumped)",Matchless DC-30 TOP,,,,,,,,,,,,,
"94 Match 30
94 Match 30 v2
94 MATCH DC V2",Positive Grid,Amp & Cab,Amp & Cab,"Guitar, Modeled","Guitar, Modeled","BIAS Amp 2, BIAS FX 2",Matchless DC-30,Legacy Series - LOW GAIN,(1994) (Clean) 2x12 Green25,Matchless DC-30 ALT(Tone),,,,,,,,,,,,,
Match 2x12,Positive Grid,Amp & Cab,Amp & Cab,"Guitar, Modeled","Guitar, Modeled","BIAS Amp 2, BIAS FX 2",Matchless DC-30,Remaster Series - CAB,2x12 CAB,Matchless DC-30 (CAB) ALT(Tone),,,,,,,,,,,,,
Match DC,Positive Grid,Amp & Cab,Amp & Cab,"Guitar, Modeled","Guitar, Modeled",BIAS FX 2,Matchless DC-30,Remaster Series - LOW GAIN,2x12,Matchless DC-30 ALT(Tone),,,,,,,,,,,,,
Match 30,Positive Grid,Amp & Cab,Amp & Cab,"Guitar, Modeled","Guitar, Modeled",BIAS X,Matchless DC-30,AC Series - Low-Gain/Clean ,2x12 Match,Matchless DC-30 ALT(Tone),,,,,,,,,,,,,
2x12 Match,Universal Audio,Amp & Cab,Amp & Cab,"Guitar, Modeled","Guitar, Modeled",Paradise Guitar Studio,Matchless DC-30,,2x12 CAB G12H-75 Creambacks,Matchless DC-30 (CAB) TOP,Muscular and modern take on classic chime. Great with an overdrive or distortion pedal in front of the am; mic'd w/ Shure SM57,,,,,,,,,,,,
Match,Universal Audio,Amp & Cab,Amp & Cab,"Guitar, Modeled","Guitar, Modeled",Ruby 63 Top Boost,Matchless ESD212,,2x12 CAB,Matchless ESD212 ALT (Tone),mic'd w/ Shure SM57,,,,,,,,,,,,
2x12 Match G25,Line 6,Amp & Cab,Amp & Cab,"Guitar, Modeled","Guitar, Modeled",Helix Native,Matchless ESD212 ,,Modded 2x12 CAB Celestion Ruby,Matchless ESD212 TOP,,,,,,,,,,,,,
2x12 Match H30,Line 6,Amp & Cab,Amp & Cab,"Guitar, Modeled","Guitar, Modeled",Helix Native,Matchless ESD212 ,,Modded 2x12 CAB Celestion G12H (75),Matchless ESD212 TOP,,,,,,,,,,,,,
Lighting,Positive Grid,Amp & Cab,Amp & Cab,"Guitar, Modeled","Guitar, Modeled","BIAS Amp 2, BIAS FX 2",Matchless Lightning,Legacy Series - HIGH GAIN,(Hi Gain) 4x12 OR V-30s ,,,,,,,,,,,,,,
TS Green,IK Multimedia,Harmonic Coloration,Harmonic Coloration,"Guitar, Modeled, Stomp","Guitar, Modeled, Stomp",TONEX,Maxon OD808,,,,,,,,,,,,,,,,
Hedgehog D9,Line 6,Harmonic Coloration,Harmonic Coloration,"Guitar, Modeled, Stomp","Guitar, Modeled, Stomp",Helix Native,Maxon SD9,,,,,,,,,,,,,,,,
Tape Machine 24,IK Multimedia,Harmonic Coloration,Harmonic Coloration,Modeled,Modeled,,MCI JH-24,T-Racks,,,,Plugin,"AU, VST3",6.3.0,,,,,,,,,
Melodium Type R,Universal Audio,Microphone,Microphone,Modeled,Modeled,Eden WT800,Melodium Type R,,,Embedded in Eden WT800,,,,,,,,,,,,,
Bass M1516 ,Waves,Amp & Cab,Amp & Cab,"Bass, Modeled","Bass, Modeled",GTR Amp,Mesa/Boogie 1516,,,,,,,,,,,,,,,,
"12"" OpenBack",Waves,Amp & Cab,Amp & Cab,"Guitar, Modeled","Guitar, Modeled","GTR Amp, GTR Solo / Solo Rack",Mesa/Boogie 1x12 Boogie 23,,1x12 CAB Electro-Voice EVM12L,,,,,,,,,,,,,,
1x12 Cali EXT,Line 6,Amp & Cab,Amp & Cab,"Guitar, Modeled","Guitar, Modeled",Helix Native,Mesa/Boogie 1x12 Boogie Thiele 19,,1x12 CAB Electro-Voice EVM12L,,,,,,,,,,,,,,
1x12 California Tweed,IK Multimedia,Amp & Cab,Amp & Cab,"Guitar, Modeled","Guitar, Modeled",Amplitube,Mesa/Boogie 1x12 California Tweed 23,Mesa/Boogie Collection,1x12 CAB,,,,,,,,,,,,,,
2x12 California Tweed,IK Multimedia,Amp & Cab,Amp & Cab,"Guitar, Modeled","Guitar, Modeled",Amplitube,Mesa/Boogie 2x12 California Tweed,Mesa/Boogie Collection,2x12 CAB,,,,,,,,,,,,,,
2x12 Rectifier Horizontal,IK Multimedia,Amp & Cab,Amp & Cab,"Guitar, Modeled","Guitar, Modeled",Amplitube,Mesa/Boogie 2x12 Horizontal Rectifier Cabinet,Mesa/Boogie Collection,2x12 CAB,,,,,,,,,,,,,,
Metal V 4x12,Positive Grid,Amp & Cab,Amp & Cab,"Guitar, Modeled","Guitar, Modeled","BIAS Amp 2, BIAS FX 2",Mesa/Boogie 4x12 Front-Loaded (4FB),Legacy Series - CAB,4x12 CAB,,,,,,,,,,,,,,
4x12 Metal T 1,IK Multimedia,Amp & Cab,Amp & Cab,"Guitar, Modeled","Guitar, Modeled",Amplitube,Mesa/Boogie 4x12 Rectifier Standard Slant Cabinet,Amplitube Metal,4x12 CAB,Mesa/Boogie 4x12 Rectifier Standard Slant ALT (Tone),,,,,,,,,,,,,
4x12 Cali V30,Line 6,Amp & Cab,Amp & Cab,"Guitar, Modeled","Guitar, Modeled",Helix Native,Mesa/Boogie 4x12 Rectifier Standard Slant Cabinet,,4x12 CAB,Mesa/Boogie 4x12 Rectifier Standard Slant TOP,,,,,,,,,,,,,
Boogie 4x12,Positive Grid,Amp & Cab,Amp & Cab,"Guitar, Modeled","Guitar, Modeled","BIAS Amp 2, BIAS FX 2",Mesa/Boogie 4x12 Rectifier Standard Slant Cabinet,Remaster Series - CAB,4x12 CAB,Mesa/Boogie 4x12 Rectifier Standard Slant ALT (Tone),,,,,,,,,,,,,
Rectifier 4x12,Positive Grid,Amp & Cab,Amp & Cab,"Guitar, Modeled","Guitar, Modeled","BIAS Amp 2, BIAS FX 2",Mesa/Boogie 4x12 Rectifier Standard Slant Cabinet,Legacy Series - CAB,4x12 CAB,Mesa/Boogie 4x12 Rectifier Standard Slant ALT (Tone),,,,,,,,,,,,,
Treadplate 4x12,Positive Grid,Amp & Cab,Amp & Cab,"Guitar, Modeled","Guitar, Modeled","BIAS Amp 2, BIAS FX 2",Mesa/Boogie 4x12 Rectifier Standard Slant Cabinet,Legacy Series - CAB,4x12 CAB,Mesa/Boogie 4x12 Rectifier Standard Slant ALT (Tone),,,,,,,,,,,,,
American 4x12,Universal Audio,Amp & Cab,Amp & Cab,"Guitar, Modeled","Guitar, Modeled","Diezel Herbert, Diezel VH4, Engl Savage 120, Friedman Buxom Betty, Suhr PT100, Suhr SE100",Mesa/Boogie 4x12 Rectifier Standard Slant Cabinet,,4x12 CAB,Mesa/Boogie 4x12 Rectifier Standard Slant TOP,,,,,,,,,,,,,
4x12 Recto Traditional Slant,IK Multimedia,Amp & Cab,Amp & Cab,"Guitar, Modeled","Guitar, Modeled",Amplitube,Mesa/Boogie 4x12 Rectifier Traditional Slant Cabinet,Mesa/Boogie Collection,4x12 CAB,,,,,,,,,,,,,,
"Cali 400 Ch1
Cali 400 Ch2",Line 6,Amp & Cab,Amp & Cab,"Bass, Modeled","Bass, Modeled",Helix Native,Mesa/Boogie Bass 400+,,"(ch1, ch2)",Mesa/Boogie Bass 400+ TOP,,,,,,,,,,,,,
GTR Amp Bass - OverBass,Waves,Amp & Cab,Amp & Cab,"Bass, Modeled","Bass, Modeled",GTR Amp,Mesa/Boogie Bass 400+,,,Mesa/Boogie Bass 400+ ALT (Tone),,,,,,,,,,,,,
California Tweed,IK Multimedia,Amp & Cab,Amp & Cab,"Guitar, Modeled","Guitar, Modeled",Amplitube,Mesa/Boogie California Tweed 6v6 2:20,Mesa/Boogie Collection,(crunch),,,,,,,,,,,,,,
Dual Rectifier,IK Multimedia,Amp & Cab,Amp & Cab,"Guitar, Modeled","Guitar, Modeled",Amplitube,Mesa/Boogie Dual Rectifier,Mesa/Boogie Collection,(high-gain),Mesa/Boogie Dual Rectifier ALT (Tone),,,,,,,,,,,,,
Modern Tube Lead,IK Multimedia,Amp & Cab,Amp & Cab,"Guitar, Modeled","Guitar, Modeled","Amplitube, MixBox",Mesa/Boogie Dual Rectifier,Amplitube Collection,(high-gain),Mesa/Boogie Dual Rectifier ALT (Tone),,,,,,,,,,,,,
"Hard & Heavy
High-gain Heroes
Metal Face (Amplitube)",IK Multimedia,Amp & Cab,Amp & Cab,"Guitar, Modeled","Guitar, Modeled",TONEX,Mesa/Boogie Dual Rectifier,"Premium Tone Model
Hard and Heavy
High-Gain Heroes
Metal Face",Diezel 412 4x12,Mesa/Boogie Dual Rectifier TOP,,,,,,,,,,,,,
"Hyde Street Amp Locker
Metal Face (Amplitube)",IK Multimedia,Amp & Cab,Amp & Cab,"Guitar, Modeled","Guitar, Modeled",TONEX,Mesa/Boogie Dual Rectifier,Premium Tone Model (Hyde Street),"Marshall 4x12
Marshall 1960A 4x12",Mesa/Boogie Dual Rectifier TOP,,,,,,,,,,,,,
"Mesa/Boogie Reference
M/B Dual Rectifier (Amplitube)",IK Multimedia,Amp & Cab,Amp & Cab,"Guitar, Modeled","Guitar, Modeled",TONEX,Mesa/Boogie Dual Rectifier,"Premium Tone Model (Mesa/Boogie)
M/B Dual Rectifier",Mesa/Boogie 4x12 Rectifier Standard Slant Cabinet,Mesa/Boogie Dual Rectifier TOP,,,,,,,,,,,,,
"Rectify
Metal Face (Amplitube)",IK Multimedia,Amp & Cab,Amp & Cab,"Guitar, Modeled","Guitar, Modeled",TONEX,Mesa/Boogie Dual Rectifier,"Premium Tone Model
Metal Face
Rectify","Marshall 2551A 4x12
Mesa/Boogie 2x12 Horizontal Rectifier Cabinet
Mesa/Boogie 4x12 Rectifier Traditional Straight Cabinet",Mesa/Boogie Dual Rectifier TOP,,,,,,,,,,,,,
TONEX Amp Red (Amplitube),IK Multimedia,Amp & Cab,Amp & Cab,"Guitar, Modeled","Guitar, Modeled",TONEX,Mesa/Boogie Dual Rectifier,"Premium Tone Model
TONEX Amp Red",Custom open back 2x12 Eminence Governor,Mesa/Boogie Dual Rectifier TOP,,,,,,,,,,,,,
"Vintage & Lo-Fi
Metal Face (Amplitube)",IK Multimedia,Amp & Cab,Amp & Cab,"Guitar, Modeled","Guitar, Modeled",TONEX,Mesa/Boogie Dual Rectifier,"Premium Tone Model
Metal Face
Vintage & Lo-FI",4x12 Orange 1974,Mesa/Boogie Dual Rectifier TOP,,,,,,,,,,,,,
Cali Rectifire,Line 6,Amp & Cab,Amp & Cab,"Guitar, Modeled","Guitar, Modeled",Helix Native,Mesa/Boogie Dual Rectifier,,,Mesa/Boogie Dual Rectifier TOP,,,,,,,,,,,,,
Dynamic Master,Positive Grid,Amp & Cab,Amp & Cab,"Guitar, Modeled","Guitar, Modeled",BIAS Amp 2,Mesa/Boogie Dual Rectifier,,(Blues) 2x12 Green ,Mesa/Boogie Dual Rectifier ALT (Tone),,,,,,,,,,,,,
GTR Amp High Gain - Modern,Waves,Amp & Cab,Amp & Cab,"Guitar, Modeled","Guitar, Modeled",GTR Amp,Mesa/Boogie Dual Rectifier,,,Mesa/Boogie Dual Rectifier DNU,,,,,,,,,,,,,
Metal Face (Amplitube),IK Multimedia,Amp & Cab,Amp & Cab,"Guitar, Modeled","Guitar, Modeled",TONEX,Mesa/Boogie Dual Rectifier,"Premium Tone Model
Metal Face",Mesa/Boogie 4x12 Front-Loaded (4FB),,,,,,,,,,,,,,
"Rectify
Metal Face (Amplitube)",IK Multimedia,Amp & Cab,Amp & Cab,"Guitar, Modeled","Guitar, Modeled",TONEX,Mesa/Boogie Dual Rectifier EL34,"Premium Tone Model
Metal Face
Rectify",Mesa/Boogie 2x12 Horizontal Rectifier Cabinet,,,,,,,,,,,,,,
"High-Gain Chug
Black Mark (Amplitube)",IK Multimedia,Amp & Cab,Amp & Cab,"Guitar, Modeled","Guitar, Modeled",TONEX,Mesa/Boogie Fillmore 50,"Premium Tone Model
Black Mark
High-Gain Chug",1x12 Combo,,,,,,,,,,,,,,
"American High Gain
JP-2C",Positive Grid,Amp & Cab,Amp & Cab,"Guitar, Modeled","Guitar, Modeled","BIAS Amp 2, BIAS FX 2",Mesa/Boogie JP-2C,Legacy Series - HIGH GAIN,(Channel 2) (Insane) 4x12 Green 25s ,,,,,,,,,,,,,,
"Mesa/Boogie Reference
M/B King Snake (Amplitube)",IK Multimedia,Amp & Cab,Amp & Cab,"Guitar, Modeled","Guitar, Modeled",TONEX,Mesa/Boogie King Snake,"Premium Tone Model (Mesa/Boogie)
M/B King Snake",Modded 1x12 Jensen Blackbird 100,,,,,,,,,,,,,,
"Cali Texas Ch1
Cali Texas Ch2",Line 6,Amp & Cab,Amp & Cab,"Guitar, Modeled","Guitar, Modeled",Helix Native,Mesa/Boogie Lone Star,,"2 Models/Channels (clean, drive)",Mesa/Boogie Lone Star TOP,,,,,,,,,,,,,
"American Crunch
Lonestar",Positive Grid,Amp & Cab,Amp & Cab,"Guitar, Modeled","Guitar, Modeled","BIAS Amp 2, BIAS FX 2",Mesa/Boogie Lone Star,Legacy Series - CRUNCH,(Channel 2) (Blues) 1x12 Tweed Lux,"Mesa/Boogie Lone Star ALT (Tone)
Deprecated by BIAS X",,,,,,,,,,,,,
"Solo Star
Solo Star 1x12 (Cab)",Positive Grid,Amp & Cab,Amp & Cab,"Guitar, Modeled","Guitar, Modeled","BIAS Amp 2, BIAS FX 2",Mesa/Boogie Lone Star,Legacy Series - LOW GAIN,(Blues) 1x12 Solo Star ,"Mesa/Boogie Lone Star ALT (Tone)
Deprecated by BIAS X",,,,,,,,,,,,,
Tone Star Lead,Positive Grid,Amp & Cab,Amp & Cab,"Guitar, Modeled","Guitar, Modeled",BIAS X,Mesa/Boogie Lone Star,American-Series - Mid-Gain/Crunch,,Mesa/Boogie Lone Star ALT (Tone),,,,,,,,,,,,,
Cali Bass,Line 6,Amp & Cab,Amp & Cab,"Guitar, Modeled","Guitar, Modeled",Helix Native,Mesa/Boogie M9 Carbine,,,,,,,,,,,,,,,,
1x12 MB II,IK Multimedia,Amp & Cab,Amp & Cab,"Guitar, Modeled","Guitar, Modeled",Amplitube,Mesa/Boogie Mark IIC+,Amplitube Collection,1x12 CAB,,,,,,,,,,,,,,
Mark IIC+,IK Multimedia,Amp & Cab,Amp & Cab,"Guitar, Modeled","Guitar, Modeled",Amplitube,Mesa/Boogie Mark IIC+,Mesa/Boogie Collection,(high-gain),Mesa/Boogie Mark IIC+ ALT (Tone),,,,,,,,,,,,,
"Mesa/Boogie Reference
M/B MkIIC+ Eq (Amplitube)",IK Multimedia,Amp & Cab,Amp & Cab,"Guitar, Modeled","Guitar, Modeled",TONEX,Mesa/Boogie Mark IIC+,"Premium Tone Model (Mesa/Boogie)
M/B MkIIC+ Eq","Mesa/Boogie 1x12 WideBody
Mesa/Boogie 4x12 Rectifier Standard Slant Cabinet",Mesa/Boogie Mark IIC+ TOP,,,,,,,,,,,,,
Mesa Boogie Mark IIC+ Suite,Neural DSP,Amp & Cab,Amp & Cab,"Guitar, Modeled","Guitar, Modeled",,Mesa/Boogie Mark IIC+,,"Compressor, 2 x overdrive, chorus, delay, reverb, 9-band EQ, cabsim. MarkIIC++ custom modification",Mesa/Boogie Mark IIC+ TOP,,"Plugin, Standalone","AU, VST3",1.0.0,,,,,,,,,
"Mark IIc+
Mark IIc+ v2",Positive Grid,Amp & Cab,Amp & Cab,"Guitar, Modeled","Guitar, Modeled",BIAS Amp 2,Mesa/Boogie Mark IIC+,,(Metal) 4x12 Treadplate ,Mesa/Boogie Mark IIC+ ALT (Tone),,,,,,,,,,,,,
Modded Mark IIc+ V2,Positive Grid,Amp & Cab,Amp & Cab,"Guitar, Modeled","Guitar, Modeled",BIAS FX 2,Mesa/Boogie Mark IIC+,Legacy Series - HIGH GAIN,4x12,Mesa/Boogie Mark IIC+ ALT (Tone),,,,,,,,,,,,,
1x12 Mark III,IK Multimedia,Amp & Cab,Amp & Cab,"Guitar, Modeled","Guitar, Modeled",Amplitube,Mesa/Boogie Mark III,Mesa/Boogie Collection,1x12 CAB,Mesa/Boogie Mark III (CAB) TOP,,,,,,,,,,,,,
1x12 MB III,IK Multimedia,Amp & Cab,Amp & Cab,"Guitar, Modeled","Guitar, Modeled",Amplitube,Mesa/Boogie Mark III,Amplitube Collection,1x12 CAB,Mesa/Boogie Mark III (CAB) TOP,,,,,,,,,,,,,
American Clean MKIII,IK Multimedia,Amp & Cab,Amp & Cab,"Guitar, Modeled","Guitar, Modeled",Amplitube,Mesa/Boogie Mark III,Amplitube Collection,(clean),Mesa/Boogie Mark III ALT (Tone),,,,,,,,,,,,,
American Lead MKIII,IK Multimedia,Amp & Cab,Amp & Cab,"Guitar, Modeled","Guitar, Modeled",Amplitube,Mesa/Boogie Mark III,Amplitube Collection,(high-gain),Mesa/Boogie Mark III ALT (Tone),,,,,,,,,,,,,
Mark III,IK Multimedia,Amp & Cab,Amp & Cab,"Guitar, Modeled","Guitar, Modeled",Amplitube,Mesa/Boogie Mark III,Mesa/Boogie Collection,(high-gain),Mesa/Boogie Mark III ALT (Tone),,,,,,,,,,,,,
Black Mark (Amplitube),IK Multimedia,Amp & Cab,Amp & Cab,"Guitar, Modeled","Guitar, Modeled",TONEX,Mesa/Boogie Mark III,"Premium Tone Model
Black Mark","
1x12 
Bogner 212C
Bogner Uberkab 4x12
Marshall 1960AX 4x12 4x12",Mesa/Boogie Mark III TOP,,,,,,,,,,,,,
1x12 Mark IV,IK Multimedia,Amp & Cab,Amp & Cab,"Guitar, Modeled","Guitar, Modeled",Amplitube,Mesa/Boogie Mark IV A,,1x12 CAB,Mesa/Boogie Mark IV A (CAB) ALT (Tone),,,,,,,,,,,,,
Mark IV,IK Multimedia,Amp & Cab,Amp & Cab,"Guitar, Modeled","Guitar, Modeled",Amplitube,Mesa/Boogie Mark IV A,Mesa/Boogie Collection,(high-gain),Mesa/Boogie Mark IV A ALT (Tone),,,,,,,,,,,,,
High-gain Heroes,IK Multimedia,Amp & Cab,Amp & Cab,"Guitar, Modeled","Guitar, Modeled",TONEX,Mesa/Boogie Mark IV A,"Premium Tone Model
High-Gain Heroes",Marshall 1982A 4x12,Mesa/Boogie Mark IV A ALT (Tone),,,,,,,,,,,,,
"Mesa/Boogie Reference
M/B Mk IV (Amplitube)
M/B Mk IV Eq (Amplitube)",IK Multimedia,Amp & Cab,Amp & Cab,"Guitar, Modeled","Guitar, Modeled",TONEX,Mesa/Boogie Mark IV A,"Premium Tone Model (Mesa/Boogie)
M/B Mk IV
M/B Mk IV Eq",Mesa/Boogie 4x12 Rectifier Standard Slant Cabinet,Mesa/Boogie Mark IV A TOP,,,,,,,,,,,,,
"Metal Heads
Black Mark (Amplitube)",IK Multimedia,Amp & Cab,Amp & Cab,"Guitar, Modeled","Guitar, Modeled",TONEX,Mesa/Boogie Mark IV A,"Premium Tone Model
Black Mark",Marshall 1982A 4x12,Mesa/Boogie Mark IV A ALT (Tone),,,,,,,,,,,,,
1x12 Cali IV,Line 6,Amp & Cab,Amp & Cab,"Guitar, Modeled","Guitar, Modeled",Helix Native,Mesa/Boogie Mark IV A,,1x12 CAB (Combo),Mesa/Boogie Mark IV A (CAB) TOP,,,,,,,,,,,,,
"Cali IV Lead
Cali IV Rhythm 1
Cali IV Rhythm 2",Line 6,Amp & Cab,Amp & Cab,"Guitar, Modeled","Guitar, Modeled",Helix Native,Mesa/Boogie Mark IV A,,"3 Models/Channels (ch1, ch2, lead)",Mesa/Boogie Mark IV A TOP,,,,,,,,,,,,,
Cali Q Graphic,Line 6,EQ,EQ,"Guitar, Modeled, Stomp","Guitar, Modeled, Stomp",Helix Native,Mesa/Boogie Mark IV A,,GEQ Only,,,,,,,,,,,,,,
"Mark IV MT
Pushed Mark IV",Positive Grid,Amp & Cab,Amp & Cab,"Guitar, Modeled","Guitar, Modeled","BIAS Amp 2, BIAS FX 2",Mesa/Boogie Mark IV A,Legacy Series - HIGH GAIN,(Channel 3) (Metal) 4x12 Green 25s ,"Mesa/Boogie Mark IV A ALT (Tone)
Deprecated by BIAS X",,,,,,,,,,,,,
Boogie IV,Positive Grid,Amp & Cab,Amp & Cab,"Guitar, Modeled","Guitar, Modeled",BIAS FX 2,Mesa/Boogie Mark IV A,Remaster Series - HIGH GAIN,4x12,"Mesa/Boogie Mark IV A ALT (Tone)
Deprecated by BIAS X",,,,,,,,,,,,,
California Mk IV,Positive Grid,Amp & Cab,Amp & Cab,"Guitar, Modeled","Guitar, Modeled",BIAS X,Mesa/Boogie Mark IV A,American Series - High-Gain/Distortion,4x12 California-30,Mesa/Boogie Mark IV A ALT (Tone),,,,,,,,,,,,,
Mark V,IK Multimedia,Amp & Cab,Amp & Cab,"Guitar, Modeled","Guitar, Modeled",Amplitube,Mesa/Boogie Mark V,Mesa/Boogie Collection,(high-gain),Mesa/Boogie Mark V ALT (Tone),,,,,,,,,,,,,
Black Mark (Amplitube),IK Multimedia,Amp & Cab,Amp & Cab,"Guitar, Modeled","Guitar, Modeled",TONEX,Mesa/Boogie Mark V,"Premium Tone Model
Black Mark",Mesa/Boogie 4x12 Front-Loaded (4FB),Mesa/Boogie Mark V TOP,,,,,,,,,,,,,
"High-Gain Chug
Black Mark (Amplitube)",IK Multimedia,Amp & Cab,Amp & Cab,"Guitar, Modeled","Guitar, Modeled",TONEX,Mesa/Boogie Mark V,"Premium Tone Model
Black Mark
High-Gain Chug","Mesa/Boogie 2x12 Horizontal Rectifier Cabinet
Mesa/Boogie 4x12 Rectifier Traditional Straight Cabinet",Mesa/Boogie Mark V TOP,,,,,,,,,,,,,
Mark V GY,Positive Grid,Amp & Cab,Amp & Cab,"Guitar, Modeled","Guitar, Modeled",BIAS Amp 2,Mesa/Boogie Mark V,,(Channel 1) (Tweed) (Glassy) 2x12 Black Duo ,Mesa/Boogie Mark V ALT (Tone),,,,,,,,,,,,,
Mark V IS,Positive Grid,Amp & Cab,Amp & Cab,"Guitar, Modeled","Guitar, Modeled",BIAS Amp 2,Mesa/Boogie Mark V,,(Channel 3) (Mark IIC+) (Insane) 4x12 Green 25s ,Mesa/Boogie Mark V ALT (Tone),,,,,,,,,,,,,
"Mark V CH3
Mark V HG",Positive Grid,Amp & Cab,Amp & Cab,"Guitar, Modeled","Guitar, Modeled","BIAS Amp 2, BIAS FX 2",Mesa/Boogie Mark V,Legacy Series - HIGH GAIN,(Channel 2) (crunch) (Hi Gain) 4x12 OR V-30s,Mesa/Boogie Mark V ALT (Tone),,,,,,,,,,,,,
"Mark V CN
Clean Master V2",Positive Grid,Amp & Cab,Amp & Cab,"Guitar, Modeled","Guitar, Modeled","BIAS Amp 2, BIAS FX 2",Mesa/Boogie Mark V,Legacy Series - LOW GAIN,(Channel 1) (Clean) 2x12 Jazz clean,Mesa/Boogie Mark V ALT (Tone),,,,,,,,,,,,,
Wooden Mark (Amplitube),IK Multimedia,Amp & Cab,Amp & Cab,"Guitar, Modeled","Guitar, Modeled",TONEX,Mesa/Boogie Maverick,"Premium Tone Model
Wooden Mark",2x12,,,,,,,,,,,,,,
"Insane Roadie
Road King",Positive Grid,Amp & Cab,Amp & Cab,"Guitar, Modeled","Guitar, Modeled","BIAS Amp 2, BIAS FX 2",Mesa/Boogie Road King,Legacy Series - HIGH GAIN,(Channel 3) (Insane) 4x12 Green 25s ,,,,,,,,,,,,,,
2x12 Road King,IK Multimedia,Amp & Cab,Amp & Cab,"Guitar, Modeled","Guitar, Modeled",Amplitube,Mesa/Boogie Road King ,Mesa/Boogie Collection,2x12 CAB (Combo),,,,,,,,,,,,,,
4x12 Road King Black,IK Multimedia,Amp & Cab,Amp & Cab,"Guitar, Modeled","Guitar, Modeled",Amplitube,Mesa/Boogie Road King 4x12 Slant Cabinet,Mesa/Boogie Collection,4x12 CAB Celestion Vintage 30s,Mesa/Boogie Road King 4x12 Slant TOP,,,,,,,,,,,,,
4x12 Road King Vintage,IK Multimedia,Amp & Cab,Amp & Cab,"Guitar, Modeled","Guitar, Modeled",Amplitube,Mesa/Boogie Road King 4x12 Slant Cabinet,Mesa/Boogie Collection,4x12 CAB Electro-Voice EVM12L,Mesa/Boogie Road King 4x12 Slant TOP,,,,,,,,,,,,,
2x15 Brute,Line 6,Amp & Cab,Amp & Cab,"Guitar, Modeled","Guitar, Modeled",Helix Native,Mesa/Boogie Road Ready 2x15,,2x15 CAB Electro-Voice EVM15B,,,,,,,,,,,,,,
6x10 Cali Power,Line 6,Amp & Cab,Amp & Cab,"Guitar, Modeled","Guitar, Modeled",Helix Native,Mesa/Boogie Standard Powerhouse 6x10,,6x10 CAB,,,,,,,,,,,,,,
Metal Bass,Positive Grid,Amp & Cab,Amp & Cab,"Guitar, Modeled","Guitar, Modeled",BIAS Amp 2,Mesa/Boogie Subway D-800+,Legacy Series - BASS,2x10 Bass Super Duo ,,,,,,,,,,,,,,
2x12 TransAtlantic TA-30,IK Multimedia,Amp & Cab,Amp & Cab,"Guitar, Modeled","Guitar, Modeled",Amplitube,Mesa/Boogie Transatlantic TA-30,Mesa/Boogie Collection,2x12 CAB (Combo),,,,,,,,,,,,,,
TransAtlantic TA-30,IK Multimedia,Amp & Cab,Amp & Cab,"Guitar, Modeled","Guitar, Modeled",Amplitube,Mesa/Boogie TransAtlantic TA-30,Mesa/Boogie Collection,(crunch),,,,,,,,,,,,,,
Triple Crown,IK Multimedia,Amp & Cab,Amp & Cab,"Guitar, Modeled","Guitar, Modeled",Amplitube,Mesa/Boogie Triple Crown TC-100,Mesa/Boogie Collection,(high-gain),Mesa/Boogie Triple Crown TC-100 ALT (Tone),,,,,,,,,,,,,
High-Gain Chug,IK Multimedia,Amp & Cab,Amp & Cab,"Guitar, Modeled","Guitar, Modeled",TONEX,Mesa/Boogie Triple Crown TC-100,"Premium Tone Model
High-Gain Chug",Mesa/Boogie 2x12 Horizontal Rectifier Cabinet,Mesa/Boogie Triple Crown TC-100 TOP,,,,,,,,,,,,,
TONEX Amp Black (Amplitube) ,IK Multimedia,Amp & Cab,Amp & Cab,"Guitar, Modeled","Guitar, Modeled",TONEX,Mesa/Boogie Triple Crown TC-100,"Premium Tone Model
TONEX Amp Black",Mesa/Boogie 2x12 Horizontal Rectifier Cabinet,Mesa/Boogie Triple Crown TC-100 TOP,,,,,,,,,,,,,
Metal Clean T,IK Multimedia,Amp & Cab,Amp & Cab,"Guitar, Modeled","Guitar, Modeled",Amplitube,Mesa/Boogie Triple Rectifier,Amplitube Metal,(clean) (Green Channel),Mesa/Boogie Triple Rectifier ALT (Tone),,,,,,,,,,,,,
Metal Lead T,IK Multimedia,Amp & Cab,Amp & Cab,"Guitar, Modeled","Guitar, Modeled",Amplitube,Mesa/Boogie Triple Rectifier,Amplitube Metal,(high-gain) (Red channel),Mesa/Boogie Triple Rectifier ALT (Tone),,,,,,,,,,,,,
Triple Rectifier,IK Multimedia,Amp & Cab,Amp & Cab,"Guitar, Modeled","Guitar, Modeled",Amplitube,Mesa/Boogie Triple Rectifier,Mesa/Boogie Collection,(high-gain),Mesa/Boogie Triple Rectifier ALT (Tone),,,,,,,,,,,,,
Gus G. Tone Asylum,IK Multimedia,Amp & Cab,Amp & Cab,"Guitar, Modeled","Guitar, Modeled",TONEX,Mesa/Boogie Triple Rectifier,Premium Tone Model (Gus G.),Blackstar Series One 412,Mesa/Boogie Triple Rectifier TOP,,,,,,,,,,,,,
"Mesa/Boogie Reference
M/B Triple Rectifier (Amplitube)",IK Multimedia,Amp & Cab,Amp & Cab,"Guitar, Modeled","Guitar, Modeled",TONEX,Mesa/Boogie Triple Rectifier,"Premium Tone Model (Mesa/Boogie)
M/B Triple Rectifier",Mesa/Boogie 4x12 Rectifier Standard Slant Cabinet,Mesa/Boogie Triple Rectifier TOP,,,,,,,,,,,,,
Metal Face (Amplitube),IK Multimedia,Amp & Cab,Amp & Cab,"Guitar, Modeled","Guitar, Modeled",TONEX,Mesa/Boogie Triple Rectifier,"Premium Tone Model
Metal Face",Mesa/Boogie 2x12 Horizontal Rectifier Cabinet,Mesa/Boogie Triple Rectifier TOP,,,,,,,,,,,,,
"Rectify
Metal Face (Amplitube)",IK Multimedia,Amp & Cab,Amp & Cab,"Guitar, Modeled","Guitar, Modeled",TONEX,Mesa/Boogie Triple Rectifier,"Premium Tone Model
Metal Face
Rectify",Orange PPC412HP8,Mesa/Boogie Triple Rectifier TOP,,,,,,,,,,,,,
Triple Rectifier,Positive Grid,Amp & Cab,Amp & Cab,"Guitar, Modeled","Guitar, Modeled",BIAS Amp 2,Mesa/Boogie Triple Rectifier,,(Channel 3) (Metal) 4x12 Green 25s ,"Mesa/Boogie Triple Rectifier ALT (Tone)
Deprecated by BIAS X",,,,,,,,,,,,,
"92 Treadplate V2
Triple Treadplate
Triple Treadplate v2",Positive Grid,Amp & Cab,Amp & Cab,"Guitar, Modeled","Guitar, Modeled","BIAS Amp 2, BIAS FX 2",Mesa/Boogie Triple Rectifier,Legacy Series - HIGH GAIN,(Metal) 4x12 Treadplate,"Mesa/Boogie Triple Rectifier ALT (Tone)
Deprecated by BIAS X",,,,,,,,,,,,,
Classic Insane,Positive Grid,Amp & Cab,Amp & Cab,"Guitar, Modeled","Guitar, Modeled",BIAS FX 2,Mesa/Boogie Triple Rectifier,Legacy Series - HIGH GAIN,4x12,"Mesa/Boogie Triple Rectifier ALT (Tone)
Deprecated by BIAS X",,,,,,,,,,,,,
Treadplate,Positive Grid,Amp & Cab,Amp & Cab,"Guitar, Modeled","Guitar, Modeled",BIAS FX 2,Mesa/Boogie Triple Rectifier,Remaster Series - HIGH GAIN,4x12,"Mesa/Boogie Triple Rectifier ALT (Tone)
Deprecated by BIAS X",,,,,,,,,,,,,
Treadplate,Positive Grid,Amp & Cab,Amp & Cab,"Guitar, Modeled","Guitar, Modeled",BIAS X,Mesa/Boogie Triple Rectifier,American Series - High-Gain/Distortion,,Mesa/Boogie Triple Rectifier ALT (Tone),,,,,,,,,,,,,
Bearded (Amplitube),IK Multimedia,Amp & Cab,Amp & Cab,"Guitar, Modeled","Guitar, Modeled",TONEX,Mezzabarba M Zero Overdrive,"Premium Tone Model
Bearded","Fender EVH 5150 III 4x12
Johnson J412V
Marshall 1960AX 4x12 4x12",Mezzabarba M Zero Overdrive TOP,,,,,,,,,,,,,
"Hard & Heavy
Bearded (Amplitube)",IK Multimedia,Amp & Cab,Amp & Cab,"Guitar, Modeled","Guitar, Modeled",TONEX,Mezzabarba M Zero Overdrive,"Premium Tone Model
Bearded
Hard and Heavy",M-Tech Audio Cab 212,Mezzabarba M Zero Overdrive TOP,,,,,,,,,,,,,
"High-gain Heroes
Bearded (Amplitube)",IK Multimedia,Amp & Cab,Amp & Cab,"Guitar, Modeled","Guitar, Modeled",TONEX,Mezzabarba M Zero Overdrive,"Premium Tone Model
Bearded
High-Gain Heroes",M-Tech Audio Cab 212,Mezzabarba M Zero Overdrive TOP,,,,,,,,,,,,,
Bearded (Amplitube),IK Multimedia,Amp & Cab,Amp & Cab,"Guitar, Modeled","Guitar, Modeled",TONEX,Mezzabarba Trinity 100W,"Premium Tone Model
Bearded",Marshall 1960AV 4x12,Mezzabarba Trinity 100W TOP,,,,,,,,,,,,,
"Hard & Heavy
Bearded (Amplitube)",IK Multimedia,Amp & Cab,Amp & Cab,"Guitar, Modeled","Guitar, Modeled",TONEX,Mezzabarba Trinity 100W,"Premium Tone Model
Bearded
Hard and Heavy",Bogner Uberkab 4x12,Mezzabarba Trinity 100W TOP,,,,,,,,,,,,,
"High-gain Heroes
Bearded (Amplitube)",IK Multimedia,Amp & Cab,Amp & Cab,"Guitar, Modeled","Guitar, Modeled",TONEX,Mezzabarba Trinity 100W,"Premium Tone Model
Bearded
High-Gain Heroes","Bogner Uberkab 4x12
Mesa/Boogie 4x12 Rectifier Standard Straight Cabinet",Mezzabarba Trinity 100W TOP,,,,,,,,,,,,,
LD-563,Universal Audio,Microphone,Microphone,Modeled,Modeled,Sphere,MicroTech Gefell CMV 563,,,,,,,,,,,,,,,,
Gefell UMT 800,Antares,Microphone,Microphone,Modeled,Modeled,Mic Mod,MicroTech Gefell UMT800,,,,,,,,,,,,,,,,
Hyde Street Amp Locker,IK Multimedia,Amp & Cab,Amp & Cab,"Guitar, Modeled","Guitar, Modeled",TONEX,Milkman Super Creamer,Premium Tone Model (Hyde Street),2x10,,,,,,,,,,,,,,
Millenia NSEQ-2,Universal Audio,EQ,EQ,Modeled,Modeled,,Millenia NSEQ-2,Brainworx (Modeled by) ,,,,Plugin,UAD-2,1.0.3,,,,,,,,,
Filter-M,IK Multimedia,Modulation,Modulation,"Guitar, Modeled, Stomp","Guitar, Modeled, Stomp","Amplitube, MixBox",Moog MF-101 Moogerfooger,Amplitube Collection,,"Moog MF-101 TOP
Embedded in Amplitube and MixBox",,,,,,,,,,,,,
LFO Filter,IK Multimedia,Modulation,Modulation,"Guitar, Modeled, Stomp","Guitar, Modeled, Stomp","Amplitube, MixBox",Moog MF-101 Moogerfooger,Amplitube Collection,,"Moog MF-101 TOP
Embedded in Amplitube and MixBox",,,,,,,,,,,,,
Moog Multimode Filter SE,Universal Audio,"EQ, Modulation, Harmonic Coloration","EQ, Harmonic Coloration, Modulation","Modeled, LOW DSP","LOW DSP, Modeled",,Moog MF-101 Moogerfooger,,,Moog MF-101 ALT (Low DSP),"blow out"" drums/percussion, add subtle edge + depth to synth/guitar. Low DSP",Plugin,UAD-2,11.8.1,,,,,,,,,
Moog Multimode Filter,Universal Audio,"EQ, Modulation, Harmonic Coloration","EQ, Harmonic Coloration, Modulation",Modeled,Modeled,,"Moog MF-101 Moogerfooger
Moog Minimoog Model D",,,Moog MF-101 TOP,"blow out"" drums/percussion, add subtle edge + depth to synth/guitar. Legacy",Plugin,UAD-2,11.8.1,,,,,,,,,
Ring Mod,Positive Grid,Modulation,Modulation,"Guitar, Modeled, Stomp","Guitar, Modeled, Stomp",BIAS FX 2,Moog MF-102 Moogerfooger,,(Pedal),Deprecated by BIAS X,,,,,,,,,,,,,
Ringson,Positive Grid,Modulation,Modulation,"Guitar, Modeled, Stomp","Guitar, Modeled, Stomp",BIAS X,Moog MF-102 Moogerfooger,,(Pedal - Ring Modulation),,,,,,,,,,,,,,
Analog Phaser,Positive Grid,Modulation,Modulation,"Guitar, Modeled, Stomp, Deprecated","Deprecated, Guitar, Modeled, Stomp",BIAS FX 2,Moog MF-103 Moogerfooger,,(Pedal),Deprecated by BIAS X,,,,,,,,,,,,,
WaveFlux,Positive Grid,Modulation,Modulation,"Guitar, Modeled, Stomp","Guitar, Modeled, Stomp",BIAS X,Moog MF-103 Moogerfooger,,(Pedal - 12 Stage Phaser),,,,,,,,,,,,,,
Asheville Pattern,Line 6,Modulation,Modulation,"Guitar, Modeled, Stomp","Guitar, Modeled, Stomp",Helix Native,Moog MF-105M Moogerfooger MuRF,,,,,,,,,,,,,,,,
Filter Fusion,IK Multimedia,Modulation,Modulation,Modeled,Modeled,,Moog The Ladder,T-Racks,5 unique filter types (5 different modes) based on Moog's transistor ladder. Saturation controls,Moog the Ladder ALT (Tone),,Plugin,"AU, VST3",6.3.0,,,,,,,,,
Moog Multimode Filter XL,Universal Audio,"EQ, Modulation, Harmonic Coloration","EQ, Harmonic Coloration, Modulation",Modeled,Modeled,,"Moog The Ladder 
Moog Sonic Six
Moog Sub 37",,,Moog The Ladder TOP,"Supercedes Moog Multimode Filter
blow out"" drums/percussion, add subtle edge + depth to synth/guitar. Legacy",Plugin,UAD-2,11.8.1,,,,,,,,,
Morgan Amps Suite,Neural DSP,Amp & Cab,Amp & Cab,"Guitar, Modeled","Guitar, Modeled",,"Morgan AC20 Head
Morgan PR12
Morgan SW50R",,"Models of 3 Morgan Heads; Pre-FX (Compressor, 2 x Overdrive, Tremolo) Cab (Mics, Room Reverb) 9-Band EQ, HPF/LPF Cut, Post FX (Delay, Reverb), Input Gate, Doubler",,,"Plugin, Standalone","AU, VST3",1.1.0,,,,,,,,,
Contour Wah,IK Multimedia,Modulation,Modulation,"Guitar, Modeled, Stomp","Guitar, Modeled, Stomp",Amplitube,Morley Bad Horsie 2,Morley Collection,(Morley Collection),,,,,,,,,,,,,,
Oil Can Delay,IK Multimedia,Delay,Delay,"Guitar, Modeled, Stomp","Guitar, Modeled, Stomp",Amplitube,Morley EVO-1,Morley Collection,(Morley Collection),,,,,,,,,,,,,,
Power Wah Fuzz,IK Multimedia,"Harmonic Coloration, Modulation","Harmonic Coloration, Modulation","Guitar, Modeled, Stomp","Guitar, Modeled, Stomp",Amplitube,Morley Power Wah Fuzz,Morley Collection,(Morley Collection),,,,,,,,,,,,,,
RightFuzz,IK Multimedia,Harmonic Coloration,Harmonic Coloration,"Guitar, Modeled, Stomp","Guitar, Modeled, Stomp",Amplitube,Mosrite Fuzzrite,Electric Gypsy Collection,,Mosrite Fuzzrite ALT (Tone),,,,,,,,,,,,,
Silver Fuzz,IK Multimedia,Harmonic Coloration,Harmonic Coloration,"Guitar, Modeled, Stomp","Guitar, Modeled, Stomp",TONEX,Mosrite Fuzzrite,Silver Fuzz,,Mosrite Fuzzrite TOP,,,,,,,,,,,,,
Dual Phaser,Line 6,Modulation,Modulation,"Guitar, Modeled, Stomp","Guitar, Modeled, Stomp",Helix Native,Musitronics Mu-Tron Bi-Phase,Legacy,,,,,,,,,,,,,,,
Nu-Tron III,IK Multimedia,Modulation,Modulation,"Guitar, Modeled, Stomp","Guitar, Modeled, Stomp",Amplitube,Musitronics Mu-Tron III,Amplitube Collection,,Musitronics Mu-Tron III ALT (Tone),,,,,,,,,,,,,
Mutant Filter,Line 6,Modulation,Modulation,"Guitar, Modeled, Stomp","Guitar, Modeled, Stomp",Helix Native,Musitronics Mu-Tron III,,,Musitronics Mu-Tron III TOP,,,,,,,,,,,,,
"Tron Down
Tron Up",Line 6,Modulation,Modulation,"Guitar, Modeled, Stomp","Guitar, Modeled, Stomp",Helix Native,Musitronics Mu-Tron III,Legacy,down and up positions in separate plugins,Musitronics Mu-Tron III ALT (Tone),,,,,,,,,,,,,
V Tron,Line 6,Modulation,Modulation,"Guitar, Stomp, Modeled","Guitar, Modeled, Stomp",Helix Native,Musitronics Mu-Tron III,Legacy,,Musitronics Mu-Tron III ALT (Tone),,,,,,,,,,,,,
Mutron,Positive Grid,Modulation,Modulation,"Guitar, Modeled, Stomp","Guitar, Modeled, Stomp",BIAS FX 2,Musitronics Mu-Tron III,,(Pedal),"Musitronics Mu-Tron III ALT (Tone)
Deprecated by BIAS X",,,,,,,,,,,,,
Nebula Wave,Positive Grid,Modulation,Modulation,"Guitar, Modeled, Stomp","Guitar, Modeled, Stomp",BIAS X,Musitronics Mu-Tron III,,(Pedal - 70' Envelope Filter),Musitronics Mu-Tron III ALT (Tone),,,,,,,,,,,,,
Dual Phaser,Positive Grid,Modulation,Modulation,"Guitar, Modeled, Stomp","Guitar, Modeled, Stomp",BIAS FX 2,Musitronics Mu-Tron Phasor II,,(Pedal),,,,,,,,,,,,,,
MXL 2001P,Antares,Microphone,Microphone,Modeled,Modeled,Mic Mod,MXL 2001,,,,,,,,,,,,,,,,
MXL 2003,Antares,Microphone,Microphone,Modeled,Modeled,Mic Mod,MXL 2003A,,,,,,,,,,,,,,,,
OctoBlue,IK Multimedia,Harmonic Coloration,Harmonic Coloration,"Guitar, Modeled, Stomp","Guitar, Modeled, Stomp",Amplitube,MXR Blue Box Octave Fuzz,L.A. Rocker Collection,,MXR Blue Box Octave Fuzz TOP,,,,,,,,,,,,,
X-DRIVE (OctoFuzz Setting),IK Multimedia,Harmonic Coloration,Harmonic Coloration,"Guitar, Modeled, Stomp","Guitar, Modeled, Stomp",Amplitube,MXR Blue Box Octave Fuzz,X-Gear (X-DRIVE),,MXR Blue Box Octave Fuzz TOP,,,,,,,,,,,,,
XR Gold,IK Multimedia,Harmonic Coloration,Harmonic Coloration,"Guitar, Modeled, Stomp","Guitar, Modeled, Stomp",TONEX,MXR Custom Badass Modified O.D.,,,,,,,,,,,,,,,,
VariDiode+,IK Multimedia,Harmonic Coloration,Harmonic Coloration,"Guitar, Modeled, Stomp","Guitar, Modeled, Stomp",Amplitube,MXR Distortion+,Amplitube Collection,,MXR Distortion+  ALT (Tone),,,,,,,,,,,,,
X-DRIVE (Diode Setting),IK Multimedia,Harmonic Coloration,Harmonic Coloration,"Guitar, Modeled, Stomp","Guitar, Modeled, Stomp",Amplitube,MXR Distortion+,X-Gear (X-DRIVE),,MXR Distortion+  ALT (Tone),,,,,,,,,,,,,
XR Yellow,IK Multimedia,Harmonic Coloration,Harmonic Coloration,"Guitar, Modeled, Stomp","Guitar, Modeled, Stomp",TONEX,MXR Distortion+,,,MXR Distortion+ TOP,,,,,,,,,,,,,
Distortion Plus,Positive Grid,Harmonic Coloration,Harmonic Coloration,"Guitar, Modeled, Stomp, Deprecated","Deprecated, Guitar, Modeled, Stomp",BIAS FX 2,MXR Distortion+,,(Pedal),Deprecated by BIAS X,,,,,,,,,,,,,
Drone,Positive Grid,Harmonic Coloration,Harmonic Coloration,"Guitar, Modeled, Stomp","Guitar, Modeled, Stomp",BIAS X,MXR Distortion+,,(Pedal - Classic Distortion),MXR Distortion+  ALT (Tone),,,,,,,,,,,,,
Dcomp,IK Multimedia,Dynamics,Dynamics,"Guitar, Modeled, Stomp","Guitar, Modeled, Stomp",Amplitube,MXR Dyna Comp,Amplitube Collection,,MXR Dyna Comp ALT (Tone),,,,,,,,,,,,,
SVX Compressor,IK Multimedia,Dynamics,Dynamics,"Bass, Modeled, Stomp","Bass, Modeled, Stomp",Amplitube,MXR Dyna Comp,Amplitube SVX,,MXR Dyna Comp ALT (Tone),,,,,,,,,,,,,
Compressor,IK Multimedia,Dynamics,Dynamics,"Guitar, Modeled, Stomp","Guitar, Modeled, Stomp","Amplitube, MixBox",MXR Dyna Comp,Amplitube Collection,,MXR Dyna Comp ALT (Tone),,,,,,,,,,,,,
Red Comp,Line 6,Dynamics,Dynamics,"Guitar, Modeled, Stomp","Guitar, Modeled, Stomp",Helix Native,MXR Dyna Comp,Legacy,,MXR Dyna Comp DNU,,,,,,,,,,,,,
Red Squeeze,Line 6,Dynamics,Dynamics,"Modeled, Stomp","Modeled, Stomp",Helix Native,MXR Dyna Comp,,,MXR Dyna Comp TOP,,,,,,,,,,,,,
Red Comp,Positive Grid,Dynamics,Dynamics,"Guitar, Modeled, Stomp, Deprecated","Deprecated, Guitar, Modeled, Stomp",BIAS FX 2,MXR Dyna Comp,,(Pedal),Deprecated by BIAS X,,,,,,,,,,,,,
Ruby,Positive Grid,Dynamics,Dynamics,"Guitar, Modeled, Stomp","Guitar, Modeled, Stomp",BIAS X,MXR Dyna Comp,,(Pedal - 70' Compressor) ,MXR Dyna Comp ALT (Tone),,,,,,,,,,,,,
Red Comp,Universal Audio,Dynamics,Dynamics,"Guitar, Modeled, Stomp","Guitar, Modeled, Stomp",Paradise Guitar Studio,MXR Dyna Comp,,,MXR Dyna Comp TOP,"The signal is somewhat clipped when pushed, with plenty of over-the-top squish. Not the most subtle compressor, so blend it with the custom Mix knob. For classic picking, set the sensitivity high (2 to 4 o'clock), and adjust Output to match unity level. Great for fast picking runs with an edgy bite when you dig in. 
For a more subtle always-on compressor, set Sensitivity between 9 and 10 o'clock, and Output to taste. Blend in initial pick attack with the Mix knob. ",,,,,,,,,,,,
Metal Flanger,IK Multimedia,Modulation,Modulation,"Guitar, Modeled, Stomp","Guitar, Modeled, Stomp",Amplitube,MXR Flanger,Amplitube Metal,,MXR Flanger ALT (Tone),,,,,,,,,,,,,
Flanger,IK Multimedia,Modulation,Modulation,"Guitar, Modeled, Stomp","Guitar, Modeled, Stomp","Amplitube, MixBox",MXR Flanger,Amplitube Collection,,MXR Flanger ALT (Tone),,,,,,,,,,,,,
AC Flanger,Line 6,Modulation,Modulation,"Guitar, Modeled, Stomp","Guitar, Modeled, Stomp",Helix Native,MXR Flanger,Legacy,,MXR Flanger ALT (Tone),,,,,,,,,,,,,
Analog Flanger,Line 6,Modulation,Modulation,"Guitar, Modeled, Stomp","Guitar, Modeled, Stomp",Helix Native,MXR Flanger,Legacy,,MXR Flanger ALT (Tone),,,,,,,,,,,,,
Gray Flanger,Line 6,Modulation,Modulation,"Guitar, Modeled, Stomp","Guitar, Modeled, Stomp",Helix Native,MXR Flanger,,,MXR Flanger TOP,,,,,,,,,,,,,
Stripe Flanger,Positive Grid,Modulation,Modulation,"Guitar, Modeled, Stomp, Deprecated","Deprecated, Guitar, Modeled, Stomp",BIAS FX 2,MXR Flanger,,(Pedal) M117R reissue model,Deprecated by BIAS X,,,,,,,,,,,,,
Aeon Flux,Positive Grid,Modulation,Modulation,"Guitar, Modeled, Stomp","Guitar, Modeled, Stomp",BIAS X,MXR Flanger,,(Pedal - 70' Flanger) M117R reissue model,MXR Flanger ALT (Tone),,,,,,,,,,,,,
Boost Comp,Line 6,Dynamics,Dynamics,"Guitar, Modeled, Stomp","Guitar, Modeled, Stomp",Helix Native,MXR Micro Amp,Legacy,,,,,,,,,,,,,,,
Power Booster,Positive Grid,"Dynamics, EQ","Dynamics, EQ","Guitar, Modeled, Stomp","Guitar, Modeled, Stomp",BIAS FX 2,MXR Micro Amp+,,(Pedal),,,,,,,,,,,,,,
Flanger Doubler,IK Multimedia,Modulation,Modulation,Modeled,Modeled,Amplitube,MXR Model 126 Flanger/Doubler,Dimebag Darrell - CFH,,MXR Model 126 Flanger/Doubler ALT (Tone),,,,,,,,,,,,,
Blue Flanger,Universal Audio,Modulation,Modulation,"Guitar, Modeled, Stomp","Guitar, Modeled, Stomp",Paradise Guitar Studio,MXR Model 126 Flanger/Doubler,,Stompified version of outboard gear,MXR Model 126 Flanger/Doubler TOP,"Jet-style flanging, broad phasey sweeps, or more subtle doubler effects, all in one pedal. For ""frozen"" phasey flanger sounds, set Width to 0. 
For unique manual flanging, automate the Manual control, with Width set to 0.",,,,,,,,,,,,
MXR Flanger-Doubler,Universal Audio,Modulation,Modulation,Modeled,Modeled,,MXR Model 126 Flanger/Doubler,,,MXR Model 126 Flanger/Doubler TOP,,Plugin,UAD-2,11.8.1,,,,,,,,,
Phazer 10,IK Multimedia,Modulation,Modulation,"Guitar, Modeled, Stomp","Guitar, Modeled, Stomp",Amplitube,MXR Phase 100,Amplitube Collection,,,,,,,,,,,,,,,
Phaze Nine,IK Multimedia,Modulation,Modulation,"Guitar, Modeled, Stomp","Guitar, Modeled, Stomp",Amplitube,MXR Phase 90,Amplitube Metal,,MXR Phase 90 ALT (Tone),,,,,,,,,,,,,
Phaser,Line 6,Modulation,Modulation,"Guitar, Modeled, Stomp","Guitar, Modeled, Stomp",Helix Native,MXR Phase 90,Legacy,,MXR Phase 90 ALT (Tone),,,,,,,,,,,,,
Orange Phaser,Universal Audio,Modulation,Modulation,"Guitar, Modeled, Stomp","Guitar, Modeled, Stomp",Paradise Guitar Studio,"MXR Phase 90 
MXR Phase 90 (Script)",,,"MXR Phase 90 TOP
MXR Phase 90 (Script) AL (Tone)","The original orange, single-knob phaser for bubbling, swirling modulation. Switch between vintage ""script"" and modern ""block"" models. For classic, vintage phasing, use the Vintage (""Script"") phaser. The effect is less aggressive and mellower. 
For more pronounced, pulsing phasing, the Modern (""Block"") phaser feeds some signal back into the phaser output, for more midrange and a more aggressive sweep.",,,,,,,,,,,,
Script Mod Phase,Line 6,Modulation,Modulation,"Guitar, Modeled, Stomp","Guitar, Modeled, Stomp",Helix Native,MXR Phase 90 (Script),,,MXR Phase 90 (Script) TOP,,,,,,,,,,,,,
Script Phase,Line 6,Modulation,Modulation,"Guitar, Modeled, Stomp","Guitar, Modeled, Stomp",Helix Native,MXR Phase 90 (Script),Legacy,,MXR Phase 90 (Script) AL (Tone),,,,,,,,,,,,,
Orange Phaser,Positive Grid,Modulation,Modulation,"Guitar, Modeled, Stomp","Guitar, Modeled, Stomp",BIAS FX 2,MXR Phase 90 (Script),,(Pedal),Deprecated by BIAS X,,,,,,,,,,,,,
Orange 90,Positive Grid,Modulation,Modulation,"Guitar, Modeled, Stomp","Guitar, Modeled, Stomp",BIAS X,MXR Phase 90 (Script),,(Pedal - Classic Phaser) ,MXR Phase 90 (Script) AL (Tone),,,,,,,,,,,,,
6 Band EQ,IK Multimedia,EQ,EQ,"Guitar, Modeled, Stomp","Guitar, Modeled, Stomp",Amplitube,MXR Six Band EQ,Dimebag Darrell - CFH,,MXR Six Band EQ ALT (Tone),,,,,,,,,,,,,
EQ6,Positive Grid,EQ,EQ,"Guitar, Modeled, Stomp","Guitar, Modeled, Stomp",BIAS FX 2,MXR Six Band EQ,,(Pedal),Deprecated by BIAS X,,,,,,,,,,,,,
FreqLab 6,Positive Grid,EQ,EQ,"Guitar, Modeled, Stomp","Guitar, Modeled, Stomp",BIAS X,MXR Six Band EQ,,(Pedal - 6 Band EQ) ,MXR Six Band EQ TOP,,,,,,,,,,,,,
Gate,IK Multimedia,Dynamics,Dynamics,"Guitar, Modeled, Stomp","Guitar, Modeled, Stomp",Amplitube,MXR Smart Gate,L.A. Rocker Collection,,MXR Smart Gate TOP,,,,,,,,,,,,,
Noise Filter,Positive Grid,Dynamics,Dynamics,"Guitar, Modeled, Stomp","Guitar, Modeled, Stomp",BIAS FX 2,MXR Smart Gate,,(Pedal),MXR Smart Gate ALT (Tone),,,,,,,,,,,,,
X-Chorus,IK Multimedia,Modulation,Modulation,"Guitar, Modeled, Stomp","Guitar, Modeled, Stomp",Amplitube,MXR Stereo Chorus,L.A. Rocker Collection,,MXR Stereo Chorus ALT (Tone),,,,,,,,,,,,,
Chorus,Positive Grid,Modulation,Modulation,"Guitar, Modeled, Stomp","Guitar, Modeled, Stomp",BIAS FX 2,MXR Stereo Chorus,,(Pedal),Deprecated by BIAS X,,,,,,,,,,,,,
Arcwave,Positive Grid,Modulation,Modulation,"Guitar, Modeled, Stomp","Guitar, Modeled, Stomp",BIAS X,MXR Stereo Chorus,,(Pedal - Stereo Chorus) ,MXR Stereo Chorus TOP,,,,,,,,,,,,,
10 Band Graphic,IK Multimedia,EQ,EQ,"Guitar, Modeled, Stomp","Guitar, Modeled, Stomp",Amplitube,MXR Ten Band EQ,Amplitube Collection,,MXR Ten Band EQ ALT (Tone),,,,,,,,,,,,,
10 Band Graphic,Line 6,EQ,EQ,"Guitar, Modeled, Stomp","Guitar, Modeled, Stomp",Helix Native,MXR Ten Band EQ,,,MXR Ten Band EQ TOP,,,,,,,,,,,,,
10-Band Graphic EQ,Universal Audio,EQ,EQ,"Guitar, Modeled, Stomp","Guitar, Modeled, Stomp",Paradise Guitar Studio,MXR Ten Band EQ,,,MXR Ten Band EQ ALT (Tone),"Precise control of 10 EQ bands for your sound. Use for tone shaping or emphasizing certain frequencies to drive an amp harder.Use to shape your sound before or after a distortion pedal. For example, you can boost low frequencies after the Raw Distortion pedal (which reduces bass at low gain settings), or cut some mid frequencies from the Gold Overdrive (which can be mid-heavy).
Create your own treble booster in a Pre FX slot before Ruby's Normal channel: Boost all of the bands between 1k and 16k on the EQ, then add gain with the OUT knob.  ",,,,,,,,,,,,
Bottle 563,IK Multimedia,Microphone,Microphone,Modeled,Modeled,"Amplitube, MicRoom",Neumann CMV 563,,,,,,,,,,,,,,,,
KM 184,Antares,Microphone,Microphone,Modeled,Modeled,Mic Mod,Neumann KM184,,,,,,,,,,,,,,,,
SD-K54,Universal Audio,Microphone,Microphone,Modeled,Modeled,Hemisphere,Neumann KM54,,,Neumann KM54 TOP,,,,,,,,,,,,,
OW-K54,Universal Audio,Microphone,Microphone,Modeled,Modeled,Ocean Way,Neumann KM54,,,Neumann KM54 ALT (Tone),,,,,,,,,,,,,
KM54,Universal Audio,Microphone,Microphone,Modeled,Modeled,Ocean Way Studios,Neumann KM54,,,Embedded in Ocean Way Studios,,,,,,,,,,,,,
SD-56,Universal Audio,Microphone,Microphone,Modeled,Modeled,Hemisphere,Neumann KM56,,,,,,,,,,,,,,,,
KM 84,Antares,Microphone,Microphone,Modeled,Modeled,Mic Mod,Neumann KM84,,,Neumann KM84 ALT (Tone),,,,,,,,,,,,,
Condenser 84,IK Multimedia,Microphone,Microphone,Modeled,Modeled,Amplitube,Neumann KM84,,,Embedded in Amplitube,,,,,,,,,,,,,
84 Cond,Line 6,Microphone,Microphone,Modeled,Modeled,Helix Native,Neumann KM84,Legacy,,Embedded in Helix Native,,,,,,,,,,,,,
SD-84,Universal Audio,Microphone,Microphone,Modeled,Modeled,Hemisphere,Neumann KM84,,,Neumann KM84 TOP,,,,,,,,,,,,,
KM 84,Universal Audio,Microphone,Microphone,Modeled,Modeled,Sound City Studios,Neumann KM84,,,Embedded in Sound City Studios,,,,,,,,,,,,,
Neumann KM86,Universal Audio,Microphone,Microphone,Modeled,Modeled,Hitsville Studios,Neumann KM86,,Sole Motown Mic for a period of time. ,Embedded in Hitsville Studios,"Chamber 1 (cardioid); 
Chamber 2 (figure 8 Blumlein setup when used w/ Altec 605; omni w/ Bose 901)",,,,,,,,,,,,
SD-86,Universal Audio,Microphone,Microphone,Modeled,Modeled,Hemisphere,Neumann KM86,,,,,,,,,,,,,,,,
M 149,Antares,Microphone,Microphone,Modeled,Modeled,Mic Mod,Neumann M149,,,,,,,,,,,,,,,,
OW-269,Universal Audio,Microphone,Microphone,Modeled,Modeled,Ocean Way,Neumann M269C,,,,,,,,,,,,,,,,
OW-49,Universal Audio,Microphone,Microphone,Modeled,Modeled,Ocean Way,Neumann M49b,,,Neumann M49b ALT (Tone),,,,,,,,,,,,,
LD-49K,Universal Audio,Microphone,Microphone,Modeled,Modeled,Sphere,Neumann M49b,,,Neumann M49b TOP,,,,,,,,,,,,,
M50,Universal Audio,Microphone,Microphone,Modeled,Modeled,Ocean Way Studios,Neumann M50,,,,Allen Sides’ favorite microphone,,,,,,,,,,,,
OW-50,Universal Audio,Microphone,Microphone,Modeled,Modeled,Ocean Way,Neumann M50a,,"SN 294, aluminum diaphragm. ",,Common for movie scores and orchestra,,,,,,,,,,,,
TLM 103,Antares,Microphone,Microphone,Modeled,Modeled,Mic Mod,Neumann TLM103,,,Neumann TLM103 ALT (Tone),,,,,,,,,,,,,
LD-103,Universal Audio,Microphone,Microphone,Modeled,Modeled,"Hemisphere, Sphere",Neumann TLM103,,,Neumann TLM103 TOP,,,,,,,,,,,,,
Condenser 170,IK Multimedia,Microphone,Microphone,Modeled,Modeled,"Amplitube, MicRoom",Neumann TLM170,,Standalone Mic / Overhead Pair / Amplitube Room,,,,,,,,,,,,,,
TLM 193,Antares,Microphone,Microphone,Modeled,Modeled,Mic Mod,Neumann TLM193,,,,,,,,,,,,,,,,
U47,Antares,Microphone,Microphone,Modeled,Modeled,Mic Mod,Neumann U47,,,Neumann U47 ALT (Tone),,,,,,,,,,,,,
LD-47K,Universal Audio,Microphone,Microphone,Modeled,Modeled,"Hemisphere, Sphere",Neumann U47,,(1947) K47 Capsule / Telefunken V14 tube. ,Neumann U47 TOP,"[ vocals, acoustic guitar, bass amp ]",,,,,,,,,,,,
BP-47M,Universal Audio,Microphone,Microphone,Modeled,Modeled,Putnam,Neumann U47,Bill Putnam,,Neumann U47 TOP,M7 capsule. More airy than other U47s,,,,,,,,,,,,
Neumann U47,Universal Audio,Microphone,Microphone,Modeled,Modeled,Eden WT800,Neumann U47,,,Embedded in Eden WT800,,,,,,,,,,,,,
OW-47,Universal Audio,Microphone,Microphone,Modeled,Modeled,Ocean Way,Neumann U47,Allen Sides,SN 2679. One of Allen Sides favorites,Neumann U47 TOP,,,,,,,,,,,,,
U47,Universal Audio,Microphone,Microphone,Modeled,Modeled,Ocean Way Studios,Neumann U47,,,Embedded in Ocean Way Studios,,,,,,,,,,,,,
47 Cond FET,Line 6,Microphone,Microphone,"Guitar, Bass, Modeled","Bass, Guitar, Modeled",Helix Native,Neumann U47 FET,,,Embedded in Helix Native,,,,,,,,,,,,,
Condenser 67,IK Multimedia,Microphone,Microphone,Modeled,Modeled,"Amplitube, MicRoom",Neumann U67,,,"Neumann U67 ALT (Tone)
Embedded in AmpliTube",,,,,,,,,,,,,
67 Cond,Line 6,Microphone,Microphone,"Guitar, Bass, Modeled","Bass, Guitar, Modeled",Helix Native,Neumann U67,,,Embedded in Helix Native,,,,,,,,,,,,,
LD-67 NOS,Universal Audio,Microphone,Microphone,Modeled,Modeled,"Hemisphere, Sphere",Neumann U67,,(1960s) NOS EF86 Tube,Neumann U67 TOP,"warm w/o sounding dull. Shines on distorted guitar amps. More modern sounding [ Vocals, acoustic guitar, piano ]",,,,,,,,,,,,
Con-67,Universal Audio,Microphone,Microphone,Modeled,Modeled,Fender Tweed Deluxe,Neumann U67,Allen Sides,(1967) Original vintage model,Embedded in Fender Tweed Deluxe,,,,,,,,,,,,,
U67,Universal Audio,Microphone,Microphone,Modeled,Modeled,Ocean Way Studios,Neumann U67,,,Embedded in Ocean Way Studios,,,,,,,,,,,,,
BP-67,Universal Audio,Microphone,Microphone,Modeled,Modeled,Putnam,Neumann U67,Bill Putnam,(1960s),Neumann U67 TOP,,,,,,,,,,,,,
LD-67,Universal Audio,Microphone,Microphone,Modeled,Modeled,Sphere,Neumann U67,,,Neumann U67 TOP,,,,,,,,,,,,,
U87,Antares,Microphone,Microphone,Modeled,Modeled,Mic Mod,Neumann U87,,,Neumann U87 ALT (Tone),,,,,,,,,,,,,
U87 70th Anniversary Gold Edition,Antares,Microphone,Microphone,Modeled,Modeled,Mic Mod,Neumann U87,,70th Anniversary Gold Edition,Neumann U87 ALT (Tone),,,,,,,,,,,,,
Condenser 87,IK Multimedia,Microphone,Microphone,Modeled,Modeled,"Amplitube, MicRoom",Neumann U87,,Standalone Mic / Overhead Pair / Amplitube Room,"Neumann U87 ALT (Tone)
Embedded in AmpliTube",,,,,,,,,,,,,
87 Cond,Line 6,Microphone,Microphone,Modeled,Modeled,Helix Native,Neumann U87,Legacy,,Embedded in Helix Native,,,,,,,,,,,,,
LD-87 Vintage,Universal Audio,Microphone,Microphone,Modeled,Modeled,"Hemisphere, Sphere",Neumann U87,,(1970s) vintage w/ split backplate capsule,Neumann U87 TOP,"Different sound from modern U87s [ Vocals, acoustic guitar, guitar amp ]",,,,,,,,,,,,
LD-87 TK,Universal Audio,Microphone,Microphone,Modeled,Modeled,Sphere,Neumann U87,Tracy Korby,Tracy Korby's transformerless modified U87,Neumann U87 TOP,Extends low/high end frequency sound. Modern sounding w/ higher-sibilance. (Some consider this the best version),,,,,,,,,,,,
Cond 87,Waves,Microphone,Microphone,Modeled,Modeled,GTR Amp,Neumann U87,,,Embedded in GTR ,,,,,,,,,,,,,
LD-87 Modern,Universal Audio,Microphone,Microphone,Modeled,Modeled,Sphere,Neumann U87 Ai,,,,,,,,,,,,,,,,
U89i,Antares,Microphone,Microphone,Modeled,Modeled,Mic Mod,Neumann U89i,,,,,,,,,,,,,,,,
VEQ 3,Waves,EQ,EQ,Modeled,Modeled,,"Neve 1066
Neve 1073",,,Neve 1073 ALT (Tone),,Plugin,AU,16.7.33,,,,,,,,,
EQ-73,IK Multimedia,EQ,EQ,Modeled,Modeled,,Neve 1073,T-Racks,,Neve 1073 ALT (Tone),,Plugin,"AU, VST3",6.3.0,,,,,,,,,
Neve 1073 Legacy,Universal Audio,EQ,EQ,Modeled,Modeled,,Neve 1073,,EQ only,Neve 1073 ALT (Low DSP),LOW DSP,Plugin,UAD-2,11.8.1,,,,,,,,,
Neve 1073SE Legacy,Universal Audio,EQ,EQ,Modeled,Modeled,,Neve 1073,,EQ only,Neve 1073 ALT (Low DSP),LOWEST DSP,Plugin,UAD-2,11.8.1,,,,,,,,,
Neve 1073,Universal Audio,"EQ, Preamps","EQ, Preamps",Modeled,Modeled,,Neve 1073,,,Neve 1073 TOP ,Runs in ORIGINAL (nonlinear) or MODERN (linear) modes,Plugin,"UAD-2, UADx","11.8.1 (UAD-2) 
1.3.16 (UADx)",,,,,,,,,
EQ-81,IK Multimedia,EQ,EQ,Modeled,Modeled,"Amplitube, MixBox",Neve 1081,"Amplitube Collection
T-Racks",,"Neve 1081 ALT (Tone)
Standalone; Embedded in Amplitube and MixBox",,Plugin,"AU, VST3",6.3.0,,,,,,,,,
Neve 1081SE,Universal Audio,EQ,EQ,Modeled,Modeled,,Neve 1081,,,Neve 1081 ALT (Low DSP) ,LOW DSP,Plugin,UAD-2,11.8.1,,,,,,,,,
Neve 1081,Universal Audio,EQ,EQ,Modeled,Modeled,,Neve 1081,,,Neve 1081 TOP,,Plugin,UAD-2,11.8.1,,,,,,,,,
VEQ 4,Waves,EQ,,Modeled,Modeled,,Neve 1081,,,Neve 1081 ALT (Tone),,Plugin,AU,16.7.33,,,,,,,,,
Neve 1084,Universal Audio,EQ,EQ,Modeled,Modeled,,Neve 1084,,,,,Plugin,UAD-2,11.8.1,,,,,,,,,
Neve Preamp,Universal Audio,Preamps,Preamps,Modeled,Modeled,,Neve 1290,,,,,Plugin,UAD-2,11.8.1,,,,,,,,,
Precision Comp-Limiter,IK Multimedia,Dynamics,Dynamics,"Mastering, Modeled","Mastering, Modeled",,Neve 2254 Compressor/Limiter,T-Racks,,Neve 2254 ALT (Tone),,Plugin,"AU, VST3",6.3.0,,,,,,,,,
Neve 2254 E,Universal Audio,Dynamics,Dynamics,Modeled,Modeled,,Neve 2254 Compressor/Limiter,,,Neve 2254 TOP,superceded by 33609/C,Plugin,UAD-2,11.8.1,,,,,,,,,
Neve 2254 E Dual,Universal Audio,Dynamics,Dynamics,Modeled,Modeled,,Neve 2254 Compressor/Limiter,,dual channel,Neve 2254 TOP,superceded by 33609/C,Plugin,UAD-2,11.8.1,,,,,,,,,
VComp,Waves,Dynamics,Dynamics,"Mastering, Modeled","Mastering, Modeled",,Neve 2254 Compressor/Limiter,,,Neve 2254 TOP,,Plugin,AU,16.7.33,,,,,,,,,
Neve 31102SE,Universal Audio,EQ,EQ,Modeled,Modeled,,Neve 31102,,EQ Only,Neve 31102 ALT (Low DSP),LOW DSP,Plugin,UAD-2,11.8.1,,,,,,,,,
Neve 31102,Universal Audio,EQ,EQ,Modeled,Modeled,,Neve 31102,,EQ Only,Neve 31102 TOP,,Plugin,UAD-2,11.8.1,,,,,,,,,
Neve 33609SE,Universal Audio,Dynamics,Dynamics,Modeled,Modeled,,Neve 33609/C,,,Neve 33609/C ALT (Low DSP),LOW DSP,Plugin,UAD-2,11.8.1,,,,,,,,,
Neve 33609 C,Universal Audio,Dynamics,Dynamics,Modeled,Modeled,,Neve 33609/C,,,Neve 33609/C TOP,,Plugin,UAD-2,11.8.1,,,,,,,,,
Neve 88RS Legacy,Universal Audio,"Dynamics, EQ, Preamps","Dynamics, EQ, Preamps","Modeled, LOW DSP","LOW DSP, Modeled",,Neve 88RS,,,Neve 88RS ALT (Low DSP),LOW DSP,Plugin,UAD-2,11.8.1,,,,,,,,,
Neve 88RS,Universal Audio,"Dynamics, EQ, Preamps","Dynamics, EQ, Preamps",Modeled,Modeled,,Neve 88RS,,,Neve 88RS TOP,,Plugin,UAD-2,11.8.1,,,,,,,,,
Prize Drive,Line 6,Harmonic Coloration,Harmonic Coloration,"Guitar, Modeled, Stomp","Guitar, Modeled, Stomp",Helix Native,Nobels ODR-1(bc),,,Nobels ODR-1(bc) TOP,,,,,,,,,,,,,
Nashville Overdrive,Universal Audio,Harmonic Coloration,Harmonic Coloration,"Guitar, Modeled, Stomp","Guitar, Modeled, Stomp",Paradise Guitar Studio,Nobels ODR-1(bc),,,Nobels ODR-1(bc) ALT (Tone),"Prized for warm, transparent tube-like distortion, this Nashville favorite is often paired with Dream- and Showtime-style amps to enhance their natural compression and drive. The original Nashville OD can have more bass than you need, but we put it on a knob so you can dial it down. Bass has the stock sound when set to 10. The Spectrum control is unusual. Below noon, treble and bass are reduced, for a very mid-forward sound. At high settings, the sound gets scooped with extra bass and treble. Use high spectrum settings to brighten the Ruby normal channel, and lower settings to de-emphasize the scooped sound of Dream. 
For a fat boost effect, set Bass and Level to Max, set Drive to minimum, then adjust Spectrum to taste. ",,,,,,,,,,,,
Regal Bass DI,Line 6,Preamps,Preamps,"Bass, Modeled, Stomp","Bass, Modeled, Stomp",Helix Native,Noble Preamp / DI,,,,,,,,,,,,,,,,
Filter-O,IK Multimedia,Modulation,Modulation,"Guitar, Modeled, Stomp","Guitar, Modeled, Stomp","Amplitube, MixBox",Oberheim VCF-200,Amplitube Collection,,,models the sound of the iconic Oberheim state variable filter (Oberheim SEM),,,,,,,,,,,,
Obi Wah,Line 6,Modulation,Modulation,"Guitar, Modeled, Stomp","Guitar, Modeled, Stomp",Helix Native,Oberheim VCF-200,Legacy,,,,,,,,,,,,,,,
Ocean Way Studios,Universal Audio,Reverb & Room,Reverb & Room,Modeled,Modeled,,Ocean Way Studios Hollywood,,"(1961) Dynamic Room Modeling. 2 operating modes (Re-Mic, Reverb); 2-band EQ, High/Low cut filters",,"2 studios (Studio A; Studio B); 
OWR A (spacious, rich, clear low end, smooth decay); 
OWR B (Putnam's crowning achievement - mini concert hall ""bigger than life"" w/ separate isolation room)",Plugin,"UAD-2, UADx",11.8.2 (UAD-2) 1.0.1 (UADx),,,,,,,,,
MC-012,Antares,Microphone,Microphone,Modeled,Modeled,Mic Mod,Oktava MC012,,,,,,,,,,,,,,,,
MK-219,Antares,Microphone,Microphone,Modeled,Modeled,Mic Mod,Oktava MK219,,,,,,,,,,,,,,,,
MK-319,Antares,Microphone,Microphone,Modeled,Modeled,Mic Mod,Oktava MK319,,,,,,,,,,,,,,,,
AD 200,IK Multimedia,Amp & Cab,Amp & Cab,"Bass, Modeled","Bass, Modeled",Amplitube,Orange AD200,Orange Collection,(Orange Collection),Orange AD200 ALT (Tone),,,,,,,,,,,,,
70s Vitamin (Amplitube),IK Multimedia,Amp & Cab,Amp & Cab,"Bass, Modeled","Bass, Modeled",TONEX,Orange AD200,"Premium Tone Model
70s Vitamin","Ampeg B15-N (1x15 Cab Only) 
Ampeg SVT810AV
Orange OBC115
Orange OBC810",Orange AD200 TOP,,,,,,,,,,,,,
Mandarin Bass 200,Line 6,Amp & Cab,Amp & Cab,"Bass, Modeled","Bass, Modeled",Helix Native,Orange AD200 MKIII,,,,,,,,,,,,,,,,
2x12 AD 30,IK Multimedia,Amp & Cab,Amp & Cab,"Guitar, Modeled","Guitar, Modeled",Amplitube,Orange AD30,Orange Collection,2x12 CAB,,,,,,,,,,,,,,
2x12 PPC OB,IK Multimedia,Amp & Cab,Amp & Cab,"Guitar, Modeled","Guitar, Modeled",Amplitube,Orange AD30,Orange Collection,2x12 CAB (Combo),,,,,,,,,,,,,,
AD 30,IK Multimedia,Amp & Cab,Amp & Cab,"Guitar, Modeled","Guitar, Modeled",Amplitube,Orange AD30,Orange Collection,(crunch),Orange AD30 ALT (Tone),,,,,,,,,,,,,
AD30 BS,Positive Grid,Amp & Cab,Amp & Cab,"Guitar, Modeled","Guitar, Modeled",BIAS Amp 2,Orange AD30,,(Channel 2) (Blues) 1x12 Tweed Lux ,"Orange AD30 ALT (Tone)
Deprecated by BIAS X",,,,,,,,,,,,,
AD30 GY,Positive Grid,Amp & Cab,Amp & Cab,"Guitar, Modeled","Guitar, Modeled",BIAS Amp 2,Orange AD30,,(Channel 1) (Glassy) 2x12 Black Duo ,"Orange AD30 ALT (Tone)
Deprecated by BIAS X",,,,,,,,,,,,,
AD30 HG,Positive Grid,Amp & Cab,Amp & Cab,"Guitar, Modeled","Guitar, Modeled",BIAS Amp 2,Orange AD30,,(Channel 2) (Hi Gain) 4x12 OR V-30s ,"Orange AD30 ALT (Tone)
Deprecated by BIAS X",,,,,,,,,,,,,
British AD 20,Positive Grid,Amp & Cab,Amp & Cab,"Guitar, Modeled","Guitar, Modeled",BIAS Amp 2,Orange AD30,,6x10 Bass Blue,"Orange AD30 ALT (Tone)
Deprecated by BIAS X",,,,,,,,,,,,,
British OR 30,Positive Grid,Amp & Cab,Amp & Cab,"Guitar, Modeled","Guitar, Modeled",BIAS Amp 2,Orange AD30,,(Crunch) 2x12 Orange ,"Orange AD30 ALT (Tone)
Deprecated by BIAS X",,,,,,,,,,,,,
"British OR30
British OR30 V2",Positive Grid,Amp & Cab,Amp & Cab,"Guitar, Modeled","Guitar, Modeled",BIAS Amp 2,Orange AD30,Legacy Series - CRUNCH,(Blues) 4x12 OR V-30s ,"Orange AD30 ALT (Tone)
Deprecated by BIAS X",,,,,,,,,,,,,
"AD Clean
AD30 CN",Positive Grid,Amp & Cab,Amp & Cab,"Guitar, Modeled","Guitar, Modeled","BIAS Amp 2, BIAS FX 2",Orange AD30,Legacy Series - LOW GAIN,(Channel 1) (Clean) 2x12 Jazz clean,"Orange AD30 ALT (Tone)
Deprecated by BIAS X",,,,,,,,,,,,,
Tangerine 30,Positive Grid,Amp & Cab,Amp & Cab,"Guitar, Modeled","Guitar, Modeled",BIAS X,Orange AD30,British Series - Mid-Gain/Crunch,4x12 Tangerine 30,Orange AD30 TOP,,,,,,,,,,,,,
"British Juice 2
70s Vitamin (Amplitube)",IK Multimedia,Amp & Cab,Amp & Cab,"Guitar, Modeled","Guitar, Modeled",TONEX,Orange Custom Shop 50,"Premium Tone Model
British Juice 2
70s Vitamin",Orange PPC412AD,,,,,,,,,,,,,,
Dual Terror,IK Multimedia,Amp & Cab,Amp & Cab,"Guitar, Modeled","Guitar, Modeled",Amplitube,Orange Dual Terror,Orange Collection,(crunch),Orange Dual Terror ALT (Tone),,,,,,,,,,,,,
Tiny Box (Amplitube),IK Multimedia,Amp & Cab,Amp & Cab,"Guitar, Modeled","Guitar, Modeled",TONEX,Orange Dual Terror,"Premium Tone Model
Tiny Box",Orange PPC112,Orange Dual Terror TOP,,,,,,,,,,,,,
1x15 OBC 115,IK Multimedia,Amp & Cab,Amp & Cab,"Bass, Modeled","Bass, Modeled",Amplitube,Orange OBC115,Orange Collection,1x15 CAB,,,,,,,,,,,,,,
4x10 OBC 410,IK Multimedia,Amp & Cab,Amp & Cab,Bass,Bass,Amplitube,Orange OBC410,Orange Collection,4x10 CAB,,,,,,,,,,,,,,
8x10 OBC810,IK Multimedia,Amp & Cab,Amp & Cab,"Bass, Modeled","Bass, Modeled",Amplitube,Orange OBC810,Orange Collection,8x10 CAB,,,,,,,,,,,,,,
OR-120,IK Multimedia,Amp & Cab,Amp & Cab,"Guitar, Modeled","Guitar, Modeled",Amplitube,Orange OR120,Orange Collection,(crunch),Orange OR120 ALT (Tone),,,,,,,,,,,,,
70s Vitamin (Amplitube),IK Multimedia,Amp & Cab,Amp & Cab,"Guitar, Modeled","Guitar, Modeled",TONEX,Orange OR120,"Premium Tone Model
70s Vitamin",Engl E412VSB,Orange OR120 TOP,,,,,,,,,,,,,
"British Juice 1
70s Vitamin (Amplitube)",IK Multimedia,Amp & Cab,Amp & Cab,"Guitar, Modeled","Guitar, Modeled",TONEX,Orange OR120,"Premium Tone Model
British Juice 1
70s Vitamin",Orange PPC412,Orange OR120 TOP,,,,,,,,,,,,,
OR 50,IK Multimedia,Amp & Cab,Amp & Cab,"Guitar, Modeled","Guitar, Modeled",Amplitube,Orange OR50,Orange Collection,(crunch),Orange OR50 ALT (Tone),,,,,,,,,,,,,
"British Juice 2
70s Vitamin (Amplitube)",IK Multimedia,Amp & Cab,Amp & Cab,"Guitar, Modeled","Guitar, Modeled",TONEX,Orange OR50,"Premium Tone Model
British Juice 2
70s Vitamin","Orange PPC212
Orange PPC412",Orange OR50 TOP,,,,,,,,,,,,,
Mandarin 80,Line 6,Amp & Cab,Amp & Cab,"Guitar, Modeled","Guitar, Modeled",Helix Native,Orange OR80,,,,,,,,,,,,,,,,
1x12 PPC 112,IK Multimedia,Amp & Cab,Amp & Cab,"Guitar, Modeled","Guitar, Modeled",Amplitube,Orange PPC112,Orange Collection,1x12 CAB,,,,,,,,,,,,,,
2x12 PPC 212,IK Multimedia,Amp & Cab,Amp & Cab,"Guitar, Modeled","Guitar, Modeled",Amplitube,Orange PPC212,Orange Collection,2x12 CAB,Orange PPC212 ALT(Tone),,,,,,,,,,,,,
2x12 Mandarin 30,Line 6,Amp & Cab,Amp & Cab,"Guitar, Modeled","Guitar, Modeled",Helix Native,Orange PPC212,,2x12 CAB,Orange PPC212 TOP,,,,,,,,,,,,,
Orange 2x12,Positive Grid,Amp & Cab,Amp & Cab,"Guitar, Modeled","Guitar, Modeled","BIAS Amp 2, BIAS FX 2",Orange PPC212,Legacy Series - CAB,2x12 CAB,Orange PPC212 ALT(Tone),,,,,,,,,,,,,
Orange 4x12,Universal Audio,Amp & Cab,Amp & Cab,"Guitar, Modeled","Guitar, Modeled","Diezel Herbert, Diezel VH4, Engl Savage 120, Friedman Buxom Betty, Fuchs Train II, Suhr PT100, Suhr SE100",Orange PPC212,,2x12 CAB,Orange PPC212 ALT(Tone),,,,,,,,,,,,,
4x12 PPC 412,IK Multimedia,Amp & Cab,Amp & Cab,Guitar,Guitar,Amplitube,Orange PPC412,Orange Collection,4x12 CAB,Orange PPC412 ALT(Tone),,,,,,,,,,,,,
4x12 Mandarin EM,Line 6,Amp & Cab,Amp & Cab,"Guitar, Modeled","Guitar, Modeled",Helix Native,Orange PPC412,,4x12 CAB Eminence Governor,Orange PPC412 TOP,,,,,,,,,,,,,
4x12 OR V-30s,Positive Grid,Amp & Cab,Amp & Cab,"Guitar, Modeled","Guitar, Modeled","BIAS Amp 2, BIAS FX 2",Orange PPC412,Legacy Series - CAB,4x12 CAB,Orange PPC412 ALT(Tone),,,,,,,,,,,,,
4x12 Britt,Waves,Amp & Cab,Amp & Cab,"Guitar, Modeled","Guitar, Modeled",GTR Amp,Orange PPC412,,4x12 CAB,Orange PPC412 ALT(Tone),,,,,,,,,,,,,
"British Juice 1
70s Vitamin (Amplitube)",IK Multimedia,Amp & Cab,Amp & Cab,"Guitar, Modeled","Guitar, Modeled",TONEX,Orange Rockerverb 100,"Premium Tone Model
British Juice 1
70s Vitamin",Orange PPC212 ,Orange Rockerverb 100 TOP,,,,,,,,,,,,,
"High-gain Heroes
70s Vitamin (Amplitube)",IK Multimedia,Amp & Cab,Amp & Cab,"Guitar, Modeled","Guitar, Modeled",TONEX,Orange Rockerverb 100,"Premium Tone Model
70s Vitamin
High-Gain Heroes",Orange PPC212 ,Orange Rockerverb 100 TOP,,,,,,,,,,,,,
Rockerverb,Positive Grid,Amp & Cab,Amp & Cab,"Guitar, Modeled","Guitar, Modeled",BIAS Amp 2,Orange Rockerverb 100,,(Channel 2) (Hi Gain) 4x12 OR V-30s ,"Orange Rockerverb 100 ALT (Tone)
Deprecated by BIAS X",,,,,,,,,,,,,
British Rock,Positive Grid,Amp & Cab,Amp & Cab,"Guitar, Modeled","Guitar, Modeled",BIAS FX 2,Orange Rockerverb 100,Remaster Series - CRUNCH,4x12,"Orange Rockerverb 100 ALT (Tone)
Deprecated by BIAS X",,,,,,,,,,,,,
Tangerine Rock,Positive Grid,Amp & Cab,Amp & Cab,"Guitar, Modeled","Guitar, Modeled",BIAS X,Orange Rockerverb 100,British Series - High-Gain/Distortion,,Orange Rockerverb 100 ALT (Tone),,,,,,,,,,,,,
Mandarin Rocker,Line 6,Amp & Cab,Amp & Cab,"Guitar, Modeled","Guitar, Modeled",Helix Native,Orange Rockerverb 100 MKIII,,(Dirty channel),,,,,,,,,,,,,,
RockerVerb 50,IK Multimedia,Amp & Cab,Amp & Cab,"Guitar, Modeled","Guitar, Modeled",Amplitube,Orange Rockerverb 50,Orange Collection,(high-gain),Orange Rockerverb 50 TOP,,,,,,,,,,,,,
British Rock 50 V2,Positive Grid,Amp & Cab,Amp & Cab,"Guitar, Modeled","Guitar, Modeled",BIAS FX 2,Orange Rockerverb 50,Legacy Series - CRUNCH,4x12,Orange Rockerverb 50 ALT (Tone),,,,,,,,,,,,,
"British Juice 1
70s Vitamin (Amplitube)",IK Multimedia,Amp & Cab,Amp & Cab,"Guitar, Modeled","Guitar, Modeled",TONEX,Orange Rockerverb 50 MKII,"Premium Tone Model
British Juice 1
70s Vitamin",Orange PPC412,,,,,,,,,,,,,,
Thunderverb 200,IK Multimedia,Amp & Cab,Amp & Cab,"Guitar, Modeled","Guitar, Modeled",Amplitube,Orange Thunderverb 200,Orange Collection,(high-gain),Orange Thunderverb 200 ALT (Tone),,,,,,,,,,,,,
70s Vitamin (Amplitube),IK Multimedia,Amp & Cab,Amp & Cab,"Guitar, Modeled","Guitar, Modeled",TONEX,Orange Thunderverb 200,"Premium Tone Model
70s Vitamin","Bogner 212C
Marshall 1960B 4x12",Orange Thunderverb 200 TOP,,,,,,,,,,,,,
"British Juice 1
70s Vitamin (Amplitube)",IK Multimedia,Amp & Cab,Amp & Cab,"Guitar, Modeled","Guitar, Modeled",TONEX,Orange Thunderverb 200,"Premium Tone Model
British Juice 1
70s Vitamin","Mesa/Boogie 4x12 Rectifier Standard Straight Cabinet
Orange PPC112
Orange PPC212
Orange PPC412
Orange PPC412HP8",Orange Thunderverb 200 TOP,,,,,,,,,,,,,
1x12 Tiny Terror,IK Multimedia,Amp & Cab,Amp & Cab,"Guitar, Modeled","Guitar, Modeled",Amplitube,Orange Tiny Terror,Orange Collection,1x12 CAB,,,,,,,,,,,,,,
Tiny Terror,IK Multimedia,Amp & Cab,Amp & Cab,"Guitar, Modeled","Guitar, Modeled",Amplitube,Orange Tiny Terror,Orange Collection,(crunch),Orange Tiny Terror ALT (Tone),,,,,,,,,,,,,
"British Juice 2
Tiny Box (Amplitube)",IK Multimedia,Amp & Cab,Amp & Cab,"Guitar, Modeled","Guitar, Modeled",TONEX,Orange Tiny Terror,"Premium Tone Model
British Juice 2
Tiny Box"," 
Orange PPC112 ",Orange Tiny Terror TOP,,,,,,,,,,,,,
OTO Biscuit 8-bit Effects,Universal Audio,"Delay, EQ, Harmonic Coloration, Modulation, Pitch","Delay, EQ, Harmonic Coloration, Modulation, Pitch",Modeled,Modeled,,OTO Biscuit,Softube (Modeled by),,,,Plugin,UAD-2,2.5.16,,,,,,,,,
Oxford,Universal Audio,Amp & Cab,Amp & Cab,"Guitar, Modeled","Guitar, Modeled",Dream '65 Reverb Amp,Oxford 12K5-6,,(1965) 1x12 CAB (Speaker) ,Oxford 12K5-6 ALT (Tone),mic'd w/ Shure SM57,,,,,,,,,,,,
Sub Oct Fuzz,Line 6,Harmonic Coloration,Harmonic Coloration,"Guitar, Modeled, Stomp","Guitar, Modeled, Stomp",Helix Native,PAiA Roctave Divider,Legacy,,,,,,,,,,,,,,,
"Brit P75 Brt
Brit P75 Nrm",Line 6,Amp & Cab,Amp & Cab,"Guitar, Modeled","Guitar, Modeled",Helix Native,Park 75,,"2 Models/Channels (normal, bright)",,,,,,,,,,,,,,
"Busy One Ch1
Busy One Ch2
Busy One Jump",Line 6,Amp & Cab,Amp & Cab,"Bass, Modeled","Bass, Modeled",Helix Native,Pearce BC-1,,"preamp (ch1, ch2, jumped)",,,,,,,,,,,,,,
EQ10,Positive Grid,EQ,EQ,"Guitar, Modeled","Guitar, Modeled",BIAS FX 2,Peavey 10 Band Stereo Graphic Equalizer,,(Rack),Deprecated by BIAS X,,,,,,,,,,,,,
FreqLab 10,Positive Grid,EQ,EQ,"Guitar, Modeled","Guitar, Modeled",BIAS X,Peavey 10 Band Stereo Graphic Equalizer,,(Rack - 10 Band EQ) ,,,,,,,,,,,,,,
Metal Lead V,IK Multimedia,Amp & Cab,Amp & Cab,"Guitar, Modeled","Guitar, Modeled",Amplitube,Peavey 5150,Amplitube Metal,(high-gain),Peavey 5150 ALT (Tone),,,,,,,,,,,,,
SJ50,IK Multimedia,Amp & Cab,Amp & Cab,"Guitar, Modeled","Guitar, Modeled",Amplitube,Peavey 5150,Joe Satriani Collection,(high-gain),Peavey 5150 ALT (Tone),,,,,,,,,,,,,
"High-gain Heroes
Metal Classic (Amplitube)",IK Multimedia,Amp & Cab,Amp & Cab,"Guitar, Modeled","Guitar, Modeled",TONEX,Peavey 5150,"Premium Tone Model
High-Gain Heroes
Metal Classic","Bogner 212C
Mesa/Boogie 4x12 Rectifier Standard Straight Cabinet",Peavey 5150 TOP,,,,,,,,,,,,,
"Joe Satriani Amp Vault
JS Metal (Amplitube)",IK Multimedia,Amp & Cab,Amp & Cab,"Guitar, Modeled","Guitar, Modeled",TONEX,Peavey 5150,"Premium Tone Model (Joe Satriani) 
JS Metal","Marshall 1960A ""Stain"" 4x12 ",Peavey 5150 TOP,,,,,,,,,,,,,
Metal Classic (Amplitube),IK Multimedia,Amp & Cab,Amp & Cab,"Guitar, Modeled","Guitar, Modeled",TONEX,Peavey 5150,"Premium Tone Model
Metal Classic","ENGL E412VSB
Fender EVH 5150 III 4x12",Peavey 5150 TOP,,,,,,,,,,,,,
"Metal Gems
Metal Classic (Amplitube)",IK Multimedia,Amp & Cab,Amp & Cab,"Guitar, Modeled","Guitar, Modeled",TONEX,Peavey 5150,"Premium Tone Model (Metal Gems) 
Metal Classic","Marshall 1960A 4x12
Marshall 1960A 4x12 (G12M (Greenback))
Marshall 1960A 4x12 (Classic Lead 80)
Marshall 1960B 4x12
Marshall 1960B 4x12 (2x 0G12T-75; 2x Vintage 20) 
Marshall 1960B 4x12 (Celestion Vintage 30)
Mesa/Boogie 4x12 Rectifier Standard Straight Cabinet
Mesa/Boogie 4x12 Rectifier Traditional Straight Cabinet
Orange PPC412",Peavey 5150 TOP,,,,,,,,,,,,,
"Metal Heads
Metal Classic (Amplitube)",IK Multimedia,Amp & Cab,Amp & Cab,"Guitar, Modeled","Guitar, Modeled",TONEX,Peavey 5150,"Premium Tone Model
Metal Classic","Marshall Lead 412
Orange PPC412
Peavey 5150 412MS",Peavey 5150 TOP,,,,,,,,,,,,,
PV Panama,Line 6,Amp & Cab,Amp & Cab,"Guitar, Modeled","Guitar, Modeled",Helix Native,Peavey 5150,,,Peavey 5150 TOP,,,,,,,,,,,,,
"04 Insane V2
5150 HG",Positive Grid,Amp & Cab,Amp & Cab,"Guitar, Modeled","Guitar, Modeled","BIAS Amp 2, BIAS FX 2",Peavey 5150,Legacy Series - HIGH GAIN,(Lead channel) (Hi Gain) 4x12 OR V-30s,Peavey 5150 ALT (Tone),,,,,,,,,,,,,
4x12 Metal V 1,IK Multimedia,Amp & Cab,Amp & Cab,"Guitar, Modeled","Guitar, Modeled",Amplitube,Peavey 5150 412MS,Amplitube Metal,4x12 CAB,,,,,,,,,,,,,,
5150 III IS,Positive Grid,Amp & Cab,Amp & Cab,"Guitar, Modeled","Guitar, Modeled",BIAS Amp 2,Peavey 5150 III,,(Lead Channel) (Insane) 4x12 Green 25s ,,,,,,,,,,,,,,
"Insane 5153 v2
Insane 6503",Positive Grid,Amp & Cab,Amp & Cab,"Guitar, Modeled","Guitar, Modeled",BIAS Amp 2,Peavey 6505,,(Insane) 4x12 Green 25s ,Peavey 6505 TOP,,,,,,,,,,,,,
Insane 6508,Positive Grid,Amp & Cab,Amp & Cab,"Guitar, Modeled","Guitar, Modeled",BIAS FX 2,Peavey 6505,Legacy Series - HIGH GAIN,4x12,Peavey 6505 TOP,,,,,,,,,,,,,
6503 MK II,Positive Grid,Amp & Cab,Amp & Cab,"Guitar, Modeled","Guitar, Modeled",BIAS Amp 2,Peavey 6505+,,(Metal) 2x12 Green 25 ,Peavey 6505+ TOP,,,,,,,,,,,,,
6505+,Positive Grid,Amp & Cab,Amp & Cab,"Guitar, Modeled","Guitar, Modeled",BIAS Amp 2,Peavey 6505+,,(Lead Channel) (Insane) 4x12 Green 25s ,Peavey 6505+ TOP,,,,,,,,,,,,,
"PV Vitriol Clean
PV Vitriol Crunch
PV VItriol Lead",Line 6,Amp & Cab,Amp & Cab,"Guitar, Modeled","Guitar, Modeled",Helix Native,Peavey invective 120,,"3 Models/Channels (clean, crunch, lead)",,,,,,,,,,,,,,
"Joe Satriani Amp Vault
JS Colossal (Amplitube)",IK Multimedia,Amp & Cab,Amp & Cab,"Guitar, Modeled","Guitar, Modeled",TONEX,Peavey JSX Mini Colossal,"Premium Tone Model (Joe Satriani) 
JS Colossal",1x8,,,,,,,,,,,,,,
Metal V 1200,IK Multimedia,Amp & Cab,Amp & Cab,"Guitar, Modeled","Guitar, Modeled",Amplitube,Peavey Sheffield 1200,,16 ohm 75W version; 1x12 CAB (Speaker) ,,,,,,,,,,,,,,
Dual Spring,Positive Grid,Reverb & Room,Reverb & Room,"Modeled,  Deprecated"," Deprecated, Modeled",BIAS FX 2,Pete's Place Audio RCM-2R,,(Rack),Deprecated by BIAS X,,,,,,,,,,,,,
Serenade,Positive Grid,Reverb & Room,Reverb & Room,Modeled,Modeled,BIAS X,Pete's Place Audio RCM-2R,,(Rack - Dual Reverb),,,,,,,,,,,,,,
Tonex Pedal,IK Multimedia,Harmonic Coloration,Harmonic Coloration,"Guitar, Modeled, Stomp","Guitar, Modeled, Stomp",TONEX,ProAnalog Devices Manticore V2,TONEX Pedal,,,,,,,,,,,,,,,
PROdrive,IK Multimedia,Harmonic Coloration,Harmonic Coloration,"Guitar, Modeled, Stomp","Guitar, Modeled, Stomp",Amplitube,ProCo Rat,Amplitube Metal,,ProCo Rat ALT (Tone),,,,,,,,,,,,,
X-DRIVE (Cat Setting),IK Multimedia,Harmonic Coloration,Harmonic Coloration,"Guitar, Modeled, Stomp","Guitar, Modeled, Stomp",Amplitube,ProCo Rat,X-Gear (X-DRIVE),,ProCo Rat ALT (Tone),,,,,,,,,,,,,
PRODrive Black,IK Multimedia,Harmonic Coloration,Harmonic Coloration,"Guitar, Modeled, Stomp","Guitar, Modeled, Stomp",TONEX,ProCo Rat,PRODrive Black,,ProCo Rat ALT (Tone),,,,,,,,,,,,,
Classic Dist,Line 6,Harmonic Coloration,Harmonic Coloration,"Guitar, Modeled, Stomp","Guitar, Modeled, Stomp",Helix Native,ProCo Rat,Legacy,,ProCo Rat ALT (Tone),,,,,,,,,,,,,
Ratatoullie Dist,Line 6,Harmonic Coloration,Harmonic Coloration,"Guitar, Modeled, Stomp","Guitar, Modeled, Stomp",Helix Native,ProCo Rat,,,ProCo Rat TOP,,,,,,,,,,,,,
"Raw
RAW Distortion (Paradise)",Universal Audio,Harmonic Coloration,Harmonic Coloration,"Modeled, Stomp","Modeled, Stomp",Paradise Guitar Studio,ProCo Rat,,,"ProCo Rat TOP
Standalone; Embedded in Paradise Guitar Studio",,Plugin,UAD-2,11.8.1,,,,,,,,,
Vermin Dist,Line 6,Harmonic Coloration,Harmonic Coloration,"Guitar, Modeled, Stomp","Guitar, Modeled, Stomp",Helix Native,ProCo Rat 2,,,,,,,,,,,,,,,,
"High-Gain Chug
TONEX Amp Black (Amplitube) ",IK Multimedia,Amp & Cab,Amp & Cab,"Guitar, Modeled","Guitar, Modeled",TONEX,PRS Archon 100,"Premium Tone Model
High-Gain Chug
TONEX Amp Black","Bogner Uberkab 4x12
Mesa/Boogie 4x12 Rectifier Standard Straight Cabinet",PRS Archon 100 ALT (Tone),,,,,,,,,,,,,
"High-gain Heroes
TONEX Amp Black (Amplitube) ",IK Multimedia,Amp & Cab,Amp & Cab,"Guitar, Modeled","Guitar, Modeled",TONEX,PRS Archon 100,"Premium Tone Model
High-Gain Heroes
TONEX Amp Black",Mesa/Boogie 4x12 Rectifier Standard Straight Cabinet,PRS Archon 100 ALT (Tone),,,,,,,,,,,,,
TONEX Amp Black (Amplitube) ,IK Multimedia,Amp & Cab,Amp & Cab,"Guitar, Modeled","Guitar, Modeled",TONEX,PRS Archon 100,"Premium Tone Model
TONEX Amp Black","ENGL E412VSB
Johnson J412V
Marshall 1960AV 4x12",PRS Archon 100 ALT (Tone),,,,,,,,,,,,,
"Archetype Clean
Archetype Lead",Line 6,Amp & Cab,Amp & Cab,"Guitar, Modeled","Guitar, Modeled",Helix Native,PRS Archon 100,,"2 Models/Channels (clean, lead)",PRS Archon 100 TOP,,,,,,,,,,,,,
"Archon 100
Paul Arch",Positive Grid,Amp & Cab,Amp & Cab,"Guitar, Modeled","Guitar, Modeled","BIAS Amp 2, BIAS FX 2",PRS Archon 100,Legacy Series - HIGH GAIN,(Channel 2) (Metal) 4x12 Green 25s ,"PRS Archon 100 ALT (Tone)
Deprecated by BIAS X",,,,,,,,,,,,,
Paul Arch,Positive Grid,Amp & Cab,Amp & Cab,"Guitar, Modeled","Guitar, Modeled",BIAS FX 2,PRS Archon 100,Remaster Series - HIGH GAIN,4x12,"PRS Archon 100 ALT (Tone)
Deprecated by BIAS X",,,,,,,,,,,,,
Archon Lead,Positive Grid,Amp & Cab,Amp & Cab,"Guitar, Modeled","Guitar, Modeled",BIAS X,PRS Archon 100,American Series - High-Gain/Distortion,4x12 Archon,PRS Archon 100 ALT (Tone),,,,,,,,,,,,,
PRS Archon,Waves,Amp & Cab,Amp & Cab,"Guitar, Modeled","Guitar, Modeled",,PRS Archon 100,,100W,PRS Archon 100 TOP,,"Plugin, Standalone",AU,16.7.33,,,,,,,,,
Paul's 4x12,Positive Grid,Amp & Cab,Amp & Cab,"Guitar, Modeled","Guitar, Modeled","BIAS Amp 2, BIAS FX 2",PRS Archon 4x12,Remaster Series - CAB,,,,,,,,,,,,,,,
SilverPlate 50,IK Multimedia,Amp & Cab,Amp & Cab,"Guitar, Modeled","Guitar, Modeled",Amplitube,PRS Archon 50,Amplitube Collection,(high-gain),PRS Archon 50 ALT (Tone),,,,,,,,,,,,,
"Hard & Heavy
TONEX Amp Black (Amplitube) ",IK Multimedia,Amp & Cab,Amp & Cab,"Guitar, Modeled","Guitar, Modeled",TONEX,PRS Archon 50,"Premium Tone Model
Hard and Heavy
TONEX Amp Black",Mesa/Boogie 2x12 Horizontal Rectifier Cabinet,PRS Archon 50 TOP,,,,,,,,,,,,,
PRS V9,Waves,Amp & Cab,Amp & Cab,"Guitar, Modeled","Guitar, Modeled",,PRS Blue Sierra / V9,,,,,"Plugin, Standalone",AU,16.7.33,,,,,,,,,
PRS Dallas,Waves,Amp & Cab,Amp & Cab,"Guitar, Modeled","Guitar, Modeled",,PRS Dallas,,50W,,,"Plugin, Standalone",AU,16.7.33,,,,,,,,,
TONEX Amp Black (Amplitube) ,IK Multimedia,Amp & Cab,Amp & Cab,"Guitar, Modeled","Guitar, Modeled",TONEX,PRS MT15,"Premium Tone Model
TONEX Amp Black",Bogner Uberkab 4x12,,,,,,,,,,,,,,
Vintage EQ1-A,IK Multimedia,EQ,EQ,Modeled,Modeled,"Amplitube, MixBox",Pultec EQP-1A,Amplitube Collection,,Embedded in Amplitube and MixBox,,,,,,,,,,,,,
EQ-PB,IK Multimedia,EQ,EQ,Modeled,Modeled,,Pultec EQP-1A,T-Racks,,Pultec EQP-1A ALT (Tone),,Plugin,"AU, VST3",6.3.0,,,,,,,,,
EQP-1A,IK Multimedia,EQ,EQ,Modeled,Modeled,,Pultec EQP-1A,T-Racks,,Pultec EQP-1A ALT (Tone),,Plugin,"AU, VST3",6.3.0,,,,,,,,,
EQ-P1A,Steinberg,EQ,EQ,Modeled,Modeled,,Pultec EQP-1A,Cubase,Loosely modeled,Pultec EQP-1A ALT (DAW Built-In),,Plugin,VST3,,,,,,,,,,
Pultec EQP-1A Legacy,Universal Audio,EQ,EQ,Modeled,Modeled,,Pultec EQP-1A,,,Pultec EQP-1A ALT (Low DSP),LOW DSP,Plugin,UAD-2,11.8.1,,,,,,,,,
Pultec EQP-1A,Universal Audio,EQ,EQ,Modeled,Modeled,,Pultec EQP-1A,,,Pultec EQP-1A TOP,,Plugin,"UAD-2, UADx",11.8.1 (UAD-2) 1.2.16 (UADx),,,,,,,,,
PuigTec EQP1A,Waves,EQ,EQ,Modeled,Modeled,,Pultec EQP-1A,Jack Puig,modeled after specific unit; likely customized,Pultec EQP-1A TOP,,Plugin,AU,16.7.33,,,,,,,,,
Ozone 12 Vintage EQ,iZotope,EQ,EQ,"Mastering, Modeled","Mastering, Modeled",,"Pultec EQP-1A
Pultec MEQ-5 Mid-Range EQ",Ozone,"Vintage mastering EQ
EQP-1A (Low/high Boost/Cut and Shelving)
MEQ-5 (3 Band peaking filters) ","Pultec EQP-1A TOP - Mastering
Pultec MEQ-5 Mid-Range EQ TOP - Mastering",,Plugin,"AU, VST3",12.1.0,,,,,,,,,
Pultec-Pro Legacy,Universal Audio,EQ,EQ,Modeled,Modeled,,"Pultec EQP-1A
Pultec MEQ-5 Mid-Range EQ",,Generic model of Pultec Passive EQ,"Pultec EQP-1A DNU
Pultec MEQ-5 Mid-Range EQ DNU","superceded by specific models of EQP-1A, MEQ-5",Plugin,UAD-2,11.8.1,,,,,,,,,
Pultec HLF-3C,Universal Audio,EQ,EQ,Modeled,Modeled,,Pultec HLF-3C,,,,,Plugin,"UAD-2, UADx",11.8.1 (UAD-2) 1.2.16 (UADx),,,,,,,,,
EQ-PA,IK Multimedia,EQ,EQ,Modeled,Modeled,MixBox,Pultec MEQ-5 Mid-Range EQ,T-Racks,,"Pultec MEQ-5 Mid-Range EQ ALT (Tone)
Embedded in MixBox",,Plugin,"AU, VST3",6.3.0,,,,,,,,,
EQ-M5,Steinberg,EQ,EQ,,,,Pultec MEQ-5 Mid-Range EQ,Cubase,Loosely modeled,Pultec MEQ-5 Mid-Range EQ ALT (DAW Built-In),,Plugin,VST3,,,,,,,,,,
Pultec MEQ-5,Universal Audio,EQ,EQ,Modeled,Modeled,,Pultec MEQ-5 Mid-Range EQ,,,Pultec MEQ-5 Mid-Range EQ TOP,,Plugin,"UAD-2, UADx",11.8.1 (UAD-2) 1.2.16 (UADx),,,,,,,,,
PuigTec MEQ5,Waves,EQ,EQ,Modeled,Modeled,,Pultec MEQ-5 Mid-Range EQ,Jack Puig,modeled after specific unit; likely customized,Pultec MEQ-5 Mid-Range EQ TOP,,Plugin,AU,16.7.33,,,,,,,,,
Kramer PIE,Waves,Dynamics,Dynamics,Modeled,Modeled,,Pye 5060 Compressor,,,,,Plugin,AU,16.7.33,,,,,,,,,
4x12 Darrell 412,IK Multimedia,Amp & Cab,Amp & Cab,"Guitar, Modeled","Guitar, Modeled",Amplitube,Randall 412JB,Dimebag Darrell - CFH,4x12 CAB,,,,,,,,,,,,,,
Darrell Panther,IK Multimedia,Amp & Cab,Amp & Cab,"Guitar, Modeled","Guitar, Modeled",Amplitube,Randall Jaguar 12-inch 50W,,1x12 CAB (Speaker) ,,,,,,,,,,,,,,
"RD 45
RD 53",Positive Grid,Amp & Cab,Amp & Cab,"Guitar, Modeled","Guitar, Modeled","BIAS Amp 2, BIAS FX 2",Randall RD45,Legacy Series - HIGH GAIN,(Channel 2) (Metal) 4x12 Green 25s ,,,,,,,,,,,,,,
Darrell 100,IK Multimedia,Amp & Cab,Amp & Cab,"Guitar, Modeled","Guitar, Modeled",Amplitube,Randall RG100ES,Dimebag Darrell - CFH,(high-gain),,,,,,,,,,,,,,
Thrasher 4x12,Positive Grid,Amp & Cab,Amp & Cab,"Guitar, Modeled","Guitar, Modeled","BIAS Amp 2, BIAS FX 2",Randall RX412,Legacy Series - CAB,4x12 CAB,,,,,,,,,,,,,,
Insane SATAN V2,Positive Grid,Amp & Cab,Amp & Cab,"Guitar, Modeled","Guitar, Modeled",BIAS FX 2,Randall Satan,Legacy Series - HIGH GAIN,4x12,,,,,,,,,,,,,,
Thrasher,Positive Grid,Amp & Cab,Amp & Cab,"Guitar, Modeled","Guitar, Modeled",BIAS Amp 2,Randall Thrasher,,(Insane) 4x12 Thrasher ,,,,,,,,,,,,,,
"RD V2
V2",Positive Grid,Amp & Cab,Amp & Cab,"Guitar, Modeled","Guitar, Modeled","BIAS Amp 2, BIAS FX 2",Randall V2,Legacy Series - HIGH GAIN,(Channel 2) (Metal) 4x12 Green 25s ,,,,,,,,,,,,,,
Metal Lead W,IK Multimedia,Amp & Cab,Amp & Cab,"Guitar, Modeled","Guitar, Modeled",Amplitube,Randall Warhead WH300,Amplitube Metal,(high-gain),Randall Warhead WH300 ALT (Tone),,,,,,,,,,,,,
"High-Gain Chug
Bearded (Amplitube)",IK Multimedia,Amp & Cab,Amp & Cab,"Guitar, Modeled","Guitar, Modeled",TONEX,Randall Warhead WH300,"Premium Tone Model
Bearded
High-Gain Chug",Randall RX412,Randall Warhead WH300 TOP,,,,,,,,,,,,,
"High-gain Heroes
Bearded (Amplitube)",IK Multimedia,Amp & Cab,Amp & Cab,"Guitar, Modeled","Guitar, Modeled",TONEX,Randall Warhead WH300,"Premium Tone Model
Bearded
High-Gain Heroes",Bogner 212C,Randall Warhead WH300 TOP,,,,,,,,,,,,,
44,Antares,Microphone,Microphone,Modeled,Modeled,Mic Mod,RCA 44,,,,,,,,,,,,,,,,
RCA 44,Universal Audio,Microphone,Microphone,Modeled,Modeled,Capitol Chambers,RCA 44,,,Embedded in Capitol Chambers,,,,,,,,,,,,,
44,Universal Audio,Microphone,Microphone,Modeled,Modeled,Ocean Way Studios,RCA 44,,,Embedded in Ocean Way Studios,,,,,,,,,,,,,
Ribb 44,Waves,Microphone,Microphone,Modeled,Modeled,GTR Amp,RCA 44,,,Embedded in GTR Amp,,,,,,,,,,,,,
RCA 44-BX,Universal Audio,Microphone,Microphone,Modeled,Modeled,Hitsville Studios,RCA 44BX,,First mic used at Hitsville. ,Embedded in Hitsville Studios,2-sided reach for corners / open-space,,,,,,,,,,,,
BP-44BX,Universal Audio,Microphone,Microphone,Modeled,Modeled,Putnam,RCA 44BX,,,,,,,,,,,,,,,,
RB-77DX Satin,Universal Audio,Microphone,Microphone,Modeled,Modeled,"Hemisphere, Sphere",RCA 77-DX (Satin),,Satin finish,,,,,,,,,,,,,,
RB-77DX Umber,Universal Audio,Microphone,Microphone,Modeled,Modeled,Sphere,RCA 77-DX (Umber),,Umber finish,,,,,,,,,,,,,,
BK5A,Antares,Microphone,Microphone,Modeled,Modeled,Mic Mod,RCA BK5A,,,,,,,,,,,,,,,,
OW-K3A,Universal Audio,Microphone,Microphone,Modeled,Modeled,Ocean Way,RCA KU-3A,,,,,,,,,,,,,,,,
KU3A,Universal Audio,Microphone,Microphone,Modeled,Modeled,Ocean Way Studios,RCA KU-3A,,,Embedded in Ocean Way Studios,,,,,,,,,,,,,
RedSeven Hybrid100,IK Multimedia,Amp & Cab,Amp & Cab,"Guitar, Modeled","Guitar, Modeled",TONEX,RedSeven Hybrid 100,Premium Tone Model (RedSeven Hybrid) ,RedSeven 4x12 Pro Cab,,,,,,,,,,,,,,
Studio Tube Pre,Line 6,Amp & Cab,Amp & Cab,"Guitar, Modeled","Guitar, Modeled",Helix Native,Requisite Y7,,,,,,,,,,,,,,,,
"Revv Gen Purple
Revv Gen Red",Line 6,Amp & Cab,Amp & Cab,"Guitar, Modeled","Guitar, Modeled",Helix Native,Revv Generator 120,,"2 Models/Channels (purple/gain ch 3, red/high gain ch 4)",,,,,,,,,,,,,,
Throaty,Line 6,Modulation,Modulation,"Guitar, Modeled, Stomp","Guitar, Modeled, Stomp",Helix Native,RMC RMC1,,,,,,,,,,,,,,,,
Dime Noise Gate,IK Multimedia,Dynamics,Dynamics,"Guitar, Modeled, Stomp","Guitar, Modeled, Stomp",Amplitube,Rocktron Hush IIB,Dimebag Darrell - CFH,,,,,,,,,,,,,,,
NT1,Antares,Microphone,Microphone,Modeled,Modeled,Mic Mod,Rode NT1,,,,,,,,,,,,,,,,
NT1-A,Antares,Microphone,Microphone,Modeled,Modeled,Mic Mod,Rode NT1-A,,,,,,,,,,,,,,,,
NT2,Antares,Microphone,Microphone,Modeled,Modeled,Mic Mod,Rode NT2,,,,,,,,,,,,,,,,
NTV,Antares,Microphone,Microphone,Modeled,Modeled,Mic Mod,Rode NTV,,,,,,,,,,,,,,,,
XS Fuzz,IK Multimedia,Harmonic Coloration,Harmonic Coloration,"Guitar, Modeled, Stomp","Guitar, Modeled, Stomp",Amplitube,Roger Mayer Axis Fuzz,Electric Gypsy Collection,,,,,,,,,,,,,,,
Class Fuzz,IK Multimedia,Harmonic Coloration,Harmonic Coloration,"Guitar, Modeled, Stomp","Guitar, Modeled, Stomp",Amplitube,Roger Mayer Classic Fuzz,Electric Gypsy Collection,,Roger Mayer Classic Fuzz ALT (Tone),,,,,,,,,,,,,
Fuzz Pedals,IK Multimedia,Harmonic Coloration,Harmonic Coloration,"Guitar, Modeled, Stomp","Guitar, Modeled, Stomp",TONEX,Roger Mayer Classic Fuzz,"Premium Tone Model
Fuzz Pedals",,Roger Mayer Classic Fuzz TOP,,,,,,,,,,,,,
Silver Fuzz,IK Multimedia,Harmonic Coloration,Harmonic Coloration,"Guitar, Modeled, Stomp","Guitar, Modeled, Stomp",TONEX,Roger Mayer Classic Fuzz,Silver Fuzz,,Roger Mayer Classic Fuzz TOP,,,,,,,,,,,,,
Octa-V,IK Multimedia,Harmonic Coloration,Harmonic Coloration,"Guitar, Modeled, Stomp","Guitar, Modeled, Stomp",Amplitube,Roger Mayer Octavia,Electric Gypsy Collection,,Roger Mayer Octavia TOP,,,,,,,,,,,,,
Octav,IK Multimedia,Harmonic Coloration,Harmonic Coloration,"Guitar, Modeled, Stomp","Guitar, Modeled, Stomp",Amplitube,Roger Mayer Octavia,Amplitube Collection,,Roger Mayer Octavia TOP,,,,,,,,,,,,,
X-DRIVE (Purple Setting),IK Multimedia,Harmonic Coloration,Harmonic Coloration,"Guitar, Modeled, Stomp","Guitar, Modeled, Stomp",Amplitube,Roger Mayer Octavia,X-Gear (X-DRIVE),,Roger Mayer Octavia TOP,,,,,,,,,,,,,
Jet Fuzz,Line 6,"Modulation, Harmonic Coloration","Harmonic Coloration, Modulation","Guitar, Modeled, Stomp","Guitar, Modeled, Stomp",Helix Native,Roland AP-7 Jet Phaser,Legacy,,,,,,,,,,,,,,,
Hyde Street Amp Locker,IK Multimedia,Amp & Cab,Amp & Cab,"Guitar, Modeled","Guitar, Modeled",TONEX,Roland Cube 60,Premium Tone Model (Hyde Street),1x12,,,,,,,,,,,,,,
Synth String,Line 6,Pitch,Pitch,"Guitar, Modeled","Guitar, Modeled",Helix Native,Roland GR700,Legacy,,,,,,,,,,,,,,,
Filter-R,IK Multimedia,Modulation,Modulation,"Guitar, Modeled, Stomp","Guitar, Modeled, Stomp","Amplitube, MixBox",Roland IR3109,Amplitube Collection,,,,,,,,,,,,,,,
2x12 JP Jazz,IK Multimedia,Amp & Cab,Amp & Cab,"Guitar, Modeled","Guitar, Modeled",Amplitube,Roland JC-120,Amplitube Collection,2x12 CAB,Roland JC-120 (CAB) ALT (Tone),,,,,,,,,,,,,
2x12 JP Jazz CFH,IK Multimedia,Amp & Cab,Amp & Cab,"Guitar, Modeled","Guitar, Modeled",Amplitube,Roland JC-120,Dimebag Darrell - CFH,2x12 CAB,Roland JC-120 (CAB) ALT (Tone),,,,,,,,,,,,,
Jazz 12,IK Multimedia,Amp & Cab,Amp & Cab,"Guitar, Modeled","Guitar, Modeled",Amplitube,Roland JC-120,,1x12 CAB (Speaker),,,,,,,,,,,,,,
Jazz Amp 120 CFH,IK Multimedia,Amp & Cab,Amp & Cab,"Guitar, Modeled","Guitar, Modeled",Amplitube,Roland JC-120,Dimebag Darrell - CFH,(1986 - clean),Roland JC-120 ALT (Tone),,,,,,,,,,,,,
Jazz Amp 120,IK Multimedia,Amp & Cab,Amp & Cab,"Guitar, Modeled","Guitar, Modeled","Amplitube, MixBox",Roland JC-120,Amplitube Collection,(clean),Roland JC-120 ALT (Tone),,,,,,,,,,,,,
Jazzy (Amplitube) ,IK Multimedia,Amp & Cab,Amp & Cab,"Guitar, Modeled","Guitar, Modeled",TONEX,Roland JC-120,Premium Tone Model,2x12,Roland JC-120 TOP,,,,,,,,,,,,,
"Joe Satriani Amp Vault
Js Jazzy (Amplitube)",IK Multimedia,Amp & Cab,Amp & Cab,"Guitar, Modeled","Guitar, Modeled",TONEX,Roland JC-120,"Premium Tone Model (Joe Satriani) 
JS Jazzy",2x12,Roland JC-120 TOP,,,,,,,,,,,,,
2x12 Jazz Rivet (Cab),Line 6,Amp & Cab,Amp & Cab,"Guitar, Modeled","Guitar, Modeled",Helix Native,Roland JC-120,,2x12 CAB,Roland JC-120 (CAB) TOP,,,,,,,,,,,,,
Jazz Rivet 120,Line 6,Amp & Cab,Amp & Cab,"Guitar, Modeled","Guitar, Modeled",Helix Native,Roland JC-120,,,Roland JC-120 TOP,,,,,,,,,,,,,
"76 RC-120
76 RC-120 v2",Positive Grid,Amp & Cab,Amp & Cab,"Guitar, Modeled","Guitar, Modeled",BIAS Amp 2,Roland JC-120,,(1976) (Clean) 2x12 Jazz Clean ,"Roland JC-120 ALT (Tone)
Deprecated by BIAS X",,,,,,,,,,,,,
"76 Jazz
76 Jazz Combo",Positive Grid,Amp & Cab,Amp & Cab,"Guitar, Modeled","Guitar, Modeled","BIAS Amp 2, BIAS FX 2",Roland JC-120,Legacy Series - LOW GAIN,(1976) (Glassy) 2x12 Jazz Clean,"Roland JC-120 ALT (Tone)
Deprecated by BIAS X",,,,,,,,,,,,,
Jazz 2x12,Positive Grid,Amp & Cab,Amp & Cab,"Guitar, Modeled","Guitar, Modeled","BIAS Amp 2, BIAS FX 2",Roland JC-120,Remaster Series - CAB,2x12 CAB,Roland JC-120 (CAB) ALT (Tone),,,,,,,,,,,,,
Jazz Clean 2x12,Positive Grid,Amp & Cab,Amp & Cab,"Guitar, Modeled","Guitar, Modeled","BIAS Amp 2, BIAS FX 2",Roland JC-120,Legacy Series - CAB,2x12 CAB,Roland JC-120 (CAB) ALT (Tone),,,,,,,,,,,,,
Jazz Clean,Positive Grid,Amp & Cab,Amp & Cab,"Guitar, Modeled","Guitar, Modeled",BIAS FX 2,Roland JC-120,Remaster Series - LOW GAIN,2x12,"Roland JC-120 ALT (Tone)
Deprecated by BIAS X",,,,,,,,,,,,,
Jazz Clean,Positive Grid,Amp & Cab,Amp & Cab,"Guitar, Modeled","Guitar, Modeled",BIAS X,Roland JC-120,Classic Clean - Low-Gain / Clean,2x12 Jazz Cab,Roland JC-120 ALT (Tone),,,,,,,,,,,,,
Space Delay,IK Multimedia,"Delay, Reverb & Room","Delay, Reverb & Room",Modeled,Modeled,,Roland RE-201 Space Echo,T-Racks,,Roland RE-201 Space Echo ALT (Tone) ,,Plugin,"AU, VST3",6.3.0,,,,,,,,,
Cosmos Echo,Line 6,"Delay, Reverb & Room","Delay, Reverb & Room","Modeled, Guitar","Guitar, Modeled",Helix Native,Roland RE-201 Space Echo,,,Embedded in Helix Native,,,,,,,,,,,,,
Multi-Head,Line 6,"Delay, Reverb & Room","Delay, Reverb & Room","Modeled, Guitar","Guitar, Modeled",Helix Native,Roland RE-201 Space Echo,Legacy,,Embedded in Helix Native,,,,,,,,,,,,,
Tape Delay Unit,Positive Grid,"Delay, Reverb & Room","Delay, Reverb & Room","Modeled, Guitar, Deprecated","Deprecated, Guitar, Modeled",BIAS FX 2,Roland RE-201 Space Echo,,(Rack),Deprecated by BIAS X,,,,,,,,,,,,,
TapeVoyager,Positive Grid,"Delay, Reverb & Room","Delay, Reverb & Room","Modeled, Guitar","Guitar, Modeled",BIAS X,Roland RE-201 Space Echo,,(Rack - 70' Tape Echo),Embedded in BIAS X,,,,,,,,,,,,,
Roland RE-201,Universal Audio,"Delay, Harmonic Coloration","Delay, Harmonic Coloration",Modeled,Modeled,,Roland RE-201 Space Echo,,,Roland RE-201 Space Echo DNU,superceded by Galaxy Tape Echo,Plugin,UAD-2,11.8.1,,,,,,,,,
Galaxy Tape Echo,Universal Audio,"Delay, Harmonic Coloration","Delay, Harmonic Coloration",Modeled,Modeled,,Roland RE-201 Space Echo,,,Roland RE-201 Space Echo TOP,,Plugin,"UAD-2, UADx",11.8.1 (UAD-2) 1.3.16 (UADx),,,,,,,,,
Dimension,Line 6,Modulation,Modulation,Modeled,Modeled,Helix Native,Roland SDD-320 Dimension D,Legacy,,Embedded in Helix Native,,,,,,,,,,,,,
Multi-Chorus,Universal Audio,Modulation,Modulation,"Guitar, Modeled, Stomp","Guitar, Modeled, Stomp",Paradise Guitar Studio,Roland SDD-320 Dimension D,,,Embedded in Paradise,"Multi-tap 6 voice chorus w/ deep flexibility for broad textures and soundscapes. Reduce Level and increase Regen for wild sci-fi ""sound in a tunnel"" effects.
Try high Regen settings combined with six taps, high Depth, and the square wave shape to create bell-like, FM synth-style soundscapes.",,,,,,,,,,,,
Roland Dimension D,Universal Audio,Modulation,Modulation,Modeled,Modeled,,Roland SDD-320 Dimension D,,,Roland SDD-320 Dimension ALT (Superceded) ,superceded by Studio D,Plugin,UAD-2,11.8.1,,,,,,,,,
Studio D Chorus,Universal Audio,Modulation,Modulation,Modeled,Modeled,,Roland SDD-320 Dimension D,,,Roland SDD-320 Dimension D TOP,,Plugin,"UAD-2, UADx","11.8.1 (UAD-2)
1.2.16 (UADx)",,,,,,,,,
Digital Delay,IK Multimedia,Delay,Delay,Modeled,Modeled,"MixBox, TONEX",Roland SDE-3000,Amplitube Collection,,,,,,,,,,,,,,,
R-121,Antares,Microphone,Microphone,Modeled,Modeled,Mic Mod,Royer R121,,,Royer R121 ALT (Tone),,,,,,,,,,,,,
Ribbon 121,IK Multimedia,Microphone,Microphone,Modeled,Modeled,"Amplitube, MicRoom",Royer R121,,,"Royer R121 ALT (Tone)
Embedded in Amplitube",,,,,,,,,,,,,
R-121,IK Multimedia,Microphone,Microphone,Modeled,Modeled,TONEX,Royer R121,,,Embedded in TONEX,,,,,,,,,,,,,
121 Ribbon,Line 6,Microphone,Microphone,"Guitar, Modeled","Guitar, Modeled",Helix Native,Royer R121,,,Embedded in Helix Native,,,,,,,,,,,,,
R121,Positive Grid,Microphone,Microphone,Modeled,Modeled,BIAS FX 2,Royer R121,,,Embedded in BIAS FX,,,,,,,,,,,,,
R-121,Universal Audio,Microphone,Microphone,Modeled,Modeled,Eden WT800,Royer R121,,,Embedded in Eden WT800,,,,,,,,,,,,,
Rib-121,Universal Audio,Microphone,Microphone,Modeled,Modeled,Fender Tweed Deluxe,Royer R121,,,Embedded in Fender Tweed Deluxe,,,,,,,,,,,,,
R-121,Universal Audio,Microphone,Microphone,Modeled,Modeled,Sound City Studios,Royer R121,,,Embedded in Sound City Studios,,,,,,,,,,,,,
RB-121,Universal Audio,Microphone,Microphone,Modeled,Modeled,Sphere,Royer R121,,,Royer R121 TOP,,,,,,,,,,,,,
Ribb 122,Waves,Microphone,Microphone,Modeled,Modeled,GTR Amp,Royer R122,,,Embedded in GTR AMP,,,,,,,,,,,,,
GTR Amp Bass - Activator,Waves,"Amp & Cab, Preamps","Amp & Cab, Preamps","Bass, Modeled","Bass, Modeled",GTR Amp,Sadowsky Onboard Bass Preamp,,,,,,,,,,,,,,,,
Modern Digital (Amplitube) ,IK Multimedia,"Amp & Cab, Harmonic Coloration, Dynamics, Preamps","Amp & Cab, Dynamics, Harmonic Coloration, Preamps","Guitar, Modeled","Guitar, Modeled",TONEX,Scholz R&D Rockman Sustainor,"Premium Tone Model
Modern Digitial",4x12 (Custom non-specific 4x12),,,,,,,,,,,,,,
Boston 100,IK Multimedia,Amp & Cab,Amp & Cab,"Guitar, Modeled","Guitar, Modeled",Amplitube,Scholz R&D Rockman X100,Joe Satriani Collection,(crunch),,,,,,,,,,,,,,
Boston Cab Sim,IK Multimedia,Amp & Cab,Amp & Cab,"Guitar, Modeled","Guitar, Modeled",Amplitube,Scholz R&D Rockman X100,Joe Satriani Collection,4x12 CAB,,,,,,,,,,,,,,
DN-604,Universal Audio,Microphone,Microphone,Modeled,Modeled,Hemisphere,Sennheiser e604,,,,,,,,,,,,,,,,
E609,Antares,Microphone,Microphone,Modeled,Modeled,Mic Mod,Sennheiser e609,,,Sennheiser e609 ALT (Tone),,,,,,,,,,,,,
Dynamic 609,IK Multimedia,Microphone,Microphone,Modeled,Modeled,"Amplitube, MicRoom",Sennheiser e609,,,"Sennheiser e609 TOP
Embedded in Amplitube",,,,,,,,,,,,,
E835S,Antares,Microphone,Microphone,Modeled,Modeled,Mic Mod,Sennheiser e835s,,,,,,,,,,,,,,,,
906 Dynamic,Line 6,Microphone,Microphone,"Guitar, Modeled","Guitar, Modeled",Helix Native,Sennheiser e906,,,,,,,,,,,,,,,,
409 Dynamic,Line 6,Microphone,Microphone,Modeled,Modeled,Helix Native,Sennheiser MD409N (Echolette ES-14),Legacy,,Embedded in Helix Native,,,,,,,,,,,,,
DN-409N,Universal Audio,Microphone,Microphone,Modeled,Modeled,"Hemisphere, Sphere",Sennheiser MD409N (Echolette ES-14),,,,,,,,,,,,,,,,
Dyn 409,Waves,Microphone,Microphone,Modeled,Modeled,GTR Amp,Sennheiser MD409N (Echolette ES-14),,,Embedded in GTR ,,,,,,,,,,,,,
DN-409U,Universal Audio,Microphone,Microphone,Modeled,Modeled,"Hemisphere, Sphere",Sennheiser MD409U3,,,,,,,,,,,,,,,,
MD421,Antares,Microphone,Microphone,Modeled,Modeled,Mic Mod,Sennheiser MD421,,,Sennheiser MD421 ALT (None),,,,,,,,,,,,,
Dynamic 421,IK Multimedia,Microphone,Microphone,Modeled,Modeled,"Amplitube, MicRoom",Sennheiser MD421,,,"Sennheiser MD421 ALT (None)
Embedded in Amplitube",,,,,,,,,,,,,
421 Dynamic,Line 6,Microphone,Microphone,"Guitar, Modeled, Bass","Bass, Guitar, Modeled",Helix Native,Sennheiser MD421,,,Embedded in Helix Native,,,,,,,,,,,,,
MD 421,Positive Grid,Microphone,Microphone,Modeled,Modeled,BIAS FX 2,Sennheiser MD421,,,Embedded in BIAS FX,,,,,,,,,,,,,
Dyn-421,Universal Audio,Microphone,Microphone,Modeled,Modeled,Fender Tweed Deluxe,Sennheiser MD421,,,Embedded in Fender Tweed Deluxe,,,,,,,,,,,,,
DN-421S,Universal Audio,Microphone,Microphone,Modeled,Modeled,"Hemisphere, Sphere",Sennheiser MD421,,,Sennheiser MD421 TOP,,,,,,,,,,,,,
DN-421N,Universal Audio,Microphone,Microphone,Modeled,Modeled,Sphere,Sennheiser MD421,,,Sennheiser MD421 TOP,,,,,,,,,,,,,
DN-421B,Universal Audio,Microphone,Microphone,Modeled,Modeled,"Hemisphere, Sphere",Sennheiser MD421 II,,,Sennheiser MD421 II TOP,,,,,,,,,,,,,
Dyn 421,Waves,Microphone,Microphone,Modeled,Modeled,GTR Amp,Sennheiser MD421 II,,,Embedded in GTR ,,,,,,,,,,,,,
MD441,Antares,Microphone,Microphone,Modeled,Modeled,Mic Mod,Sennheiser MD441,,,Sennheiser MD441 ALT (Tone),,,,,,,,,,,,,
Dynamic 441,IK Multimedia,Microphone,Microphone,Modeled,Modeled,"Amplitube, MicRoom",Sennheiser MD441,,,"Sennheiser MD441 ALT (None)
Embedded in Amplitube",,,,,,,,,,,,,
DN-441,Universal Audio,Microphone,Microphone,Modeled,Modeled,Hemisphere,Sennheiser MD441,,,Sennheiser MD441 TOP,,,,,,,,,,,,,
K6-ME64,Antares,Microphone,Microphone,Modeled,Modeled,Mic Mod,Sennheiser ME64,,,,,,,,,,,,,,,,
MKH20,Universal Audio,Microphone,Microphone,Modeled,Modeled,Ocean Way Studios,Sennheiser MKH20,,,,,,,,,,,,,,,,
BP-405,Universal Audio,Microphone,Microphone,Modeled,Modeled,Putnam,Sennheiser MKH405,,,,,,,,,,,,,,,,
SD-416,Universal Audio,Microphone,Microphone,Modeled,Modeled,Sphere,Sennheiser MKH416,,,,,,,,,,,,,,,,
XR Silver,IK Multimedia,Harmonic Coloration,Harmonic Coloration,"Guitar, Modeled, Stomp","Guitar, Modeled, Stomp",TONEX,Seymour Duncan 805,,,,,,,,,,,,,,,,
Hyde Street Amp Locker,IK Multimedia,Amp & Cab,Amp & Cab,"Guitar, Modeled","Guitar, Modeled",TONEX,Seymour Duncan Convertible,Premium Tone Model (Hyde Street),1x12,,,,,,,,,,,,,,
Fuzz Pedals,IK Multimedia,Harmonic Coloration,Harmonic Coloration,"Guitar, Modeled, Stomp","Guitar, Modeled, Stomp",TONEX,Seymour Duncan SFX-02 Tweak Fuzz,"Premium Tone Model
Fuzz Pedals",,Seymour Duncan SFX-02 Tweak Fuzz TOP,,,,,,,,,,,,,
PRODrive Yellow,IK Multimedia,Harmonic Coloration,Harmonic Coloration,"Guitar, Modeled, Stomp","Guitar, Modeled, Stomp",TONEX,Seymour Duncan SFX-02 Tweak Fuzz,PRODrive Yellow,,Seymour Duncan SFX-02 Tweak Fuzz TOP,,,,,,,,,,,,,
Power Grid,IK Multimedia,Harmonic Coloration,Harmonic Coloration,"Guitar, Modeled, Stomp","Guitar, Modeled, Stomp",Amplitube,Seymour Duncan SFX-08 Power Grid,Seymour Duncan Collection,,Seymour Duncan SFX-08 Power Grid TOPALT (Tone),,,,,,,,,,,,,
XR Dark Blue,IK Multimedia,Harmonic Coloration,Harmonic Coloration,"Guitar, Modeled, Stomp","Guitar, Modeled, Stomp",TONEX,Seymour Duncan SFX-08 Power Grid,,,Seymour Duncan SFX-08 Power Grid TOP,,,,,,,,,,,,,
Shape Shifter,IK Multimedia,Modulation,Modulation,"Guitar, Modeled, Stomp","Guitar, Modeled, Stomp",Amplitube,Seymour Duncan Shape Shifter,Seymour Duncan Collection,,,,,,,,,,,,,,,
Shadow Hills Mastering Compressor,Universal Audio,Dynamics,Dynamics,"Mastering, Modeled","Mastering, Modeled",,Shadow Hills Mastering Compressor,,,Shadow Hills Mastering Compressor ALT  (Superceded) ,superceded by Class A version,Plugin,UAD-2,1.0.1,,,,,,,,,
Shadow Hills Class A Mastering Compressor,Universal Audio,Dynamics,Dynamics,"Mastering, Modeled","Mastering, Modeled",,Shadow Hills Mastering Compressor,,,Shadow Hills Mastering Compressor TOP,,Plugin,UAD-2,1.5,,,,,,,,,
Uni-V,IK Multimedia,Modulation,Modulation,"Guitar, Modeled, Stomp","Guitar, Modeled, Stomp","Amplitube, MixBox",Shin-ei Uni-Vibe,Electric Gypsy Collection,,Shin-ei Uni-Vibe ALT (Tone),,,,,,,,,,,,,
U-Vibe,Line 6,Modulation,Modulation,"Guitar, Modeled, Stomp","Guitar, Modeled, Stomp",Helix Native,Shin-ei Uni-Vibe,Legacy,,Shin-ei Uni-Vibe ALT (Tone),,,,,,,,,,,,,
Ubiquitous Vibe,Line 6,Modulation,Modulation,"Guitar, Modeled, Stomp","Guitar, Modeled, Stomp",Helix Native,Shin-ei Uni-Vibe,,,Shin-ei Uni-Vibe TOP,,,,,,,,,,,,,
Uni-Vibe,Positive Grid,Modulation,Modulation,"Guitar, Modeled, Stomp","Guitar, Modeled, Stomp",BIAS FX 2,Shin-ei Uni-Vibe,,(Pedal),Deprecated by BIAS X,,,,,,,,,,,,,
MysticVibe,Positive Grid,Modulation,Modulation,"Guitar, Modeled, Stomp","Guitar, Modeled, Stomp",BIAS X,Shin-ei Uni-Vibe,,(Pedal - 60 Uni-Vibe),Shin-ei Uni-Vibe ALT (Tone),,,,,,,,,,,,,
Shure Unidyne 545,Universal Audio,Microphone,Microphone,Modeled,Modeled,Hitsville Studios,Shure 545SD,,,Embedded in Hitsville Studios,most frequently used mic in 2648 West Grand Blvd,,,,,,,,,,,,
BP-545,Universal Audio,Microphone,Microphone,Modeled,Modeled,"Hemisphere, Putnam",Shure 545SD,,,Shure 545SD TOP,,,,,,,,,,,,,
Beta 52,Antares,Microphone,Microphone,Modeled,Modeled,Mic Mod,Shure Beta 52,,,,,,,,,,,,,,,,
52 Dynamic,Line 6,Microphone,Microphone,"Modeled, Bass","Bass, Modeled",Helix Native,Shure Beta 52,,(Shure Beta 52A),Embedded in Helix Native,,,,,,,,,,,,,
DN-52,Universal Audio,Microphone,Microphone,Modeled,Modeled,Hemisphere,Shure Beta 52,,(Shure Beta 52A),Shure Beta 52A TOP,,,,,,,,,,,,,
Beta 57A,Antares,Microphone,Microphone,Modeled,Modeled,Mic Mod,Shure Beta 57A,,,,,,,,,,,,,,,,
Beta 58,Antares,Microphone,Microphone,Modeled,Modeled,Mic Mod,Shure Beta 58A,,,,,,,,,,,,,,,,
Beta 87A,Antares,Microphone,Microphone,Modeled,Modeled,Mic Mod,Shure Beta 87A,,,,,,,,,,,,,,,,
Beta 98D/S,Antares,Microphone,Microphone,Modeled,Modeled,Mic Mod,Shure Beta 98D/S,,,,,,,,,,,,,,,,
KSM141,Antares,Microphone,Microphone,Modeled,Modeled,Mic Mod,Shure KSM141,,,,,,,,,,,,,,,,
KSM32,Antares,Microphone,Microphone,Modeled,Modeled,Mic Mod,Shure KSM32,,,,,,,,,,,,,,,,
Devil-Loc,Soundtoys,Dynamics,Dynamics,Modeled,Modeled,,Shure Level-Loc,,,Shure Level-Loc ALT (Tone),,Plugin,"AU, VST3",5.5.4.18982,,,,,,,,,
Devil-Loc Deluxe,Soundtoys,Dynamics,Dynamics,Modeled,Modeled,,Shure Level-Loc,,,Shure Level-Loc TOP,,Plugin,"AU, VST3",5.5.4.18982,,,,,,,,,
Vintage Dynamic,IK Multimedia,Microphone,Microphone,Modeled,Modeled,MicRoom,Shure Model 55,,,Shure SM57 ALT (None),,,,,,,,,,,,,
SM57,Antares,Microphone,Microphone,Modeled,Modeled,Mic Mod,Shure SM57,,,Shure SM57 ALT (None),,,,,,,,,,,,,
Dynamic 57,IK Multimedia,Microphone,Microphone,Modeled,Modeled,"Amplitube, MicRoom, TONEX",Shure SM57,,,"Shure SM57 ALT (None)
Embedded in Amplitube and TONEX",,,,,,,,,,,,,
SM57,IK Multimedia,Microphone,Microphone,Modeled,Modeled,TONEX,Shure SM57,,,Embedded in TONEX,,,,,,,,,,,,,
57 Dynamic,Line 6,Microphone,Microphone,"Guitar, Modeled, Bass","Bass, Guitar, Modeled",Helix Native,Shure SM57,,,Embedded in Helix Native,,,,,,,,,,,,,
SM57,Positive Grid,Microphone,Microphone,Modeled,Modeled,BIAS FX 2,Shure SM57,,,Embedded in BIAS FX,,,,,,,,,,,,,
Dyn-57,Universal Audio,Microphone,Microphone,Modeled,Modeled,Fender Tweed Deluxe,Shure SM57,,Unidyne III model,Embedded in Fender Tweed Deluxe,,,,,,,,,,,,,
DN-57,Universal Audio,Microphone,Microphone,Modeled,Modeled,"Hemisphere, Sphere",Shure SM57,,,Shure SM57 TOP,,,,,,,,,,,,,
OW-57U3,Universal Audio,Microphone,Microphone,Modeled,Modeled,Ocean Way,Shure SM57,,Unidyne III capsule. (Based on late 60s release),Shure SM57 ALT (None),,,,,,,,,,,,,
SM57,Universal Audio,Microphone,Microphone,Modeled,Modeled,Ocean Way Studios,Shure SM57,,,Embedded in Ocean Way Studios,,,,,,,,,,,,,
Dyn 57,Waves,Microphone,Microphone,Modeled,Modeled,GTR Amp,Shure SM57,,,Embedded in GTR ,,,,,,,,,,,,,
SM58,Antares,Microphone,Microphone,Modeled,Modeled,Mic Mod,Shure SM58,,,Shure SM58 ALT (Tone),,,,,,,,,,,,,
Dynamic 58,IK Multimedia,Microphone,Microphone,Modeled,Modeled,MicRoom,Shure SM58,,,Shure SM58 TOP,,,,,,,,,,,,,
SM7A,Antares,Microphone,Microphone,Modeled,Modeled,Mic Mod,Shure SM7A,,,,,,,,,,,,,,,,
7 Dynamic,Line 6,Microphone,Microphone,"Guitar, Modeled, Bass","Bass, Guitar, Modeled",Helix Native,Shure SM7B,,,Embedded in Helix Native,,,,,,,,,,,,,
DN-7,Universal Audio,Microphone,Microphone,Modeled,Modeled,"Hemisphere, Sphere",Shure SM7B,,,Shure SM7B TOP,,,,,,,,,,,,,
Shure SM80,Universal Audio,Microphone,Microphone,Modeled,Modeled,Capitol Chambers,Shure SM80,,(current installation at Capitol Chambers since 80s),Embedded in Capitol Chambers,,,,,,,,,,,,,
SM81,Antares,Microphone,Microphone,Modeled,Modeled,Mic Mod,Shure SM81,,,,,,,,,,,,,,,,
SM98A,Antares,Microphone,Microphone,Modeled,Modeled,Mic Mod,Shure SM98A,,,,,,,,,,,,,,,,
VP88,Antares,Microphone,Microphone,Modeled,Modeled,Mic Mod,Shure VP88,,,,,,,,,,,,,,,,
Sie-Q,Soundtoys,EQ,EQ,Modeled,Modeled,,Siemens W295b,,,,,Plugin,"AU, VST3",5.5.4.18982,,,,,,,,,
Acme Case Speaker,Waves,Amp & Cab,Amp & Cab,"Guitar, Modeled","Guitar, Modeled",GTR Amp,Silvertone 1457,,1x8 CAB Jensen C8R,,,,,,,,,,,,,,
Hyde Street Amp Locker,IK Multimedia,Amp & Cab,Amp & Cab,"Guitar, Modeled","Guitar, Modeled",TONEX,Silvertone 1471,Premium Tone Model (Hyde Street),"1x8 (Combo)
Budda 2x12 Open Back",,,,,,,,,,,,,,
SilverTwelve,IK Multimedia,Amp & Cab,Amp & Cab,"Guitar, Modeled","Guitar, Modeled",Amplitube,Silvertone Twin Twelve 1484,Electric Gypsy Collection,(clean),Silvertone Twin Twelve 1484 ALT (Tone),,,,,,,,,,,,,
2x12 Mail C12Q,Line 6,Amp & Cab,Amp & Cab,"Guitar, Modeled","Guitar, Modeled",Helix Native,Silvertone Twin Twelve 1484,,2x12 CAB Jensen C12Q ,,,,,,,,,,,,,,
Mail Order Twin,Line 6,Amp & Cab,Amp & Cab,"Guitar, Modeled","Guitar, Modeled",Helix Native,Silvertone Twin Twelve 1484,,,Silvertone Twin Twelve 1484 TOP,,,,,,,,,,,,,
SLO 4x12,Positive Grid,Amp & Cab,Amp & Cab,"Guitar, Modeled","Guitar, Modeled","BIAS Amp 2, BIAS FX 2",Soldano 4x12 Slant Classic,Remaster Series - CAB,,,,,,,,,,,,,,,
SLD 100,IK Multimedia,Amp & Cab,Amp & Cab,"Guitar, Modeled","Guitar, Modeled",Amplitube,Soldano SLO-100,Amplitube Collection,(high-gain),Soldano SLO-100 ALT (Tone),,,,,,,,,,,,,
"Metal Gems
SLO (Amplitube)",IK Multimedia,Amp & Cab,Amp & Cab,"Guitar, Modeled","Guitar, Modeled",TONEX,Soldano SLO-100,"Premium Tone Model (Metal Gems) 
SLO","Johnson J412V (2 x G12-50GL; 2 x Vintage 30)
Johnson J412V (4 x G12-50GL)
Marshall 1960A 4x12 (2 x Classic Lead 80; 2 x G12H100) 
Marshall 1960A 4x12 (2 x G12-65 T3054; 2 x G12-65 T3120) 
Marshall 1960A 4x12  (2 x G12H-75 Creambacks; 2 x EVM12L)
Marshall 1960B 4x12 (2 x GM Greenback; 2 x JBL D120F)
Marshall 1960B 4x12 (2 x GM Greenback T4437; 2 x GM Greenback T1220)
Mesa/Boogie 2x12 Horizontal Rectifier Cabinet",Soldano SLO-100 ALT (Tone),,,,,,,,,,,,,
"Modern Boutique
SLO (Amplitube)",IK Multimedia,Amp & Cab,Amp & Cab,"Guitar, Modeled","Guitar, Modeled",TONEX,Soldano SLO-100,"Premium Tone Model
SLO","Marshall 1960BV 4x12
Mesa/Boogie 4x12 Rectifier Standard Straight Cabinet
Orange PPC412",Soldano SLO-100 ALT (Tone),,,,,,,,,,,,,
SLO (Amplitube),IK Multimedia,Amp & Cab,Amp & Cab,"Guitar, Modeled","Guitar, Modeled",TONEX,Soldano SLO-100,"Premium Tone Model
SLO",Johnson J412V,Soldano SLO-100 ALT (Tone),,,,,,,,,,,,,
"Solo Lead Clean
Solo Lead Crunch
Solo Lead OD",Line 6,Amp & Cab,Amp & Cab,"Guitar, Modeled","Guitar, Modeled",Helix Native,Soldano SLO-100,,"3 Models/Channels (clean, crunch, overdrive)",Soldano SLO-100 TOP,,,,,,,,,,,,,
Soldano SLO-100 X,Neural DSP,Amp & Cab,Amp & Cab,"Guitar, Modeled","Guitar, Modeled",,Soldano SLO-100,,"Pre-FX (Compressor, 2 x Overdrive, Chorus) Cab (Mic, Room Reverb), 9-band EQ, HPF/LPF cut, PostFX (Delay, Reverb), Input Gate, Doubler",Soldano SLO-100 TOP,,"Plugin, Standalone","AU, VST3",1.0.0,,,,,,,,,
"SLO 100
SLO 100 v2",Positive Grid,Amp & Cab,Amp & Cab,"Guitar, Modeled","Guitar, Modeled",BIAS Amp 2,Soldano SLO-100,,(Hi Gain) 4x12 Green 25s ,Deprecated by BIAS X,,,,,,,,,,,,,
SLO100 CH,Positive Grid,Amp & Cab,Amp & Cab,"Guitar, Modeled","Guitar, Modeled",BIAS Amp 2,Soldano SLO-100,,(Crunch) 4x12 Celestion V30s ,Deprecated by BIAS X,,,,,,,,,,,,,
SLO100 GY,Positive Grid,Amp & Cab,Amp & Cab,"Guitar, Modeled","Guitar, Modeled",BIAS Amp 2,Soldano SLO-100,,(Glassy) 2x12 Black Duo ,Deprecated by BIAS X,,,,,,,,,,,,,
SLO100 HG,Positive Grid,Amp & Cab,Amp & Cab,"Guitar, Modeled","Guitar, Modeled",BIAS Amp 2,Soldano SLO-100,,"(Hi Gain) 
(ch1) 4x12 OR V-30s
(ch2) Orange PPC412",Deprecated by BIAS X,,,,,,,,,,,,,
SLO100 MT,Positive Grid,Amp & Cab,Amp & Cab,"Guitar, Modeled","Guitar, Modeled",BIAS Amp 2,Soldano SLO-100,,(Channel 2) (Metal) 4x12 Green 25s ,Deprecated by BIAS X,,,,,,,,,,,,,
SLO,Positive Grid,Amp & Cab,Amp & Cab,"Guitar, Modeled","Guitar, Modeled",BIAS FX 2,Soldano SLO-100,Remaster Series - HIGH GAIN,4x12,Deprecated by BIAS X,,,,,,,,,,,,,
SLO,Positive Grid,Amp & Cab,Amp & Cab,"Guitar, Modeled","Guitar, Modeled",BIAS X,Soldano SLO-100,American Series - High-Gain/Distortion,4x12 SLO,Soldano SLO-100 ALT (Tone),,,,,,,,,,,,,
"Joe Satriani Amp Vault
Js SLO (Amplitube)",IK Multimedia,Amp & Cab,Amp & Cab,"Guitar, Modeled","Guitar, Modeled",TONEX,Soldano SLO-30,"Premium Tone Model (Joe Satriani) 
JS SLO","Marshall 1960A ""Stain"" 4x12 ",,,,,,,,,,,,,,
"SLO SP-88
SLO SP-88 v2",Positive Grid,Amp & Cab,Amp & Cab,"Guitar, Modeled","Guitar, Modeled","BIAS Amp 2, BIAS FX 2",Soldano SP77,Legacy Series - HIGH GAIN,(Metal) 4x12 Celest T-75s,,,,,,,,,,,,,,
Master EQ-432,IK Multimedia,EQ,EQ,"Mastering, Modeled","Mastering, Modeled",,Sontec MES-432C,T-Racks,,,,Plugin,"AU, VST3",6.3.0,,,,,,,,,
Sony C37A,Universal Audio,Microphone,Microphone,Modeled,Modeled,Capitol Chambers,Sony C37A,,,Embedded in Capitol Chambers,,,,,,,,,,,,,
BP-37A,Universal Audio,Microphone,Microphone,Modeled,Modeled,Putnam,Sony C37A,,,Sony C37A ALT (Tone),,,,,,,,,,,,,
LD-37A,Universal Audio,Microphone,Microphone,Modeled,Modeled,Sphere,Sony C37A,,,Sony C37A TOP,,,,,,,,,,,,,
C37P,Antares,Microphone,Microphone,Modeled,Modeled,Mic Mod,Sony C37P,,,Sony C37P ALT (Tone),,,,,,,,,,,,,
LD-37P,Universal Audio,Microphone,Microphone,Modeled,Modeled,Sphere,Sony C37P,,,Sony C37P TOP,,,,,,,,,,,,,
C48,Antares,Microphone,Microphone,Modeled,Modeled,Mic Mod,Sony C48,,,,,,,,,,,,,,,,
OW-55,Universal Audio,Microphone,Microphone,Modeled,Modeled,Ocean Way,Sony C55P,,,,,,,,,,,,,,,,
C800G,Antares,Microphone,Microphone,Modeled,Modeled,Mic Mod,Sony C800G,,,Sony C800G TOP ALT (Tone),,,,,,,,,,,,,
LD-800,Universal Audio,Microphone,Microphone,Modeled,Modeled,"Hemisphere, Sphere",Sony C800G,,,Sony C800G TOP,,,,,,,,,,,,,
OW-800,Universal Audio,Microphone,Microphone,Modeled,Modeled,Ocean Way,Sony C800G (Prototype),,,Sony C800G TOP ALT (Tone - Prototype),,,,,,,,,,,,,
Oxford Limiter,Universal Audio,Dynamics,Dynamics,Modeled,Modeled,,Sony Oxford OXF-R3,Sonnex (Modeled by) ,"limiting w/ maximum loudness, density and presence",,,Plugin,UAD-2,4.02.0[1907],,,,,,,,,
Oxford SuprEsser DS,Universal Audio,Dynamics,Dynamics,Modeled,Modeled,,Sony Oxford OXF-R3,Sonnex (Modeled by) ,RT de-essing (tailored for LIVE sound),,,Plugin,UAD-2,4.02.0[1907],,,,,,,,,
Oxford Dynamic EQ,Universal Audio,"Dynamics, EQ","Dynamics, EQ",Modeled,Modeled,,Sony Oxford OXF-R3,Sonnex (Modeled by) ,Compression/Expansion,,,Plugin,UAD-2,2.02.0[1907],,,,,,,,,
Oxford Envolution,Universal Audio,"Dynamics, EQ","Dynamics, EQ",Modeled,Modeled,,Sony Oxford OXF-R3,Sonnex (Modeled by) ,transient and sustain control; envelope shaping,,,Plugin,UAD-2,2.02.0[1907],,,,,,,,,
Oxford EQ,Universal Audio,EQ,EQ,Modeled,Modeled,,Sony Oxford OXF-R3,Sonnex (Modeled by) ,5-band PEQ,,,Plugin,UAD-2,4.02.0[1907],,,,,,,,,
Oxford Inflator,Universal Audio,Harmonic Coloration,Harmonic Coloration,Modeled,Modeled,,Sony Oxford OXF-R3,Sonnex (Modeled by) ,sonic enhancement,,,Plugin,UAD-2,4.02.0[1907],,,,,,,,,
Plexi Guard (Amplitube),IK Multimedia,Amp & Cab,Amp & Cab,"Guitar, Modeled","Guitar, Modeled",TONEX,Sound City Custom Build Mk III,"Premium Tone Model
Plexi Guard","Marshall 2054 1x15  [NOTE: Listed as Model 2056. TIt was a 2x15 Cab]
Marshall 2065 1x15 [Marshall Vintage]",,,,,,,,,,,,,,
Sound City Studios,Universal Audio,Reverb & Room,Reverb & Room,Modeled,Modeled,,Sound City Studios Studio A,,,,,Plugin,UADx,1.0.8,,,,,,,,,
U95S,Antares,Microphone,Microphone,Modeled,Modeled,Mic Mod,Soundelux U95S,,,,,,,,,,,,,,,,
LD-017T,Universal Audio,Microphone,Microphone,Modeled,Modeled,Sphere,Soyuz 017 Tube,,,,,,,,,,,,,,,,
SPL Vitalizer MK2-T,Universal Audio,"Dynamics, EQ, Spatial Imaging, Harmonic Coloration","Dynamics, EQ, Harmonic Coloration, Spatial Imaging",Modeled,Modeled,,SPL Stereo Vitalizer Mk2-T,,,,superceded by SPL Vitalizer Mk3-T,Plugin,UAD-2,1.4.5,,,,,,,,,
Transient Master,Native Instruments,Dynamics,Dynamics,Modeled,Modeled,Guitar Rig 7,SPL Transient Designer,,,"SPL Transient Designer ALT (Tone)
Embedded in Guitar Rig",,Plugin,"AU, VST3",1.4.11,,,,,,,,,
SPL Transient Designer,Universal Audio,Dynamics,Dynamics,Modeled,Modeled,,SPL Transient Designer,,,SPL Transient Designer TOP,,Plugin,UAD-2,11.8.1,,,,,,,,,
SPL TwinTube,Universal Audio,Harmonic Coloration,Harmonic Coloration,Modeled,Modeled,,SPL TwinTube,,,,,Plugin,UAD-2,1.6.1,,,,,,,,,
SPL Vitalizer MK3-T,Universal Audio,"Dynamics, EQ, Spatial Imaging, Harmonic Coloration","Dynamics, EQ, Harmonic Coloration, Spatial Imaging",Modeled,Modeled,,SPL Vitalizer Mk3-T,,,,,Plugin,UAD-2,1.0,,,,,,,,,
British Dynamics,IK Multimedia,Dynamics,Dynamics,Modeled,Modeled,MixBox,SSL 4000E Channel Strip,,Dynamics Only,SSL 4000E ALT (Dynamics Only) ,,,,,,,,,,,,,
British EQ,IK Multimedia,EQ,EQ,Modeled,Modeled,MixBox,SSL 4000E Channel Strip,,EQ Only,SSL 4000E ALT (EQ Only) ,,,,,,,,,,,,,
British Channel,IK Multimedia,"Preamps, Dynamics, EQ","Dynamics, EQ, Preamps","Channel Strip, REMOVE","Channel Strip, REMOVE",,SSL 4000E Channel Strip,T-Racks,,SSL 4000E ALT (Tone) ,,Plugin,"AU, VST3",6.3.0,,,,,,,,,
Solid Dynamics,Native Instruments,Dynamics,Dynamics,Modeled,Modeled,Guitar Rig 7,SSL 4000E Channel Strip,,"Compression, Expansion and Gating from SSL E Series","SSL 4000E ALT (Dynamics Only)
Embedded in Guitar Rig",,Plugin,"AU, VST3",1.4.11,,,,,,,,,
Solid EQ,Native Instruments,EQ,EQ,Modeled,Modeled,Guitar Rig 7,SSL 4000E Channel Strip,,"Clean, 4-band EQ from SSL E Series","SSL 4000E ALT (EQ Only)
Embedded in Guitar Rig",,Plugin,"AU, VST3",1.4.11,,,,,,,,,
SSL E Channel Strip Legacy,Universal Audio,"Dynamics, EQ, Preamps","Dynamics, EQ, Preamps","Modeled, LOW DSP","LOW DSP, Modeled",,SSL 4000E Channel Strip,,Modeled off of 82E10 Rev12 Console,SSL 4000E ALT (Low DSP) ,LOW DSP,Plugin,UAD-2,11.8.1,,,,,,,,,
SSL E Channel Strip,Universal Audio,"Dynamics, EQ, Preamps","Dynamics, EQ, Preamps",Modeled,Modeled,,SSL 4000E Channel Strip,,Modeled off of 82E10 Rev12 Console,SSL 4000E TOP,,Plugin,UAD-2,"11.8.1 (UAD-2)
1.0.5 (UADx)",,,,,,,,,
4K Channel Strip,Universal Audio,Preamps,Preamps,"Deprecated, Modeled","Deprecated, Modeled",,SSL 4000E Channel Strip,,,SSL 4000E ALT DNU,"superceded by ""SSL E Channel Strip Legacy""",Plugin,UAD-2,11.8.1,,,,,,,,,
SSL Channel,Waves,"Preamps, Dynamics, EQ","Dynamics, EQ, Preamps","Channel Strip, Modeled, LOW DSP, REMOVE","Channel Strip, LOW DSP, Modeled, REMOVE",,SSL 4000E Channel Strip,,Black Knob EQ,SSL 4000E ALT (Low DSP) ,LOW DSP,Plugin,AU,16.7.33,,,,,,,,,
SSL EV2 Channel,Waves,"Preamps, Dynamics, EQ","Dynamics, EQ, Preamps","Channel Strip, Modeled","Channel Strip, Modeled",,SSL 4000E Channel Strip,,Brown and Black Knob EQ,SSL 4000E TOP,,Plugin,AU,16.7.33,,,,,,,,,
Bus Compressor,IK Multimedia,Dynamics,Dynamics,"Mastering, Modeled","Mastering, Modeled",MixBox,SSL 4000G Bus Compressor,T-Racks,,"SSL 4000G Bus Compressor ALT (Tone)
Embedded in MixBox",,Plugin,"AU, VST3",6.3.0,,,,,,,,,
Solid Bus Comp,Native Instruments,Dynamics,Dynamics,"Mastering, Modeled","Mastering, Modeled",Guitar Rig 7,SSL 4000G Bus Compressor,,,"SSL 4000G Bus Compressor DNU
Embedded in Guitar Rig",,Plugin,"AU, VST3",1.4.11,,,,,,,,,
SSL G Bus Compressor Legacy,Universal Audio,Dynamics,Dynamics,"Mastering, Modeled, LOW DSP","LOW DSP, Mastering, Modeled",,SSL 4000G Bus Compressor,,,SSL 4000G Bus Compressor ALT (Low DSP),LOW DSP,Plugin,UAD-2,11.8.1,,,,,,,,,
4K Buss Compressor,Universal Audio,Dynamics,Dynamics,Modeled,Modeled,,SSL 4000G Bus Compressor,,,SSL 4000G Bus Compressor DNU,"superceded by ""SSL G BUS Compressor Legacy""",Plugin,UAD-2,11.8.1,,,,,,,,,
SSL G Bus Compressor,Universal Audio,Dynamics,Dynamics,"Mastering, Modeled","Mastering, Modeled",,SSL 4000G Bus Compressor,,,SSL 4000G Bus Compressor TOP,,Plugin,UAD-2,"11.8.1 (UAD-2)
1.0.5 (UADx)",,,,,,,,,
SSL Comp,Waves,Dynamics,Dynamics,"Mastering, Modeled","Mastering, Modeled",,SSL 4000G Bus Compressor,,,SSL 4000G Bus Compressor TOP,,Plugin,AU,16.7.33,,,,,,,,,
SSL G Channel,Waves,"Preamps, Dynamics, EQ","Dynamics, EQ, Preamps","Channel Strip, Modeled","Channel Strip, Modeled",,SSL 4000G Channel Strip,,,SSL 4000G Channel TOP,,Plugin,AU,16.7.33,,,,,,,,,
White Channel,IK Multimedia,"Preamps, EQ, Dynamics","Dynamics, EQ, Preamps",Modeled,Modeled,,SSL 9000,T-Racks,,,,Plugin,"AU, VST3",6.3.0,,,,,,,,,
SSL EQ,Waves,EQ,EQ,Modeled,Modeled,,SSL EQ292,,,,,Plugin,AU,16.7.33,,,,,,,,,
Tape Wobble,IK Multimedia,"Delay, Reverb & Room","Delay, Reverb & Room","Guitar, Modeled, Stomp","Guitar, Modeled, Stomp",Amplitube,Strymon Deco,,,,,,,,,,,,,,,,
Double Red,IK Multimedia,Harmonic Coloration,Harmonic Coloration,"Guitar, Modeled, Stomp","Guitar, Modeled, Stomp",TONEX,Strymon Sunset,Double Red,,,,,,,,,,,,,,,
Tape Machine 80,IK Multimedia,Harmonic Coloration,Harmonic Coloration,Modeled,Modeled,,Studer A80 Mk II,T-Racks,,,,Plugin,"AU, VST3",6.3.0,,,,,,,,,
Studer A800,Universal Audio,Harmonic Coloration,Harmonic Coloration,Modeled,Modeled,,Studer A800,,,,,Plugin,"UAD-2, UADx","11.8.1 (UAD-2)
1.5.17 (UADx) 1.2.2 (UADx - Luna)",,,,,,,,,
Ozone 12 Vintage Tape,iZotope,Harmonic Coloration,Harmonic Coloration,"Mastering, Modeled","Mastering, Modeled",,Studer A810,Ozone,,,,Plugin,"AU, VST3",12.1.0,,,,,,,,,
Abbey Road J37 Tape,Waves,Harmonic Coloration,Harmonic Coloration,Modeled,Modeled,,Studer J37,,,,,Plugin,AU,16.7.33,,,,,,,,,
Tape Machine 99,IK Multimedia,Harmonic Coloration,Harmonic Coloration,"Mastering, Modeled","Mastering, Modeled",,Studer Revox PR99 Mk II,T-Racks,,,,Plugin,"AU, VST3",6.3.0,,,,,,,,,
Xenomorph Fuzz,Line 6,Harmonic Coloration,Harmonic Coloration,"Guitar, Modeled, Stomp","Guitar, Modeled, Stomp",Helix Native,Subdecay Harmonic Antagonizer,,,,,,,,,,,,,,,,
Suhr PT100,Universal Audio,Amp & Cab,Amp & Cab,"Guitar, Modeled","Guitar, Modeled",,Suhr PT100,Brainworx (Modeled by) ,,,,Plugin,UAD-2,1.0.1,,,,,,,,,
Suhr SE100,Universal Audio,Amp & Cab,Amp & Cab,"Guitar, Modeled","Guitar, Modeled",,Suhr SE100,Brainworx (Modeled by) ,,,,Plugin,UAD-2,1.0.1,,,,,,,,,
Summit Audio TLA-100A,Universal Audio,Dynamics,Dynamics,Modeled,Modeled,,Summit Audio TLA-100A,Softube (Modeled by),,,,Plugin,UAD-2,2.5.47 (u78 5c8a3f4f),,,,,,,,,
JH 1200,IK Multimedia,Amp & Cab,Amp & Cab,"Guitar, Modeled","Guitar, Modeled",Amplitube,Sunn 1200S,Electric Gypsy Collection,(clean),,,,,,,,,,,,,,
"Sunn 300T
Sunny 3000",Positive Grid,Amp & Cab,Amp & Cab,"Bass, Modeled","Bass, Modeled","BIAS Amp 2, BIAS FX 2",Sunn 300T,Legacy Series - BASS,6x10 Bass Blue,,,,,,,,,,,,,,
1x12 Del Sol,Line 6,Amp & Cab,Amp & Cab,"Guitar, Modeled","Guitar, Modeled",Helix Native,Sunn Coliseum 300,Legacy,1x12 CAB,,,,,,,,,,,,,,
1x18 Del Sol,Line 6,Amp & Cab,Amp & Cab,"Guitar, Modeled","Guitar, Modeled",Helix Native,Sunn Coliseum 300,Legacy,1x18 CAB,,,,,,,,,,,,,,
Del Sol 300,Line 6,Amp & Cab,Amp & Cab,"Bass, Modeled","Bass, Modeled",Helix Native,Sunn Coliseum 300,,,,,,,,,,,,,,,,
"Moo)))N T Brt
Moo)))N T Jump
Moo)))N T Nrm",Line 6,Amp & Cab,Amp & Cab,"Guitar, Modeled","Guitar, Modeled",Helix Native,Sunn Model T,,"3 Models/Channels (normal, bright, jumped)",,,,,,,,,,,,,,
Sunset Plates,IK Multimedia,Reverb & Room,Reverb & Room,Modeled,Modeled,MixBox,"Sunset Sound Studios Hollywood, CA",Sunset Studios,,,Based on Plate Reverbs 1 and 2 from Sunset Sound Studios. Two different plate reverb models switchable within the module.,,,,,,,,,,,,
Sunset Chamber,IK Multimedia,Reverb & Room,Reverb & Room,Modeled,Modeled,MixBox,"Sunset Sound Studios Hollywood, CA",Sunset Studios,,,Based on the chamber reverb located in Studio 1 of Sunset Sound Studios. A chamber style reverb with strong ambience and generous reverberation times.,,,,,,,,,,,,
Sunset ISO Booth,IK Multimedia,Reverb & Room,Reverb & Room,Modeled,Modeled,MixBox,"Sunset Sound Studios Hollywood, CA",Sunset Studios,,,Based on the ISO Booth of Studio 1 of Sunset Sound Studios. Instant ambiance with shorter decay times.,,,,,,,,,,,,
Sunset Live Room,IK Multimedia,Reverb & Room,Reverb & Room,Modeled,Modeled,MixBox,"Sunset Sound Studios Hollywood, CA",Sunset Studios,,,Based on the Live Room of Studio 1 of Sunset Sound Studios. A room reverberation sound for realistic ambience.,,,,,,,,,,,,
Sunset Spring,IK Multimedia,Reverb & Room,Reverb & Room,Modeled,Modeled,MixBox,"Sunset Sound Studios Hollywood, CA",Sunset Studios,,,Based on the Spring Reverb unit in Sunset Sound Studios. Spring reverbs create an artificial reverb by connecting a transducer and pickup on either end of a mechanical spring.,,,,,,,,,,,,
"Vintage & Lo-Fi
Oldie (Amplitube)",IK Multimedia,Amp & Cab,Amp & Cab,"Guitar, Modeled","Guitar, Modeled",TONEX,Supro 1624T Dual-Tone,"Premium Tone Model
Oldie
Vintage & Lo-FI",2x10,,,,,,,,,,,,,,
Soup Pro Ellipse,Line 6,Amp & Cab,Amp & Cab,"Guitar, Modeled","Guitar, Modeled",Helix Native,Supro S6616,,1x6x9,,,,,,,,,,,,,,
Soup Pro,Line 6,Amp & Cab,Amp & Cab,"Guitar, Modeled","Guitar, Modeled",Helix Native,Supro S6616,,,,,,,,,,,,,,,,
Oldie (Amplitube),IK Multimedia,Amp & Cab,Amp & Cab,"Guitar, Modeled","Guitar, Modeled",TONEX,Supro Valco 50s,"Premium Tone Model
Oldie",Mesa/Boogie 2x12 Horizontal Rectifier Cabinet,,,,,,,,,,,,,,
4x10+tw Bass,IK Multimedia,Amp & Cab,Amp & Cab,"Bass, Modeled","Bass, Modeled",Amplitube,SWR Goliath III,Amplitube Collection,4x10 CAB,,,,,,,,,,,,,,
Moller,IK Multimedia,Harmonic Coloration,Harmonic Coloration,"Guitar, Modeled, Stomp","Guitar, Modeled, Stomp",Amplitube,T-Rex Moller,T-Rex Collection,,T-Rex Moller ALT (Tone),,,,,,,,,,,,,
XR Green,IK Multimedia,Harmonic Coloration,Harmonic Coloration,"Guitar, Modeled, Stomp","Guitar, Modeled, Stomp",TONEX,T-Rex Moller,,,T-Rex Moller TOP,,,,,,,,,,,,,
Mudhoney,IK Multimedia,Harmonic Coloration,Harmonic Coloration,"Guitar, Modeled, Stomp","Guitar, Modeled, Stomp",Amplitube,T-Rex Mudhoney,T-Rex Collection,,T-Rex Mudhoney ALT (Tone),,,,,,,,,,,,,
PRODrive Yellow,IK Multimedia,Harmonic Coloration,Harmonic Coloration,"Guitar, Modeled, Stomp","Guitar, Modeled, Stomp",TONEX,T-Rex Mudhoney,PRODrive Yellow,,T-Rex Mudhoney TOP,,,,,,,,,,,,,
Replica,IK Multimedia,Delay,Delay,"Guitar, Modeled, Stomp","Guitar, Modeled, Stomp",Amplitube,T-Rex Replica,T-Rex Collection,,,,,,,,,,,,,,,
Large Vintage Ribbon,Antares,Microphone,Microphone,Modeled,Modeled,Mic Mod,Tannoy Large Vintage Ribbon,,,,,,,,,,,,,,,,
Small Vintage Ribbon,Antares,Microphone,Microphone,Modeled,Modeled,Mic Mod,Tannoy Small Vintage Ribbon,,,,,,,,,,,,,,,,
TASCAM 388,IK Multimedia,Harmonic Coloration,Harmonic Coloration,Modeled,Modeled,,TASCAM 388 Studio 8,T-Racks,,,,Plugin,"AU, VST3",6.3.0,,,,,,,,,
Tape Cassette,IK Multimedia,Harmonic Coloration,Harmonic Coloration,Modeled,Modeled,"Amplitube, MixBox",Tascam Ministudio Porta One,Amplitube Collection,,Standalone; Embedded in Amplitube and MixBox.,,,,,,,,,,,,,
TASCAM Porta One,IK Multimedia,Harmonic Coloration,Harmonic Coloration,Modeled,Modeled,,Tascam Ministudio Porta One,T-Racks,,Tascam Ministudio Porta One TOP,,Plugin,"AU, VST3",6.3.0,,,,,,,,,
Ducked Delay,Line 6,Delay,Delay,"Guitar, Modeled, Stomp","Guitar, Modeled, Stomp",Helix Native,TC Electronic 2290,,,TC Electronic 2290 TOP,,,,,,,,,,,,,
Dynamic,Line 6,Delay,Delay,"Guitar, Modeled, Stomp","Guitar, Modeled, Stomp",Helix Native,TC Electronic 2290,Legacy,,TC Electronic 2290 ALT (Tone),,,,,,,,,,,,,
Ping Pong,Line 6,Delay,Delay,"Guitar, Modeled, Stomp","Guitar, Modeled, Stomp",Helix Native,TC Electronic 2290,Legacy,,TC Electronic 2290 ALT (Tone),,,,,,,,,,,,,
Mega-Tap HD,Positive Grid,Delay,Delay,Modeled,Modeled,BIAS FX 2,TC Electronic 2290,,(Rack),Deprecated by BIAS X,,,,,,,,,,,,,
MegaTap,Positive Grid,Delay,Delay,Modeled,Modeled,BIAS X,TC Electronic 2290,,(Rack - Digital Delay) ,TC Electronic 2290 ALT (Tone),,,,,,,,,,,,,
Digital Delay,Universal Audio,Delay,Delay,Modeled,Modeled,Paradise Guitar Studio,TC Electronic 2290,,,TC Electronic 2290 TOP,"Pristine, mirror-image repeats with dynamic, shimmering modulation effects. Lots of options to filter, sync, and tweak your echoes. Enable Sync to add dual time offsets like 1/4 + 1/8 in stereo. Use the low and high cut filters for creative delay washes. For example, create a dark atmosphere by setting Low Cut to minimum and High Cut in the 300-400 Hz range.   
For long repeat trails without runaway, you can set Feedback as high as 100%. Unlike analog delay models, Digital Delay never goes into self-oscillation.",,,,,,,,,,,,
S-Booster,Positive Grid,"Harmonic Coloration, EQ","EQ, Harmonic Coloration","Guitar, Modeled, Stomp","Guitar, Modeled, Stomp",BIAS FX 2,TC Electronic Spark Booster,,(Pedal),Deprecated by BIAS X,,,,,,,,,,,,,
Ignite,Positive Grid,"Harmonic Coloration, EQ","EQ, Harmonic Coloration","Guitar, Modeled, Stomp","Guitar, Modeled, Stomp",BIAS X,TC Electronic Spark Booster,,(Pedal - Clean Boost) ,,,,,,,,,,,,,,
TEAC A-3340S,IK Multimedia,Harmonic Coloration,Harmonic Coloration,Modeled,Modeled,,TEAC A-3340S,T-Racks,,,,Plugin,"AU, VST3",6.3.0,,,,,,,,,
TEAC A-6100 MKII,IK Multimedia,Harmonic Coloration,Harmonic Coloration,Modeled,Modeled,,TEAC A-6100 MKII,T-Racks,,,,Plugin,"AU, VST3",6.3.0,,,,,,,,,
Tonex Pedal,IK Multimedia,Harmonic Coloration,Harmonic Coloration,"Bass, Modeled, Stomp","Bass, Modeled, Stomp",TONEX,Tech 21 DP-3X,TONEX Pedal,,,,,,,,,,,,,,,
Tonex Pedal,IK Multimedia,Preamps,Preamps,"Bass, Modeled, Stomp","Bass, Modeled, Stomp",TONEX,Tech 21 SansAmp Bass Driver DI,TONEX Pedal,,Tech 21 SansAmp Bass Driver DI ALT (Tone),,,,,,,,,,,,,
ZeroAmp Bass DI,Line 6,Preamps,Preamps,"Bass, Modeled, Stomp","Bass, Modeled, Stomp",Helix Native,Tech 21 SansAmp Bass Driver DI,,,Tech 21 SansAmp Bass Driver DI TOP,,,,,,,,,,,,,
Tonex Pedal,IK Multimedia,Harmonic Coloration,Harmonic Coloration,"Bass, Modeled, Stomp","Bass, Modeled, Stomp",TONEX,Tech 21 SH1,TONEX Pedal,,,,,,,,,,,,,,,
PRODrive Black,IK Multimedia,Harmonic Coloration,Harmonic Coloration,"Bass, Modeled, Stomp","Bass, Modeled, Stomp",TONEX,Tech 21 YYZ,PRODrive Black,,,,,,,,,,,,,,,
"Checkmate
Checkmate 20",Positive Grid,Amp & Cab,Amp & Cab,"Guitar, Modeled","Guitar, Modeled","BIAS Amp 2, BIAS FX 2",Teisco Checkmate 20,Legacy Series - CRUNCH,(Blues) 1x12 Tweed Lux ,,,,,,,,,,,,,,
ELA M 251,Antares,Microphone,Microphone,Modeled,Modeled,Mic Mod,Telefunken ELA M 251,,,Telefunken ELA M 251 ALT (Tone),,,,,,,,,,,,,
BP-251A,Universal Audio,Microphone,Microphone,Modeled,Modeled,Putnam,Telefunken ELA M 251,,,Telefunken ELA M 251 TOP,,,,,,,,,,,,,
LD-251,Universal Audio,Microphone,Microphone,Modeled,Modeled,"Hemisphere, Sphere",Telefunken ELA M 251E,,,Telefunken ELA M 251E TOP,,,,,,,,,,,,,
BP-251E,Universal Audio,Microphone,Microphone,Modeled,Modeled,Putnam,Telefunken ELA M 251E,,,Telefunken ELA M 251E ALT (Tone),,,,,,,,,,,,,
U-47,Antares,Microphone,Microphone,Modeled,Modeled,Mic Mod,Telefunken U47,,Modeled w/ Original Tube,,,,,,,,,,,,,,
V76 Preamp,Universal Audio,Preamps,Preamps,Modeled,Modeled,,Telefunken V76,,,,,Plugin,UAD-2,11.8.1,,,,,,,,,
White 2A,IK Multimedia,Dynamics,Dynamics,Modeled,Modeled,"Amplitube, MixBox",Teletronix LA-2A,"Amplitube Collection
T-Racks",,"Teletronix LA-2A ALT (Tone)
Embedded in Amplitube and MixBox",,Plugin,"AU, VST3",6.3.0,,,,,,,,,
LA Studio Comp,Line 6,Dynamics,Dynamics,Modeled,Modeled,Helix Native,Teletronix LA-2A,,,Embedded in Helix Native,,,,,,,,,,,,,
Tube Comp,Line 6,Dynamics,Dynamics,Modeled,Modeled,Helix Native,Teletronix LA-2A,Legacy,,Embedded in Helix Native,,,,,,,,,,,,,
VC 2A,Native Instruments,Dynamics,Dynamics,Modeled,Modeled,Guitar Rig 7,Teletronix LA-2A,Softube (Modeled by),,"Teletronix LA-2A ALT (Tone)
Embedded in Guitar Rig ",,Plugin,"AU, VST3",1.4.11,,,,,,,,,
Studio Comp,Positive Grid,Dynamics,Dynamics,Modeled,Modeled,BIAS FX 2,Teletronix LA-2A,,(Rack),Embedded in BIAS FX,,,,,,,,,,,,,
"Teletronix LA-2
LA-2 Compressor (UADx)",Universal Audio,Dynamics,Dynamics,Modeled,Modeled,,Teletronix LA-2A,,,Teletronix LA-2A TOP,gentle - slowest response for good legato tempos,Plugin,"UAD-2, UADx",11.8.1 (UAD-2); 1.3.16 (UADx),,,,,,,,,
"Teletronix LA-2A Legacy
LA-2A Tube Compressor",Universal Audio,Dynamics,Dynamics,Modeled,Modeled,,Teletronix LA-2A,,,Teletronix LA-2A ALT (Low DSP),gentle - slowest response for good legato tempos (LOW-DSP version of silver),Plugin,"UAD-2, UADx","11.8.1 (UAD-2), 1.0.8 (UADx) ",,,,,,,,,
CLA-2A,Waves,Dynamics,Dynamics,Modeled,Modeled,,Teletronix LA-2A,Chris Lord Alge,,Teletronix LA-2A ALT (Tone),,Plugin,AU,16.7.33,,,,,,,,,
"Teletronix LA-2A Gray
LA-2A Gray Compressor",Universal Audio,Dynamics,Dynamics,Modeled,Modeled,,Teletronix LA-2A (Gray),,,Teletronix LA-2A TOP Gray,gentle - medium speed compression,Plugin,"UAD-2, UADx",11.8.1 (UAD-2); 1.3.16 (UADx),,,,,,,,,
"Teletronix LA-2A Silver
LA-2A Silver Compressor",Universal Audio,Dynamics,Dynamics,Modeled,Modeled,,Teletronix LA-2A (Silver) ,,,Teletronix LA-2A TOP Silver,"gentle - fastest response. Most flexible, even for transient",Plugin,"UAD-2, UADx",11.8.1 (UAD-2); 1.3.16 (UADx),,,,,,,,,
"Teletronix LA-3A
LA-3A Compressor",Universal Audio,Dynamics,Dynamics,Modeled,Modeled,,Teletronix LA-3A,,,Teletronix LA-3A TOP,,Plugin,"UAD-2, UADx",11.8.1 (UAD-2); 1.0.15 (UADx) ,,,,,,,,,
CLA-3A,Waves,Dynamics,Dynamics,Modeled,Modeled,,Teletronix LA-3A,Chris Lord Alge,,Teletronix LA-3A ALT (Tone),,Plugin,AU,16.7.33,,,,,,,,,
Bi-Valve,IK Multimedia,Amp & Cab,Amp & Cab,"Guitar, Modeled","Guitar, Modeled",Amplitube,THD Bi-Valve 30,THD Collection,(crunch),THD Bi-Valve 30 ALT (Tone),,,,,,,,,,,,,
"Hard & Heavy
TONEX Amp Black (Amplitube) ",IK Multimedia,Amp & Cab,Amp & Cab,"Guitar, Modeled","Guitar, Modeled",TONEX,THD Bi-Valve 30,"Premium Tone Model
Hard and Heavy
TONEX Amp Black",Bogner Uberkab 4x12,THD Bi-Valve 30 TOP,,,,,,,,,,,,,
Thermionic Culture Vulture,Universal Audio,Harmonic Coloration,Harmonic Coloration,Modeled,Modeled,,Thermionic Culture Vulture,,,,,Plugin,UAD-2,11.8.1,,,,,,,,,
Tone King Imperial MKII,Neural DSP,Amp & Cab,Amp & Cab,"Guitar, Modeled","Guitar, Modeled",,Tone King Imperial MkII,,"Wah, Compressor, 2 x Overdrive, Cabsim, GEQ, Chorus, Delay, Reverb",,,"Plugin, Standalone","AU, VST3",1.0.3,,,,,,,,,
Tonelux Tilt,Universal Audio,EQ,EQ,Modeled,Modeled,,Tonelux MP1a Tilt Control,Softube (Modeled by),EQ Only,,,Plugin,UAD-2,2.5.16,,,,,,,,,
Tonelux Tilt Live,Universal Audio,EQ,EQ,"Modeled, Live Sound, REMOVE","Live Sound, Modeled, REMOVE",,Tonelux MP1a Tilt Control,Softube (Modeled by),EQ Only,,,Plugin,UAD-2,2.5.16,,,,,,,,,
4x10+tw TE Bass,IK Multimedia,Amp & Cab,Amp & Cab,"Bass, Modeled","Bass, Modeled",Amplitube,Trace Elliot 1048H,Amplitube Collection,4x10 CAB,,,,,,,,,,,,,,
Green BA250,IK Multimedia,Amp & Cab,Amp & Cab,"Bass, Modeled","Bass, Modeled",Amplitube,Trace Elliot AH250,Amplitube Collection,,,,,,,,,,,,,,,
"TE V5001
V Type 5001",Positive Grid,Amp & Cab,Amp & Cab,"Bass, Modeled","Bass, Modeled","BIAS Amp 2, BIAS FX 2",Trace Elliot V-Type 5001,Legacy Series - BASS,6x10 Bass Blue,,,,,,,,,,,,,,
Derailed Ingrid,Line 6,Amp & Cab,Amp & Cab,"Guitar, Modeled","Guitar, Modeled",Helix Native,Trainwreck Express,,,,,,,,,,,,,,,,
Trident A-Range,Universal Audio,EQ,EQ,Modeled,Modeled,,Trident A-Range,,,,,Plugin,UAD-2,11.8.1,,,,,,,,,
Tube-Tech CL 1B,Universal Audio,Dynamics,Dynamics,Modeled,Modeled,,Tube-Tech CL 1B Opto Compressor,Softube (Modeled by),,Tube-Tech CL 1B Opto Compressor ALT (Tone),superceded by MkII plugin,Plugin,UAD-2,2.5.47 (u78 5c8a3f4f),,,,,,,,,
Tube-Tech CL 1B mk II,Universal Audio,Dynamics,Dynamics,Modeled,Modeled,,Tube-Tech CL 1B Opto Compressor,Softube (Modeled by),,Tube-Tech CL 1B Opto Compressor TOP,,Plugin,UAD-2,2.5.47 (u78 5c8a3f4f),,,,,,,,,
Tube-Tech ME 1B,Universal Audio,EQ,EQ,Modeled,Modeled,,Tube-Tech ME 1B Midrange EQ,Softube (Modeled by),,,,Plugin,UAD-2,2.5.16,,,,,,,,,
Tube-Tech PE 1C,Universal Audio,EQ,EQ,Modeled,Modeled,,Tube-Tech PE 1C Program EQ,Softube (Modeled by),,,,Plugin,UAD-2,2.5.16,,,,,,,,,
Multi Comp HD,Positive Grid,Dynamics,Dynamics,Modeled,Modeled,BIAS FX 2,Tube-Tech SMC 2B,,(Rack),Deprecated by BIAS X,,,,,,,,,,,,,
BluePress,Positive Grid,Dynamics,Dynamics,Modeled,Modeled,BIAS X,Tube-Tech SMC 2B,,(Rack - Optical Compressor) ,,,,,,,,,,,,,,
Gold,Universal Audio,Amp & Cab,Amp & Cab,"Guitar, Modeled","Guitar, Modeled",Ruby 63 Top Boost,Two-Rock 1x12 Small Closed Back,,,,mic'd w/ Sennheiser MD421,,,,,,,,,,,,
Boutique D65,Universal Audio,Amp & Cab,Amp & Cab,"Guitar, Modeled","Guitar, Modeled",Dream '65 Reverb Amp,Two-Rock 2x12 Vertical,,,,mic'd w/ Shure SM57 + Royer R121,,,,,,,,,,,,
"Bi-Onyx
Two Stone Lead",Positive Grid,Amp & Cab,Amp & Cab,"Guitar, Modeled","Guitar, Modeled","BIAS Amp 2, BIAS FX 2",Two-Rock Bi-Onyx,Legacy Series - HIGH GAIN,(Lead Channel) (Hi Gain) 4x12 OR V-30s,,,,,,,,,,,,,,
Studio PRO 50 BS,Positive Grid,Amp & Cab,Amp & Cab,"Guitar, Modeled","Guitar, Modeled",BIAS Amp 2,Two-Rock Studio Pro 50,,(Blues) 1x12 Tweed Lux ,"Two Rock Studio Pro 50 ALT (Tone)
Deprecated by BIAS X",,,,,,,,,,,,,
Studio Pro 50 CN,Positive Grid,Amp & Cab,Amp & Cab,"Guitar, Modeled","Guitar, Modeled",BIAS Amp 2,Two-Rock Studio Pro 50,,(Clean) 2x12 Jazz Clean ,"Two Rock Studio Pro 50 ALT (Tone)
Deprecated by BIAS X",,,,,,,,,,,,,
Two Stone SP50,Positive Grid,Amp & Cab,Amp & Cab,"Guitar, Modeled","Guitar, Modeled",BIAS FX 2,Two-Rock Studio Pro 50,Legacy Series - CRUNCH,1x12,"Two Rock Studio Pro 50 ALT (Tone)
Deprecated by BIAS X",,,,,,,,,,,,,
Two Stone Studio,Positive Grid,Amp & Cab,Amp & Cab,"Guitar, Modeled","Guitar, Modeled",BIAS X,Two-Rock Studio Pro 50,Boutique Series - Low-Gain/Clean,,Two Rock Studio Pro 50 TOP,,,,,,,,,,,,,
Octave Fuzz,Line 6,Harmonic Coloration,Harmonic Coloration,"Guitar, Modeled, Stomp","Guitar, Modeled, Stomp",Helix Native,Tycobrahe Octavia,Legacy,,Tycbrahe Octavia ALT (Tone),,,,,,,,,,,,,
Tycoctavia Fuzz,Line 6,Harmonic Coloration,Harmonic Coloration,"Guitar, Modeled, Stomp","Guitar, Modeled, Stomp",Helix Native,Tycobrahe Octavia,,,Tycbrahe Octavia TOP,,,,,,,,,,,,,
UA 1176 Rev A,Universal Audio,Dynamics,Dynamics,Modeled,Modeled,,"Universal Audio 1176 Rev A ""Bluestripe""",,,,,Plugin,"UAD-2, UADx",11.8.1 (UAD-2) 1.3.16 (UADx),,,,,,,,,
UA 1176 AE,Universal Audio,Dynamics,Dynamics,Modeled,Modeled,,Universal Audio 1176AE,,,,,Plugin,"UAD-2, UADx",11.8.1 (UAD-2) 1.3.16 (UADx),,,,,,,,,
UA 175-B,Universal Audio,Dynamics,Dynamics,Modeled,Modeled,,Universal Audio 175-B Tube Compressor,,,,,Plugin,"UAD-2, UADx",11.8.1 (UAD-2) 1.0.11 (UADx),,,,,,,,,
UA 176,Universal Audio,Dynamics,Dynamics,Modeled,Modeled,,Universal Audio 176 Tube Compressor,,,,,Plugin,"UAD-2, UADx",11.8.1 (UAD-2) 1.0.11 (UADx),,,,,,,,,
UA 610-A,Universal Audio,"EQ, Preamps","EQ, Preamps","Channel Strip, Modeled","Channel Strip, Modeled",,Universal Audio 610-A,,,,,Plugin,"UAD-2, UADx",11.8.1 (UAD-2) 1.0.15 (UADx),,,,,,,,,
UA 610-B,Universal Audio,"EQ, Preamps","EQ, Preamps","Channel Strip, Modeled","Channel Strip, Modeled",,Universal Audio 610-B,,,,,Plugin,UAD-2,11.8.1 (UAD-2) 1.0.15 (UADx),,,,,,,,,
LA-6176 Channel Strip,Universal Audio,"Dynamics, EQ, Preamps","Dynamics, EQ, Preamps",Modeled,Modeled,,Universal Audio 6176 Channel Strip,,,,,Plugin,"UAD-2, UADx",11.8.1 (UAD-2) 1.0.5 (UADx),,,,,,,,,
Cooper Time Cube,Universal Audio,Delay,Delay,Modeled,Modeled,,Universal Audio Cooper Time Cube,,,,,Plugin,UAD-2,11.8.1,,,,,,,,,
Digital Reverb,Universal Audio,Reverb & Room,Reverb & Room,"Guitar, Modeled, Stomp","Guitar, Modeled, Stomp",Paradise Guitar Studio,Universal Audio Golden Reverberator,,"Based on [ EMT 140, Fender 6G15 Reverb; Lexicon 224 ]",,"Church algorithm (lush, large reverb tails with great warmth and a real sense of space. Place this reverb type after a delay with modulated echoes to create a beautiful shimmering tail for guitar chord work and solo guitar sounds); Studio algorithm (short decay for the tight room sound of a well-designed studio space)
",,,,,,,,,,,,
Micropitch Shifter,Universal Audio,"Modulation, Pitch","Modulation, Pitch","Guitar, Modeled, Stomp","Guitar, Modeled, Stomp",Paradise Guitar Studio,Universal Audio UAFX MicroPitch Shifter,,,,"Tweakable chorus and detune effect for lush and wide modulation, especially in stereo. To shift chorusing to the left or right in stereo, use the blend knob. 
At high levels, the Depth knob can create ""seasick"" or almost robotic sounds. ",,,,,,,,,,,,
Black 76,IK Multimedia,Dynamics,Dynamics,Modeled,Modeled,"Amplitube, MixBox",UREI 1176LN Rev E,T-Racks,,"UREI 1176 LN Rev E ALT (Tone)
Embedded in Amplitube and MixBox",,Plugin,"AU, VST3",6.3.0,,,,,,,,,
VC 76,Native Instruments,Dynamics,Dynamics,Modeled,Modeled,Guitar Rig 7,UREI 1176LN Rev E,Softube (Modeled by),,"UREI 1176 LN Rev E ALT (Tone)
Standalone; Embedded in Guitar Rig",,Plugin,"AU, VST3",1.4.11,,,,,,,,,
Tube Compressor,Positive Grid,Dynamics,Dynamics,Modeled,Modeled,BIAS FX 2,UREI 1176LN Rev E,,(Rack),Embedded in Positive Grid,,,,,,,,,,,,,
"1176 Compressor (Paradise) 
1176 FET Compressor",Universal Audio,Dynamics,Dynamics,"Modeled, Stomp","Modeled, Stomp",Paradise Guitar Studio,UREI 1176LN Rev E,,Stompified version of outboard gear,"UREI 1176 LN Rev E ALT (Simplified)
Embedded in Paradise","Deselect Ratio and turn Input up to max for huge, sputtery, vocal distortion that rivals classic overdrive and fuzz sounds; Set Attack and Release to max for fastest response, and some pleasant distortion.",,UADx,1.0.3,,,,,,,,,
UA 1176LN Legacy,Universal Audio,Dynamics,Dynamics,Modeled,Modeled,,UREI 1176LN Rev E,,,UREI 1176 LN Rev E ALT (Low DSP),LOW DSP,Plugin,UAD-2,11.8.1,,,,,,,,,
UA 1176SE Legacy,Universal Audio,Dynamics,Dynamics,Modeled,Modeled,,UREI 1176LN Rev E,,,UREI 1176 LN Rev E ALT (Low DSP),LOWEST DSP,Plugin,UAD-2,11.8.1,,,,,,,,,
UA 1176 LN Rev E,Universal Audio,Dynamics,Dynamics,Modeled,Modeled,,UREI 1176LN Rev E,,,UREI 1176 LN Rev E TOP,,Plugin,"UAD-2, UADx",11.8.1 (UAD-2) 1.3.16 (UADx),,,,,,,,,
CLA-76,Waves,Dynamics,Dynamics,Modeled,Modeled,,UREI 1176LN Rev E,Chris Lord Alge,,UREI 1176 LN Rev E ALT (Tone),,Plugin,AU,16.7.33,,,,,,,,,
EQ45,Eventide,EQ,EQ,Modeled,Modeled,,UREI 545 Parametric Equalizer,,,,,Plugin,"AU, VST3",3.11.4,,,,,,,,,
EQ65,Eventide,EQ,EQ,Modeled,Modeled,,UREI 546 Dual Parametric Equalizer,,,,,Plugin,"AU, VST3",3.11.4,,,,,,,,,
Valley People Dyna-mite,Universal Audio,Dynamics,Dynamics,Modeled,Modeled,,Valley People Dyna-Mite,Softube (Modeled by),,,,Plugin,UAD-2,2.5.47 (u78 5c8a3f4f),,,,,,,,,
XR White,IK Multimedia,Harmonic Coloration,Harmonic Coloration,"Guitar, Modeled, Stomp","Guitar, Modeled, Stomp",TONEX,Vertex SSS SRV,,,,,,,,,,,,,,,,
Vertigo VSC-2,Universal Audio,Dynamics,Dynamics,"Mastering, Modeled","Mastering, Modeled",,Vertigo VSC-2,Brainworx (Modeled by) ,,,,Plugin,UAD-2,1.4.1,,,,,,,,,
Vertigo VSM-3,Universal Audio,Harmonic Coloration,Harmonic Coloration,"Mastering, Modeled","Mastering, Modeled",,"Vertigo VSM-2 MS ""Mix Satellite""",Brainworx (Modeled by) ,,,,Plugin,UAD-2,1.0.1,,,,,,,,,
American Bulldog,IK Multimedia,Amp & Cab,Amp & Cab,"Guitar, Modeled","Guitar, Modeled",Amplitube,VHT G-100-E Pittbull,,1x12 CAB (Speaker) ,,,,,,,,,,,,,,
"Black Bull
Pittbull",Positive Grid,Amp & Cab,Amp & Cab,"Guitar, Modeled","Guitar, Modeled","BIAS Amp 2, BIAS FX 2",VHT Pittbull 5012,Legacy Series - HIGH GAIN,(Lead Channel) (Insane) 4x12 Green 25s,,,,,,,,,,,,,,
1x12 Open Modern,IK Multimedia,Amp & Cab,Amp & Cab,"Guitar, Modeled","Guitar, Modeled",Amplitube,VHT Pittbull 5012,Amplitube Collection,1x12 CAB (Combo),,,,,,,,,,,,,,
Voltage Queen,Line 6,Amp & Cab,Amp & Cab,"Guitar, Modeled","Guitar, Modeled",Helix Native,Victoria Electro King,,,,,,,,,,,,,,,,
TONEX Amp Red (Amplitube),IK Multimedia,Amp & Cab,Amp & Cab,"Guitar, Modeled","Guitar, Modeled",TONEX,Victory V40 Duchess,"Premium Tone Model
TONEX Amp Red",Hiwatt 4x12,,,,,,,,,,,,,,
Classic Vibe,Positive Grid,Modulation,Modulation,"Guitar, Modeled, Stomp","Guitar, Modeled, Stomp",BIAS FX 2,Voodoo Lab Analog Chorus,,(Pedal),,,,,,,,,,,,,,
Wah 46,IK Multimedia,Modulation,Modulation,"Guitar, Modeled, Stomp","Guitar, Modeled, Stomp",Amplitube,Vox 846 Wah,Electric Gypsy Collection,,Vox 846 Wah ALT (Tone),,,,,,,,,,,,,
UK Wah 846,Line 6,Modulation,Modulation,"Guitar, Modeled, Stomp","Guitar, Modeled, Stomp",Helix Native,Vox 846 Wah,,,Vox 846 Wah TOP,,,,,,,,,,,,,
Wah 47,IK Multimedia,Modulation,Modulation,"Guitar, Modeled, Stomp","Guitar, Modeled, Stomp","Amplitube, MixBox",Vox 847 Wah,Amplitube Metal,,Vox 847 Wah ALT (Tone),,,,,,,,,,,,,
Chrome,Line 6,Modulation,Modulation,"Guitar, Modeled, Stomp","Guitar, Modeled, Stomp",Helix Native,Vox 847 Wah,,,Vox 847 Wah TOP,,,,,,,,,,,,,
Chrome Custom,Line 6,Modulation,Modulation,"Guitar, Modeled, Stomp","Guitar, Modeled, Stomp",Helix Native,Vox 847 Wah,,modded,Vox 847 Wah TOP,,,,,,,,,,,,,
GTR Amp Drive - Edgy,Waves,Amp & Cab,Amp & Cab,"Guitar, Modeled","Guitar, Modeled","GTR Amp, GTR Solo / Solo Rack",Vox AC30,,TB-2 (1980),,,,,,,,,,,,,,
1x12 Blue Bell,Line 6,Amp & Cab,Amp & Cab,"Guitar, Modeled","Guitar, Modeled",Helix Native,Vox AC15,,1x12 CAB,,,,,,,,,,,,,,
Essex A15,Line 6,Amp & Cab,Amp & Cab,"Guitar, Modeled","Guitar, Modeled",Helix Native,Vox AC15,,,Vox AC15 (Trem Circuit) TOP,,,,,,,,,,,,,
60s Bias Trem,Line 6,"Amp & Cab, Modulation","Amp & Cab, Modulation","Guitar, Modeled","Guitar, Modeled",Helix Native,Vox AC15,,Vox Tremolo Circuit Only,Vox AC15 (Trem Circuit) TOP,,,,,,,,,,,,,
Bias Tremolo,Line 6,"Amp & Cab, Modulation","Amp & Cab, Modulation","Guitar, Modeled","Guitar, Modeled",Helix Native,Vox AC15,Legacy,Vox Tremolo Circuit Only,Vox AC15 (Trem Circuit) ALT (Tone),,,,,,,,,,,,,
2x12 Silver Bell,Line 6,Amp & Cab,Amp & Cab,"Guitar, Modeled","Guitar, Modeled",Helix Native,Vox AC30,,2x12 CAB Celestion Silver Bulldog (rare) ,,,,,,,,,,,,,,
2x12 Silver Ace,Universal Audio,Amp & Cab,Amp & Cab,"Guitar, Modeled","Guitar, Modeled",Paradise Guitar Studio,Vox AC30,,2x12 CAB Celestion Silver Bulldog (rare) ,,"High end warmth and sheen, with open midrange. mic/d w/ Shure SM57",,,,,,,,,,,,
2x12 BM 30 Blue,IK Multimedia,Amp & Cab,Amp & Cab,"Guitar, Modeled","Guitar, Modeled",Amplitube,Vox AC30,Brian May Collection,2x12 CAB Celestion Blue,Vox AC30 (CAB) ALT (Tone),Triple Cabinets (3 AC30 cabs in a wet-dry-wet configuration),,,,,,,,,,,,
2x12 BM 30 H70,IK Multimedia,Amp & Cab,Amp & Cab,"Guitar, Modeled","Guitar, Modeled",Amplitube,Vox AC30,Brian May Collection,2x12 CAB Celestion G12H Anniversary,Vox AC30 (CAB) ALT (Tone),Triple Cabinets (3 AC30 cabs in a wet-dry-wet configuration),,,,,,,,,,,,
BM 30,IK Multimedia,Amp & Cab,Amp & Cab,"Guitar, Modeled","Guitar, Modeled",Amplitube,Vox AC30,Brian May Collection,(crunch),Vox AC30 ALT (Tone),Triple Cabinets (3 AC30 cabs in a wet-dry-wet configuration),,,,,,,,,,,,
2x12 Gry British Vint,IK Multimedia,Amp & Cab,Amp & Cab,"Guitar, Modeled","Guitar, Modeled",Amplitube,Vox AC30,Amplitube Collection,2x12 CAB Celestion Silver Bulldogs,Vox AC30 (CAB) ALT (Tone),,,,,,,,,,,,,
2x12 Open Vintage,IK Multimedia,Amp & Cab,Amp & Cab,"Guitar, Modeled","Guitar, Modeled",Amplitube,Vox AC30,Amplitube Collection,2x12 CAB Jensen C12N,Vox AC30 (CAB) ALT (Tone),,,,,,,,,,,,,
British Blue Tube 30TB,IK Multimedia,Amp & Cab,Amp & Cab,"Guitar, Modeled","Guitar, Modeled",Amplitube,Vox AC30,Amplitube Collection,(crunch),Vox AC30 ALT (Tone),,,,,,,,,,,,,
British Copper 30TB,IK Multimedia,Amp & Cab,Amp & Cab,"Guitar, Modeled","Guitar, Modeled",Amplitube,Vox AC30,Amplitube Collection,(crunch),Vox AC30 ALT (Tone),,,,,,,,,,,,,
"Brit 30 Classic
Chimer (Amplitube)",IK Multimedia,Amp & Cab,Amp & Cab,"Guitar, Modeled","Guitar, Modeled",TONEX,Vox AC30,Premium Tone Model,2x12,Vox AC30 ALT (Tone),,,,,,,,,,,,,
"Vintage & Lo-Fi
Chimer (Amplitube)",IK Multimedia,Amp & Cab,Amp & Cab,"Guitar, Modeled","Guitar, Modeled",TONEX,Vox AC30,"Premium Tone Model
Chimer
Vintage & Lo-FI",(1965) 2x12,Vox AC30 ALT (Tone),,,,,,,,,,,,,
2x12 Blue Bell,Line 6,Amp & Cab,Amp & Cab,"Guitar, Modeled","Guitar, Modeled",Helix Native,Vox AC30,,2x12 CAB,Vox AC30 (CAB) TOP,,,,,,,,,,,,,
Essex A30,Line 6,Amp & Cab,Amp & Cab,"Guitar, Modeled","Guitar, Modeled",Helix Native,Vox AC30,,,Vox AC30 TOP,,,,,,,,,,,,,
2x12 AC Blue,Native Instruments,Amp & Cab,Amp & Cab,"Guitar, Modeled","Guitar, Modeled",Guitar Rig 7,Vox AC30,,2x12 CAB,Vox AC30 (CAB) DNU,,,,,,,,,,,,,
2x12 AC Silver,Native Instruments,Amp & Cab,Amp & Cab,"Guitar, Modeled","Guitar, Modeled",Guitar Rig 7,Vox AC30,,2x12 CAB Celestion Silver Bulldogs,Vox AC30 (CAB) DNU,,,,,,,,,,,,,
"66 British TB 30
66 British TB 30 v2",Positive Grid,Amp & Cab,Amp & Cab,"Guitar, Modeled","Guitar, Modeled",BIAS Amp 2,Vox AC30,,(1966) (Glassy) 2x12 Alnico Blue ,"Vox AC30 ALT (Tone)
Deprecated by BIAS X",,,,,,,,,,,,,
AC30 CN,Positive Grid,Amp & Cab,Amp & Cab,"Guitar, Modeled","Guitar, Modeled",BIAS Amp 2,Vox AC30,,(Clean) 2x12 Jazz Clean ,"Vox AC30 ALT (Tone)
Deprecated by BIAS X",,,,,,,,,,,,,
"66 AC Boost
66 AC Boost V2",Positive Grid,Amp & Cab,Amp & Cab,"Guitar, Modeled","Guitar, Modeled","BIAS Amp 2, BIAS FX 2",Vox AC30,Legacy Series - LOW GAIN,(1966) (Glassy) 2x12 British 30 ,"Vox AC30 ALT (Tone)
Deprecated by BIAS X",,,,,,,,,,,,,
Alnico Blue 2x12,Positive Grid,Amp & Cab,Amp & Cab,"Guitar, Modeled","Guitar, Modeled","BIAS Amp 2, BIAS FX 2",Vox AC30,Legacy Series - CAB,2x12 CAB,Vox AC30 (Cab) ALT (Tone),,,,,,,,,,,,,
British 30 2x12,Positive Grid,Amp & Cab,Amp & Cab,"Guitar, Modeled","Guitar, Modeled","BIAS Amp 2, BIAS FX 2",Vox AC30,Legacy Series - CAB,2x12 CAB,Vox AC30 (Cab) ALT (Tone),,,,,,,,,,,,,
Chime 2x12,Positive Grid,Amp & Cab,Amp & Cab,"Guitar, Modeled","Guitar, Modeled","BIAS Amp 2, BIAS FX 2",Vox AC30,Remaster Series - CAB,,Vox AC30 (Cab) ALT (Tone),,,,,,,,,,,,,
AC Chime,Positive Grid,Amp & Cab,Amp & Cab,"Guitar, Modeled","Guitar, Modeled",BIAS FX 2,Vox AC30,Remaster Series - LOW GAIN,2x12,"Vox AC30 ALT (Tone)
Deprecated by BIAS X",,,,,,,,,,,,,
AC Crunch HW,Positive Grid,Amp & Cab,Amp & Cab,"Guitar, Modeled","Guitar, Modeled",BIAS FX 2,Vox AC30,Legacy Series - CRUNCH,4x12,"Vox AC30 ALT (Tone)
Deprecated by BIAS X",,,,,,,,,,,,,
AC Hand-wired,Positive Grid,Amp & Cab,Amp & Cab,"Guitar, Modeled","Guitar, Modeled",BIAS FX 2,Vox AC30,Legacy Series - LOW GAIN,2x12,"Vox AC30 ALT (Tone)
Deprecated by BIAS X",,,,,,,,,,,,,
AC Chime,Positive Grid,Amp & Cab,Amp & Cab,"Guitar, Modeled","Guitar, Modeled",BIAS X,Vox AC30,AC Series - Low-Gain/Clean ,2x12 AC Chime Cab,Vox AC30 ALT (Tone),,,,,,,,,,,,,
2x12 Blue Mod,Universal Audio,Amp & Cab,Amp & Cab,"Guitar, Modeled","Guitar, Modeled",Paradise Guitar Studio,Vox AC30,,Modded 2x12 CAB w/ Modern Celestion Blue,Vox AC30 (CAB) TOP,"Brighter and w/ more chime, clarity and jangle than blue vintage cab; mic'd w/ Shure SM57",,,,,,,,,,,,
2x12 Blue Vintage,Universal Audio,Amp & Cab,Amp & Cab,"Guitar, Modeled","Guitar, Modeled",Paradise Guitar Studio,Vox AC30,,2x12 CAB,Vox AC30 (CAB) TOP,Classic speaker w/ more high end and chime; mic'd w/ Shure SM57,,,,,,,,,,,,
Ruby 63 Top Boost Amp,Universal Audio,Amp & Cab,Amp & Cab,"Guitar, Modeled","Guitar, Modeled",Paradise Guitar Studio,Vox AC30,,,"Vox AC30 TOP
Standalone; Embedded in Paradise Guitar Studio","Queen [ Silver cab, Normal Channel ] 
U2 / Beatles [ Blue cab, Brilliant channel ]",Plugin,UADx,1.0.5,,,,,,,,,
2x12 OpenBack,Waves,Amp & Cab,Amp & Cab,"Guitar, Modeled","Guitar, Modeled","GTR Amp, GTR Solo / Solo Rack",Vox AC30,,2x12 CAB,Vox AC30 (CAB) DNU,,,,,,,,,,,,,
Acme 2x12 Cabinet / Vintage,Waves,Amp & Cab,Amp & Cab,"Guitar, Modeled","Guitar, Modeled","GTR Amp, GTR Solo / Solo Rack",Vox AC30,,(1962) 2x12 CAB,Vox AC30 (CAB) DNU,,,,,,,,,,,,,
AC30 HW GY,Positive Grid,Amp & Cab,Amp & Cab,"Guitar, Modeled","Guitar, Modeled",BIAS Amp 2,Vox AC30 Hand-Wired 2x12,,(Glassy) 2x12 Black Duo ,,,,,,,,,,,,,,
AC30 Hand Wired HG,Positive Grid,Amp & Cab,Amp & Cab,"Guitar, Modeled","Guitar, Modeled",BIAS Amp 2,Vox AC30 Hand-Wired Head,,(Hi Gain) 4x12 OR V-30s ,,,,,,,,,,,,,,
AC30HW CH,Positive Grid,Amp & Cab,Amp & Cab,"Guitar, Modeled","Guitar, Modeled",BIAS Amp 2,Vox AC30 Hand-Wired Head,,(Crunch) 4x12 Celestion V30s ,,,,,,,,,,,,,,
"Vintage & Lo-Fi
Chimer (Amplitube)",IK Multimedia,Amp & Cab,Amp & Cab,"Guitar, Modeled","Guitar, Modeled",TONEX,Vox AC30 TBR,"Premium Tone Model
Chimer
Vintage & Lo-FI",(1988) 2x12,,,,,,,,,,,,,,
"A30 Fawn Brt
A30 Fawn Nrm",Line 6,Amp & Cab,Amp & Cab,"Guitar, Modeled","Guitar, Modeled",Helix Native,Vox AC30/6,,"2 Models/Channels (normal, bright)",Vox AC30/6 TOP,,,,,,,,,,,,,
UAD Softube Vintage Amp Room (Green),Universal Audio,Amp & Cab,Amp & Cab,"Guitar, Modeled","Guitar, Modeled",Softube Vintage Amp Room,Vox AC30/6,,,Vox AC30/6 ALT (Tone),,,,,,,,,,,,,
AC30 HW BS,Positive Grid,Amp & Cab,Amp & Cab,"Guitar, Modeled","Guitar, Modeled",BIAS Amp 2,Vox AC30S1,,(Blues) 1x12 Tweed Lux ,,,,,,,,,,,,,,
Satch Wah,IK Multimedia,Modulation,Modulation,"Guitar, Modeled, Stomp","Guitar, Modeled, Stomp",Amplitube,Vox Big Bad Wah,Joe Satriani Collection,,,,,,,,,,,,,,,
Tube Boost,Positive Grid,Harmonic Coloration,Harmonic Coloration,"Guitar, Modeled, Stomp","Guitar, Modeled, Stomp",BIAS FX 2,Vox Cooltron CT03 Brit Boost,,(Pedal),,,,,,,,,,,,,,
Jumbo Fuzz,Line 6,Harmonic Coloration,Harmonic Coloration,"Guitar, Modeled, Stomp","Guitar, Modeled, Stomp",Helix Native,Vox V828 Tone Bender,Legacy,,,,,,,,,,,,,,,
"Joe Satriani Amp Vault
JS May Voice (Amplitube)",IK Multimedia,Amp & Cab,Amp & Cab,"Guitar, Modeled","Guitar, Modeled",TONEX,Vox VBM-1,"Premium Tone Model (Joe Satriani) 
JS May Voice",1x6,,,,,,,,,,,,,,
Compressor,Positive Grid,Dynamics,Dynamics,"Guitar, Modeled, Stomp","Guitar, Modeled, Stomp",BIAS FX 2,Wampler Ego 76 Compressor,,(Pedal),,,,,,,,,,,,,,
Fuzz Pedals,IK Multimedia,Harmonic Coloration,Harmonic Coloration,"Guitar, Modeled, Stomp","Guitar, Modeled, Stomp",TONEX,Wampler Leviathan,"Premium Tone Model
Fuzz Pedals",,Wampler Leviathan TOP,,,,,,,,,,,,,
TS Red,IK Multimedia,Harmonic Coloration,Harmonic Coloration,"Guitar, Modeled, Stomp","Guitar, Modeled, Stomp",TONEX,Wampler Leviathan,,,Wampler Leviathan TOP,,,,,,,,,,,,,
Nirvana,IK Multimedia,Modulation,Modulation,"Guitar, Modeled, Stomp","Guitar, Modeled, Stomp",Amplitube,Wampler Nirvana Chorus/Vibrato,Wampler Collection,,,,,,,,,,,,,,,
Pinnacle Deluxe,IK Multimedia,Harmonic Coloration,Harmonic Coloration,"Guitar, Modeled, Stomp","Guitar, Modeled, Stomp",Amplitube,Wampler Pinnacle Deluxe,Wampler Collection,,,,,,,,,,,,,,,
Double Black,IK Multimedia,Harmonic Coloration,Harmonic Coloration,"Guitar, Modeled, Stomp","Guitar, Modeled, Stomp",TONEX,Wampler SLOstortion,Double Black,,,,,,,,,,,,,,,
Double Black,IK Multimedia,Harmonic Coloration,Harmonic Coloration,"Guitar, Modeled, Stomp","Guitar, Modeled, Stomp",TONEX,Wampler Triple Wreck,Double Black,,,,,,,,,,,,,,,
Black Fuzz,IK Multimedia,Harmonic Coloration,Harmonic Coloration,"Guitar, Modeled, Stomp","Guitar, Modeled, Stomp",TONEX,Wattson Electronics Companion FY-2,Black Fuzz,,,,,,,,,,,,,,,
Alpaca Rogue,Line 6,Harmonic Coloration,Harmonic Coloration,"Guitar, Modeled, Stomp","Guitar, Modeled, Stomp",Helix Native,Way Huge WM23 Red Llama,,modded,,,,,,,,,,,,,,
"Joe Satriani Amp Vault
JS Well (Amplitube)",IK Multimedia,Amp & Cab,Amp & Cab,"Guitar, Modeled","Guitar, Modeled",TONEX,Wells Amp NYC,"Premium Tone Model (Joe Satriani) 
JS Well","Marshall 1960A ""Stain"" 4x12 ",,,,,,,,,,,,,,
Signature Collections Vol 1.,IK Multimedia,Harmonic Coloration,Harmonic Coloration,"Guitar, Modeled, Stomp","Guitar, Modeled, Stomp",TONEX,Westminster Effects 1689 V2,"Premium Tone Model
Signature Collections Vol. 1",,,Used as a Booster,,,,,,,,,,,,
Clawthorn Drive,Line 6,Harmonic Coloration,Harmonic Coloration,"Guitar, Modeled, Stomp","Guitar, Modeled, Stomp",Helix Native,Wounded Paw Battering Ram,,,,,,,,,,,,,,,,
Kinky Boosts,Line 6,Harmonic Coloration,Harmonic Coloration,"Guitar, Modeled, Stomp","Guitar, Modeled, Stomp",Helix Native,Xotic EP Booster,,,,,,,,,,,,,,,,
XR White,IK Multimedia,Harmonic Coloration,Harmonic Coloration,"Guitar, Modeled, Stomp","Guitar, Modeled, Stomp",TONEX,Xotic RC Booster,1,,Xotic RC Booster TOP,,,,,,,,,,,,,
Booster,Positive Grid,Harmonic Coloration,Harmonic Coloration,"Guitar, Modeled, Stomp, Deprecated","Deprecated, Guitar, Modeled, Stomp",BIAS FX 2,Xotic RC Booster,,(Pedal),Deprecated by BIAS X,,,,,,,,,,,,,
Pure Lift,Positive Grid,Harmonic Coloration,Harmonic Coloration,"Guitar, Modeled, Stomp","Guitar, Modeled, Stomp",BIAS X,Xotic RC Booster,,(Pedal - Clean Boost) ,Xotic RC Booster ALT (Tone),,,,,,,,,,,,,
Kinky Comp,Line 6,Dynamics,Dynamics,"Guitar, Modeled, Stomp","Guitar, Modeled, Stomp",Helix Native,Xotic SP Compressor,,,,,,,,,,,,,,,,
Triple Rotary,Line 6,"Amp & Cab, Modulation","Amp & Cab, Modulation",Modeled,Modeled,Helix Native,Yamaha RA-200,,,,,,,,,,,,,,,,
DN-SUB,Universal Audio,Microphone,Microphone,Modeled,Modeled,Hemisphere,Yamaha SKRM-100 Subkick,,,,,,,,,,,,,,,,
XR Orange,IK Multimedia,Harmonic Coloration,Harmonic Coloration,"Guitar, Modeled, Stomp","Guitar, Modeled, Stomp",TONEX,Z Vex Distortron,,,,,,,,,,,,,,,,
Crusher,IK Multimedia,Harmonic Coloration,Harmonic Coloration,"Guitar, Modeled, Stomp","Guitar, Modeled, Stomp","Amplitube, MixBox",Z Vex Fuzz Factory,Amplitube Collection,,Z Vex Fuzz Factory ALT (Tone),,,,,,,,,,,,,
Industrial Fuzz,Line 6,Harmonic Coloration,Harmonic Coloration,"Guitar, Modeled, Stomp","Guitar, Modeled, Stomp",Helix Native,Z Vex Fuzz Factory,,,Z Vex Fuzz Factory TOP,,,,,,,,,,,,,
Fuzz Arsenal,Positive Grid,Harmonic Coloration,Harmonic Coloration,"Guitar, Modeled, Stomp, Deprecated","Deprecated, Guitar, Modeled, Stomp",BIAS FX 2,Z Vex Fuzz Factory,,(Pedal),Deprecated by BIAS X,,,,,,,,,,,,,
Forge,Positive Grid,Harmonic Coloration,Harmonic Coloration,"Guitar, Modeled, Stomp","Guitar, Modeled, Stomp",BIAS X,Z Vex Fuzz Factory,,(Pedal - Germanium Fuzz) ,Z Vex Fuzz Factory ALT (Tone),,,,,,,,,,,,,
Seek Trem,IK Multimedia,Modulation,Modulation,"Guitar, Modeled, Stomp","Guitar, Modeled, Stomp",Amplitube,Z Vex Seek Trem,Z. Vex Collection,,,,,,,,,,,,,,,
Seek Wah,IK Multimedia,Modulation,Modulation,"Guitar, Modeled, Stomp","Guitar, Modeled, Stomp",Amplitube,Z Vex Seek Wah,Z. Vex Collection,,Z Vex Seek Wah TOP,,,,,,,,,,,,,
Seeker,Line 6,Modulation,Modulation,"Guitar, Modeled, Stomp","Guitar, Modeled, Stomp",Helix Native,Z Vex Seek Wah,Legacy,,Z Vex Seek Wah ALT (Tone),,,,,,,,,,,,,
Mic Mod,Antares,Microphone,Microphone,,,,,,,,,Plugin,"AU, VST3",4.5.0.71,,,,,,,,,
Freezr,Audiomodern,"Delay, Time / Phase","Delay, Time / Phase",,,,,,Creative stutter sequencer freezes segments of audio in real-time for expressive manipulation during performance. ,,,"Plugin, Standalone","AU, VST3",1.0.4,,,,,,,,,
Melodyne Editor,Celemony,"Pitch, Time / Phase","Pitch, Time / Phase","Mastering, Restoration, Voice","Mastering, Restoration, Voice",,,,"Advanced polyphonic pitch, timing, and formant correction with note-level audio editing.",,,"Plugin, Standalone","AU, VST3",5.4.2,,,,,,,,,
UltraTap,Eventide,Delay,Delay,,,,,,Multi-tap delay line effects processor w/ multi-voice detune modulation and tremolo,,,Plugin,"AU, VST3",2.10.4,,,,,,,,,
Physion Mk II,Eventide,"Delay, Dynamics, EQ, Modulation, Pitch, Reverb & Room","Delay, Dynamics, EQ, Modulation, Pitch, Reverb & Room",Mastering,Mastering,,,,"Production Toolkit that allows selective application of effects; STRUCTURAL SPLIT separates TRANSIENT + TONAL audio content 
[ Delay w/ modulation & feedback, Compressor/Limiter, Expander/Gate, Phaser, Chorus, Tremolo, Reverb, 3-band EQ ]",,,Plugin,"AU, VST3",1.3.4,,,,,,,,,
UltraChannel,Eventide,"Delay, Dynamics, EQ, Pitch, Preamps","Delay, Dynamics, EQ, Pitch, Preamps",Mastering,Mastering,,,,"Mixing / Mastering Channel Strip
[ Gate, Dual Compressor, De-Esser O-Pressor (OctoPressor); 5 Band Parametric EQ; Micro Pitch Shift; Stereo Delays]",,,Plugin,"AU, VST3",3.11.4,,,,,,,,,
Crystals,Eventide,"Delay, Pitch, Reverb & Room","Delay, Pitch, Reverb & Room",,,,,,"Classic Eventide effect combining twin reverse pitch shifters, delays, feedback and reverb",,,Plugin,"AU, VST3",1.3.4,,,,,,,,,
EChannel,Eventide,"Dynamics, EQ, Preamps","Dynamics, EQ, Preamps",Channel Strip,Channel Strip,,,,"Channel w/ routable Gate, 5-band parametric EQ, Compressor, De-Esser, analog transformer saturation",,,Plugin,"AU, VST3",3.11.4,,,,,,,,,
DeBoom,Eventide,EQ,EQ,Restoration,Restoration,,,,"Corrective low-frequency EQ; 
STRUCTURAL SPLIT separates TRANSIENT + TONAL audio content",,,Plugin,"AU, VST3",1.3.4,,,,,,,,,
Sheen Machine,Eventide,EQ,EQ,Restoration,Restoration,,,,"Corrective high-frequency EQ; 
STRUCTURAL SPLIT separates TRANSIENT + TONAL audio content",,,Plugin,"AU, VST3",1.3.4,,,,,,,,,
SplitEQ,Eventide,EQ,EQ,Mastering,Mastering,,,,"mixing/mastering graphical EQ ; STRUCTURAL SPLIT separates TRANSIENT + TONAL audio content. 6-band EQ w/ 6 types (Low/High Shelf, Peak, Notch, Bandpass, Tilt Shelf) w/ LPF/HPF",,,Plugin,"AU, VST3",1.3.5,,,,,,,,,
Crush Station,Eventide,Harmonic Coloration,Harmonic Coloration,Guitar,Guitar,,,,octave overdrive saturation / distortion,,,Plugin,"AU, VST3",1.4.4,,,,,,,,,
TriceraChorus,Eventide,Modulation,Modulation,,,,,,3-voice BBD based chorus/detune based on stompbox choruses,,1970s-80s sound,Plugin,"AU, VST3",1.3.5,,,,,,,,,
MicroPitch,Eventide,Pitch,Pitch,Voice,Voice,,,,"2 channels of fine-resolution pitch shift w/ 2 delays/slap-back for vocal doubling, tone fattening, unique delay",,,Plugin,"AU, VST3",1.3.4,,,,,,,,,
Octavox,Eventide,Pitch,Pitch,,,,,,8 voice diatonic harmonizer based on pitch-shifting and delay,,,Plugin,"AU, VST3",3.11.5,,,,,,,,,
Quadrovox,Eventide,Pitch,Pitch,,,,,,4 voice diatonic harmonizer based on pitch-shifting and delay,,,Plugin,"AU, VST3",3.11.5,,,,,,,,,
ShimmerVerb,Eventide,"Pitch, Reverb & Room","Pitch, Reverb & Room",,,,,,Reverb w/ dual pitch shifters,,,Plugin,"AU, VST3",1.3.4,,,,,,,,,
Temperance Lite,Eventide,Reverb & Room,Reverb & Room,,,,,,Modal Reverb w/ 3 spaces,,LOW DSP,Plugin,"AU, VST3",1.0.8,,,,,,,,,
MangledVerb,Eventide,Reverb & Room,Reverb & Room,,,,,,Feeds non-standard stereo reverb w/ tempo/tapped delay into distortion / overdrive,,,Plugin,"AU, VST3",2.10.4,,,,,,,,,
Spring,Eventide,Reverb & Room,Reverb & Room,,,,,,"configurable spring reverb based on ""artifical"" guitar amps w/ tube amp style tremolo and chorus",,,Plugin,"AU, VST3",1.5.4,,,,,,,,,
Temperance Pro,Eventide,Reverb & Room,Reverb & Room,,,,,,"Modal Reverb w/ 29 spaces, chromatic control, advanced shaping tools",,,Plugin,"AU, VST3",1.0.8,,,,,,,,,
Precision Time Align,Eventide,"Time / Phase, Delay","Delay, Time / Phase",Restoration,Restoration,,,,sub-second delay w/ time sync,,"surgical restoration tool for cases where you need extreme precision and manual control — fixing multi-mic drum recordings, double-tracked guitars, forensic timing correction",Plugin,"AU, VST3",3.11.4,,,,,,,,,
Timeless 3,FabFilter,Delay,Delay,,,,,,"2 lines of tape delay (w/ saturation, dynamics, pitch shifting and modulation)",,,Plugin,"AU, VST3",3.08,,,,,,,,,
Pro-C 2,FabFilter,Dynamics,Dynamics,Mastering,Mastering,,,,Mastering Compressor w/ 8 styles (saturation),,,Plugin,"AU, VST3",2.20,,,,,,,,,
Pro-C 3,FabFilter,Dynamics,Dynamics,Mastering,Mastering,,,,Mastering Compressor w/ 14 styles (saturation),,,Plugin,"AU, VST3",3.00,,,,,,,,,
Pro-G,FabFilter,Dynamics,Dynamics,Mastering,Mastering,,,,Mastering Gate/Expander w/ 6 algorithms (saturation),,,Plugin,"AU, VST3",1.40,,,,,,,,,
Pro-L 2,FabFilter,Dynamics,Dynamics,Mastering,Mastering,,,,Mastering Peak Limiter w/ 8 algorithms (saturation),,,Plugin,"AU, VST3",2.24,,,,,,,,,
Pro-MB,FabFilter,Dynamics,Dynamics,Mastering,Mastering,,,,Mastering Multiband (6) Compressor / Expander w/ 3 processing modes,,,Plugin,"AU, VST3",1.31,,,,,,,,,
Pro-DS,FabFilter,"Dynamics, EQ","Dynamics, EQ","Mastering, Voice","Mastering, Voice",,,,Mastering De-Esser (single vocal vs. all around),,,Plugin,"AU, VST3",1.30,,,,,,,,,
Pro-Q 4,FabFilter,"Dynamics, EQ","Dynamics, EQ",Mastering,Mastering,,,,"Mastering (24-band) EQ w/ analog modeling, dynamic + spectral EQ and linear phase processing",,,Plugin,"AU, VST3",4.10,,,,,,,,,
Saturn 2,FabFilter,Harmonic Coloration,Harmonic Coloration,Mastering,Mastering,,,,multiband distortion/saturation.,,,Plugin,"AU, VST3",2.11,,,,,,,,,
Micro,FabFilter,Modulation,Modulation,,,,,,LP/HP Filter w/ envelope follower modulation,,,Plugin,"AU, VST3",1.30,,,,,,,,,
Simplon,FabFilter,Modulation,Modulation,,,,,,2 lightweight multimode filters (simplified version of Volcano),,,Plugin,"AU, VST3",1.40,,,,,,,,,
Volcano 3,FabFilter,Modulation,Modulation,,,,,,"4 classic, non-linear, self-oscillating filters (of 8 different shapes) ; 11 different filter styles (distortion / saturation); 5 modulation sources (XLFO, Envelope Generator or Follower, MIDI, manual) can modulate any param; delay",,,Plugin,"AU, VST3",3.07,,,,,,,,,
Pro-R 2,FabFilter,Reverb & Room,Reverb & Room,,,,,,"3 types of convolution reverb (modern, vintage, plate)",,,Plugin,"AU, VST3",2.04,,,,,,,,,
MicroFX Refiner,Heavyocity,"Dynamics, EQ, Harmonic Coloration","Dynamics, EQ, Harmonic Coloration",Mastering,Mastering,,,,"combines multiple processing tools, including EQ, clipping, compression, saturation, stereo imaging, and limiting, into a streamlined interface.",,,Plugin,"AU, VST3",1.0.0,,,,,,,,,
4x12  Vintage M 1,IK Multimedia,Amp & Cab,Amp & Cab,Guitar,Guitar,Amplitube,,Amplitube Metal,,,,,,,,,,,,,,,
Bass 810 Pro,IK Multimedia,Amp & Cab,Amp & Cab,,,Amplitube,,Fender Collection,8x10,,,,,,,,,,,,,,
Custom Modern Hi-Gain,IK Multimedia,Amp & Cab,Amp & Cab,Guitar,Guitar,Amplitube,,Amplitube Collection,(high-gain),,,,,,,,,,,,,,
Custom Solid State Clean,IK Multimedia,Amp & Cab,Amp & Cab,Guitar,Guitar,Amplitube,,Amplitube Collection,(clean),,,,,,,,,,,,,,
Custom Solid State Fuzz,IK Multimedia,Amp & Cab,Amp & Cab,Guitar,Guitar,Amplitube,,Amplitube Collection,(crunch),,,,,,,,,,,,,,
Custom Solid State Lead,IK Multimedia,Amp & Cab,Amp & Cab,Guitar,Guitar,Amplitube,,Amplitube Collection,(high-gain),,,,,,,,,,,,,,
Cabinet,IK Multimedia,Amp & Cab,Amp & Cab,Guitar,Guitar,MixBox,,,"9 generic cabinet models (Little, Direct, 1x12, 1x12 II, 4x10V, 4x10M, 2x12, 4x12V, 4x12M)",,,,,,,,,,,,,,
Flexi Amp,IK Multimedia,Amp & Cab,Amp & Cab,Guitar,Guitar,MixBox,,,Low CPU usage generic amp modeler,,,,,,,,,,,,,,
Preamp,IK Multimedia,Amp & Cab,Amp & Cab,Guitar,Guitar,MixBox,,,generic emulator for classic tube guitar amps,,,,,,,,,,,,,,
TONEX Amp Red (Amplitube),IK Multimedia,Amp & Cab,Amp & Cab,Bass,Bass,TONEX,,"Premium Tone Model
TONEX Amp Red","Generic ""Solid State Bass Preamp""; Ampeg B15 1x15 ",,,,,,,,,,,,,,
AmpliTube 5,IK Multimedia,Container,Container,"Bass, Guitar","Bass, Guitar",,,,"Combines (up to 6) stomp box, amp, and cabinet emulation",,,"Plugin, Standalone","AU, VST3",5.10.9,,,,,,,,,
MixBox,IK Multimedia,Container,Container,,,,,,"Virtual Rack. Has 71 modules ported from T-RackS, SampleTank and AmpliTube. Up to 8 racks of 8 modules each. [ Dynamics, EQ / Filter, Modulation, Channel Strips, Reverb / Delay, Distortion / Saturation, Amplifiers ]",,,"Plugin, Standalone","AU, VST3",1.5.2,,,,,,,,,
TONEX,IK Multimedia,"Container, Delay, Dynamics, EQ, Modulation, Reverb & Room","Container, Delay, Dynamics, EQ, Modulation, Reverb & Room","Bass, Guitar","Bass, Guitar",,,,"AI machine modeled tone creator, player, browser and editor for amp, cab and stomp. Has dynamic processing (noise gate, compressor), Modulation effects, Delay, Reverb, and EQ",,,"Plugin, Standalone","AU, VST3",1.10.5,,,,,,,,,
X-TIME,IK Multimedia,Delay,Delay,Stomp,Stomp,Amplitube,,X-Gear (X-TIME),16 original settings,,,,,,,,,,,,,,
Delay Lab,IK Multimedia,Delay,Delay,,,,,T-Racks,"digital creative delay w/ doubling, bit reduction / down sampling, HPF / LPF",,,Plugin,"AU, VST3",6.3.0,,,,,,,,,
Reverb Delay,IK Multimedia,"Delay, Reverb & Room","Delay, Reverb & Room",,,MixBox,,,,,Combined reverb w/ delay mixed in for a spacious effect,,,,,,,,,,,,
Swell,IK Multimedia,Dynamics,Dynamics,"Guitar, Stomp","Guitar, Stomp",Amplitube,,Amplitube Collection,,,,,,,,,,,,,,,
Tube Compressor,IK Multimedia,Dynamics,Dynamics,,,Amplitube,,Amplitube Collection,,,,,,,,,,,,,,,
DeEsser,IK Multimedia,Dynamics,Dynamics,Voice,Voice,MixBox,,T-Racks,4-Band de-esser,Standalone; Embedded in MixBox,,Plugin,"AU, VST3",6.3.0,,,,,,,,,
Brickwall Limiter,IK Multimedia,Dynamics,Dynamics,Mastering,Mastering,,,T-Racks,Mastering Brickwall Limiter; (9 algorithms - various levels of transparency / saturation) NOTE: brickwall limiters should be the final step of a mastering chain,,,Plugin,"AU, VST3",6.3.0,,,,,,,,,
Classic Comp,IK Multimedia,Dynamics,Dynamics,Mastering,Mastering,,,T-Racks,"Tube compressor. classic, analog hi-end vintage gear",,,Plugin,"AU, VST3",6.3.0,,,,,,,,,
Opto Comp,IK Multimedia,Dynamics,Dynamics,,,,,T-Racks,Analog modeled optical compressor,,,Plugin,"AU, VST3",6.3.0,,,,,,,,,
Quad Compressor,IK Multimedia,Dynamics,Dynamics,,,,,T-Racks,Up to 4 configurable bands of optical compression,,,Plugin,"AU, VST3",6.3.0,,,,,,,,,
Quad LImiter,IK Multimedia,Dynamics,Dynamics,,,,,T-Racks,Up to 4 configurable bands of peak limiting. Finalizing brickwall limiter at the end of the chain.,,,Plugin,"AU, VST3",6.3.0,,,,,,,,,
Stealth Limiter,IK Multimedia,Dynamics,Dynamics,Mastering,Mastering,,,T-Racks,Mastering peak limiter. Transparent (no side effects / distortion),,,Plugin,"AU, VST3",6.3.0,,,,,,,,,
"Classic Multi Band Limiter
Limiter",IK Multimedia,"Dynamics, EQ","Dynamics, EQ",Mastering,Mastering,MixBox,,T-Racks,Multiband (3) Peak Limiter,Standalone; Embedded in MixBox,,Plugin,"AU, VST3",6.3.0,,,,,,,,,
EQ Comp,IK Multimedia,"Dynamics, EQ","Dynamics, EQ",,,MixBox,,,"This effect features a semi-parametric EQ and an easy-to-use compressor. Both units are very high quality, giving a very musical sounding equalizer and an “analog-style” compression.",,,,,,,,,,,,,,
Bass One,IK Multimedia,"Dynamics, EQ","Dynamics, EQ",,,,,T-Racks,low end / subharmonic enhancer,,,Plugin,"AU, VST3",6.3.0,,,,,,,,,
Joe Chiccarelli Vocal Strip,IK Multimedia,"Dynamics, EQ, Harmonic Coloration, Modulation, Preamps, Reverb & Room","Dynamics, EQ, Harmonic Coloration, Modulation, Preamps, Reverb & Room","Channel Strip, Voice","Channel Strip, Voice",,,"Joe Chiccarelli
T-Racks","vocal processing chain [ 3 parallel analog compressors, de-esser, 3-band EQ, reverb / echo / modulation, distortion / saturation ]",,,Plugin,"AU, VST3",6.3.0,,,,,,,,,
Channel Strip X,IK Multimedia,"Dynamics, EQ, Preamps","Dynamics, EQ, Preamps",Channel Strip,Channel Strip,MixBox,,T-Racks,"EQ, De-esser, compression, analog vintage harmonics",Standalone; Embedded in MixBox,,Plugin,"AU, VST3",6.3.0,,,,,,,,,
Lurssen Mastering Console,IK Multimedia,"Dynamics, EQ, Preamps, Container","Container, Dynamics, EQ, Preamps","Mastering, Voice","Mastering, Voice",,,Lurssen Mastering,"[Gavin Lurssen, Reuben Cohen, Lurssen Mastering in Los Angeles] Mastering chain tool; 5-band EQ, Solid State EQ, tube limiter, solid state de-esser, solid state compressor, output limiter","Primary Mastering is WaveLab and Ozone, but Lurssen can be a third option for specific tonal color","Gavin Lurssen's tonal color includes Elton John, Queens of the Stone Age, Lynyrd Skynyrd, Snoop Dog, Bruno Mars and AV (Oppenheimer, Iron Man, Despicable Me, Up, Game of Thrones, Mandalorian). ","Plugin, Standalone","AU, VST3",1.2.0,,,,,,,,,
One,IK Multimedia,"Dynamics, EQ, Preamps, Spatial Imaging","Dynamics, EQ, Preamps, Spatial Imaging",Mastering,Mastering,,,T-Racks,"All-in-one mastering chain tool [3-band EQ, analog harmonic exciter, transient shaping, bass compressor / expander, limiter, stereo imaging ]",,,Plugin,"AU, VST3",6.3.0,,,,,,,,,
Master Match X,IK Multimedia,"Dynamics, EQ, Spatial Imaging","Dynamics, EQ, Spatial Imaging",Mastering,Mastering,,,T-Racks,"Mastering Tool (Audio Matching + Equalization). Analyzes up to 3 reference tracks of RMS / EQ and applies that curve based on the results. [Fixed position (end of toolchain)] multiband compression / limiter, stereo imaging, track analysis",,,Plugin,"AU, VST3",6.3.0,,,,,,,,,
Lo-Fi Punch,IK Multimedia,"Dynamics, Harmonic Coloration","Dynamics, Harmonic Coloration",,,,,T-Racks,"Lo-Fi distortion (vintage or modern bit-crushing); adjustable saturation, w/ compression",,,Plugin,"AU, VST3",6.3.0,,,,,,,,,
EQual,IK Multimedia,EQ,EQ,,,,,"T-Racks
Verve Analog Machines","10 band parametric EQ (various shapes and filters, including emulated/inspired curves)",,"[ API 550A; API 550B; API560; GML Model 8200; Manley Massive Passive, Neve 1073, Neve 1081; Pultec EQP-1A, SSL EQ242]",Plugin,"AU, VST3",6.3.0,,,,,,,,,
Graphic EQ,IK Multimedia,EQ,EQ,,,Amplitube,,Amplitube Collection,,,,,,,,,,,,,,,
Parametric EQ 3,IK Multimedia,EQ,EQ,,,Amplitube,,Amplitube Collection,,,,,,,,,,,,,,,
Parametric EQ,IK Multimedia,EQ,EQ,,,"Amplitube, MixBox",,Amplitube Collection,,,,,,,,,,,,,,,
Classic EQ,IK Multimedia,EQ,EQ,Mastering,Mastering,,,T-Racks,6 band parametric EQ,,,Plugin,"AU, VST3",6.3.0,,,,,,,,,
Linear Phase EQ,IK Multimedia,EQ,EQ,Mastering,Mastering,,,T-Racks,"6 identical bands of minimum or linear phase mastering EQ. (can be LPF, HPF, peak or shelving).",,,Plugin,"AU, VST3",6.3.0,,,,,,,,,
AmpLess,IK Multimedia,Harmonic Coloration,Harmonic Coloration,"Guitar, Stomp","Guitar, Stomp",Amplitube,,Amplitube Collection,,,,,,,,,,,,,,,
X-DRIVE,IK Multimedia,Harmonic Coloration,Harmonic Coloration,Stomp,Stomp,Amplitube,,X-Gear (X-DRIVE),4 original settings,,,,,,,,,,,,,,
Saturator X,IK Multimedia,Harmonic Coloration,Harmonic Coloration,,,"Amplitube, MixBox",,"Amplitube Collection
T-Racks","10 categories of distortion / saturation [2 analog tape emulators, 2 RMS peak (soft) distortions, tube + solid state push pull (odd harmonics); tube + solid state Class A (asymmetrical ""halo"" distortion; iron / steel core transformer distortion (balanced harmonics) ] w/ brickwall limiter at end of chain ",Standalone; Embedded in Amplitube and MixBox.,,Plugin,"AU, VST3",6.3.0,,,,,,,,,
Lo-Fi  ,IK Multimedia,Harmonic Coloration,Harmonic Coloration,,,MixBox,,,"degrades the audio quality to simulate a “Lo-Fidelity” sound. In MixBox, this effect is designed to be used as a speaker and cabinet simulator, too. ",,,,,,,,,,,,,,
Phonograph,IK Multimedia,Harmonic Coloration,Harmonic Coloration,,,MixBox,,,adds disk noises to simulate the sound of music played by vinyl records on old record players.,,,,,,,,,,,,,,
Tone Control,IK Multimedia,Harmonic Coloration,Harmonic Coloration,,,MixBox,,,A classic tube tone control that recreates the tone shaping stage found on the best tube amplifiers. The Tone Control effect can deliver incredible presence and warmth to the sound. ,,,,,,,,,,,,,,
Classic Clipper,IK Multimedia,Harmonic Coloration,Harmonic Coloration,Mastering,Mastering,,,T-Racks,mastering peak / clipping stage module. (More transparent option than peak limiter),,,Plugin,"AU, VST3",6.3.0,,,,,,,,,
Quad Saturator,IK Multimedia,Harmonic Coloration,Harmonic Coloration,,,,,T-Racks,4-band processor w/ 5 saturation types per band.,,,Plugin,"AU, VST3",6.3.0,,,,,,,,,
Old Telephone Mic,IK Multimedia,Microphone,Microphone,,,MicRoom,,,Old carbon phone capsule,,,,,,,,,,,,,,
Mic Room,IK Multimedia,"Microphone, Container","Container, Microphone",,,,,T-Racks,,,,Plugin,"AU, VST3",6.3.0,,,,,,,,,
Filter Formant,IK Multimedia,Modulation,Modulation,,,"Amplitube, MixBox",,Amplitube Collection,,, generates the resonances of the human vocal tract for vocal-like timbres.,,,,,,,,,,,,
Digital Chorus,IK Multimedia,Modulation,Modulation,,,Amplitube,,Amplitube Collection,,,,,,,,,,,,,,,
Digital Flanger,IK Multimedia,Modulation,Modulation,,,Amplitube,,Amplitube Collection,,,,,,,,,,,,,,,
Step Filter,IK Multimedia,Modulation,Modulation,"Guitar, Stomp","Guitar, Stomp",Amplitube,,Amplitube Collection,,,,,,,,,,,,,,,
AM Modulator,IK Multimedia,Modulation,Modulation,,,"Amplitube, MixBox",,Amplitube Collection,,,,,,,,,,,,,,,
Auto Pan,IK Multimedia,Modulation,Modulation,,,"Amplitube, MixBox",,Amplitube Collection,,,,,,,,,,,,,,,
FM Modulator,IK Multimedia,Modulation,Modulation,,,"Amplitube, MixBox",,Amplitube Collection,,,,,,,,,,,,,,,
Env Flanger,IK Multimedia,Modulation,Modulation,,,MixBox,,,"This particular kind of flanger has its feedback parameter, which is internally controlled by the envelope of the audio signal. ",,,,,,,,,,,,,,
Multi Chorus,IK Multimedia,Modulation,Modulation,,,MixBox,,,special type of chorus effect with a random pitching character. It is designed to be less regular and noticeable than a classic chorus. ,,,,,,,,,,,,,,
Multi Filter,IK Multimedia,Modulation,Modulation,,,MixBox,,,"This is a particular kind of filter where instead of selecting the type of filter (LPF, BPF or HPF) you can use them all together with independent levels. ",,,,,,,,,,,,,,
Pitch Shifter,IK Multimedia,Pitch,Pitch,"Guitar, Stomp","Guitar, Stomp",Amplitube,,Amplitube Collection,,,,,,,,,,,,,,,
X-VIBE,IK Multimedia,Pitch,Pitch,Stomp,Stomp,Amplitube,,X-Gear (X-VIBE),16 original settings,,,,,,,,,,,,,,
Prism Reverb,IK Multimedia,"Pitch, Reverb & Room","Pitch, Reverb & Room",,,,,T-Racks,"4-Module reverb with pitch shifting, reverb tail control, feedback. (Evolution of Shimmer style). Isolated left and right channel adjustments",,,Plugin,"AU, VST3",6.3.0,,,,,,,,,
T-RackS 6 (T-Racks Mastering Console),IK Multimedia,Preamps,Preamps,Mastering,Mastering,,,T-Racks,,,,"Plugin, Standalone","AU, VST3",6.3.0,,,,,,,,,
CSR Inverse,IK Multimedia,Reverb & Room,Reverb & Room,,,,,"Classik Studio Reverb
T-Racks",Inverse reverb,,"80s snare drum. Drums and percussion, creative effect for vocals",Plugin,"AU, VST3",6.3.0,,,,,,,,,
CSR Plate,IK Multimedia,Reverb & Room,Reverb & Room,,,,,"Classik Studio Reverb
T-Racks",Plate reverb,,"bright, slightly metallic. Vocals and Drums",Plugin,"AU, VST3",6.3.0,,,,,,,,,
CSR Room,IK Multimedia,Reverb & Room,Reverb & Room,,,,,"Classik Studio Reverb
T-Racks",Small/Medium sized room. ,,"More intimate than hall. Drums, Guitar, occasionally vocals",Plugin,"AU, VST3",6.3.0,,,,,,,,,
CSR Hall,IK Multimedia,Reverb & Room,Reverb & Room,,,,,"Classik Studio Reverb
T-Racks",Hall reverb ,,"Simulates large acoustic spaces. ""vocal reverb"". ",Plugin,"AU, VST3",6.3.0,,,,,,,,,
Amp Closet,IK Multimedia,Reverb & Room,Reverb & Room,,,Amplitube,,Amplitube Room,,,,,,,,,,,,,,,
Bathroom,IK Multimedia,Reverb & Room,Reverb & Room,,,Amplitube,,Amplitube Room,,,,,,,,,,,,,,,
Garage,IK Multimedia,Reverb & Room,Reverb & Room,,,Amplitube,,Amplitube Room,,,,,,,,,,,,,,,
Hall,IK Multimedia,Reverb & Room,Reverb & Room,,,Amplitube,,Amplitube Room,,,,,,,,,,,,,,,
Large Studio,IK Multimedia,Reverb & Room,Reverb & Room,,,Amplitube,,Amplitube Room,,,,,,,,,,,,,,,
Mid Studio,IK Multimedia,Reverb & Room,Reverb & Room,,,Amplitube,,Amplitube Room,,,,,,,,,,,,,,,
Shimmer Reverb,IK Multimedia,Reverb & Room,Reverb & Room,,,Amplitube,,Amplitube Collection,,,,,,,,,,,,,,,
Small Studio,IK Multimedia,Reverb & Room,Reverb & Room,,,Amplitube,,Amplitube Room,,,,,,,,,,,,,,,
Subway,IK Multimedia,Reverb & Room,Reverb & Room,,,Amplitube,,Amplitube Room,,,,,,,,,,,,,,,
X-SPACE,IK Multimedia,Reverb & Room,Reverb & Room,"Guitar, Stomp","Guitar, Stomp",Amplitube,,X-Gear (X-SPACE),16 original settings,,,,,,,,,,,,,,
Digital Reverb,IK Multimedia,Reverb & Room,Reverb & Room,,,"Amplitube, MixBox",,Amplitube Collection,,,,,,,,,,,,,,,
Hall Reverb,IK Multimedia,Reverb & Room,Reverb & Room,,,"Amplitube, MixBox",,Amplitube Collection,,,,,,,,,,,,,,,
Inverse Reverb,IK Multimedia,Reverb & Room,Reverb & Room,,,"Amplitube, MixBox",,Amplitube Collection,,,,,,,,,,,,,,,
Plate Reverb,IK Multimedia,Reverb & Room,Reverb & Room,,,"Amplitube, MixBox",,Amplitube Collection,,,,,,,,,,,,,,,
Room Reverb,IK Multimedia,Reverb & Room,Reverb & Room,,,"Amplitube, MixBox",,Amplitube Collection,,,,,,,,,,,,,,,
Ambience,IK Multimedia,Reverb & Room,Reverb & Room,,,MixBox,,,"produces a very short reverb, very useful for emulating the typical ambience of small closed spaces, like studio rooms or little concert suites. ",,,,,,,,,,,,,,
Convo Room,IK Multimedia,Reverb & Room,Reverb & Room,,,MixBox,,,This is a convolution reverb that processes the incoming signal with real sampled spaces providing the ultra- realistic sound of the actual rooms recorded. ,,,,,,,,,,,,,,
Spring Reverb,IK Multimedia,Reverb & Room,Reverb & Room,,,MixBox,,,"sounds very close to a real mechanical spring unit, featuring their signature warmth with that typical metallic and resonant vibe. This reverb is mono. ",,,,,,,,,,,,,,
Dual Spring,IK Multimedia,Reverb & Room,Reverb & Room,,,,,T-Racks,dual spring reverb w/ highly flexible controls,,,Plugin,"AU, VST3",6.3.0,,,,,,,,,
Stereo Enhancer,IK Multimedia,Spatial Imaging,Spatial Imaging,,,Amplitube,,Amplitube Collection,,Only use this if I'm working in Amplitube,,,,,,,,,,,,,
Stereo Imager,IK Multimedia,Spatial Imaging,Spatial Imaging,,,MixBox,,,"Adjusts the stereo image from 0 (mono) to 200% ultra-wide stereo. Note that values over 100% start to lose mono compatibility due to the phase manipulation used, so be sure to check your sound in mono if that is a concern. ",Only use this if I'm working in MixBox,,,,,,,,,,,,,
Quad Image,IK Multimedia,Spatial Imaging,Spatial Imaging,REMOVE,REMOVE,,,T-Racks,Multiband (up to 4 configurable bands) of M/S matrix processing for stereo imaging,Redundant from Steinberg Imager and Ozone Imager,,Plugin,"AU, VST3",6.3.0,,,,,,,,,
Nectar 4,iZotope,Container,Container,Voice,Voice,,,Nectar Suite,Vocal Production Suite w/ 13 independent plugins,,,Plugin,"AU, VST3",4.1.0,,,,,,,,,
Neutron 5,iZotope,Container,Container,,,,,Neutron,10 Plugin Suite for mixing,,,Plugin,"AU, VST3",5.1.0,,,,,,,,,
Ozone 12,iZotope,Container,Container,Mastering,Mastering,,,Ozone,Mastering suite [ provides global controls for each of the Ozone plugins ],,,Plugin,"AU, VST3",12.1.0,,,,,,,,,
Cascadia,iZotope,Delay,Delay,,,,,,,,,Plugin,"AU, VST3",1.1.0,,,,,,,,,
Nectar 4 Delay,iZotope,Delay,Delay,Voice,Voice,,,Nectar Suite,Stereo delay w/ 5 saturation modes.,,,Plugin,"AU, VST3",4.1.0,,,,,,,,,
Vocal Synth 2,iZotope,"Delay, Dynamics, EQ, Harmonic Coloration, Modulation, Pitch, Reverb & Room, Time / Phase","Delay, Dynamics, EQ, Harmonic Coloration, Modulation, Pitch, Reverb & Room, Time / Phase",Voice,Voice,,,,"Vocal effects suite [ pitch detection / correction , spectral / formant emulation, Vocoder, bit crusher, harmonizaion, chorus, reverb / delay, time sync ]",,,Plugin,"AU, VST3",2.7.0,,,,,,,,,
Stutter Edit 2,iZotope,"Delay, EQ, Modulation, Reverb & Room, Harmonic Coloration, Time / Phase","Delay, EQ, Harmonic Coloration, Modulation, Reverb & Room, Time / Phase",,,,,,"TIme Variant Modifiers, Reverb / Delay, Rhythmic Processing, distortion/bit crushing, chorus, comb-filtering, flanger, phaser. Useful for EDM, cinematic sound design, hip-hop, audio-for-visual",,,Plugin,"AU, VST3",2.1.0,,,,,,,,,
Nectar 4 Auto-Level,iZotope,Dynamics,Dynamics,Voice,Voice,,,Nectar Suite,"Intelligent + transparent compressor alternative, placed at the start of a signal chain. Detects sung vs. unsung vocals.",,,Plugin,"AU, VST3",4.1.0,,,,,,,,,
Nectar 4 Breath Control,iZotope,Dynamics,Dynamics,"Restoration, Voice","Restoration, Voice",,,Nectar Suite,reduce unwanted breaths,,,Plugin,"AU, VST3",4.1.0,,,,,,,,,
Nectar 4 Compressor,iZotope,Dynamics,Dynamics,Voice,Voice,,,Nectar Suite,"4 compressor modes (digital, vintage, optical and solid-state)",,,Plugin,"AU, VST3",4.1.0,,,,,,,,,
Nectar 4 Gate,iZotope,Dynamics,Dynamics,Voice,Voice,,,Nectar Suite,gate,,,Plugin,"AU, VST3",4.1.0,,,,,,,,,
Neutron 5 Clipper,iZotope,Dynamics,Dynamics,,,,,Neutron,"Like a peak limiter. Provides soft clipping across multiple bands, mid/side channels and transient / sustain content",,,Plugin,"AU, VST3",5.1.0,,,,,,,,,
Neutron 5 Compressor,iZotope,Dynamics,Dynamics,,,,,Neutron,"3 compressor modes (punch/transient, modern/clear, vintage/colored) w/ level detection mode(Peak, RMS, True Peak)",,,Plugin,"AU, VST3",5.1.0,,,,,,,,,
Neutron 5 Gate,iZotope,Dynamics,Dynamics,,,,,Neutron,noise gate,,,Plugin,"AU, VST3",5.1.0,,,,,,,,,
Ozone 12 Dynamics,iZotope,Dynamics,Dynamics,Mastering,Mastering,,,Ozone,4-bands of analog-modeled compression and limiting. 4 filter shapes per band. Detection filter for triggering dynamics processing.,,,Plugin,"AU, VST3",12.1.0,,,,,,,,,
Ozone 12 Master Rebalance,iZotope,Dynamics,Dynamics,Mastering,Mastering,,,Ozone,"ML algo for real-time gain adjustments to select focused elements in a master w/o needing to adjust stems or individual tracks. 3 modes (vocals, drum, bass) (semantic, non-envelope based dynamics)",,,Plugin,"AU, VST3",12.1.0,,,,,,,,,
Ozone 12 Maximizer,iZotope,Dynamics,Dynamics,Mastering,Mastering,,,Ozone,"boost overall level of mixes w/o sacrificing dynamics and clarity, finalizing mix. IRC (Intelligent Release Control) w/ 4 detailed modes that include transparency / distortion. True Peak limiter, upward compression, w/ soft clipping, pre-limiter transient shaping",,,Plugin,"AU, VST3",12.1.0,,,,,,,,,
Ozone 12 Unlimiter,iZotope,Dynamics,Dynamics,Mastering,Mastering,,,Ozone,"Restores dynamics to audio that has been heavily limited or compressed. Using advanced machine learning, it estimates the transients lost during limiting and reconstructs them to bring back punch and musicality",,,Plugin,"AU, VST3",12.1.0,,,,,,,,,
Ozone 12 Vintage Compressor,iZotope,Dynamics,Dynamics,Mastering,Mastering,,,Ozone,"3 modes of vintage mastering compression (sharp, balanced, smooth) w/ a detection filter for triggering dynamics processing",,,Plugin,"AU, VST3",12.1.0,,,,,,,,,
RX 11 Breath Control,iZotope,Dynamics,Dynamics,"Restoration, Voice","Restoration, Voice",,,RX,Intelligent breath suppression in dialogue or vocal recordings,,,Plugin,"AU, VST3",11.3.0,,,,,,,,,
RX 11 Music Rebalance,iZotope,Dynamics,Dynamics,Restoration,Restoration,,,RX,"machine learning algorithm trained to identify and separate the following elements in a mix: Vocal, Bass, Drums or Other. The level of each mix element can be independently adjusted after separation. Useful for adjusting the level of a particular mix element when the original tracks or stems aren't available.",,,Plugin,AU,11.3.0,,,,,,,,,
Nectar 4 DeEsser,iZotope,"Dynamics, EQ","Dynamics, EQ",Voice,Voice,,,Nectar Suite,De-esser,,,Plugin,"AU, VST3",4.1.0,,,,,,,,,
Neutron 5 Density,iZotope,"Dynamics, EQ","Dynamics, EQ",,,,,Neutron,"upward compressor that enhances, thickness, warmth and presence (mix of Dynamics and EQ)",,,Plugin,"AU, VST3",5.1.0,,,,,,,,,
Neutron 5 Transient Shaper,iZotope,"Dynamics, EQ","Dynamics, EQ",,,,,Neutron,transient shaping,,,Plugin,"AU, VST3",5.1.0,,,,,,,,,
Neutron 5 Unmask,iZotope,"Dynamics, EQ","Dynamics, EQ",,,,,Neutron,dynamic sidechain tool that detects / fixes frequency masking,,,Plugin,"AU, VST3",5.1.0,,,,,,,,,
Ozone 12 Bass Control,iZotope,"Dynamics, EQ","Dynamics, EQ",Mastering,Mastering,,,Ozone,Provides a set of tools to shape and enhance the low end of your master.,,,Plugin,"AU, VST3",12.1.0,,,,,,,,,
Ozone 12 Clarity,iZotope,"Dynamics, EQ","Dynamics, EQ",Mastering,Mastering,,,Ozone,"Uses hundreds of bands to maximize the spectral power of your audio. Achieved by adaptively contouring the spectrum towards flat noise. Tames resonances and unmasks background content. ""Pull the blanket off"" dull mixes w/o sounding harsh",,,Plugin,"AU, VST3",12.1.0,,,,,,,,,
Ozone 12 Dynamic EQ,iZotope,"Dynamics, EQ","Dynamics, EQ",Mastering,Mastering,,,Ozone,"Spectral processing, useful in controlling specific frequencies in your mix that are too loud, w/ a degree of precision not possible w/ a static EQ",,,Plugin,"AU, VST3",12.1.0,,,,,,,,,
Ozone 12 Impact,iZotope,"Dynamics, EQ","Dynamics, EQ",Mastering,Mastering,,,Ozone,4 bands of microdynamics processing enabling range expansion and compression,,,Plugin,"AU, VST3",12.1.0,,,,,,,,,
Ozone 12 Low End Focus,iZotope,"Dynamics, EQ","Dynamics, EQ",Mastering,Mastering,,,Ozone,"intelligent reduction of muddiness, increase of low-end impact w/ punchy (fast) / smooth (slow) response time modes",,,Plugin,"AU, VST3",12.1.0,,,,,,,,,
Ozone 12 Spectral Shaper,iZotope,"Dynamics, EQ","Dynamics, EQ",Mastering,Mastering,,,Ozone,"Spectral shaper (high-resolution attenutation to problematic frequencies across the frequency spectrum). low/medium/high reduction modes of operation, tone (positive/bright, negative/dark) shaping of spectral character",,,Plugin,"AU, VST3",12.1.0,,,,,,,,,
RX 11 De-click,iZotope,"Dynamics, EQ","Dynamics, EQ",Restoration,Restoration,,,RX,"Eliminates clicks, pops and digital impulse noises",,,Plugin,"AU, VST3",11.3.0,,,,,,,,,
RX 11 De-clip,iZotope,"Dynamics, EQ","Dynamics, EQ",Restoration,Restoration,,,RX,Removes distortion due to clipping. Post true peak limiter,,,Plugin,"AU, VST3",11.3.0,,,,,,,,,
RX 11 De-crackle,iZotope,"Dynamics, EQ","Dynamics, EQ",Restoration,Restoration,,,RX,"Removes crackle (many clicks close together and low in volume), such as reed noise.",,,Plugin,"AU, VST3",11.3.0,,,,,,,,,
RX 11 De-ess,iZotope,"Dynamics, EQ","Dynamics, EQ","Restoration, Voice","Restoration, Voice",,,RX,De-esser that can operate in classic (dynamic and EQ) or spectral modes,,,Plugin,"AU, VST3",11.3.0,,,,,,,,,
RX 11 De-hum,iZotope,"Dynamics, EQ","Dynamics, EQ",Restoration,Restoration,,,RX,multiband spectral processing w/ static/dynamic modes,,,Plugin,"AU, VST3",11.3.0,,,,,,,,,
RX 11 De-plosive,iZotope,"Dynamics, EQ","Dynamics, EQ","Restoration, Voice","Restoration, Voice",,,RX,"Removes ""plosives"" (audable release of pressure due to block in the vocal track)",,,Plugin,"AU, VST3",11.3.0,,,,,,,,,
RX 11 Dialogue Isolate,iZotope,"Dynamics, EQ","Dynamics, EQ","Restoration, Voice","Restoration, Voice",,,RX,4 bands of frequency specific dialog isolation,,,Plugin,"AU, VST3",11.3.0,,,,,,,,,
RX 11 Guitar De-noise,iZotope,"Dynamics, EQ","Dynamics, EQ","Guitar, Restoration","Guitar, Restoration",,,RX,controls guitar performance sounds,,,Plugin,"AU, VST3",11.3.0,,,,,,,,,
RX 11 Mouth De-click,iZotope,"Dynamics, EQ","Dynamics, EQ","Restoration, Voice","Restoration, Voice",,,RX,Eliminates vocal clicks and pops,,,Plugin,"AU, VST3",11.3.0,,,,,,,,,
RX 11 Spectral De-noise,iZotope,"Dynamics, EQ","Dynamics, EQ",Restoration,Restoration,,,RX,remove stationary or slowly changing tonal noise and broadband hiss. 4 quality algorithms for different methods of noise reduction / side effects,,,Plugin,"AU, VST3",11.3.0,,,,,,,,,
RX 11 Spectral Editor,iZotope,"Dynamics, EQ","Dynamics, EQ",Restoration,Restoration,,,RX,,,,Plugin,"AU, VST3",11.3.0,,,,,,,,,
RX 11 Voice De-noise,iZotope,"Dynamics, EQ","Dynamics, EQ","Restoration, Voice","Restoration, Voice",,,RX,zero latency de-noiser. 64 psychoacoustically spaced bandpass filters (multiband gate) for music vs. dialog optimization.,,,Plugin,"AU, VST3",11.3.0,,,,,,,,,
RX11 Repair Assistant,iZotope,"Dynamics, EQ","Dynamics, EQ","Restoration, Voice","Restoration, Voice",,,RX,"AI audio problem detection [ de-noise, de-reverb, de-him, de-click, de-ess, de-clip, de-harsh]",,,Plugin,"AU, VST3",11.3.0,,,,,,,,,
Tonal Balance Control 2,iZotope,"Dynamics, EQ",,Mastering,Mastering,,,,4 bands of mastering / mix bus spectral processing. source plugin content from other izotope plugins,,,Plugin,"AU, VST3",2.10.0,,,,,,,,,
VEA (Vocal Enhancer Assistant) ,iZotope,"Dynamics, EQ","Dynamics, EQ",Restoration,Restoration,,,,"increases clarity, sets more consistent levels, and reduces background noise via three controls: Clean (noise reduction), Shape (AI-tailored EQ), and Boost (dynamics/presence). It's tailor-made for content creators and podcasters, not music production per se.",,,Plugin,"AU, VST3",1.1.0,,,,,,,,,
Velvet,iZotope,"Dynamics, EQ","Dynamics, EQ",Voice,Voice,,,,"A 3-in-1 sibilance tool for smoother vocals. Soften harshness and sibilance, dynamically shape tone, and remove distracting mouth noises and clicks",,,Plugin,"AU, VST3",,,,,,,,,,
Plasma,iZotope,"Dynamics, Harmonic Coloration","Dynamics, Harmonic Coloration",Mastering,Mastering,,,,"Flux saturation analyzes your sound and applies dynamic processing, adding precise warmth, depth and character to bring out the best in mixes and masters.",,,Plugin,"AU, VST3",1.1.0,,,,,,,,,
FXEQ,iZotope,EQ,EQ,,,,,,,,,Plugin,"AU, VST3",1.0.0,,,,,,,,,
Nectar 4 Equalizer,iZotope,EQ,EQ,Voice,Voice,,,Nectar Suite,2 EQ modules w/ up to 24 total bands and 16 possible shapes per band. Program dependent dynamic processing (frequency or gain),,,Plugin,"AU, VST3",4.1.0,,,,,,,,,
Neutron 5 Equalizer,iZotope,EQ,EQ,,,,,Neutron,EQ w/ 13 different filtures shapes and soft saturation,,,Plugin,"AU, VST3",5.1.0,,,,,,,,,
Ozone 12 Equalizer,iZotope,EQ,EQ,Mastering,Mastering,,,Ozone,8 bands of mastering EQ w/ warmth of analog-matched filters or precise boost/cut of digiital linear-phase filters,,,Plugin,"AU, VST3",12.1.0,,,,,,,,,
Ozone 12 Match EQ,iZotope,EQ,EQ,Mastering,Mastering,,,Ozone,8000 bands of digital linear-phase EQ for precise matching,,,Plugin,"AU, VST3",12.1.0,,,,,,,,,
Ozone 12 Stabilizer,iZotope,EQ,EQ,Mastering,Mastering,,,Ozone,3 bands of adaptve mastering EQ that applies frequency for tonal balance / tame resonance w/ shape / cut modes to match a selected target,,,Plugin,"AU, VST3",12.1.0,,,,,,,,,
Ozone 12 Stem EQ,iZotope,EQ,EQ,Mastering,Mastering,,,Ozone,"Gives you the ability to EQ separated elements of your mix (Vocals, Bass Drums, Other) directly from a stereo bounce. Instead of making broad changes to the entire mix, you can isolate and shape individual stems to achieve a more balancer master. Fixes issues like buried vocals or overbearing drums, etc.",,,Plugin,"AU, VST3",12.1.0,,,,,,,,,
Neutron 5 Sculptor,iZotope,"EQ, Dynamics","Dynamics, EQ",,,,,Neutron,32 bands of spectral shaping,,,Plugin,"AU, VST3",5.1.0,,,,,,,,,
Neutron 5 Exciter,iZotope,Harmonic Coloration,Harmonic Coloration,,,,,Neutron,,,"2 groups of harmonic exiting adds warmth, presence and character.
classic (retro, tape, tube, warm), 
trash (overdrive, scream, clipper, scratch)] ",Plugin,"AU, VST3",5.1.0,,,,,,,,,
Nectar 4 Saturation,iZotope,Harmonic Coloration,Harmonic Coloration,Voice,Voice,,,Nectar Suite,"7 distortion modes (analog, retro, tape, tube, warm, decimate, distort)",,,Plugin,"AU, VST3",4.1.0,,,,,,,,,
Ozone 12 Exciter,iZotope,Harmonic Coloration,Harmonic Coloration,Mastering,Mastering,,,Ozone,"4 bands of saturation and 7 exciter modes (analog/odd-transistor, retro/transistor, analog tape, warm, tube, triode, dual triode)",,,Plugin,"AU, VST3",12.1.0,,,,,,,,,
Trash,iZotope,Harmonic Coloration,Harmonic Coloration,Mastering,Mastering,,,,"Mixing / Mastering, 4 types of distortion, 3 bands of processing, impulse response manager + microphone modeling",,,Plugin,"AU, VST3",1.3.0,,,,,,,,,
Vinyl,iZotope,Harmonic Coloration,Harmonic Coloration,,,,,,"Lo-fi vinyl phonograph sound. Warmth, Tape Saturation",,,Plugin,"AU, VST3",1.13.0,,,,,,,,,
Nectar 4 Dimension,iZotope,Modulation,Modulation,Voice,Voice,,,Nectar Suite,Chorus / Flanger / Phaser,,,Plugin,"AU, VST3",4.1.0,,,,,,,,,
Nectar 4 Backer,iZotope,"Modulation, Pitch","Modulation, Pitch",Voice,Voice,,,Nectar Suite,transforms an input vocal into a target/reference vocal (singing voice conversion) via pitch and/or formant shift / correction. [ 8 target personas],,,Plugin,"AU, VST3",4.1.0,,,,,,,,,
Nectar 4 Pitch,iZotope,Pitch,Pitch,Voice,Voice,,,Nectar Suite,diatonic pitch / formant correction,,,Plugin,"AU, VST3",4.1.0,,,,,,,,,
Nectar 4 Voices,iZotope,Pitch,Pitch,Voice,Voice,,,Nectar Suite,creates harmonies (11 different styles including auto-harmonies) w/ pitch shifted copies,,,Plugin,"AU, VST3",4.1.0,,,,,,,,,
Aurora,iZotope,Reverb & Room,Reverb & Room,,,,,,,,,Plugin,"AU, VST3",1.1.0,,,,,,,,,
Equinox,iZotope,Reverb & Room,Reverb & Room,,,,,,Replaces Exponential Audio's Stratus and Symphony plugins,,,Plugin,"AU, VST3",1.0.0,,,,,,,,,
Neoverb,iZotope,Reverb & Room,Reverb & Room,,,,,,Reverb Assistant w/ 3 reverb engines and AI-powered EQ,,,Plugin,"AU, VST3",1.4.0,,,,,,,,,
RX 11 De-reverb,iZotope,Reverb & Room,Reverb & Room,Restoration,Restoration,,,RX,Removes unwanted reverb,,,Plugin,"AU, VST3",11.3.0,,,,,,,,,
Ozone 12 Imager,iZotope,Spatial Imaging,Spatial Imaging,Mastering,Mastering,,,Ozone,4 bands of stereo imaging.,Primary Mastering Imager,,Plugin,"AU, VST3",12.1.0,,,,,,,,,
Neutron 5 Phase,iZotope,Time / Phase,Time / Phase,,,,,Neutron,phase analysis and correction,Primary Phase Alignment (analysis and correction) tool,,Plugin,"AU, VST3",5.1.0,,,,,,,,,
MDE-X,Korg,"Delay, Modulation, Dynamics, Harmonic Coloration, EQ, Reverb & Room","Delay, Dynamics, EQ, Harmonic Coloration, Modulation, Reverb & Room",,,,,,"FX Chain from MDE-X 
[ compressors, limiters, overdrive, wah, 4-band EQ, exciter / enhancer, talkbox, flanger, phaser, chorus, delay, harmonization, reverb ]",,,Plugin,"AU, VST3",2.4.1,,,,,,,,,
Kaoss Pad,Korg,"Delay, Modulation, Time / Phase","Delay, Modulation, Time / Phase",,,,,,,,,"Plugin, Standalone","AU, VST3",1.1.0,,,,,,,,,
Filter Ark,Korg,"EQ, Modulation","EQ, Modulation",,,,,,,,,"Plugin, Standalone","AU, VST3",1.0.3,,,,,,,,,
Line 6 2204 mod,Line 6,Amp & Cab,Amp & Cab,Guitar,Guitar,Helix Native,,,,,,,,,,,,,,,,,
Line 6 Aristocrat,Line 6,Amp & Cab,Amp & Cab,Guitar,Guitar,Helix Native,,,,,,,,,,,,,,,,,
Line 6 Badonk,Line 6,Amp & Cab,Amp & Cab,Guitar,Guitar,Helix Native,,,,,,,,,,,,,,,,,
Line 6 Carillon,Line 6,Amp & Cab,Amp & Cab,Guitar,Guitar,Helix Native,,,,,,,,,,,,,,,,,
LIne 6 Clarity,Line 6,Amp & Cab,Amp & Cab,Guitar,Guitar,Helix Native,,,,,,,,,,,,,,,,,
Line 6 Doom,Line 6,Amp & Cab,Amp & Cab,Guitar,Guitar,Helix Native,,,,,,,,,,,,,,,,,
Line 6 Elektrik,Line 6,Amp & Cab,Amp & Cab,Guitar,Guitar,Helix Native,,,,,,,,,,,,,,,,,
LIne 6 Elmsley,Line 6,Amp & Cab,Amp & Cab,Guitar,Guitar,Helix Native,,,,,,,,,,,,,,,,,
Line 6 Epic,Line 6,Amp & Cab,Amp & Cab,Guitar,Guitar,Helix Native,,,,,,,,,,,,,,,,,
Line 6 Fatality,Line 6,Amp & Cab,Amp & Cab,Guitar,Guitar,Helix Native,,,,,,,,,,,,,,,,,
Line 6 Kinetic,Line 6,Amp & Cab,Amp & Cab,Guitar,Guitar,Helix Native,,,,,,,,,,,,,,,,,
Line 6 Litigator,Line 6,Amp & Cab,Amp & Cab,Guitar,Guitar,Helix Native,,,,,,,,,,,,,,,,,
Line 6 Oblivion,Line 6,Amp & Cab,Amp & Cab,Guitar,Guitar,Helix Native,,,,,,,,,,,,,,,,,
Line 6 Ventoux,Line 6,Amp & Cab,Amp & Cab,Guitar,Guitar,Helix Native,,,,,,,,,,,,,,,,,
Line 6 Voltage,Line 6,Amp & Cab,Amp & Cab,Guitar,Guitar,Helix Native,,,,,,,,,,,,,,,,,
Helix Native,Line 6,Container,Container,Guitar,Guitar,,,,,,,Plugin,"AU, VST3",3.82,,,,,,,,,
Poly Sustain,Line 6,Delay,Delay,"Guitar, Stomp","Guitar, Stomp",Helix Native,,,,,very high DSP,,,,,,,,,,,,
Adriatic Swell,Line 6,Delay,Delay,"Guitar, Stomp","Guitar, Stomp",Helix Native,,,,,,,,,,,,,,,,,
ADT,Line 6,Delay,Delay,"Guitar, Stomp","Guitar, Stomp",Helix Native,,,,,,,,,,,,,,,,,
Auto-Volume Echo,Line 6,Delay,Delay,"Guitar, Stomp","Guitar, Stomp",Helix Native,,Legacy,,,,,,,,,,,,,,,
Bubble Echo,Line 6,Delay,Delay,"Guitar, Stomp","Guitar, Stomp",Helix Native,,Legacy,,,,,,,,,,,,,,,
Crisscross,Line 6,Delay,Delay,"Guitar, Stomp","Guitar, Stomp",Helix Native,,,,,,,,,,,,,,,,,
Dig w/ Mod,Line 6,Delay,Delay,"Guitar, Stomp","Guitar, Stomp",Helix Native,,Legacy,,,,,,,,,,,,,,,
Digital,Line 6,Delay,Delay,"Guitar, Stomp","Guitar, Stomp",Helix Native,,Legacy,,,,,,,,,,,,,,,
Dual Delay,Line 6,Delay,Delay,"Guitar, Stomp","Guitar, Stomp",Helix Native,,,,,,,,,,,,,,,,,
Euclidean Delay,Line 6,Delay,Delay,"Guitar, Stomp","Guitar, Stomp",Helix Native,,,,,,,,,,,,,,,,,
Glitch Delay,Line 6,Delay,Delay,"Guitar, Stomp","Guitar, Stomp",Helix Native,,,,,,,,,,,,,,,,,
Harmony Delay,Line 6,Delay,Delay,"Guitar, Stomp","Guitar, Stomp",Helix Native,,,,,,,,,,,,,,,,,
Heliosphere,Line 6,Delay,Delay,"Guitar, Stomp","Guitar, Stomp",Helix Native,,,,,,,,,,,,,,,,,
Lo Res,Line 6,Delay,Delay,"Guitar, Stomp","Guitar, Stomp",Helix Native,,Legacy,,,,,,,,,,,,,,,
Mod/Chorus Echo,Line 6,Delay,Delay,"Guitar, Stomp","Guitar, Stomp",Helix Native,,,,,,,,,,,,,,,,,
Multi Pass,Line 6,Delay,Delay,"Guitar, Stomp","Guitar, Stomp",Helix Native,,,,,,,,,,,,,,,,,
Multitap 4,Line 6,Delay,Delay,"Guitar, Stomp","Guitar, Stomp",Helix Native,,,,,,,,,,,,,,,,,
Multitap 6,Line 6,Delay,Delay,"Guitar, Stomp","Guitar, Stomp",Helix Native,,,,,,,,,,,,,,,,,
Phaze Eko,Line 6,Delay,Delay,"Guitar, Stomp","Guitar, Stomp",Helix Native,,Legacy,,,,,,,,,,,,,,,
Ping Pong,Line 6,Delay,Delay,"Guitar, Stomp","Guitar, Stomp",Helix Native,,,,,,,,,,,,,,,,,
Pitch Echo,Line 6,Delay,Delay,"Guitar, Stomp","Guitar, Stomp",Helix Native,,,,,,,,,,,,,,,,,
Ratchet,Line 6,Delay,Delay,"Guitar, Stomp","Guitar, Stomp",Helix Native,,,,,,,,,,,,,,,,,
Reverse,Line 6,Delay,Delay,"Guitar, Stomp","Guitar, Stomp",Helix Native,,Legacy,,,,,,,,,,,,,,,
Reverse Delay,Line 6,Delay,Delay,"Guitar, Stomp","Guitar, Stomp",Helix Native,,,,,,,,,,,,,,,,,
Simple Delay,Line 6,Delay,Delay,"Guitar, Stomp","Guitar, Stomp",Helix Native,,,,,,,,,,,,,,,,,
Stereo,Line 6,Delay,Delay,"Guitar, Stomp","Guitar, Stomp",Helix Native,,Legacy,,,,,,,,,,,,,,,
Sweep Echo,Line 6,Delay,Delay,"Guitar, Stomp","Guitar, Stomp",Helix Native,,Legacy,,,,,,,,,,,,,,,
Sweep Echo,Line 6,Delay,Delay,"Guitar, Stomp","Guitar, Stomp",Helix Native,,,,,,,,,,,,,,,,,
Tesselator,Line 6,Delay,Delay,"Guitar, Stomp","Guitar, Stomp",Helix Native,,,,,,,,,,,,,,,,,
Vintage Digital,Line 6,Delay,Delay,"Guitar, Stomp","Guitar, Stomp",Helix Native,,,,,,,,,,,,,,,,,
Vintage Swell,Line 6,Delay,Delay,"Guitar, Stomp","Guitar, Stomp",Helix Native,,,,,,,,,,,,,,,,,
3-Band Comp,Line 6,Dynamics,Dynamics,"Bass, Guitar, Stomp","Bass, Guitar, Stomp",Helix Native,,,,,,,,,,,,,,,,,
Autoswell,Line 6,Dynamics,Dynamics,"Guitar, Stomp","Guitar, Stomp",Helix Native,,,,,,,,,,,,,,,,,
Deluxe Comp,Line 6,Dynamics,Dynamics,"Guitar, Stomp","Guitar, Stomp",Helix Native,,,,,,,,,,,,,,,,,
Feedbacker,Line 6,Dynamics,Dynamics,"Guitar, Stomp","Guitar, Stomp",Helix Native,,,,,,,,,,,,,,,,,
Gain,Line 6,Dynamics,Dynamics,"Guitar, Stomp","Guitar, Stomp",Helix Native,,,,,,,,,,,,,,,,,
Hard Gate,Line 6,Dynamics,Dynamics,"Guitar, Stomp","Guitar, Stomp",Helix Native,,,,,,,,,,,,,,,,,
Noise Gate,Line 6,Dynamics,Dynamics,"Guitar, Stomp","Guitar, Stomp",Helix Native,,,,,,,,,,,,,,,,,
Vetta Comp,Line 6,Dynamics,Dynamics,"Guitar, Stomp","Guitar, Stomp",Helix Native,,Legacy,,,,,,,,,,,,,,,
Vetta Juice,Line 6,Dynamics,Dynamics,"Guitar, Stomp","Guitar, Stomp",Helix Native,,Legacy,,,,,,,,,,,,,,,
Volume Pedal,Line 6,Dynamics,Dynamics,"Guitar, Stomp","Guitar, Stomp",Helix Native,,,,,,,,,,,,,,,,,
Acoustic Sim,Line 6,EQ,EQ,"Guitar, Stomp","Guitar, Stomp",Helix Native,,,,,,,,,,,,,,,,,
Low and High Cut,Line 6,EQ,EQ,"Guitar, Stomp","Guitar, Stomp",Helix Native,,,,,,,,,,,,,,,,,
Low/High Shelf,Line 6,EQ,EQ,"Guitar, Stomp","Guitar, Stomp",Helix Native,,,,,,,,,,,,,,,,,
Parametric,Line 6,EQ,EQ,"Guitar, Stomp","Guitar, Stomp",Helix Native,,,,,,,,,,,,,,,,,
Simple EQ,Line 6,EQ,EQ,"Guitar, Stomp","Guitar, Stomp",Helix Native,,,,,,,,,,,,,,,,,
Tilt,Line 6,EQ,EQ,"Guitar, Stomp","Guitar, Stomp",Helix Native,,,,,,,,,,,,,,,,,
Bitcrusher,Line 6,Harmonic Coloration,Harmonic Coloration,"Guitar, Stomp","Guitar, Stomp",Helix Native,,,,,,,,,,,,,,,,,
L6 Distortion,Line 6,Harmonic Coloration,Harmonic Coloration,"Guitar, Stomp","Guitar, Stomp",Helix Native,,Legacy,,,,,,,,,,,,,,,
Megaphone,Line 6,Harmonic Coloration,Harmonic Coloration,"Guitar, Stomp","Guitar, Stomp",Helix Native,,,,,,,,,,,,,,,,,
Thrifter Fuzz,Line 6,Harmonic Coloration,Harmonic Coloration,"Guitar, Stomp","Guitar, Stomp",Helix Native,,,,,,,,,,,,,,,,,
4-Voice Chorus,Line 6,Modulation,Modulation,"Guitar, Stomp","Guitar, Stomp",Helix Native,,,,,,,,,,,,,,,,,
AM Ring Mod,Line 6,Modulation,Modulation,"Guitar, Stomp","Guitar, Stomp",Helix Native,,,,,,,,,,,,,,,,,
Autofilter,Line 6,Modulation,Modulation,"Guitar, Stomp","Guitar, Stomp",Helix Native,,,,,,,,,,,,,,,,,
Barberpole,Line 6,Modulation,Modulation,"Guitar, Stomp","Guitar, Stomp",Helix Native,,Legacy,,,,,,,,,,,,,,,
Chorus,Line 6,Modulation,Modulation,"Guitar, Stomp","Guitar, Stomp",Helix Native,,,,,,,,,,,,,,,,,
Comet Trails,Line 6,Modulation,Modulation,"Guitar, Stomp","Guitar, Stomp",Helix Native,,Legacy,,,,,,,,,,,,,,,
Deluxe Phaser,Line 6,Modulation,Modulation,"Guitar, Stomp","Guitar, Stomp",Helix Native,,,,,,,,,,,,,,,,,
Double Take,Line 6,Modulation,Modulation,"Guitar, Stomp","Guitar, Stomp",Helix Native,,,,,,,,,,,,,,,,,
Dynamix Flanger,Line 6,Modulation,Modulation,"Guitar, Stomp","Guitar, Stomp",Helix Native,,,,,,,,,,,,,,,,,
FlexoVibe,Line 6,Modulation,Modulation,"Guitar, Stomp","Guitar, Stomp",Helix Native,,,,,,,,,,,,,,,,,
Frequency Shift,Line 6,Modulation,Modulation,"Guitar, Stomp","Guitar, Stomp",Helix Native,,Legacy,,,,,,,,,,,,,,,
Harmonic Tremolo,Line 6,Modulation,Modulation,"Guitar, Stomp","Guitar, Stomp",Helix Native,,,,,,,,,,,,,,,,,
Panner,Line 6,Modulation,Modulation,"Guitar, Stomp","Guitar, Stomp",Helix Native,,Legacy,,,,,,,,,,,,,,,
Pattern Tremolo,Line 6,Modulation,Modulation,"Guitar, Stomp","Guitar, Stomp",Helix Native,,Legacy,,,,,,,,,,,,,,,
Pitch Ring Mod,Line 6,Modulation,Modulation,"Guitar, Stomp","Guitar, Stomp",Helix Native,,,,,,,,,,,,,,,,,
Poly Detune,Line 6,Modulation,Modulation,"Guitar, Stomp","Guitar, Stomp",Helix Native,,,,,,,,,,,,,,,,,
Q Filter,Line 6,Modulation,Modulation,"Guitar, Stomp","Guitar, Stomp",Helix Native,,Legacy,,,,,,,,,,,,,,,
Random S&H,Line 6,Modulation,Modulation,"Guitar, Stomp","Guitar, Stomp",Helix Native,,Legacy,,,,,,,,,,,,,,,
Retro Reel,Line 6,Modulation,Modulation,"Guitar, Stomp","Guitar, Stomp",Helix Native,,,,,,,,,,,,,,,,,
Ring Modulator,Line 6,Modulation,Modulation,"Guitar, Stomp","Guitar, Stomp",Helix Native,,Legacy,,,,,,,,,,,,,,,
Slow Filter,Line 6,Modulation,Modulation,"Guitar, Stomp","Guitar, Stomp",Helix Native,,Legacy,,,,,,,,,,,,,,,
Sweeper,Line 6,Modulation,Modulation,"Guitar, Stomp","Guitar, Stomp",Helix Native,,Legacy,,,,,,,,,,,,,,,
Tape Eater,Line 6,Modulation,Modulation,"Guitar, Stomp","Guitar, Stomp",Helix Native,,Legacy,,,,,,,,,,,,,,,
Vetta Wah,Line 6,Modulation,Modulation,"Guitar, Stomp","Guitar, Stomp",Helix Native,,,,,,,,,,,,,,,,,
Voice Box,Line 6,Modulation,Modulation,"Guitar, Stomp","Guitar, Stomp",Helix Native,,Legacy,,,,,,,,,,,,,,,
Warble-Matic,Line 6,Modulation,Modulation,"Guitar, Stomp","Guitar, Stomp",Helix Native,,Legacy,,,,,,,,,,,,,,,
12 String,Line 6,Pitch,Pitch,"Guitar, Stomp","Guitar, Stomp",Helix Native,,,,,High DSP,,,,,,,,,,,,
Poly Capo,Line 6,Pitch,Pitch,"Guitar, Stomp","Guitar, Stomp",Helix Native,,,,,High DSP,,,,,,,,,,,,
Poly Pitch,Line 6,Pitch,Pitch,"Guitar, Stomp","Guitar, Stomp",Helix Native,,,,,High DSP,,,,,,,,,,,,
Poly Wham,Line 6,Pitch,Pitch,"Guitar, Stomp","Guitar, Stomp",Helix Native,,,,,High DSP,,,,,,,,,,,,
3 Note Generator,Line 6,Pitch,Pitch,"Guitar, Stomp","Guitar, Stomp",Helix Native,,,Off By Default,,,,,,,,,,,,,,
3 OSC Synth,Line 6,Pitch,Pitch,"Guitar, Stomp","Guitar, Stomp",Helix Native,,,,,,,,,,,,,,,,,
4 OSC Generator,Line 6,Pitch,Pitch,"Guitar, Stomp","Guitar, Stomp",Helix Native,,,Off By Default,,,,,,,,,,,,,,
Analog Synth,Line 6,Pitch,Pitch,"Guitar, Stomp","Guitar, Stomp",Helix Native,,Legacy,,,,,,,,,,,,,,,
Buzz Wave,Line 6,Pitch,Pitch,"Guitar, Stomp","Guitar, Stomp",Helix Native,,Legacy,,,,,,,,,,,,,,,
Double Bass,Line 6,Pitch,Pitch,"Guitar, Stomp","Guitar, Stomp",Helix Native,,Legacy,,,,,,,,,,,,,,,
Dual Pitch,Line 6,Pitch,Pitch,"Guitar, Stomp","Guitar, Stomp",Helix Native,,,,,,,,,,,,,,,,,
Growler,Line 6,Pitch,Pitch,"Guitar, Stomp","Guitar, Stomp",Helix Native,,Legacy,,,,,,,,,,,,,,,
Octi Synth,Line 6,Pitch,Pitch,"Guitar, Stomp","Guitar, Stomp",Helix Native,,Legacy,,,,,,,,,,,,,,,
Rez Synth,Line 6,Pitch,Pitch,"Guitar, Stomp","Guitar, Stomp",Helix Native,,Legacy,,,,,,,,,,,,,,,
Saturn 5 Ring Mod,Line 6,Pitch,Pitch,"Guitar, Stomp","Guitar, Stomp",Helix Native,,Legacy,,,,,,,,,,,,,,,
Seismik Synth,Line 6,Pitch,Pitch,"Guitar, Stomp","Guitar, Stomp",Helix Native,,Legacy,,,,,,,,,,,,,,,
Simple Pitch,Line 6,Pitch,Pitch,"Guitar, Stomp","Guitar, Stomp",Helix Native,,,,,,,,,,,,,,,,,
String Theory,Line 6,Pitch,Pitch,"Guitar, Stomp","Guitar, Stomp",Helix Native,,Legacy,,,,,,,,,,,,,,,
Synth FX,Line 6,Pitch,Pitch,"Guitar, Stomp","Guitar, Stomp",Helix Native,,Legacy,,,,,,,,,,,,,,,
Synth Harmony,Line 6,Pitch,Pitch,"Guitar, Stomp","Guitar, Stomp",Helix Native,,Legacy,,,,,,,,,,,,,,,
Synth Lead,Line 6,Pitch,Pitch,"Guitar, Stomp","Guitar, Stomp",Helix Native,,Legacy,,,,,,,,,,,,,,,
Synth O Matic,Line 6,Pitch,Pitch,"Guitar, Stomp","Guitar, Stomp",Helix Native,,Legacy,,,,,,,,,,,,,,,
63 Spring,Line 6,Reverb & Room,Reverb & Room,"Guitar, Stomp","Guitar, Stomp",Helix Native,,Legacy,,,,,,,,,,,,,,,
Cave,Line 6,Reverb & Room,Reverb & Room,"Guitar, Stomp","Guitar, Stomp",Helix Native,,Legacy,,,,,,,,,,,,,,,
Chamber,Line 6,Reverb & Room,Reverb & Room,"Guitar, Stomp","Guitar, Stomp",Helix Native,,Legacy,,,,,,,,,,,,,,,
Double Tank,Line 6,Reverb & Room,Reverb & Room,"Guitar, Stomp","Guitar, Stomp",Helix Native,,,,,,,,,,,,,,,,,
Ducking,Line 6,Reverb & Room,Reverb & Room,"Guitar, Stomp","Guitar, Stomp",Helix Native,,Legacy,,,,,,,,,,,,,,,
Dynamic Ambience,Line 6,Reverb & Room,Reverb & Room,"Guitar, Stomp","Guitar, Stomp",Helix Native,,,,,,,,,,,,,,,,,
Dynamic Bloom,Line 6,Reverb & Room,Reverb & Room,"Guitar, Stomp","Guitar, Stomp",Helix Native,,,,,,,,,,,,,,,,,
Dynamic Hall,Line 6,Reverb & Room,Reverb & Room,"Guitar, Stomp","Guitar, Stomp",Helix Native,,,,,,,,,,,,,,,,,
Dynamic Plate,Line 6,Reverb & Room,Reverb & Room,"Guitar, Stomp","Guitar, Stomp",Helix Native,,,,,,,,,,,,,,,,,
Dynamic Room,Line 6,Reverb & Room,Reverb & Room,"Guitar, Stomp","Guitar, Stomp",Helix Native,,,,,,,,,,,,,,,,,
Echo,Line 6,Reverb & Room,Reverb & Room,"Guitar, Stomp","Guitar, Stomp",Helix Native,,Legacy,,,,,,,,,,,,,,,
Ganymede,Line 6,Reverb & Room,Reverb & Room,"Guitar, Stomp","Guitar, Stomp",Helix Native,,,,,,,,,,,,,,,,,
Glitz,Line 6,Reverb & Room,Reverb & Room,"Guitar, Stomp","Guitar, Stomp",Helix Native,,,,,,,,,,,,,,,,,
Hall,Line 6,Reverb & Room,Reverb & Room,"Guitar, Stomp","Guitar, Stomp",Helix Native,,Legacy,,,,,,,,,,,,,,,
Hot Springs,Line 6,Reverb & Room,Reverb & Room,"Guitar, Stomp","Guitar, Stomp",Helix Native,,,,,,,,,,,,,,,,,
Nonlinear,Line 6,Reverb & Room,Reverb & Room,"Guitar, Stomp","Guitar, Stomp",Helix Native,,,,,,,,,,,,,,,,,
Octo,Line 6,Reverb & Room,Reverb & Room,"Guitar, Stomp","Guitar, Stomp",Helix Native,,Legacy,,,,,,,,,,,,,,,
Particle Verb,Line 6,Reverb & Room,Reverb & Room,"Guitar, Stomp","Guitar, Stomp",Helix Native,,Legacy,,,,,,,,,,,,,,,
Plate,Line 6,Reverb & Room,Reverb & Room,"Guitar, Stomp","Guitar, Stomp",Helix Native,,Legacy,,,,,,,,,,,,,,,
Plateaux,Line 6,Reverb & Room,Reverb & Room,"Guitar, Stomp","Guitar, Stomp",Helix Native,,,,,,,,,,,,,,,,,
Room,Line 6,Reverb & Room,Reverb & Room,"Guitar, Stomp","Guitar, Stomp",Helix Native,,Legacy,,,,,,,,,,,,,,,
Searchlights,Line 6,Reverb & Room,Reverb & Room,"Guitar, Stomp","Guitar, Stomp",Helix Native,,,,,,,,,,,,,,,,,
Shimmer,Line 6,Reverb & Room,Reverb & Room,"Guitar, Stomp","Guitar, Stomp",Helix Native,,,,,,,,,,,,,,,,,
Spring,Line 6,Reverb & Room,Reverb & Room,"Guitar, Stomp","Guitar, Stomp",Helix Native,,Legacy,,,,,,,,,,,,,,,
Tile,Line 6,Reverb & Room,Reverb & Room,"Guitar, Stomp","Guitar, Stomp",Helix Native,,Legacy,,,,,,,,,,,,,,,
Pan,Line 6,Spatial Imaging,Spatial Imaging," Guitar, Stomp"," Guitar, Stomp",Helix Native,,,,Only use when inside Helix Native,,,,,,,,,,,,,
Stereo Imager,Line 6,Spatial Imaging,Spatial Imaging," Guitar, Stomp"," Guitar, Stomp",Helix Native,,,,Only use when inside Helix Native,,,,,,,,,,,,,
Stereo Width,Line 6,Spatial Imaging,Spatial Imaging," Guitar, Stomp"," Guitar, Stomp",Helix Native,,,,Only use when inside Helix Native,,,,,,,,,,,,,
Rammfire,Native Instruments,Amp & Cab,Amp & Cab,Guitar,Guitar,Guitar Rig 7,,,,,Rammstein Tone,,,,,,,,,,,,
1x12 Tweed,Native Instruments,Amp & Cab,Amp & Cab,Guitar,Guitar,Guitar Rig 7,,,1x12 CAB,,,,,,,,,,,,,,
1x15 Bass Vintage,Native Instruments,Amp & Cab,Amp & Cab,Guitar,Guitar,Guitar Rig 7,,,1x15 CAB,,,,,,,,,,,,,,
2x12 American,Native Instruments,Amp & Cab,Amp & Cab,Guitar,Guitar,Guitar Rig 7,,,2x12 CAB,,,,,,,,,,,,,,
2x12 British,Native Instruments,Amp & Cab,Amp & Cab,Guitar,Guitar,Guitar Rig 7,,,2x12 CAB,,,,,,,,,,,,,,
2x12 Jazz,Native Instruments,Amp & Cab,Amp & Cab,Guitar,Guitar,Guitar Rig 7,,,2x12 CAB,,,,,,,,,,,,,,
2x12 Twang,Native Instruments,Amp & Cab,Amp & Cab,Guitar,Guitar,Guitar Rig 7,,,2x12 CAB,,,,,,,,,,,,,,
2x15 Twang,Native Instruments,Amp & Cab,Amp & Cab,Guitar,Guitar,Guitar Rig 7,,,2x15 CAB,,,,,,,,,,,,,,
4x10 Bass Alu,Native Instruments,Amp & Cab,Amp & Cab,Bass,Bass,Guitar Rig 7,,,4x10 CAB,,,,,,,,,,,,,,
4x10 Tweed,Native Instruments,Amp & Cab,Amp & Cab,Guitar,Guitar,Guitar Rig 7,,,4x10 CAB,,,,,,,,,,,,,,
4x12 Citrus,Native Instruments,Amp & Cab,Amp & Cab,Guitar,Guitar,Guitar Rig 7,,,,,,,,,,,,,,,,,
4x12 Gratifier,Native Instruments,Amp & Cab,Amp & Cab,Guitar,Guitar,Guitar Rig 7,,,4x12 CAB,,,,,,,,,,,,,,
4x12 High White,Native Instruments,Amp & Cab,Amp & Cab,Guitar,Guitar,Guitar Rig 7,,,4x12 CAB,,,,,,,,,,,,,,
4x12 Hot Solo+ A,Native Instruments,Amp & Cab,Amp & Cab,Guitar,Guitar,Guitar Rig 7,,,4x12 CAB,,,,,,,,,,,,,,
4x12 Hot Solo+ B,Native Instruments,Amp & Cab,Amp & Cab,Guitar,Guitar,Guitar Rig 7,,,4x12 CAB,,,,,,,,,,,,,,
4x12 Modern,Native Instruments,Amp & Cab,Amp & Cab,Guitar,Guitar,Guitar Rig 7,,,4x12 CAB,,,,,,,,,,,,,,
4x12 Rammfire A,Native Instruments,Amp & Cab,Amp & Cab,Guitar,Guitar,Guitar Rig 7,,,4x12 CAB,,,,,,,,,,,,,,
4x12 Rammfire B,Native Instruments,Amp & Cab,Amp & Cab,Guitar,Guitar,Guitar Rig 7,,,4x12 CAB,,,,,,,,,,,,,,
4x12 UK 60's Green,Native Instruments,Amp & Cab,Amp & Cab,Guitar,Guitar,Guitar Rig 7,,,4x12 CAB,,,,,,,,,,,,,,
4x12 UK 70s Black,Native Instruments,Amp & Cab,Amp & Cab,Guitar,Guitar,Guitar Rig 7,,,4x12 CAB,,,,,,,,,,,,,,
4x12 UK 70s White,Native Instruments,Amp & Cab,Amp & Cab,Guitar,Guitar,Guitar Rig 7,,,4x12 CAB,,,,,,,,,,,,,,
4x12 UK 80s Black,Native Instruments,Amp & Cab,Amp & Cab,Guitar,Guitar,Guitar Rig 7,,,4x12 CAB,,,,,,,,,,,,,,
4x12 UK 80s White,Native Instruments,Amp & Cab,Amp & Cab,Guitar,Guitar,Guitar Rig 7,,,4x12 CAB,,,,,,,,,,,,,,
4x12 Ultra A,Native Instruments,Amp & Cab,Amp & Cab,Guitar,Guitar,Guitar Rig 7,,,4x12 CAB,,,,,,,,,,,,,,
4x12 Ultra B,Native Instruments,Amp & Cab,Amp & Cab,Guitar,Guitar,Guitar Rig 7,,,4x12 CAB,,,,,,,,,,,,,,
4x12 VAN 51,Native Instruments,Amp & Cab,Amp & Cab,Guitar,Guitar,Guitar Rig 7,,,4x12 CAB,,,,,,,,,,,,,,
4x12 Vintage,Native Instruments,Amp & Cab,Amp & Cab,Guitar,Guitar,Guitar Rig 7,,,4x12 CAB,,,,,,,,,,,,,,
8x10 Bass Pro,Native Instruments,Amp & Cab,Amp & Cab,Bass,Bass,Guitar Rig 7,,,,,,,,,,,,,,,,,
AC BOX,Native Instruments,Amp & Cab,Amp & Cab,Guitar,Guitar,Guitar Rig 7,,,,,,,,,,,,,,,,,
AC Box XV,Native Instruments,Amp & Cab,Amp & Cab,Guitar,Guitar,Guitar Rig 7,,,,,,,,,,,,,,,,,
Bass Invader,Native Instruments,Amp & Cab,Amp & Cab,Bass,Bass,Guitar Rig 7,,,,,,,,,,,,,,,,,
Bass Pro,Native Instruments,Amp & Cab,Amp & Cab,Guitar,Guitar,Guitar Rig 7,,,,,,,,,,,,,,,,,
Bass Rage,Native Instruments,Amp & Cab,Amp & Cab,Bass,Bass,Guitar Rig 7,,,,,,,,,,,,,,,,,
Chicago,Native Instruments,Amp & Cab,Amp & Cab,Guitar,Guitar,Guitar Rig 7,,,,,,,,,,,,,,,,,
Citrus,Native Instruments,Amp & Cab,Amp & Cab,Guitar,Guitar,Guitar Rig 7,,,,,,,,,,,,,,,,,
Cool Plex,Native Instruments,Amp & Cab,Amp & Cab,Guitar,Guitar,Guitar Rig 7,,,,,,,,,,,,,,,,,
DI Box,Native Instruments,Amp & Cab,Amp & Cab,"Bass, Guitar","Bass, Guitar",Guitar Rig 7,,,,,,,,,,,,,,,,,
Fire Seeker,Native Instruments,Amp & Cab,Amp & Cab,Guitar,Guitar,Guitar Rig 7,,,,,,,,,,,,,,,,,
FireBreather,Native Instruments,Amp & Cab,Amp & Cab,"Guitar, Modeled","Guitar, Modeled",Guitar Rig 7,,,,,,,,,,,,,,,,,
Gratifier,Native Instruments,Amp & Cab,Amp & Cab,Guitar,Guitar,Guitar Rig 7,,,,,,,,,,,,,,,,,
High White,Native Instruments,Amp & Cab,Amp & Cab,Guitar,Guitar,Guitar Rig 7,,,,,,,,,,,,,,,,,
Hot Plex,Native Instruments,Amp & Cab,Amp & Cab,Guitar,Guitar,Guitar Rig 7,,,,,,,,,,,,,,,,,
Hot Solo+,Native Instruments,Amp & Cab,Amp & Cab,Guitar,Guitar,Guitar Rig 7,,,,,,,,,,,,,,,,,
Jazz Amp,Native Instruments,Amp & Cab,Amp & Cab,Guitar,Guitar,Guitar Rig 7,,,,,,,,,,,,,,,,,
Jump,Native Instruments,Amp & Cab,Amp & Cab,Guitar,Guitar,Guitar Rig 7,,,,,,,,,,,,,,,,,
Lead 800,Native Instruments,Amp & Cab,Amp & Cab,Guitar,Guitar,Guitar Rig 7,,,,,,,,,,,,,,,,,
Plex.,Native Instruments,Amp & Cab,Amp & Cab,Guitar,Guitar,Guitar Rig 7,,,,,,,,,,,,,,,,,
Reverb Delight,Native Instruments,Amp & Cab,Amp & Cab,Guitar,Guitar,Guitar Rig 7,,,,,,,,,,,,,,,,,
Super Fast 100,Native Instruments,Amp & Cab,Amp & Cab,Guitar,Guitar,Guitar Rig 7,,,,,,,,,,,,,,,,,
Twang Reverb,Native Instruments,Amp & Cab,Amp & Cab,Guitar,Guitar,Guitar Rig 7,,,,,,,,,,,,,,,,,
Tweed Delight,Native Instruments,Amp & Cab,Amp & Cab,Guitar,Guitar,Guitar Rig 7,,,,,,,,,,,,,,,,,
Tweedman,Native Instruments,Amp & Cab,Amp & Cab,Guitar,Guitar,Guitar Rig 7,,,,,,,,,,,,,,,,,
Ultrasonic,Native Instruments,Amp & Cab,Amp & Cab,"Guitar, Modeled","Guitar, Modeled",Guitar Rig 7,,,,,,,,,,,,,,,,,
Van 51,Native Instruments,Amp & Cab,Amp & Cab,Guitar,Guitar,Guitar Rig 7,,,,,,,,,,,,,,,,,
Banaan Electrique,Native Instruments,Amp & Cab,Amp & Cab,Guitar,Guitar,Reaktor,,,amp simulator,,,,,,,,,,,,,,
Rotator,Native Instruments,"Amp & Cab, Modulation","Amp & Cab, Modulation",,,Guitar Rig 7,,,,,,,,,,,,,,,,,
Tremolo,Native Instruments,"Amp & Cab, Modulation","Amp & Cab, Modulation",Guitar,Guitar,Guitar Rig 7,,,,,,,,,,,,,,,,,
Guitar Rig 7,Native Instruments,Container,Container,Guitar,Guitar,,,,,,,"Plugin, Standalone","AU, VST3",7.0.2,,,,,,,,,
Replika GR,Native Instruments,Delay,Delay,,,Guitar Rig 7,,,based on NI Replika's Digital Multi-Delay,,,,,,,,,,,,,,
Traktor's Delay,Native Instruments,Delay,Delay,,,Guitar Rig 7,,,Effect from Native Instruments Traktor,,,,,,,,,,,,,,
Twin Delay,Native Instruments,Delay,Delay,Guitar,Guitar,Guitar Rig 7,,,,,,,,,,,,,,,,,
Echomania,Native Instruments,Delay,Delay,,,Reaktor,,,,,,,,,,,,,,,,,
Delay Man,Native Instruments,"Delay, Modulation","Delay, Modulation","Guitar, Stomp","Guitar, Stomp",Guitar Rig 7,,,,,,,,,,,,,,,,,
Psyche Delay,Native Instruments,"Delay, Modulation","Delay, Modulation","Guitar, Stomp","Guitar, Stomp",Guitar Rig 7,,,,,,,,,,,,,,,,,
Cyan,Native Instruments,"Delay, Modulation","Delay, Modulation",,,Reaktor,,,chorus; delay,,,,,,,,,,,,,,
Longflow,Native Instruments,"Delay, Modulation","Delay, Modulation",,,Reaktor,,,,,,,,,,,,,,,,,
Replika,Native Instruments,"Delay, Modulation","Delay, Modulation",,,,,,"Stereo delay effect w/ pattern, panning, balance and ducking, w/ modulation effects (phaser, flanger, chrous, frequency shifter, filter, pitch shifter)",,,Plugin,"AU, VST3",1.6.7,,,,,,,,,
Replika XT,Native Instruments,"Delay, Modulation","Delay, Modulation",,,,,,"5 stereo delays (modern, analogue, tape, vintage digital, diffusion), w/ 7 modulation effects (phaser, flanger, chorus, frequency shifter, fliter, pitch shifter)",,,Plugin,"AU, VST3",1.3.7,,,,,,,,,
Maschine 3 MFX,Native Instruments,"Delay, Modulation, Dynamics, EQ, Harmonic Coloration, Reverb & Room","Delay, Dynamics, EQ, Harmonic Coloration, Modulation, Reverb & Room",,,,,,Compressor; Gate; Transient Master; Limiter; Maximizer; EQ / Filter; Chorus; Flanger; FM; Frequency Shifter; Phaser; Reverbs; Delays; Distortion / Lofi / Saturation,,,Plugin,AU,3.4.1,,,,,,,,,
Absynth 6 FX,Native Instruments,"Delay, Modulation, Pitch, EQ, Reverb & Room","Delay, EQ, Modulation, Pitch, Reverb & Room",,,,,,Pitch Shifting; Delay / Echo; Filters; Reverb (Resonator);,,,Plugin,"AU, VST3",6.0.2,,,,,,,,,
FM8 FX,Native Instruments,"Delay, Modulation, Pitch, EQ, Reverb & Room","Delay, EQ, Modulation, Pitch, Reverb & Room",,,,,,,,,Plugin,"AU, VST3",6.0.2,,,,,,,,,
Stereo Tune,Native Instruments,"Delay, Modulation, Pitch, Spatial Imaging","Delay, Modulation, Pitch, Spatial Imaging","Guitar, Stomp","Guitar, Stomp",Guitar Rig 7,,,,,,,,,,,,,,,,,
Grain Delay,Native Instruments,"Delay, Pitch","Delay, Pitch",Guitar,Guitar,Guitar Rig 7,,,Standalone NI Effect (Not Linked),,,,,,,,,,,,,,
Tape Echo,Native Instruments,"Delay, Reverb & Room","Delay, Reverb & Room",,,Guitar Rig 7,,,,,,,,,,,,,,,,,
Fusion Reflections,Native Instruments,"Delay, Reverb & Room, Modulation","Delay, Modulation, Reverb & Room",,,Reaktor,,,,,,,,,,,,,,,,,
Grainstates FX,Native Instruments,"Delay, Reverb & Room, Modulation","Delay, Modulation, Reverb & Room",,,Reaktor,,,,,,,,,,,,,,,,,
Fast Comp,Native Instruments,Dynamics,Dynamics,,,Guitar Rig 7,,,,,,,,,,,,,,,,,
Input Level,Native Instruments,Dynamics,Dynamics,,,Guitar Rig 7,,,Standalone NI Effect (Not Linked),,,,,,,,,,,,,,
Limiter,Native Instruments,Dynamics,Dynamics,,,Guitar Rig 7,,,,,,,,,,,,,,,,,
Maximizer (Ozone),Native Instruments,Dynamics,Dynamics,,,Guitar Rig 7,,,iZotope Ozone Maximizer,,,,,,,,,,,,,,
Noise Gate,Native Instruments,Dynamics,Dynamics,"Guitar, Stomp","Guitar, Stomp",Guitar Rig 7,,,,,,,,,,,,,,,,,
Noise Reduction,Native Instruments,Dynamics,Dynamics,"Guitar, Stomp","Guitar, Stomp",Guitar Rig 7,,,,,,,,,,,,,,,,,
Stomp Compressor,Native Instruments,Dynamics,Dynamics,"Guitar, Stomp","Guitar, Stomp",Guitar Rig 7,,,,,,,,,,,,,,,,,
Supercharger,Native Instruments,Dynamics,Dynamics,,,Guitar Rig 7,,,,Standalone; Embedded in Guitar Rig,,Plugin,"AU, VST3",1.4.11,,,,,,,,,
Supercharger GT,Native Instruments,Dynamics,Dynamics,,,Guitar Rig 7,,,advanced compression w/ 3 types of saturation and 3 types of frequency enhancement.,Standalone; Embedded in Guitar Rig,,Plugin,"AU, VST3",1.4.11,,,,,,,,,
Tube Compressor,Native Instruments,Dynamics,Dynamics,,,Guitar Rig 7,,,,,,,,,,,,,,,,,
Volume,Native Instruments,Dynamics,Dynamics,"Guitar, Stomp","Guitar, Stomp",Guitar Rig 7,,,,,,,,,,,,,,,,,
Flatblaster,Native Instruments,Dynamics,Dynamics,Mastering,Mastering,Reaktor,,,"multiband compressor, true peak limiter, finalizing",,,,,,,,,,,,,,
Flatblaster 2,Native Instruments,Dynamics,Dynamics,Mastering,Mastering,Reaktor,,,"multiband compressor, true peak limiter, finalizing",,,,,,,,,,,,,,
Two Knees Compressor,Native Instruments,Dynamics,Dynamics,,,Reaktor,,,compressor,,,,,,,,,,,,,,
Fast FX,Native Instruments,"Dynamics, EQ, Modulation, Time / Phase, Delay","Delay, Dynamics, EQ, Modulation, Time / Phase",,,Reaktor,,,"filters, gate, delay, time sync",,,,,,,,,,,,,,
Custom EQ,Native Instruments,EQ,EQ,,,Guitar Rig 7,,,Standalone NI Effect (Not Linked),,,,,,,,,,,,,,
Graphic Equalizer,Native Instruments,EQ,EQ,"Guitar, Modeled, Stomp","Guitar, Modeled, Stomp",Guitar Rig 7,,,,,,,,,,,,,,,,,
Parametric Equalizer,Native Instruments,EQ,EQ,Guitar,Guitar,Guitar Rig 7,,,,,,,,,,,,,,,,,
Shelving Equalizer,Native Instruments,EQ,EQ,,,Guitar Rig 7,,,,,,,,,,,,,,,,,
IVP Stomp,Native Instruments,"EQ, Harmonic Coloration, Preamps","EQ, Harmonic Coloration, Preamps",Guitar,Guitar,Guitar Rig 7,,,,,,,,,,,,,,,,,
Freak,Native Instruments,"EQ, Modulation","EQ, Modulation",,,Guitar Rig 7,,Crush Pack,"Combines AM techniques and based on model of analog diade ring circuit (rich harmonic overtones/textures) 3 effectsmodes (Radio, Oscillator, Sidechain). 3 AM modes (AM, Ring Modulation, Frequency Shifting)",Standalone; Embedded in Guitar Rig,,Plugin,VST3,1.3.7,,,,,,,,,
Pro Filter,Native Instruments,"EQ, Modulation","EQ, Modulation",,,Guitar Rig 7,,,,,,,,,,,,,,,,,
Anima,Native Instruments,"EQ, Modulation","EQ, Modulation",,,Reaktor,,,filters,,,,,,,,,,,,,,
Filter Box,Native Instruments,"EQ, Modulation","EQ, Modulation",,,Reaktor,,,filters,,,,,,,,,,,,,,
EnFx,Native Instruments,"EQ, Modulation, Delay, Harmonic Coloration","Delay, EQ, Harmonic Coloration, Modulation",,,Reaktor,,,"filter, distortion, delay",,,,,,,,,,,,,,
Bite,Native Instruments,Harmonic Coloration,Harmonic Coloration,,,Guitar Rig 7,,,"Bitcrusher, Downsampling. Anti-aliased sample rate and bit reduction effect that creates distortion",Standalone; Embedded in Guitar Rig,"Gritty, Crunchy",Plugin,VST3,1.3.7,,,,,,,,,
Cat Chainsaw,Native Instruments,Harmonic Coloration,Harmonic Coloration,"Guitar, Stomp","Guitar, Stomp",Guitar Rig 7,,,,,,,,,,,,,,,,,
Demon,Native Instruments,Harmonic Coloration,Harmonic Coloration,"Guitar, Stomp","Guitar, Stomp",Guitar Rig 7,,,,,,,,,,,,,,,,,
Dirt,Native Instruments,Harmonic Coloration,Harmonic Coloration,,,Guitar Rig 7,,Crush Pack,"2 circuit-modeled diode clipping stages in series or parallel w/ 3 distortion modes (subtle, bright, crushed) ",Standalone; Embedded in Guitar Rig,,Plugin,VST3,1.3.7,,,,,,,,,
Distortion,Native Instruments,Harmonic Coloration,Harmonic Coloration,"Guitar, Stomp","Guitar, Stomp",Guitar Rig 7,,,,,,,,,,,,,,,,,
Fuzz,Native Instruments,Harmonic Coloration,Harmonic Coloration,"Guitar, Stomp","Guitar, Stomp",Guitar Rig 7,,,,,,,,,,,,,,,,,
Gain Booster,Native Instruments,Harmonic Coloration,Harmonic Coloration,,,Guitar Rig 7,,,Standalone NI Effect (Not Linked),,,,,,,,,,,,,,
Kolor,Native Instruments,Harmonic Coloration,Harmonic Coloration,,,Guitar Rig 7,,,Standalone NI Effect (Not Linked),,,,,,,,,,,,,,
Noise Machine,Native Instruments,Harmonic Coloration,Harmonic Coloration,"Guitar, Modeled, Stomp","Guitar, Modeled, Stomp",Guitar Rig 7,,,,,,,,,,,,,,,,,
Skreamer,Native Instruments,Harmonic Coloration,Harmonic Coloration,"Guitar, Stomp","Guitar, Stomp",Guitar Rig 7,,,,,,,,,,,,,,,,,
Skreamer Deluxe,Native Instruments,Harmonic Coloration,Harmonic Coloration,"Guitar, Stomp","Guitar, Stomp",Guitar Rig 7,,,,,,,,,,,,,,,,,
Slede Hammer,Native Instruments,Harmonic Coloration,Harmonic Coloration,"Stomp, Guitar","Guitar, Stomp",Guitar Rig 7,,,,,,,,,,,,,,,,,
The Zone,Native Instruments,Harmonic Coloration,Harmonic Coloration,"Guitar, Stomp","Guitar, Stomp",Guitar Rig 7,,,,,,,,,,,,,,,,,
Traktor's Digital LoFi,Native Instruments,Harmonic Coloration,Harmonic Coloration,,,Guitar Rig 7,,,Effect from Native Instruments Traktor,,,,,,,,,,,,,,
Traktor's Mulholland Drive,Native Instruments,Harmonic Coloration,Harmonic Coloration,,,Guitar Rig 7,,,Effect from Native Instruments Traktor,,,,,,,,,,,,,,
Treble Booster,Native Instruments,Harmonic Coloration,Harmonic Coloration,"Guitar, Stomp","Guitar, Stomp",Guitar Rig 7,,,,,,,,,,,,,,,,,
Big Fuzz,Native Instruments,"Harmonic Coloration, Dynamics","Dynamics, Harmonic Coloration","Guitar, Stomp","Guitar, Stomp",Guitar Rig 7,,,,,,,,,,,,,,,,,
Red Fuzz,Native Instruments,"Harmonic Coloration, Dynamics","Dynamics, Harmonic Coloration","Guitar, Stomp","Guitar, Stomp",Guitar Rig 7,,,,,,,,,,,,,,,,,
Seattle Fuzz,Native Instruments,"Harmonic Coloration, Dynamics","Dynamics, Harmonic Coloration","Guitar, Stomp","Guitar, Stomp",Guitar Rig 7,,,,,,,,,,,,,,,,,
Doppel Filter,Native Instruments,"Harmonic Coloration, Dynamics, Pitch, Modulation","Dynamics, Harmonic Coloration, Modulation, Pitch","Guitar, Stomp","Guitar, Stomp",Guitar Rig 7,,,,,,,,,,,,,,,,,
Harmonic Synthesizer,Native Instruments,"Harmonic Coloration, Dynamics, Pitch, Modulation","Dynamics, Harmonic Coloration, Modulation, Pitch","Guitar, Stomp","Guitar, Stomp",Guitar Rig 7,,,,,,,,,,,,,,,,,
Driver,Native Instruments,"Harmonic Coloration, Modulation","Harmonic Coloration, Modulation",,,Guitar Rig 7,,,Distortion and AM / FM filter,Standalone; Embedded in Guitar Rig,,Plugin,VST3,1.4.11,,,,,,,,,
Auto Filter,Native Instruments,Modulation,Modulation,"Guitar, Stomp","Guitar, Stomp",Guitar Rig 7,,,,,,,,,,,,,,,,,
Choral,Native Instruments,Modulation,Modulation,,,Guitar Rig 7,,Mod Pack,(Mod Pack) 4 chorus modes w/ up to 3 voices,Standalone; Embedded in Guitar Rig,,Plugin,VST3,1.3.7,,,,,,,,,
Cry Wah,Native Instruments,Modulation,Modulation,"Guitar, Stomp","Guitar, Stomp",Guitar Rig 7,,,,,,,,,,,,,,,,,
Electric Lady Flanger,Native Instruments,Modulation,Modulation,"Guitar, Stomp","Guitar, Stomp",Guitar Rig 7,,,,,,,,,,,,,,,,,
Ensemble,Native Instruments,Modulation,Modulation,"Guitar, Stomp","Guitar, Stomp",Guitar Rig 7,,,,,,,,,,,,,,,,,
Envelope,Native Instruments,Modulation,Modulation,,,Guitar Rig 7,,,Standalone NI Effect (Not Linked),,,,,,,,,,,,,,
Filterbank,Native Instruments,Modulation,Modulation,,,Guitar Rig 7,,,Standalone NI Effect (Not Linked),,,,,,,,,,,,,,
Flair,Native Instruments,Modulation,Modulation,,,Guitar Rig 7,,Mod Pack,3 flanger modes w/ up to 4 diatonic voices and detune,Standalone; Embedded in Guitar Rig,,Plugin,VST3,1.3.7,,,,,,,,,
Flanger Chorus,Native Instruments,Modulation,Modulation,"Guitar, Stomp","Guitar, Stomp",Guitar Rig 7,,,,,,,,,,,,,,,,,
LFO,Native Instruments,Modulation,Modulation,,,Guitar Rig 7,,,Standalone NI Effect (Not Linked),,,,,,,,,,,,,,
Phaser 9,Native Instruments,Modulation,Modulation,"Guitar, Stomp","Guitar, Stomp",Guitar Rig 7,,,,,,,,,,,,,,,,,
Phasis,Native Instruments,Modulation,Modulation,,,Guitar Rig 7,,,,Standalone; Embedded in Guitar Rig,,Plugin,"AU, VST3",1.3.7,,,,,,,,,
Real Wah,Native Instruments,Modulation,Modulation,"Guitar, Stomp","Guitar, Stomp",Guitar Rig 7,,,,,,,,,,,,,,,,,
Ring Modulator,Native Instruments,Modulation,Modulation,"Guitar, Stomp","Guitar, Stomp",Guitar Rig 7,,,,,,,,,,,,,,,,,
Stoned Phaser,Native Instruments,Modulation,Modulation,"Guitar, Stomp","Guitar, Stomp",Guitar Rig 7,,,,,,,,,,,,,,,,,
Talk Wah,Native Instruments,Modulation,Modulation,"Guitar, Stomp","Guitar, Stomp",Guitar Rig 7,,,,,,,,,,,,,,,,,
Traktor's Formant Filter,Native Instruments,Modulation,Modulation,,,Guitar Rig 7,,,Effect from Native Instruments Traktor,,,,,,,,,,,,,,
Traktor's Peak Filter,Native Instruments,Modulation,Modulation,,,Guitar Rig 7,,,Effect from Native Instruments Traktor,,,,,,,,,,,,,,
Vintage Vibrato,Native Instruments,Modulation,Modulation,"Guitar, Stomp","Guitar, Stomp",Guitar Rig 7,,,,,,,,,,,,,,,,,
Wah Wah,Native Instruments,Modulation,Modulation,"Guitar, Stomp","Guitar, Stomp",Guitar Rig 7,,,,,,,,,,,,,,,,,
Analog Sequencer,Native Instruments,Pitch,Pitch,Guitar,Guitar,Guitar Rig 7,,,Standalone NI Effect (Not Linked),,,,,,,,,,,,,,
Loop Machine Pro,Native Instruments,Pitch,Pitch,Guitar,Guitar,Guitar Rig 7,,,Standalone NI Effect (Not Linked),,,,,,,,,,,,,,
Oktaver,Native Instruments,Pitch,Pitch,"Guitar, Stomp","Guitar, Stomp",Guitar Rig 7,,,,,,,,,,,,,,,,,
Pitch Pedal,Native Instruments,Pitch,Pitch,"Guitar, Stomp","Guitar, Stomp",Guitar Rig 7,,,,,,,,,,,,,,,,,
Resochord,Native Instruments,Pitch,Pitch,Guitar,Guitar,Guitar Rig 7,,,Standalone NI Effect (Not Linked),,,,,,,,,,,,,,
Step Sequencer,Native Instruments,Pitch,Pitch,Guitar,Guitar,Guitar Rig 7,,,Standalone NI Effect (Not Linked),,,,,,,,,,,,,,
Traktor's Beat Masher,Native Instruments,Pitch,Pitch,Guitar,Guitar,Guitar Rig 7,,,Effect from Native Instruments Traktor,,,,,,,,,,,,,,
Traktor's Beat Slicer,Native Instruments,Pitch,Pitch,Guitar,Guitar,Guitar Rig 7,,,Effect from Native Instruments Traktor,,,,,,,,,,,,,,
Traktor's Gator,Native Instruments,Pitch,Pitch,Guitar,Guitar,Guitar Rig 7,,,Effect from Native Instruments Traktor,,,,,,,,,,,,,,
Traktor's Reverse Grain,Native Instruments,Pitch,Pitch,Guitar,Guitar,Guitar Rig 7,,,Effect from Native Instruments Traktor,,,,,,,,,,,,,,
Traktor's Ringmod,Native Instruments,Pitch,Pitch,Guitar,Guitar,Guitar Rig 7,,,Effect from Native Instruments Traktor,,,,,,,,,,,,,,
Traktor's Transpose Stretch,Native Instruments,Pitch,Pitch,Guitar,Guitar,Guitar Rig 7,,,Effect from Native Instruments Traktor,,,,,,,,,,,,,,
Classic Vocoder,Native Instruments,Pitch,Pitch,"Voice, ",Voice,Reaktor,,,vocoder,,,,,,,,,,,,,,
TransAmp,Native Instruments,"Preamps, Amp & Cab, Harmonic Coloration","Amp & Cab, Harmonic Coloration, Preamps","Bass, Stomp","Bass, Stomp",Guitar Rig 7,,,,,,,,,,,,,,,,,
Iceverb,Native Instruments,Reverb & Room,Reverb & Room,Modeled,Modeled,Guitar Rig 7,,,,,,,,,,,,,,,,,
Little Reflektor,Native Instruments,Reverb & Room,Reverb & Room,,,Guitar Rig 7,,,Native Instruments Reflektor,,,,,,,,,,,,,,
Octaverb,Native Instruments,Reverb & Room,Reverb & Room,"Guitar, Stomp","Guitar, Stomp",Guitar Rig 7,,,,,,,,,,,,,,,,,
Raum,Native Instruments,Reverb & Room,Reverb & Room,,,Guitar Rig 7,,,Advanced reverb w/ 3 algorithms,Standalone; Embedded in Guitar Rig,,Plugin,"AU, VST3",1.3.7,,,,,,,,,
Reflektor,Native Instruments,Reverb & Room,Reverb & Room,,,Guitar Rig 7,,,Standalone NI Effect (Not Linked),,,,,,,,,,,,,,
Replika Shimmer,Native Instruments,Reverb & Room,Reverb & Room,,,Guitar Rig 7,,,Standalone NI Effect (Not Linked),,,,,,,,,,,,,,
Spring Reverb,Native Instruments,Reverb & Room,Reverb & Room,Guitar,Guitar,Guitar Rig 7,,,,,,,,,,,,,,,,,
Studio Reverb,Native Instruments,Reverb & Room,Reverb & Room,Modeled,Modeled,Guitar Rig 7,,,,"AMS RMX16 DNU
EMT 140 ST DNU",,,,,,,,,,,,,
Traktor's Reverb,Native Instruments,Reverb & Room,Reverb & Room,,,Guitar Rig 7,,,Effect from Native Instruments Traktor,,,,,,,,,,,,,,
Vintage Verb,Native Instruments,Reverb & Room,Reverb & Room,,,Guitar Rig 7,,,,,,,,,,,,,,,,,
Space Master,Native Instruments,Reverb & Room,Reverb & Room,,,Reaktor,,,,,,,,,,,,,,,,,
Space Master 2,Native Instruments,Reverb & Room,Reverb & Room,,,Reaktor,,,,,,,,,,,,,,,,,
Spring Tank,Native Instruments,"Reverb & Room, Delay","Delay, Reverb & Room",,,Reaktor,,,,,,,,,,,,,,,,,
Archetype Cory Wong X,Neural DSP,Amp & Cab,Amp & Cab,Guitar,Guitar,,,,"Wah, Pre-FX (Envelope Filter, Compressor, 2 x Overdrive), Analog Channel Strip, Clean , Clean / Crunch Amps, Cab (6 x mics, Room Reverb), 9-band EQ, HPF/LPF Cut, PostFX (Chorus, Delay, Reverb) Doubler, Input Gate",,,"Plugin, Standalone","AU, VST3",1.0.0,,,,,,,,,
Archetype Gojira X,Neural DSP,Amp & Cab,Amp & Cab,Guitar,Guitar,,,,"Pitch Shift , Octaver, Pre-FX (Overdrive, Distortion, Phaser, Chorus), Amp (Clean, Lead, Crunch), Cab (Mics), 9-Band EQ, HPF/LPF Cut, Post FX (Delay, Reverb), Doubler, Input Gate",,,"Plugin, Standalone","AU, VST3",1.0.2,,,,,,,,,
Archetype Nolly X,Neural DSP,Amp & Cab,Amp & Cab,Guitar,Guitar,,,,"Pre-FX (Compressor, Delay, 2 x Overdrive), Amp (Clean, Crunch, Rhythm, Lead) Cab (Mics, Multi-Speaker, Room Reverb), 9-band EQ, HPF/LPF Cut, Post FX (Delay, Reverb) Doubler, Input Gate",,,"Plugin, Standalone","AU, VST3",1.0.2,,,,,,,,,
Archetype Petrucci X,Neural DSP,Amp & Cab,Amp & Cab,Guitar,Guitar,,,,"Wah, Compressor, Pre-FX (Overdrive, Phaser, Chorus, Flanger), Amp (Piezo, Clean, Rhythm, Lead), Cab (6 Mics, Room Reverb) 4-band semi PEQ, HPF/LPF cut, Volume Pedal, PostFX (Chorus, Delay, Reverb), Doubler, Input Gate",,,"Plugin, Standalone","AU, VST3",1.0.0,,,,,,,,,
Archetype Plini X,Neural DSP,Amp & Cab,Amp & Cab,Guitar,Guitar,,,,"Pre-FX (Compressor, Octaver, Drive, Delay), Amp (Clean, Crunch, Lead) 9-Band EQ, Cab (6 mics), Post FX (Chorus, Delay, Reverb), Doubler, Input Gate",,,"Plugin, Standalone","AU, VST3",1.0.2,,,,,,,,,
Archetype Rabae X,Neural DSP,Amp & Cab,Amp & Cab,Guitar,Guitar,,,,"Monophonic Synth Pedal, Pre-FX (Dual Compressor, Octaver, Fuzz, Overdrive), Amp (Clean, Crunch, Lead), Cab (Mics, Room Reverb), 4-band semi-PEQ, HPF/LPF cut, Post FX (Delay, Reverb), Input Gate, Doubler",,,"Plugin, Standalone","AU, VST3",1.0.1,,,,,,,,,
Archetype Tim Henson X,Neural DSP,Amp & Cab,Amp & Cab,Guitar,Guitar,,,,"Pre-FX (Boost, Compressor, Overdrive), Amp (Clean / Acoustic, Rhythm, Lead), Cab (Mics, Room Reverb), Intelligent Pitch Shifter, 9-Band EQ, HPF/LPF Cut, Post FX (Chorus, Delay, Reverb), Doubler, Input Gate",,,"Plugin, Standalone","AU, VST3",1.0.1,,,,,,,,,
Archetype Tom Morello,Neural DSP,Amp & Cab,Amp & Cab,Guitar,Guitar,,,,"Dive bomb pedal, whammy, wah, 2-ch amp, 2 x delay, EQ, Phaser, 9-Band EQ, Reverb, cab",,,"Plugin, Standalone","AU, VST3",1.0.0,,,,,,,,,
Fortin Nameless Suite X,Neural DSP,Amp & Cab,Amp & Cab,Guitar,Guitar,,,,"Pre-FX (Noise Gate, Overdrive, Booster), Amp inspired by Mike Fortin, Cab (Mics, Room Reverb), 9-Band EQ, HPF / LPF, Delay, Reverb, Doubler, Input Gate",,,"Plugin, Standalone","AU, VST3",1.0.1,,,,,,,,,
British Carbon 4x12,Positive Grid,Amp & Cab,Amp & Cab,Guitar,Guitar,"BIAS Amp 2, BIAS FX 2",,Legacy Series - CAB,4x12 CAB,,"Marshall modern G12K-100 era (MH, Mode Four?) ",,,,,,,,,,,,
Grid Crunch,Positive Grid,Amp & Cab,Amp & Cab,Guitar,Guitar,BIAS Amp 2,,,(Crunch) 2x12 Orange ,,,,,,,,,,,,,,
Grid Metal,Positive Grid,Amp & Cab,Amp & Cab,Guitar,Guitar,BIAS Amp 2,,,(Insane) 4x12 Legend ,,,,,,,,,,,,,,
"Positive Insane
Positive Insane v2",Positive Grid,Amp & Cab,Amp & Cab,Guitar,Guitar,BIAS Amp 2,,,(Insane) 4x12 Treadplate ,,,,,,,,,,,,,,
Vocal Amp,Positive Grid,Amp & Cab,Amp & Cab,,,BIAS Amp 2,,,(Acoustic) 2x10 Bass Pro ,,,,,,,,,,,,,,
"Acoustic
Acoustic Amp
Acoustic Amp V2",Positive Grid,Amp & Cab,Amp & Cab,Guitar,Guitar,"BIAS Amp 2, BIAS FX 2",,"Legacy Series - Acoustic
Legacy Series - CAB",,,,,,,,,,,,,,,
"Acoustic Sim
Acoustic Sim V2",Positive Grid,Amp & Cab,Amp & Cab,Guitar,Guitar,"BIAS Amp 2, BIAS FX 2",,"Legacy Series - Acoustic
Legacy Series - CAB",,,,,,,,,,,,,,,
Keyboard Amp,Positive Grid,Amp & Cab,Amp & Cab,,,"BIAS Amp 2, BIAS FX 2",,Legacy Series - Acoustic,2x10 Bass Pro (Acoustic),,,,,,,,,,,,,,
Legend 4x12,Positive Grid,Amp & Cab,Amp & Cab,Guitar,Guitar,"BIAS Amp 2, BIAS FX 2",,Legacy Series - CAB,4x12 CAB,,,,,,,,,,,,,,
Fat Acoustic V2,Positive Grid,Amp & Cab,Amp & Cab,Guitar,Guitar,BIAS FX 2,,Legacy Series - Acoustic,,,,,,,,,,,,,,,
Flat Acoustic,Positive Grid,Amp & Cab,Amp & Cab,Guitar,Guitar,BIAS FX 2,,Legacy Series - Acoustic,,,,,,,,,,,,,,,
Grid Crunch V2,Positive Grid,Amp & Cab,Amp & Cab,Guitar,Guitar,BIAS FX 2,,Legacy Series - CRUNCH,1x12,,,,,,,,,,,,,,
Modded Plexi V2,Positive Grid,Amp & Cab,Amp & Cab,Guitar,Guitar,BIAS FX 2,,Legacy Series - CRUNCH,4x12,,,,,,,,,,,,,,
Pushed Tweed V2,Positive Grid,Amp & Cab,Amp & Cab,Guitar,Guitar,BIAS FX 2,,Legacy Series - CRUNCH,4x12,,,,,,,,,,,,,,
RetroSonic Sampler,Positive Grid,Amp & Cab,Amp & Cab,Guitar,Guitar,BIAS FX 2,,Remaster Series - LOW GAIN,2x12,,,,,,,,,,,,,,
Acoustic Sim,Positive Grid,Amp & Cab,Amp & Cab,Guitar,Guitar,BIAS X,,Original Series - Acoustic,1x12 Acoustic Sim Cab,,,,,,,,,,,,,,
ARE Acoustic,Positive Grid,Amp & Cab,Amp & Cab,Guitar,Guitar,BIAS X,,Original Series - Acoustic,1x12 ARE Acoustic Cab,,,,,,,,,,,,,,
Briton,Positive Grid,Amp & Cab,Amp & Cab,Guitar,Guitar,BIAS X,,Original Series - High-Gain/Distortion,,,,,,,,,,,,,,,
Custom Boutique,Positive Grid,Amp & Cab,Amp & Cab,Guitar,Guitar,BIAS X,,Spectre Digitial,1x12 Custom Cab,,,,,,,,,,,,,,
Custom Clean,Positive Grid,Amp & Cab,Amp & Cab,Guitar,Guitar,BIAS X,,,2x12 Custom Cab,,,,,,,,,,,,,,
Custom HF,Positive Grid,Amp & Cab,Amp & Cab,"Bass, Modeled","Bass, Modeled",BIAS X,,,4x10 Custom Bass Cab,,,,,,,,,,,,,,
Flat Acoustic,Positive Grid,Amp & Cab,Amp & Cab,Guitar,Guitar,BIAS X,,Original Series - Acoustic,1x12 Flat Acoustic Cab,,,,,,,,,,,,,,
Harmonic Halo,Positive Grid,Amp & Cab,Amp & Cab,Guitar,Guitar,BIAS X,,Original Series - High-Gain/Distortion,4x12 Harmonic Halo Cab,,,,,,,,,,,,,,
Lo-Fi Box,Positive Grid,Amp & Cab,Amp & Cab,Guitar,Guitar,BIAS X,,Original Series - Acoustic,2x12 Lo-Fi Box Cab,,,,,,,,,,,,,,
PG Clean,Positive Grid,Amp & Cab,Amp & Cab,Guitar,Guitar,BIAS X,,Original Series - Low-Gain/Clean,,,,,,,,,,,,,,,
PG Crunch,Positive Grid,Amp & Cab,Amp & Cab,Guitar,Guitar,BIAS X,,Original Series - Mid-Gain/Crunch,,,,,,,,,,,,,,,
High Gain EL34 V2,Positive Grid,"Amp & Cab, Preamps","Amp & Cab, Preamps",Guitar,Guitar,BIAS FX 2,,Legacy Series - HIGH GAIN,4x12,,,,,,,,,,,,,,
BIAS Amp 2,Positive Grid,Container,Container,"Deprecated, Guitar","Deprecated, Guitar",,,,"Guitar effects chain w/ 6 stages (Control Panel, Preamp, Tone Stack, Power Amp, Transformer, Cab/Mic & EQ)",,,"Plugin, Standalone",AU,2.0.0,,,,,,,,,
BIAS FX 2,Positive Grid,Container,Container,"Deprecated, Guitar","Deprecated, Guitar",,,,"Guitar effects chain w/ 6 stages (Control Panel, Preamp, Tone Stack, Power Amp, Transformer, Cab/Mic & EQ)",,,"Plugin, Standalone","AU, VST3","2.0.0 (AU)
2.7.0 (VST3)",,,,,,,,,
BIAS X,Positive Grid,Container,Container,Guitar,Guitar,,,,,,,"Plugin, Standalone","AU, VST3","1.0.0 (AU)
1.2.0 (VST3)",,,,,,,,,
Analog Harmony,Positive Grid,Delay,Delay,"Guitar, Stomp","Guitar, Stomp",BIAS FX 2,,,(Pedal) PG Original,,,,,,,,,,,,,,
Analog Wave Delay,Positive Grid,Delay,Delay,"Guitar, Stomp","Guitar, Stomp",BIAS FX 2,,,(Pedal) PG Original,,,,,,,,,,,,,,
Another Moon,Positive Grid,Delay,Delay,"Guitar, Stomp","Guitar, Stomp",BIAS FX 2,,,(Pedal) PG Original,,,,,,,,,,,,,,
Dark Blue Echo,Positive Grid,Delay,Delay,"Guitar, Stomp","Guitar, Stomp",BIAS FX 2,,,(Pedal) PG Original,,,,,,,,,,,,,,
Dark Memory,Positive Grid,Delay,Delay,"Guitar, Stomp","Guitar, Stomp",BIAS FX 2,,,(Pedal) PG Original,,,,,,,,,,,,,,
Digital Ambient,Positive Grid,Delay,Delay,"Guitar, Stomp","Guitar, Stomp",BIAS FX 2,,,(Pedal) PG Original,,,,,,,,,,,,,,
Edge Dot Delay,Positive Grid,Delay,Delay,"Guitar, Stomp","Guitar, Stomp",BIAS FX 2,,,(Pedal) PG Original,,,,,,,,,,,,,,
Firejet Delay,Positive Grid,Delay,Delay,"Guitar, Stomp","Guitar, Stomp",BIAS FX 2,,,(Pedal) PG Original,,,,,,,,,,,,,,
Hendrix Delay,Positive Grid,Delay,Delay,"Guitar, Stomp","Guitar, Stomp",BIAS FX 2,,,(Pedal) PG Original,,,,,,,,,,,,,,
Little Phased Analog Delay,Positive Grid,Delay,Delay,"Guitar, Stomp","Guitar, Stomp",BIAS FX 2,,,(Pedal) PG Original,,,,,,,,,,,,,,
Slapback Delay,Positive Grid,Delay,Delay,"Guitar, Stomp","Guitar, Stomp",BIAS FX 2,,,(Pedal) PG Original,,,,,,,,,,,,,,
Smooth Analog,Positive Grid,Delay,Delay,"Guitar, Stomp","Guitar, Stomp",BIAS FX 2,,,(Pedal) PG Original,,,,,,,,,,,,,,
Time Modeler,Positive Grid,Delay,Delay,Guitar,Guitar,BIAS FX 2,,,(Rack) PG Original,,,,,,,,,,,,,,
Tremolod Delay,Positive Grid,Delay,Delay,"Guitar, Stomp","Guitar, Stomp",BIAS FX 2,,,(Pedal) PG Original,,,,,,,,,,,,,,
Time Modeler,Positive Grid,Delay,Delay,Guitar,Guitar,BIAS X,,,(Rack - Omni Delay) PG Original,,,,,,,,,,,,,,
Fat Phaser Tape,Positive Grid,"Delay, Modulation","Delay, Modulation","Guitar, Stomp","Guitar, Stomp",BIAS FX 2,,,(Pedal) PG Original,,,,,,,,,,,,,,
Noise Gate,Positive Grid,Dynamics,Dynamics,"Guitar, Stomp","Guitar, Stomp",BIAS FX 2,,,(Pedal) PG Original,,,,,,,,,,,,,,
Shhh!,Positive Grid,Dynamics,Dynamics,"Guitar, Stomp","Guitar, Stomp",BIAS X,,,(Pedal - Noise Gate) ,,,,,,,,,,,,,,
Bloodline,Positive Grid,Harmonic Coloration,Harmonic Coloration,"Guitar, Stomp","Guitar, Stomp",BIAS FX 2,,,(Pedal) PG Original,,,,,,,,,,,,,,
British Crunch,Positive Grid,Harmonic Coloration,Harmonic Coloration,"Guitar, Stomp","Guitar, Stomp",BIAS FX 2,,,(Pedal) PG Original,,,,,,,,,,,,,,
DistortionX,Positive Grid,Harmonic Coloration,Harmonic Coloration,"Guitar, Stomp","Guitar, Stomp",BIAS FX 2,,,(Pedal) PG Original,,,,,,,,,,,,,,
Dumble Clean,Positive Grid,Harmonic Coloration,Harmonic Coloration,"Guitar, Stomp","Guitar, Stomp",BIAS FX 2,,,(Pedal) PG Original (Dumble Overdrive),,,,,,,,,,,,,,
Fuzz Modeler,Positive Grid,Harmonic Coloration,Harmonic Coloration,Guitar,Guitar,BIAS FX 2,,,(Rack) PG Original,,,,,,,,,,,,,,
Heavy Fuzz,Positive Grid,Harmonic Coloration,Harmonic Coloration,"Guitar, Stomp","Guitar, Stomp",BIAS FX 2,,,(Pedal) PG Original,,,,,,,,,,,,,,
Hell Metal,Positive Grid,Harmonic Coloration,Harmonic Coloration,"Guitar, Stomp","Guitar, Stomp",BIAS FX 2,,,(Pedal) PG Original,,,,,,,,,,,,,,
JB Fuzz,Positive Grid,Harmonic Coloration,Harmonic Coloration,"Guitar, Stomp","Guitar, Stomp",BIAS FX 2,,,(Pedal) PG Original,,,,,,,,,,,,,,
Matched Tube,Positive Grid,Harmonic Coloration,Harmonic Coloration,"Guitar, Stomp","Guitar, Stomp",BIAS FX 2,,,(Pedal) PG Original (Matchless Overdrive),,,,,,,,,,,,,,
Metaltone Mod,Positive Grid,Harmonic Coloration,Harmonic Coloration,"Guitar, Stomp","Guitar, Stomp",BIAS FX 2,,,(Pedal) PG Original,,,,,,,,,,,,,,
Mouse,Positive Grid,Harmonic Coloration,Harmonic Coloration,"Guitar, Stomp","Guitar, Stomp",BIAS FX 2,,,(Pedal) PG Original,,,,,,,,,,,,,,
PainKiller,Positive Grid,Harmonic Coloration,Harmonic Coloration,"Guitar, Stomp","Guitar, Stomp",BIAS FX 2,,,(Pedal) PG Original,,,,,,,,,,,,,,
Purple Chaos,Positive Grid,Harmonic Coloration,Harmonic Coloration,"Guitar, Stomp","Guitar, Stomp",BIAS FX 2,,,(Pedal) PG Original,,,,,,,,,,,,,,
Super Fuzz,Positive Grid,Harmonic Coloration,Harmonic Coloration,"Guitar, Stomp","Guitar, Stomp",BIAS FX 2,,,(Pedal) PG Original,,,,,,,,,,,,,,
Sweed OD,Positive Grid,Harmonic Coloration,Harmonic Coloration,"Guitar, Stomp","Guitar, Stomp",BIAS FX 2,,,(Pedal) PG Original,,,,,,,,,,,,,,
Tube Master,Positive Grid,Harmonic Coloration,Harmonic Coloration,"Guitar, Stomp","Guitar, Stomp",BIAS FX 2,,,(Pedal) PG Original,,,,,,,,,,,,,,
DistortionX,Positive Grid,Harmonic Coloration,Harmonic Coloration,"Guitar, Stomp","Guitar, Stomp",BIAS X,,,(Pedal - Classic Distortion),,,,,,,,,,,,,,
Fuzz Modeler,Positive Grid,Harmonic Coloration,Harmonic Coloration,Guitar,Guitar,BIAS X,,,(Rack - Advanced Fuzz)  PG Original,,,,,,,,,,,,,,
Preamp,Positive Grid,"Harmonic Coloration, Preamps","Harmonic Coloration, Preamps",Guitar,Guitar,BIAS FX 2,,,(Rack) PG Original,,,,,,,,,,,,,,
BrokenVibe,Positive Grid,Modulation,Modulation,"Guitar, Stomp","Guitar, Stomp",BIAS FX 2,,,(Pedal) PG Original,,,,,,,,,,,,,,
Jet Flange,Positive Grid,Modulation,Modulation,"Guitar, Stomp","Guitar, Stomp",BIAS FX 2,,,(Pedal) PG Original,,,,,,,,,,,,,,
"Les Rotary
Les Rotary HD",Positive Grid,Modulation,Modulation,,,BIAS FX 2,,,(Rack - Vintage Rotary) PG Original,,,,,,,,,,,,,,
Lush Ensemble,Positive Grid,Modulation,Modulation,"Guitar, Stomp","Guitar, Stomp",BIAS FX 2,,,(Pedal) PG Original,,,,,,,,,,,,,,
Magic Vibe,Positive Grid,Modulation,Modulation,"Guitar, Stomp","Guitar, Stomp",BIAS FX 2,,,(Pedal) PG Original,,,,,,,,,,,,,,
PhaseTrem,Positive Grid,Modulation,Modulation,"Guitar, Stomp","Guitar, Stomp",BIAS FX 2,,,(Pedal) PG Original,,,,,,,,,,,,,,
QuickQuack,Positive Grid,Modulation,Modulation,"Guitar, Stomp","Guitar, Stomp",BIAS FX 2,,,(Pedal) PG Original,,,,,,,,,,,,,,
Slow Attack,Positive Grid,Modulation,Modulation,"Guitar, Stomp","Guitar, Stomp",BIAS FX 2,,,(Pedal) PG Original,,,,,,,,,,,,,,
Stereo Chorus,Positive Grid,Modulation,Modulation,Guitar,Guitar,BIAS FX 2,,,(Rack) PG Original,,,,,,,,,,,,,,
Tri-Chorus HD,Positive Grid,Modulation,Modulation,Guitar,Guitar,BIAS FX 2,,,(Rack) PG Original,,,,,,,,,,,,,,
Vintage Rotary,Positive Grid,Modulation,Modulation,"Guitar, Stomp","Guitar, Stomp",BIAS FX 2,,,(Pedal) PG Original,,,,,,,,,,,,,,
Vintage Trem,Positive Grid,Modulation,Modulation,"Guitar, Stomp","Guitar, Stomp",BIAS FX 2,,,(Pedal) PG Original,,,,,,,,,,,,,,
Wah HD,Positive Grid,Modulation,Modulation,Guitar,Guitar,BIAS FX 2,,,(Rack) PG Original,,,,,,,,,,,,,,
Lunar,Positive Grid,Modulation,Modulation,,,BIAS X,,,(Rack - Stereo Chorus) ,,,,,,,,,,,,,,
Wow,Positive Grid,Modulation,Modulation,,,BIAS X,,,(Rack - Advanced Wah),,,,,,,,,,,,,,
AutoSwell,Positive Grid,"Modulation, Spatial Imaging","Modulation, Spatial Imaging","Guitar, Stomp","Guitar, Stomp",BIAS FX 2,,,(Pedal) PG Original,,,,,,,,,,,,,,
PhasePan,Positive Grid,"Modulation, Spatial Imaging","Modulation, Spatial Imaging","Guitar, Stomp","Guitar, Stomp",BIAS FX 2,,,(Pedal) PG Original,,,,,,,,,,,,,,
Harmonizer Model,Positive Grid,Pitch,Pitch,"Guitar, Stomp, ","Guitar, Stomp",BIAS FX 2,,,(Rack) PG Original,,,,,,,,,,,,,,
Stratos,Positive Grid,Pitch,Pitch,"Guitar, ",Guitar,BIAS X,,,(Rack - Harmonizer),,,,,,,,,,,,,,
BIAS Preamp,Positive Grid,Preamps,Preamps,"Guitar, Stomp","Guitar, Stomp",BIAS FX 2,,,(Pedal) PG Original,,,,,,,,,,,,,,
Stereo Reverb,Positive Grid,Reverb & Room,Reverb & Room,,,BIAS FX 2,,,(Rack) PG Original,,,,,,,,,,,,,,
Vintage Spring HD,Positive Grid,Reverb & Room,Reverb & Room,,,BIAS FX 2,,,(Rack) PG Original,,,,,,,,,,,,,,
Silver Crest,Positive Grid,Reverb & Room,Reverb & Room,,,BIAS X,,,(Rack - Advanced Reverb),,,,,,,,,,,,,,
Reason Rack Plugin Effect,Reason Studios,Container,Container,Deprecated,Deprecated,,,,,,,Plugin,AU,13.4.0,,,,,,,,,
Effect Rack,Soundtoys,Container,Container,,,,,,Creates a single-plugin toolchain of all SoundToys plugins,,,Plugin,"AU, VST3",5.5.4.18982,,,,,,,,,
Micro Shift,Soundtoys,"Delay, Pitch, Spatial Imaging","Delay, Pitch, Spatial Imaging",,,,,,"spatial processing (widening vocals, leads) w/ 3 styles of operation and delay/ detune adjustments.",,[Eventide H3000 presets 213 and 519; AMS Neve DMX 15-80S ],Plugin,"AU, VST3",5.5.4.18982,,,,,,,,,
Echoboy,Soundtoys,"Delay, Reverb & Room, Harmonic Coloration","Delay, Harmonic Coloration, Reverb & Room",Guitar,Guitar,,,,"31 echo / delay / reverb styles; 4 echo modes (single echo, dual echo, ping pong and rhythm); 9 mode of tube / tape saturation
",,"[ Ampex ATR-102; Boss CE-1; Boss DM-2, Maestro Echoplex EP-3; Electro-Harmonix Memory Man; Roland RE-201, Tel-ray Ad'n'Echo ]",Plugin,"AU, VST3",5.5.4.18982,,,,,,,,,
Echoboy Jr.,Soundtoys,"Delay, Reverb & Room, Harmonic Coloration","Delay, Harmonic Coloration, Reverb & Room",Guitar,Guitar,,,,"7 echo / delay / reverb styles (mix of modeled and original algorithms). Feedback + saturation.
",,[ Ampex ATR-102; Maestro Echoplex EP-3; Electro-Harmonix Memory Man; Roland RE-201 ],Plugin,"AU, VST3",5.5.4.18982,,,,,,,,,
Little Micro Shift,Soundtoys,"Delay, Spatial Imaging","Delay, Spatial Imaging",,,,,,"spatial processing (widening vocals, leads) w/ 3 styles of operation ",,[Eventide H3000 presets 213 and 519; AMS Neve DMX 15-80S ],Plugin,"AU, VST3",5.5.4.18982,,,,,,,,,
Filter Freak 1,Soundtoys,"EQ, Modulation, Harmonic Coloration","EQ, Harmonic Coloration, Modulation",,,,,,"Highly configurable single channel analog filter w/ 4 filter shapes, 6 modulation modes, 7 analog saturation styles, and 5 smoothing modes",,,Plugin,"AU, VST3",5.5.4.18982,,,,,,,,,
Filter Freak 2,Soundtoys,"EQ, Modulation, Harmonic Coloration","EQ, Harmonic Coloration, Modulation",,,,,,"Highly configurable dual channel analog filter w/ 4 filter shapes, 6 modulation modes, 7 analog saturation styles, and 5 smoothing modes",,,Plugin,"AU, VST3",5.5.4.18982,,,,,,,,,
Decapitator,Soundtoys,Harmonic Coloration,Harmonic Coloration,Guitar,Guitar,,,,"5 analog hardware saturation / distortions 
",,[ Ampeg 350; Chandler/EMI TG Channel; Neve 1057; Thermionic Culture Vulture ] ,Plugin,"AU, VST3",5.5.4.18982,,,,,,,,,
Tremolator,Soundtoys,Modulation,Modulation,,,,,,"analog guitar tremolo w/ beat-synced rhythmic chopping w/ 7 analog saturation styles, and 5 smoothing modes",,,Plugin,"AU, VST3",5.5.4.18982,,,,,,,,,
Pan Man,Soundtoys,"Modulation, Spatial Imaging, Harmonic Coloration","Harmonic Coloration, Modulation, Spatial Imaging",,,,,,"Rhythmic auto-panner w/ 6 modulation modes, 7 analog saturation styles, and 5 smoothing modes",,,Plugin,"AU, VST3",5.5.4.18982,,,,,,,,,
Phase Mistress,Soundtoys,"Modulation, Spatial Imaging, Harmonic Coloration","Harmonic Coloration, Modulation, Spatial Imaging",,,,,,"60 + styles of analog phase shifter (frequency / resolution / modulation) w/ 6 modulation modes, 7 analog saturation styles, and 5 smoothing modes",,,Plugin,"AU, VST3",5.5.4.18982,,,,,,,,,
Little Alter Boy,Soundtoys,Pitch,Pitch,Voice,Voice,,,,"Monophonic voice manipulator (pitch / formant processing) w/ 3 operating modes (transpose, quantize, robot). BEFORE OTHER FX in chain)",,,Plugin,"AU, VST3",5.5.4.18982,,,,,,,,,
Space Blender,Soundtoys,Reverb & Room,Reverb & Room,,,,,,Inspired by swarm synthesis. Imaginary space machine - sound design tool that allows you to create imaginary spaces and effects that don't exist in the natural world,,,Plugin,"AU, VST3",5.5.4.18982,,,,,,,,,
FX-Omnisphere,Spectrasonics,"Delay, Dynamics, EQ, Harmonic Coloration, Modulation, Reverb & Room, Time / Phase, Pitch","Delay, Dynamics, EQ, Harmonic Coloration, Modulation, Pitch, Reverb & Room, Time / Phase",,,,,,,,,Plugin,"AU, VST3",,,,,,,,,,
Plexi Lead,Steinberg,Amp & Cab,Amp & Cab,Guitar,Guitar,VST Amp Rack,,,,,British rock tone of the 70s and 80s,,,,,,,,,,,,
Blackface,Steinberg,Amp & Cab,Amp & Cab,Guitar,Guitar,VST Amp Rack,,,,,Classic American clean tone. ,,,,,,,,,,,,
GreenT,Steinberg,Amp & Cab,Amp & Cab,Bass,Bass,VST Bass Amp,,,,,"Classic amp from the 80s, useful for funk and rock playing styles. ",,,,,,,,,,,,
Plexi,Steinberg,Amp & Cab,Amp & Cab,Guitar,Guitar,VST Amp Rack,,,,,"Classic British rock tone; extremely transparent sound, very responsive",,,,,,,,,,,,
Tweed,Steinberg,Amp & Cab,Amp & Cab,"Bass, Guitar","Bass, Guitar","VST Amp Rack, VST Bass Amp",,,"A classic vintage amplifier from the 50s, with a characterful and bright tone. Originally created for bassists, also used by many guitar players.",,Clean and crunchy tones; ,,,,,,,,,,,,
ValveAmp300,Steinberg,Amp & Cab,Amp & Cab,Bass,Bass,VST Bass Amp,,,,,"Famous tube amp from the 70s, useful for playing styles",,,,,,,,,,,,
Diamond,Steinberg,Amp & Cab,Amp & Cab,Guitar,Guitar,VST Amp Rack,,,,,The cutting edge hard rock and metal sounds of the 90s,,,,,,,,,,,,
British Custom,Steinberg,Amp & Cab,Amp & Cab,Guitar,Guitar,VST Amp Rack,,,Produces the sparking clean or harmonically distorted rhythm sounds of the 60s,,,,,,,,,,,,,,
Deluxe,Steinberg,Amp & Cab,Amp & Cab,Guitar,Guitar,VST Amp Rack,,,American crunch sound coming from a rather small amp w/ a big tone,,,,,,,,,,,,,,
Greyhound,Steinberg,Amp & Cab,Amp & Cab,Bass,Bass,VST Bass Amp,,,"An amp well known for its typical growl, useful for several playing styles. ",,,,,,,,,,,,,,
iTech,Steinberg,Amp & Cab,Amp & Cab,Bass,Bass,VST Bass Amp,,,"A modern amplifier, with a universal sound.",,,,,,,,,,,,,,
Paradise,Steinberg,Amp & Cab,Amp & Cab,Bass,Bass,VST Bass Amp,,,"An amp from the 90s, w/ a hifi-like clear tone that makes it useful for several styles. ",,,,,,,,,,,,,,
AmpSimulator,Steinberg,"Amp & Cab, Harmonic Coloration","Amp & Cab, Harmonic Coloration",,,,,Cubase,distortion,,,Plugin,VST3,,,,,,,,,,
VST Amp Rack ,Steinberg,Container,Container,Guitar,Guitar,,,Cubase,Guitar amp simulator ,,,Plugin,VST3,,,,,,,,,,
VST Bass Amp,Steinberg,Container,Container,Bass,Bass,,,Cubase,Bass amp simulator,,,Plugin,VST3,,,,,,,,,,
Tape Delay,Steinberg,Delay,Delay,Guitar,Guitar,VST Amp Rack,,,,,,,,,,,,,,,,,
Delay,Steinberg,Delay,Delay,"Bass, Guitar","Bass, Guitar","VST Amp Rack, VST Bass Amp",,,,,,,,,,,,,,,,,
MonoDelay,Steinberg,Delay,Delay,,,,,Cubase,Mono delay effect. ,,,Plugin,VST3,,,,,,,,,,
MultiTap Delay,Steinberg,Delay,Delay,,,,,Cubase,Tap effect delay w/ up to 8 tap repeats. ,,,Plugin,VST3,,,,,,,,,,
PingPongDelay,Steinberg,Delay,Delay,,,,,Cubase,Stereo delay effect that alternates each delay repeat between the left/right channels. ,,,Plugin,VST3,,,,,,,,,,
StereoDelay,Steinberg,Delay,Delay,,,,,Cubase,2 independent delay lines,,,Plugin,VST3,,,,,,,,,,
Tape Ducking Delay,Steinberg,"Delay, Modulation","Delay, Modulation","Bass, Guitar","Bass, Guitar","VST Amp Rack, VST Bass Amp",,,,,,,,,,,,,,,,,
ModMachine,Steinberg,"Delay, Modulation","Delay, Modulation",,,,,Cubase,Combines delay modulation and filter modulation. Frequency + resonance of the filter are modulated by an LFO or can be set manually. An add'l Drive parameter allows for distortion effects. ,,,Plugin,VST3,,,,,,,,,,
StudioDelay,Steinberg,"Delay, Modulation, Harmonic Coloration, Pitch, Reverb & Room","Delay, Harmonic Coloration, Modulation, Pitch, Reverb & Room",,,,,Cubase,"Delay w/ integrated effects (modulation, distortion, reverb, pitch) ",,,Plugin,VST3,,,,,,,,,,
Squasher,Steinberg,Dynamics,Dynamics,,,,,Cubase,3-band compressor that combines upward + downward compression (per band) ,," ""Squashes"" audio signal. ",Plugin,VST3,,,,,,,,,,
Tube Compressor,Steinberg,Dynamics,Dynamics,,,,,Cubase,Emulates tube compressor,,"smooth, warm tube compression. ",Plugin,VST3,,,,,,,,,,
Expander,Steinberg,Dynamics,Dynamics,,,,,Cubase,Reduces output level in relation to input level for signals below set level. ,,Useful for enahancing dynamic range or reducing noise in quiet passages. ,Plugin,VST3,,,,,,,,,,
Raiser,Steinberg,Dynamics,Dynamics,"Drums, Mastering","Drums, Mastering",,,Cubase,Increases loudness of audio. Can go from smooth limiting of solo tracks / full mixes to aggressive limiting,,Well suited for percussive material. ,Plugin,VST3,,,,,,,,,,
Compressor,Steinberg,Dynamics,Dynamics,"Bass, Guitar","Bass, Guitar","VST Amp Rack, VST Bass Amp",,,,,,,,,,,,,,,,,
Gate,Steinberg,Dynamics,Dynamics,"Bass, Guitar","Bass, Guitar","VST Amp Rack, VST Bass Amp",,,,,,,,,,,,,,,,,
Limiter,Steinberg,Dynamics,Dynamics,"Bass, Guitar","Bass, Guitar","VST Amp Rack, VST Bass Amp",,,,,,,,,,,,,,,,,
Maximizer,Steinberg,Dynamics,Dynamics,"Bass, Guitar","Bass, Guitar","VST Amp Rack, VST Bass Amp",,,,,,,,,,,,,,,,,
Volume,Steinberg,Dynamics,Dynamics,"Bass, Guitar","Bass, Guitar","VST Amp Rack, VST Bass Amp",,,,,,,,,,,,,,,,,
Brickwall Limiter,Steinberg,Dynamics,Dynamics,Mastering,Mastering,,,Cubase,Ensures output level never exceeds a set limit,,,Plugin,VST3,,,,,,,,,,
Compressor,Steinberg,Dynamics,Dynamics,,,,,Cubase,"reduces the dynamic range of the audio, making softer sounds louder or louder sounds softer, or both.",,,Plugin,VST3,,,,,,,,,,
EnvelopeShaper,Steinberg,Dynamics,Dynamics,,,,,Cubase,Attenuate/Boost gain of the attack and release phase(s) of audio,,,Plugin,VST3,,,,,,,,,,
Gate,Steinberg,Dynamics,Dynamics,,,,,Cubase,Silences audio singals below a set threshold. The gate opens to allow signal to pass once the signal level exceeds the threshold. ,,,Plugin,VST3,,,,,,,,,,
Limiter,Steinberg,Dynamics,Dynamics,,,,,Cubase,Ensures that the output level never exceeds a set output level to avoid clipping in following devices. ,,,Plugin,VST3,,,,,,,,,,
Maximizer,Steinberg,Dynamics,Dynamics,Mastering,Mastering,,,Cubase,Raises loudness of audio material w/o the risk of clipping. ,,,Plugin,VST3,,,,,,,,,,
MidiGate,Steinberg,Dynamics,Dynamics,,,,,Cubase,Noise Gate triggered by MIDI notes. ,,,Plugin,VST3,,,,,,,,,,
UltraShaper,Steinberg,Dynamics,Dynamics,,,,,Cubase,Dynamic range compressor that automatically adjusts make-up gain to maintain a consistent output level. ,,,Plugin,VST3,,,,,,,,,,
VintageCompressor,Steinberg,Dynamics,Dynamics,,,,,Cubase,Modeled after vintage type compressors,,,Plugin,VST3,,,,,,,,,,
VoxComp,Steinberg,Dynamics,Dynamics,Voice,Voice,,,Cubase,Compressor designed specifically for processing vocals. ,,,Plugin,VST3,,,,,,,,,,
VSTDynamics,Steinberg,Dynamics,Dynamics,,,,,Cubase,"Advanced dynamics processor. Gate, Compressor, Limiter",,,Plugin,VST3,,,,,,,,,,
Compressor MB,Steinberg,"Dynamics, EQ","Dynamics, EQ",Bass,Bass,VST Bass Amp,,,,,,,,,,,,,,,,,
DeEsser,Steinberg,"Dynamics, EQ","Dynamics, EQ",Voice,Voice,,,Cubase,special type of compression that reduces excessive sibiliance (primarily for vocals),,,Plugin,VST3,,,,,,,,,,
MultibandCompressor,Steinberg,"Dynamics, EQ","Dynamics, EQ",Mastering,Mastering,,,Cubase,"Splits audio into 4 frequency bands w/ independent control of level, b/w and compression",,,Plugin,VST3,,,,,,,,,,
MultibandEnvelopeShaper,Steinberg,"Dynamics, EQ","Dynamics, EQ",,,,,Cubase,Splits audio into 4 frequency bands w/ independent control over envelope shaping,,,Plugin,VST3,,,,,,,,,,
MultibandExpander,Steinberg,"Dynamics, EQ","Dynamics, EQ",,,,,Cubase,Splits audio into 4 frequency bands w/ independent control over dynamic expansion,,,Plugin,VST3,,,,,,,,,,
VocalChain,Steinberg,"Dynamics, EQ, Delay, Reverb & Room","Delay, Dynamics, EQ, Reverb & Room",Voice,Voice,,,Cubase,,,,Plugin,VST3,,,,,,,,,,
DJ-Eq,Steinberg,EQ,EQ,Live Sound,Live Sound,,,Cubase,3-band PEQ. Similar to EQ found on DJ Mixers. Intended for quick sound fixes,,Not just for Live Sound,Plugin,VST3,,,,,,,,,,
Equalizer,Steinberg,EQ,EQ,"Bass, Guitar","Bass, Guitar","VST Amp Rack, VST Bass Amp",,,,,,,,,,,,,,,,,
Graphical EQ,Steinberg,EQ,EQ,Bass,Bass,VST Bass Amp,,,,,,,,,,,,,,,,,
Frequency,Steinberg,EQ,EQ,,,,,Cubase,"8-band PEQ (Can act as a shelving, peak, notch fitlter or HPF/LPF cut filters) ",,,Plugin,VST3,,,,,,,,,,
GEQ-10,Steinberg,EQ,EQ,,,,,Cubase,10-band GEQ,,,Plugin,VST3,,,,,,,,,,
GEQ-30,Steinberg,EQ,EQ,,,,,Cubase,30-band GEQ,,,Plugin,VST3,,,,,,,,,,
StudioEQ,Steinberg,EQ,EQ,,,,,Cubase,"4-band stereo PEQ. All four can act as parametric peak filters, low/high bands can act as either shelving (3 types) or as HPF/LPF cut filters. ",,,Plugin,VST3,,,,,,,,,,
Grungelizer,Steinberg,Harmonic Coloration,Harmonic Coloration,,,,,Cubase,Adds noise + static,,"""like listening to a radio w/ bad reception, or a warn and scratched vinyl record"" ",Plugin,VST3,,,,,,,,,,
Distortion,Steinberg,Harmonic Coloration,Harmonic Coloration,,,,,Cubase,distortion,,Crunch,Plugin,VST3,,,,,,,,,,
DaTube,Steinberg,Harmonic Coloration,Harmonic Coloration,,,,,Cubase,distortion,,"Lush, warm tube amp sound",Plugin,VST3,,,,,,,,,,
BitCrusher,Steinberg,Harmonic Coloration,Harmonic Coloration,,,,,Cubase,Lo-Fi decimation and truncation of input audio signal through bit-reduction. ,,Noisy distortion.,Plugin,VST3,,,,,,,,,,
Distroyer,Steinberg,Harmonic Coloration,Harmonic Coloration,,,,,Cubase,Adds harmonic to the spectrum. ,,Smooth overdrive to extreme clipping,Plugin,VST3,,,,,,,,,,
Fuzz,Steinberg,Harmonic Coloration,Harmonic Coloration,Guitar,Guitar,VST Amp Rack,,,,,,,,,,,,,,,,,
Overdrive,Steinberg,Harmonic Coloration,Harmonic Coloration,"Bass, Guitar","Bass, Guitar","VST Amp Rack, VST Bass Amp",,,,,,,,,,,,,,,,,
Enhancer,Steinberg,Harmonic Coloration,Harmonic Coloration,Bass,Bass,VST Bass Amp,,,,,,,,,,,,,,,,,
Magneto II,Steinberg,Harmonic Coloration,Harmonic Coloration,Bass,Bass,VST Bass Amp,,Cubase,Simulated saturation + compresson of recording on analog tape machines,Standalone; Embedded in VST Bass Amp,,Plugin,VST3,,,,,,,,,,
Quadrafuzz II,Steinberg,Harmonic Coloration,Harmonic Coloration,"Drums, Voice","Drums, Voice",,,Cubase,multi-band distortion + multi FX intended for drums / vox,,,Plugin,VST3,,,,,,,,,,
SoftClipper,Steinberg,Harmonic Coloration,Harmonic Coloration,,,,,Cubase,Soft overdrive w/ independent control over the 2nd and 3rd harmonic,,,Plugin,VST3,,,,,,,,,,
ToneBooster,Steinberg,Modulation,Modulation,,,,,Cubase,Filter that allows you to raise the gain in a selected frequency range. ,,Very useful if it's inserted before AmpSimulator,Plugin,VST3,,,,,,,,,,
AutoPan,Steinberg,Modulation,Modulation,,,,,Cubase,Modulates left/right stereo position. ,,"Allows for ""chopping"" effects by linking modulation of left / right channels. ",Plugin,VST3,,,,,,,,,,
RingModulator,Steinberg,Modulation,Modulation,,,,,Cubase,"Ring Modulators work by multiplying two audio signals. The ring-modulated output contains added frequencies generated by the sum of, and the difference between, the frequencies of the two signals",,bell-like enharmonic sound,Plugin,VST3,,,,,,,,,,
Underwater,Steinberg,Modulation,Modulation,,,,,Cubase,LPF,,Creates a typical underwater or party next door effect. ,Plugin,VST3,,,,,,,,,,
StepFilter,Steinberg,Modulation,Modulation,,,,,Cubase,Pattern-controlled multimode filter,,"creates rhythmic, pulsating filter effects",Plugin,VST3,,,,,,,,,,
Cloner,Steinberg,Modulation,Modulation,,,,,Cubase,Adds up to 4 detuned + delayed voices to the signal,,Rich modulation and chorus effects,Plugin,VST3,,,,,,,,,,
Tremolo,Steinberg,Modulation,Modulation,Guitar,Guitar,VST Amp Rack,,Cubase,Amplitude modulation ,Standalone; Embedded in VST Amp Rack,,Plugin,VST3,,,,,,,,,,
Chorus,Steinberg,Modulation,Modulation,"Bass, Guitar","Bass, Guitar","VST Amp Rack, VST Bass Amp",,Cubase,Single-stage chorus effect. Doubles the audio that is sent into it w/ a slightly detuned version,Standalone; Embedded in VST Amp Rack / Bass Amp,,Plugin,VST3,,,,,,,,,,
Flanger,Steinberg,Modulation,Modulation,"Bass, Guitar","Bass, Guitar","VST Amp Rack, VST Bass Amp",,Cubase,Classic flanger w/ added stereo enhancement ,Standalone; Embedded in VST Amp Rack / Bass Amp,,Plugin,VST3,,,,,,,,,,
Phaser ,Steinberg,Modulation,Modulation,"Bass, Guitar","Bass, Guitar","VST Amp Rack, VST Bass Amp",,Cubase,Classic phasing effect w/ additional stereo enhancement ,Standalone; Embedded in VST Amp Rack / Bass Amp,,Plugin,VST3,,,,,,,,,,
Wah Wah,Steinberg,Modulation,Modulation,"Bass, Guitar","Bass, Guitar","VST Amp Rack, VST Bass Amp",,Cubase,Variable slope band-bass filter Standalone; Embedded in VST Amp Rack / Bass Amp,,,Plugin,VST3,,,,,,,,,,
Envelope Filter,Steinberg,Modulation,Modulation,Bass,Bass,VST Bass Amp,,,,,,,,,,,,,,,,,
AutoFilter,Steinberg,Modulation,Modulation,,,,,Cubase,designed for modulating cutoff frequency via th einput audio signal or side-chain signal. ,,,Plugin,VST3,,,,,,,,,,
Chopper,Steinberg,Modulation,Modulation,,,,,Cubase,Tremolo w/ optional panning effect,,,Plugin,VST3,,,,,,,,,,
DualFilter,Steinberg,Modulation,Modulation,,,,,Cubase,filters out specific frequencies while allowing others to pass through. ,,,Plugin,VST3,,,,,,,,,,
FX Modulator,Steinberg,Modulation,Modulation,,,,,Cubase,MultiFX modulation plugin from classic ducking to rhythmic patterns. Can modulate up to 6 integrated FX modules at once. ,,,Plugin,VST3,,,,,,,,,,
Metalizer,Steinberg,Modulation,Modulation,,,,,Cubase,Feeds audio signal through a variable frequency filter w/ tempo sync or time modulation and feedback control. ,,,Plugin,VST3,,,,,,,,,,
MorphFilter,Steinberg,Modulation,Modulation,,,,,Cubase,"Lets you mix low-pass, high-pass, band-pass, and band-reduction filter effects, allowing for creative morphings or mixtures between two filters.",,,Plugin,VST3,,,,,,,,,,
Rotary,Steinberg,Modulation,Modulation,,,,,Cubase,Modulation effect that emulates Lesley rotating speaker. ,,,Plugin,VST3,,,,,,,,,,
StudioChorus,Steinberg,Modulation,Modulation,,,,,Cubase,2-stage chorus effect that adds short delays to the signal and modulates the pitch of the delayed signals to produce a doubling effect. The 2 separate stages of chrous modulation are independent and are processed serially. ,,,Plugin,VST3,,,,,,,,,,
Tranceformer,Steinberg,Modulation,Modulation,,,,,Cubase,"Ring modulation effect that modulates incoming audio by an internal, variable frequency oscillator, producing new harmonics. A second oscillator can be used to modulate the frequency of the first oscillator, in (or out) of sync w/ the song tempo.. ",,,Plugin,VST3,,,,,,,,,,
Vibrato,Steinberg,Modulation,Modulation,,,,,Cubase,Pitch (frequency) modulation,,,Plugin,VST3,,,,,,,,,,
LoopMash FX,Steinberg,"Modulation, Time / Phase","Modulation, Time / Phase",Live Sound,Live Sound,,,Cubase,DJ effects that can be controlled by a MIDI keyboard. ,,,Plugin,VST3,,,,,,,,,,
Octaver,Steinberg,Pitch,Pitch,"Bass, Guitar","Bass, Guitar","VST Amp Rack, VST Bass Amp",,Cubase,Generates 2 add'l voices that trach the pitch of the input signal 1 and 2 octaves below the original pitch,Standalone; Embedded in VST Amp Rack / Bass Amp,,Plugin,VST3,,,,,,,,,,
Pitch Correct,Steinberg,Pitch,Pitch,"Live Sound, Restoration","Live Sound, Restoration",,,Cubase,"Auto detection, correction of slight pitch and intonation inconsistencies in vocal and instrumental performances in real time. The advanced algos preserve the formants of the original sound and support pitch correction w/o ""Mickey Mouse"" effect. ",,,Plugin,VST3,,,,,,,,,,
PitchShifter,Steinberg,Pitch,Pitch,,,,,Cubase,Pitch shiftter that allows independent control over left/right channels of stereo signal. ,,,Plugin,VST3,,,,,,,,,,
Vocoder,Steinberg,Pitch,Pitch,Voice,Voice,,,Cubase,"Can apply sound characteristics taken from one signal to another. Classically used w/ a voice to act as a modulator and an instrument as the carrier making an instrument ""talk"". ",,,Plugin,VST3,,,,,,,,,,
DI Driver,Steinberg,Preamps,Preamps,Bass,Bass,VST Bass Amp,,,,,,,,,,,,,,,,,
RoomWorks SE,Steinberg,Reverb & Room,Reverb & Room,,,,,Cubase,Lite Version of Roomworks,,LOW DSP,Plugin,VST3,,,,,,,,,,
Reverb,Steinberg,Reverb & Room,Reverb & Room,"Bass, Guitar","Bass, Guitar","VST Amp Rack, VST Bass Amp",,,,,,,,,,,,,,,,,
REVelation,Steinberg,Reverb & Room,Reverb & Room,,,,,Cubase,Algorithmic reverb w/ early reflection and reverb tail. ,,,Plugin,VST3,,,,,,,,,,
REVerence,Steinberg,Reverb & Room,Reverb & Room,,,,,Cubase,Convolution tool allowing the application of room characteristics to audio. ,,,Plugin,VST3,,,,,,,,,,
RoomWorks,Steinberg,Reverb & Room,Reverb & Room,Surround,Surround,,,Cubase,Stereo and Surround Reverb / Convolution / Room Ambience,,,Plugin,VST3,,,,,,,,,,
Shimmer,Steinberg,"Reverb & Room, Pitch, Delay","Delay, Pitch, Reverb & Room",,,,,Cubase,Reverb and pitch shifter in a delay loop,,,Plugin,VST3,,,,,,,,,,
AmbiConverter,Steinberg,Spatial Imaging,Spatial Imaging,"Surround, FILTER OUT","FILTER OUT, Surround",,,Cubase,Converts Ambisonics audio between (FuMa) Furse-Malham and AmbiX format ,,,Plugin,VST3,,,,,,,,,,
AmbiDecoder,Steinberg,Spatial Imaging,Spatial Imaging,"Surround, FILTER OUT","FILTER OUT, Surround",,,Cubase,Converts Ambisonics audio for playback on headphones or multichannel speaker setups ,,,Plugin,VST3,,,,,,,,,,
Imager,Steinberg,Spatial Imaging,Spatial Imaging,"Mastering, ",Mastering,,,Cubase,Expand / reduce the stereo width. Supports up to 4-bands of independent audio processing. ,Cubase / WaveLab: Default Internal Stereo Imaging,,Plugin,VST3,,,,,,,,,,
StereoEnhancer,Steinberg,Spatial Imaging,Spatial Imaging,,,,,Cubase,Expands the stereo width of stereo (only) audio material. ,Cubase / WaveLab: Default Internal Stereo Enhancer,,Plugin,VST3,,,,,,,,,,
VST MultiPanner,Steinberg,Spatial Imaging,Spatial Imaging,"Surround, FILTER OUT","FILTER OUT, Surround",,,Cubase,Surround panner allows you to position a sound source in the surround field. ,,,Plugin,VST3,,,,,,,,,,
MixerDelay,Steinberg,"Spatial Imaging, Time / Phase","Spatial Imaging, Time / Phase","Surround, FILTER OUT","FILTER OUT, Surround",,,Cubase,"Allows you to adjust + manipulate each individual channel in a surround track, group or bus",,,Plugin,VST3,,,,,,,,,,
4x12,Universal Audio,Amp & Cab,Amp & Cab,Bass,Bass,Softube Bass Amp Room,,,4x12 CAB,,mic'd by a Sennheiser MD421,,,,,,,,,,,,
Softube Amp Room Half-Stack,Universal Audio,"Amp & Cab, Container","Amp & Cab, Container",Guitar,Guitar,,,Softube (Modeled by),,,,Plugin,UAD-2,2.5.16,,,,,,,,,
Softube Bass Amp Room,Universal Audio,"Amp & Cab, Container","Amp & Cab, Container",Bass,Bass,,,Softube (Modeled by),,,,Plugin,UAD-2,2.5.16,,,,,,,,,
Softube Vintage Amp Room,Universal Audio,"Amp & Cab, Container","Amp & Cab, Container",Guitar,Guitar,,,Softube (Modeled by),,,,Plugin,UAD-2,2.5.16,,,,,,,,,
Paradise Guitar Studio,Universal Audio,Container,Container,Guitar,Guitar,,,,,,,Plugin,UADx,1.0.1,,,,,,,,,
Verve Analog Machines Essentials,Universal Audio,Container,Container,,,,,,4 Analog Tone Machines,,,Plugin,UADx,1.0.6,,,,,,,,,
Sphere Mic Collection 180,Universal Audio,"Container, Microphone","Container, Microphone",Hardware,Hardware,,,,,,,Plugin,UAD-2,2.0.0,,,,,,,,,
CS-1,Universal Audio,"Delay, Dynamics, EQ, Preamps","Delay, Dynamics, EQ, Preamps",Channel Strip,Channel Strip,,,,Legacy Channel Strip [ EX-1 EQ and Compressor; DM-1 Delay Modulator; RS-1 Reflection Engine ] (SUPERCEDED BY Precision Channel Strip) - DON'T USE. THIS IS JUST FOR BACKWARDS COMPAT.,,,Plugin,UAD-2,11.8.1,,,,,,,,,
Precision Delay Mod,Universal Audio,"Delay, Modulation","Delay, Modulation",,,,,,"dual / stereo delay w/ 5 modes (inc. chorus, flanger) - 1s max delay time",,,Plugin,UAD-2,11.8.1,,,,,,,,,
Precision Delay Mod L,Universal Audio,"Delay, Modulation","Delay, Modulation",,,,,,"dual / stereo delay w/ 5 modes (inc. chorus, flanger) - 3s max delay time",,,Plugin,UAD-2,11.8.1,,,,,,,,,
Volume,Universal Audio,Dynamics,Dynamics,"Guitar, Stomp","Guitar, Stomp",Paradise Guitar Studio,,,,,,,,,,,,,,,,,
A-Type Multiband Enhancer,Universal Audio,Dynamics,Dynamics,,,,,,,,,Plugin,"UAD-2, UADx","11.8.2 (UAD-2)
1.0.3 (UADx)",,,,,,,,,
C-Suite C-Max,Universal Audio,Dynamics,Dynamics,Mastering,Mastering,,,C-Suite Audio / CEDAR Audio,mastering limiter / maximizing (satuation),,,Plugin,UAD-2,1.0.0,,,,,,,,,
Precision Buss Compressor,Universal Audio,Dynamics,Dynamics,Mastering,Mastering,,,,Original UA Duall-VCA Dynamic Processor for transparent gain reduction,,,Plugin,UAD-2,11.8.1,,,,,,,,,
Precision Limiter,Universal Audio,Dynamics,Dynamics,Mastering,Mastering,,,Bob Katz,"K-System (Bob Katz' metering / monitoring)
Original UA premum performance single-band look-ahead brickwall mastering limiter. ",,,Plugin,UAD-2,11.8.1,,,,,,,,,
Precision Maximizer,Universal Audio,Dynamics,Dynamics,Mastering,Mastering,,,,"Original UA premum performance dynamic impact processor for increasing perceived loudness, warmth and presence. Limiter w/ soft saturation (maxes signal, minimizing undesirable distortion / aliasing) that operates in single or 3-band modes.",,,Plugin,UAD-2,11.8.1,,,,,,,,,
Precision De-Esser,Universal Audio,"Dynamics, EQ","Dynamics, EQ",Voice,Voice,,,,vocal sibilance compression,,,Plugin,UAD-2,11.8.1,,,,,,,,,
Precision Multiband,Universal Audio,"Dynamics, EQ","Dynamics, EQ",Mastering,Mastering,,,,"Original UA 5 bands of ""premium performance"" spectral processing w/ 3 dynamics modes (compression, expansion, gate)",,,Plugin,UAD-2,11.8.1,,,,,,,,,
Century Tube Channel Strip,Universal Audio,"Dynamics, EQ, Preamps","Dynamics, EQ, Preamps",,,,,,"vintage inspired channel strip [ organic tube mic preamp, optical leveler, 3-band EQ ]",,,Plugin,"UAD-2, UADx","11.8.1 (UAD-2)
1.0.16 (UADx)",,,,,,,,,
bx_digital V2,Universal Audio,EQ,EQ,Mastering,Mastering,,,Brainworx (Modeled by) ,"mastering mix, post-production tone shaping mono EQ",,,Plugin,UAD-2,2.3.3,,,,,,,,,
bx_digital V2 Mono,Universal Audio,EQ,EQ,Mastering,Mastering,,,Brainworx (Modeled by) ,"mastering mix, post-production tone shaping mono EQ",,,Plugin,UAD-2,2.3.3,,,,,,,,,
bx_digital V3,Universal Audio,EQ,EQ,Mastering,Mastering,,,Brainworx (Modeled by) ,"ultra low-latency 11-band stereo EQ, HPF/LPF, dynamic EQ,",,,Plugin,UAD-2,3.1.3,,,,,,,,,
bx_digital V3 mix,Universal Audio,EQ,EQ,,,,,Brainworx (Modeled by) ,"ultra low-latency 11-band stereo EQ, HPF/LPF, dynamic EQ,",,,Plugin,UAD-2,3.1.3,,,,,,,,,
Cambridge,Universal Audio,EQ,EQ,Mastering,Mastering,,,,Mastering quality 5-band parametric EQ (3 types) w/ special handling of higher frequencies,,,Plugin,UAD-2,11.8.1,,,,,,,,,
Precision Enhancer Hz,Universal Audio,EQ,EQ,,,,,,"psychoacoustic bass perception enhancement; selectively add upper harmonics to bass fundamentals (""phantom bass"")",,,Plugin,UAD-2,11.8.1,,,,,,,,,
Precision Enhancer kHz,Universal Audio,EQ,EQ,,,,,,enhances high frequencies + breathe life into dull tracks. (5 modes),,,Plugin,UAD-2,11.8.1,,,,,,,,,
Precision Equalizer,Universal Audio,EQ,EQ,Mastering,Mastering,,,,"Original UA stereo / dual mono 4-band ""premium performance mastering"" EQ leveraging ""best of classic hardware designs""",,,Plugin,UAD-2,11.8.1,,,,,,,,,
C-Suite C-Axe,Universal Audio,"EQ, Dynamics","Dynamics, EQ",Guitar,Guitar,,,C-Suite Audio / CEDAR Audio,noise suppression / removal for guitar noise / hum.,,,Plugin,UAD-2,1.0.0,,,,,,,,,
C-Suite C-Vox,Universal Audio,"EQ, Dynamics","Dynamics, EQ",Voice,Voice,,,C-Suite Audio / CEDAR Audio,noise suppression and ambience reduction for vocals,,,Plugin,UAD-2,1.0.0,,,,,,,,,
bx_masterdesk,Universal Audio,"EQ, Dynamics, Harmonic Coloration","Dynamics, EQ, Harmonic Coloration","Mastering, Voice","Mastering, Voice",,,Brainworx (Modeled by) ,"mastering chain plugin
[ compressor / limiter, harmonic distortion, de-esser, 3-band EQ, high/low cut fillters ]",,,Plugin,UAD-2,1.0.1,,,,,,,,,
bx_masterdesk Classic,Universal Audio,"EQ, Dynamics, Harmonic Coloration","Dynamics, EQ, Harmonic Coloration",Mastering,Mastering,,,Brainworx (Modeled by) ,"mastering chain plugin 
[ compressor, harmonic distortion ]",,,Plugin,UAD-2,1.0.1,,,,,,,,,
bx_refinement,Universal Audio,"EQ, Harmonic Coloration","EQ, Harmonic Coloration",Mastering,Mastering,,,"Brainworx (Modeled by)
Gebre Waddell","Gebre Waddell - Stonebridge Mastering
Mastering ""de-harshing"" tool via analog tube saturation",,,Plugin,UAD-2,1.0.1,,,,,,,,,
Edge,Universal Audio,Harmonic Coloration,Harmonic Coloration,,,Verve Analog Machines,,Verve Analog Machines (Full),Solid State w/ Machine,,Adds gentle harmonics to give your sound subtle crunch.,,,,,,,,,,,,
Glow,Universal Audio,Harmonic Coloration,Harmonic Coloration,,,Verve Analog Machines,,Verve Analog Machines (Full),Solid State w/ Machine,,Adds gentle harmonics to give your sound subtle warmth.,,,,,,,,,,,,
Sweeten,Universal Audio,Harmonic Coloration,Harmonic Coloration,,,Verve Analog Machines,,,Tape Machine w/ Warble,,Gloss and warmth of a studio tape machine. Can be gently overdriven.,,,,,,,,,,,,
Fire,Universal Audio,Harmonic Coloration,Harmonic Coloration,,,Verve Analog Machines,,Verve Analog Machines (Full),Tape Machine w/ Warble,,Push a studio tape machine far past its limits and hear it roar.,,,,,,,,,,,,
Overdrive,Universal Audio,Harmonic Coloration,Harmonic Coloration,,,Verve Analog Machines,,Verve Analog Machines (Full),Tape Machine w/ Warble,,Push a vintage tape machine far past its limits and hear it roar.,,,,,,,,,,,,
Distort,Universal Audio,Harmonic Coloration,Harmonic Coloration,,,Verve Analog Machines,,Verve Analog Machines (Full),Solid State w/ Machine,,Push a vintage tube preamp far past its limits and hear it roar.,,,,,,,,,,,,
Ibanez Tube Screamer TS808,Universal Audio,Harmonic Coloration,Harmonic Coloration,"Modeled, Stomp","Modeled, Stomp",,,,4x12 Celestion V30s,,"superceded by TS Overdrive
recorded w/ Ibanex TS808",Plugin,UAD-2,11.8.1,,,,,,,,,
Vintagize,Universal Audio,Harmonic Coloration,Harmonic Coloration,,,Verve Analog Machines,,,Tape Machine w/ Warble,,The sound of a recording that's older than your grandparents,,,,,,,,,,,,
Thicken,Universal Audio,Harmonic Coloration,Harmonic Coloration,,,Verve Analog Machines,,,Tape Machine w/ Warble,,The sound of something recorded a half century ago.,,,,,,,,,,,,
Warm,Universal Audio,Harmonic Coloration,Harmonic Coloration,,,Verve Analog Machines,,,Tape Machine w/ Warble,,The warmer sound of a more vintage studio tape machine.,,,,,,,,,,,,
Sputter,Universal Audio,Harmonic Coloration,Harmonic Coloration,,,Verve Analog Machines,,Verve Analog Machines (Full),Solid State w/ Machine,,Transistor Pre on the verge of blowing up,,,,,,,,,,,,
bx_saturator V2,Universal Audio,Harmonic Coloration,Harmonic Coloration,Mastering,Mastering,,,Brainworx (Modeled by) ,multi-band saturation / distortion tool. Individual tracks or stereo master,,,Plugin,UAD-2,2.0.1,,,,,,,,,
Oxide Tape,Universal Audio,Harmonic Coloration,Harmonic Coloration,,,,,,Analog tape saturation,,,Plugin,"UAD-2, UADx",11.8.1 (UAD-2) 1.0.17 (UADx) 1.2.2 (UADx - Luna),,,,,,,,,
Sound Machine Wood Works,Universal Audio,Harmonic Coloration,Harmonic Coloration,Guitar,Guitar,,,,acoustic guitar processing,,,Plugin,UAD-2,1.0.0,,,,,,,,,
Verve Analog Machines,Universal Audio,Harmonic Coloration,Harmonic Coloration,,,,,Verve Analog Machines,10 Analog Tone Machines,,,Plugin,UADx,1.0.6,,,,,,,,,
Sphere DIffuse,Universal Audio,Microphone,Microphone,,,Sphere,,,,,flat frequency response,,,,,,,,,,,,
Sphere Linear,Universal Audio,Microphone,Microphone,,,Sphere,,,,,flat frequency response,,,,,,,,,,,,
Sphere Direct,Universal Audio,Microphone,Microphone,,,Sphere,,,no modeleing,,,,,,,,,,,,,,
Hemisphere Mic Collection,Universal Audio,"Microphone, Container","Container, Microphone",,,,,,,,,Plugin,UAD-2,2.0.0,,,,,,,,,
Ocean Way Mic Collection,Universal Audio,"Microphone, Container","Container, Microphone",,,,,,,,,Plugin,UAD-2,,,,,,,,,,
Ocean Way Mic Collection 180,Universal Audio,"Microphone, Container","Container, Microphone",Hardware,Hardware,,,,,,,Plugin,UAD-2,,,,,,,,,,
Putnam Mic Collection,Universal Audio,"Microphone, Container","Container, Microphone",,,,,,,,,Plugin,UAD-2,,,,,,,,,,
Putnam Mic Collection 180,Universal Audio,"Microphone, Container","Container, Microphone",Hardware,Hardware,,,,,,,Plugin,UAD-2,,,,,,,,,,
Sphere Mic Collection,Universal Audio,"Microphone, Container","Container, Microphone",,,,,,,,,Plugin,UAD-2,2.0.0,,,,,,,,,
Softube Vocoder,Universal Audio,"Modulation, Pitch","Modulation, Pitch",Voice,Voice,,,Softube (Modeled by),Synth / Voice modulation,,,Plugin,UAD-2,2.5.16,,,,,,,,,
Antares Auto-Tune Realtime,Universal Audio,Pitch,Pitch,"Voice, Deprecated, REMOVE","Deprecated, REMOVE, Voice",,,Antares (Modeled by),vocal pitch correction / processing,,superceded by AutoTune RealTime Plugins,Plugin,UAD-2,1.0.0,,,,,,,,,
Auto-Tune Realtime Access,Universal Audio,Pitch,Pitch,Voice,Voice,,,Antares (Modeled by),"vocal pitch correction / processing
SIMPLEST (Freeware Version)",,,Plugin,UAD-2,9.0.2,,,,,,,,,
Auto-Tune Realtime Advanced,Universal Audio,Pitch,Pitch,Voice,Voice,,,Antares (Modeled by),"vocal pitch correction / processing
ENHANCED (detailed pitch correction / creative effects)",Primary Autotuner,,Plugin,UAD-2,9.0.2,,,,,,,,,
Auto-Tune Realtime X,Universal Audio,Pitch,Pitch,Voice,Voice,,,Antares (Modeled by),"vocal pitch correction / processing
LATEST Iteration - Ultra-low latency (suitable for real-time tracking / live performances)",ULTRA Low-Latency Autotuner (Live/realtime),,Plugin,UAD-2,10.0.0,,,,,,,,,
Topline Vocal Suite,Universal Audio,"Pitch, Preamps, Harmonic Coloration, Dynamics, EQ, Delay, Modulation, Reverb & Room","Delay, Dynamics, EQ, Harmonic Coloration, Modulation, Pitch, Preamps, Reverb & Room",,,,,,"all-in-one vocal chain (pitch shift, solid state / tube preamps, tape saturation, dynamics, EQ, delay, reverb, modulation)",,,Plugin,UADx,1.0.6,,,,,,,,,
Precision Channel Strip,Universal Audio,"Preamps, Dynamics","Dynamics, Preamps",Channel Strip,Channel Strip,,,,Original UA 5-band parametric EQ w/ 3 operating modes and soft compression / hard limiting,,,Plugin,UAD-2,11.8.1,,,,,,,,,
RealVerb-Pro,Universal Audio,Reverb & Room,Reverb & Room,,,,,,,,superceded by DreamVerb,Plugin,UAD-2,11.8.1,,,,,,,,,
DreamVerb,Universal Audio,Reverb & Room,Reverb & Room,,,,,,stereo reverb w/ 5-band active EQ for reflections. 100+ presets,,,Plugin,UAD-2,11.8.1,,,,,,,,,
Precision Reflection Engine,Universal Audio,Reverb & Room,Reverb & Room,,,,,,small room ambience simulator (19 shapes),,,Plugin,UAD-2,11.8.1,,,,,,,,,
Pure Plate,Universal Audio,Reverb & Room,Reverb & Room,,,,,,Original UA Plate Reverb,,,Plugin,"UAD-2, UADx",11.8.1 (UAD-2) 1.4.16 (UADx),,,,,,,,,
Precision K-Stereo,Universal Audio,"Spatial Imaging, Time / Phase","Spatial Imaging, Time / Phase",Mastering,Mastering,,,Bob Katz,Psychoacoustic processor for stereo enhancement and phase-accurate ambiance recovery. ,,"Katz presets 
Mastering --> rock tight bass, rock tight drums, orchestra A and B, clear presence, Raise Mid instruments, warm ambience; 
MIX --> Big, Too Big, Big Steinway]",Plugin,UAD-2,11.8.1,,,,,,,,,
CurveEQ,Voxengo,EQ,EQ,Mastering,Mastering,,,Cubase,"Spline EQ. Shows filter response being designed using a spline (smooth curvy line), creating a visual representation of how the EQ alters the sound. Uses spectrum matching that allows the transfer of a spectral shape from one recording to another. ",,,Plugin,VST3,,,,,,,,,,
Silverado,Waves,Amp & Cab,Amp & Cab,Guitar,Guitar,Voltage Amps,,,,,"Era: ’60s to current day. Fat, punchy, and clear. A versatile amp that’s between mild and aggressive amps. • Clean ranges from pristine clean to mild crunch. • Drive is touch sensitive, with mild overdrive when played harder. • Lead is big, fuzzy, lost of low end. Classic ’70s hero guitar sound.",,,,,,,,,,,,
Blue Flame,Waves,Amp & Cab,Amp & Cab,Guitar,Guitar,Voltage Amps,,,,,"Era: ’80s to current day. Can range from pristine clean to mild crunch. • Clean channel ranges from fat/clean to pleasing overdrive. • Drive channel is tight, aggressive, but not so percussive. • Lead is horn-like, with a nice top end, lots of gain, with a singing lead tone.",,,,,,,,,,,,
Arena,Waves,Amp & Cab,Amp & Cab,Guitar,Guitar,Voltage Amps,,,,,"Era: Late ’70s to current day. Hot rodded British sound. • Clean channel has a mild crunch with a fair amount of gain. • Drive is articulate, thick with top-end bite. • Lead is open sounding with lots of gain.",,,,,,,,,,,,
Aggro,Waves,Amp & Cab,Amp & Cab,Guitar,Guitar,Voltage Amps,,,,,Era: Late ’90s to current day guitar tones. This is an aggressive amp for aggressive music. • Clean channel runs from very clean to mid-crunchy tones. • Drive responds very quickly and is very responsive. • Lead is smooth and less percussive.,,,,,,,,,,,,
Royal-X,Waves,Amp & Cab,Amp & Cab,Guitar,Guitar,Voltage Amps,,,,,"Era: Late ’90s to modern-day guitar sounds with sparkling tones and punch. • Clean channel is fat and chime-like. • Drive channel has added breakup-style gain. • Lead channel retains chime, while adding lots of gain.",,,,,,,,,,,,
Vintage Velvet,Waves,Amp & Cab,Amp & Cab,Bass,Bass,Voltage Amps,,,,,"fat, overdriven sound that ranges from Motown to Queen",,,,,,,,,,,,
4x12 Inferno,Waves,Amp & Cab,Amp & Cab,Guitar,Guitar,GTR Amp,,,4x12 CAB,,,,,,,,,,,,,,
GTR Amp Clean - Direct,Waves,Amp & Cab,Amp & Cab,Guitar,Guitar,GTR Amp,,,"full frequency, transparent tone",,,,,,,,,,,,,,
GTR Amp Clean - Punchy,Waves,Amp & Cab,Amp & Cab,Guitar,Guitar,GTR Amp,,,inspired by a 100W Marshall head,,,,,,,,,,,,,,
GTR Amp Clean - Warm,Waves,Amp & Cab,Amp & Cab,Guitar,Guitar,GTR Amp,,,inspired by a boutique amp from Paul Reed Smith's private collection,,,,,,,,,,,,,,
GTR Amp Drive - Scream,Waves,Amp & Cab,Amp & Cab,Guitar,Guitar,GTR Amp,,,inspired by a boutique amp from Paul Reed Smith's private collection,,,,,,,,,,,,,,
GTR Amp High Gain - Inferno,Waves,Amp & Cab,Amp & Cab,Guitar,Guitar,GTR Amp,,,Waves virtual model w/ super-high distortion and extremely fast cleanup,,,,,,,,,,,,,,
GTR Amp High Gain - Monster,Waves,Amp & Cab,Amp & Cab,Guitar,Guitar,GTR Amp,,,inspired by a 100W Marshall head,,,,,,,,,,,,,,
GTR Amp High Gain - Supernatural,Waves,Amp & Cab,Amp & Cab,Guitar,Guitar,GTR Amp,,,inspired by a boutique amp from Paul Reed Smith's private collection,,,,,,,,,,,,,,
"Acme 12"" custom",Waves,Amp & Cab,Amp & Cab,Guitar,Guitar,"GTR Amp, GTR Solo / Solo Rack",,,1x12 CAB (Custom cab designed by Ted Jensen of Sterling Sound),,,,,,,,,,,,,,
GTR Amp High Gain - Crunch,Waves,Amp & Cab,Amp & Cab,Guitar,Guitar,"GTR Amp, GTR Solo / Solo Rack",,Paul Reed Smith,inspired by a custom Garcia from Paul Reed Smith's private collection,,,,,,,,,,,,,,
GTR Amp High Gain - Scorch / PRS Scorch,Waves,Amp & Cab,Amp & Cab,Guitar,Guitar,"GTR Amp, GTR Solo / Solo Rack",,Paul Reed Smith,inspired by a boutique amp from Paul Reed Smith's private collection,,,,,,,,,,,,,,
Dark Mass,Waves,Amp & Cab,Amp & Cab,Bass,Bass,Voltage Amps,,,runs the gamut from ’80s to present day.,,,,,,,,,,,,,,
Gemstones,Waves,Container,Container,REMOVE,REMOVE,,,,cloud based effects (various),,,Plugin,AU,16.0.23,,,,,,,,,
GTR Amp,Waves,Container,Container,Guitar,Guitar,,,,,,,Plugin,AU,16.7.33,,,,,,,,,
GTR Amp2Cab,Waves,Container,Container,Guitar,Guitar,,,,Lets you use a real amp w/ the GTR amp cab models,,,Plugin,AU,16.7.33,,,,,,,,,
GTR Solo Tool Rack,Waves,Container,Container,Guitar,Guitar,,,,"Up to 4 Stomps, 1Amp and the Tuner at any given time",,,"Plugin, Standalone",AU,16.7.33,,,,,,,,,
GTR Stomp 2,Waves,Container,Container,Guitar,Guitar,,,,Virtual Pedalboard Plugin that can host up to 2 stomp effects,,,Plugin,AU,16.7.33,,,,,,,,,
GTR Stomp 4,Waves,Container,Container,Guitar,Guitar,,,,Virtual Pedalboard Plugin that can host up to 4 stomp effects,,,Plugin,AU,16.7.33,,,,,,,,,
GTR Stomp 6,Waves,Container,Container,Guitar,Guitar,,,,Virtual Pedalboard Plugin that can host up to 6 stomp effects,,,Plugin,AU,16.7.33,,,,,,,,,
GTR Tool Rack,Waves,Container,Container,Guitar,Guitar,,,,"Up to 6 Stomps, 2 Amps and the Tuner at any given time [ Uses any of the GTR amps, cabs, mics or stompbox ]",,,"Plugin, Standalone",AU,16.7.33,,,,,,,,,
MultiMod Rack,Waves,Container,Container,,,,,,"Intended to create an effects chain of existing distortion/modulation plugins. [ MDMX Fuxx, Overdrive, Screamer, Bezerk, et al. ]",,,Plugin,AU,16.7.33,,,,,,,,,
StudioVerse Audio Effects,Waves,Container,Container,,,,,,"a cloud-connected preset and processing chain platform that loads curated, multi-plugin signal chains for instruments, vocals, and mix buses inside Waves plugins.",,,Plugin,AU,16.0.30,,,,,,,,,
Voltage Amps Bass,Waves,Container,Container,Bass,Bass,,,,2 original modeled bass amps,,,Plugin,AU,16.7.33,,,,,,,,,
Voltage Amps Guitar,Waves,Container,Container,Guitar,Guitar,,,,5 original modeled guitar amps,,,Plugin,AU,16.7.33,,,,,,,,,
GTR Delay,Waves,Delay,Delay,"Guitar, Stomp","Guitar, Stomp","GTR Solo / Solo Rack, GTR Stomp",,,,,,,,,,,,,,,,,
CLA Unplugged,Waves,"Delay, Dynamics, EQ, Reverb & Room","Delay, Dynamics, EQ, Reverb & Room",Guitar,Guitar,,,Chris Lord-Alge,"acoustic instrument effects chain: (2-band EQ, compression, reverb, delay)",,,Plugin,AU,16.7.33,,,,,,,,,
Maserati ACG,Waves,"Delay, EQ, Harmonic Coloration","Delay, EQ, Harmonic Coloration",Guitar,Guitar,,,Tony Maserati,"Acoustic guitar chain. (presets, 2-band EQ, delay, harmonic distortion)",,,Plugin,AU,16.7.33,,,,,,,,,
H-Delay,Waves,"Delay, EQ, Modulation","Delay, EQ, Modulation",,,,,,"Hybrid Delay (slap-back, ping-pong, filtering, flanging, phasing etc.)",,,Plugin,AU,16.7.33,,,,,,,,,
SuperTap 2-Taps,Waves,"Delay, EQ, Modulation","Delay, EQ, Modulation",,,,,,"2-tap delay, chorus, flanger and EQ",,,Plugin,AU,16.7.33,,,,,,,,,
SuperTap 6-Taps,Waves,"Delay, EQ, Modulation","Delay, EQ, Modulation",,,,,,"6-tap delay, chorus, flanger and EQ",,,Plugin,AU,16.7.33,,,,,,,,,
InPhase,Waves,"Delay, EQ, Time / Phase","Delay, EQ, Time / Phase",,,,,,"phase correction, delay w/ EQ",Backup Phase correction to iZotope Neutron Phase,,Plugin,AU,16.7.33,,,,,,,,,
InPhase Live,Waves,"Delay, EQ, Time / Phase","Delay, EQ, Time / Phase","Live Sound, REMOVE","Live Sound, REMOVE",,,,"phase correction, delay w/ EQ",,,Plugin,AU,16.7.33,,,,,,,,,
CLA Effects,Waves,"Delay, Modulation, EQ, Pitch, Reverb & Room","Delay, EQ, Modulation, Pitch, Reverb & Room",,,,,Chris Lord-Alge,"short/long delay, HF shelf filter, reverb, pitch modulation",,,Plugin,AU,16.7.33,,,,,,,,,
MannyM Delay,Waves,"Delay, Modulation, Harmonic Coloration, Pitch, Reverb & Room","Delay, Harmonic Coloration, Modulation, Pitch, Reverb & Room",,,,,Manny Marroquin,"delay, phaser, reverb, distortion, harmonizer",,,Plugin,AU,16.7.33,,,,,,,,,
GTR Lay-D,Waves,"Delay, Pitch","Delay, Pitch","Guitar, Stomp, ","Guitar, Stomp",GTR Stomp,,,,,,,,,,,,,,,,,
CLA Epic,Waves,"Delay, Reverb & Room","Delay, Reverb & Room",,,,,Chris Lord-Alge,big 80s sound; 4 delays; 4 reverbs,,,Plugin,AU,16.7.33,,,,,,,,,
Eddie Kramer FX,Waves,"Delay, Reverb & Room","Delay, Reverb & Room",,,,,Eddie Kramer,"long / short delay, reverb",,,Plugin,AU,16.7.33,,,,,,,,,
CLA EchoSphere,Waves,"Delay, Reverb & Room, Modulation","Delay, Modulation, Reverb & Room",,,,,Chris Lord-Alge,"slap delay, plate reverb, modulation",,,Plugin,AU,16.7.33,,,,,,,,,
GW PianoCentric,Waves,"Delay, Spatial Imaging, Modulation","Delay, Modulation, Spatial Imaging",,,,,Greg Wells,"piano-focused effects chain (delay, doubler)",,,Plugin,AU,16.7.33,,,,,,,,,
GW VoiceCentric,Waves,"Delay, Spatial Imaging, Modulation, Reverb & Room","Delay, Modulation, Reverb & Room, Spatial Imaging",Voice,Voice,,,Greg Wells,"vocal-focused effects chain (delay, doubler, reverb)",,,Plugin,AU,16.7.33,,,,,,,,,
OneKnob Pressure,Waves,Dynamics,Dynamics,,,,,OneKnob,compressor,,Effective on percussion,Plugin,AU,16.7.33,,,,,,,,,
L2,Waves,Dynamics,Dynamics,Mastering,Mastering,,,,No sidechain,,"Supercedes L1
cleaner/smoother, 48-bit, more natural, professional quality mastering",Plugin,AU,16.7.33,,,,,,,,,
L2-SC,Waves,Dynamics,Dynamics,Mastering,Mastering,,,,Includes sidechain,,"Supercedes L1
cleaner/smoother, 48-bit, more natural, professional quality mastering",Plugin,AU,16.7.33,,,,,,,,,
GTR Gate / Comp,Waves,Dynamics,Dynamics,"Guitar, Stomp","Guitar, Stomp","GTR Solo / Solo Rack, GTR Stomp",,,,,,,,,,,,,,,,,
GTR Volume,Waves,Dynamics,Dynamics,"Guitar, Stomp","Guitar, Stomp","GTR Solo / Solo Rack, GTR Stomp",,,,,,,,,,,,,,,,,
GTR AxxPress,Waves,Dynamics,Dynamics,"Guitar, Stomp","Guitar, Stomp",GTR Stomp,,,,,,,,,,,,,,,,,
GTR Compressor,Waves,Dynamics,Dynamics,"Guitar, Stomp","Guitar, Stomp",GTR Stomp,,,,,,,,,,,,,,,,,
GTR Gate,Waves,Dynamics,Dynamics,"Guitar, Stomp","Guitar, Stomp",GTR Stomp,,,,,,,,,,,,,,,,,
GTR Panner,Waves,Dynamics,Dynamics,"Guitar, Stomp","Guitar, Stomp",GTR Stomp,,,,,,,,,,,,,,,,,
Bass Rider,Waves,Dynamics,Dynamics,Bass,Bass,,,,Automatic Leveler (not a compressor) designed for bass instruments,,,Plugin,AU,16.7.33,,,,,,,,,
Bass Rider Live,Waves,Dynamics,Dynamics,"Bass, Live Sound, REMOVE","Bass, Live Sound, REMOVE",,,,Automatic Leveler (not a compressor) designed for bass instruments; designed for Live performance,,,Plugin,AU,16.7.33,,,,,,,,,
C1 comp,Waves,Dynamics,Dynamics,,,,,,Wideband compander (compressor / expander) w/o SC. Tracking,,,Plugin,AU,16.7.33,,,,,,,,,
C1 comp-gate,Waves,Dynamics,Dynamics,,,,,,Wideband compressor / gate w/o SC. Track insert,,,Plugin,AU,16.7.33,,,,,,,,,
C1 comp-sc,Waves,Dynamics,Dynamics,Mastering,Mastering,,,,"Compressor w/ SC or split-band compression; (HF /LF limiter, de-esser, de-popper, SC drum gate, multi-frequency limiter / compressor / expander) Mastering / 2-Bus",,,Plugin,AU,16.7.33,,,,,,,,,
C1 gate,Waves,Dynamics,Dynamics,,,,,,Wideband gate / downward expander w/o SC. Tracking,,,Plugin,AU,16.7.33,,,,,,,,,
EMO-D5,Waves,Dynamics,Dynamics,,,,,,"Gate, Compressor, Leveler, DeEsser, Limiter",,,Plugin,AU,16.7.33,,,,,,,,,
H-Comp,Waves,Dynamics,Dynamics,,,,,,"Hybrid Compressor (mixed model of transformers, tubes and transistors)",,,Plugin,AU,16.7.33,,,,,,,,,
L1 Limiter,Waves,Dynamics,Dynamics,Deprecated,Deprecated,,,,Wideband Limiter,Deprecated by L2,,Plugin,AU,16.7.33,,,,,,,,,
L1+ Ultramaximizer,Waves,Dynamics,Dynamics,"Mastering, Deprecated","Deprecated, Mastering",,,,"Mastering toolkit w/ peal limiter, level maximizer, high-performance re-quantizer based on Michael Gerzon's IDR (Inreased Digital Resolution) noise-shaped re-dithering process. 24-bit",Deprecated by L2,,Plugin,AU,16.7.33,,,,,,,,,
L360,Waves,Dynamics,Dynamics,"Mastering, Surround, REMOVE","Mastering, REMOVE, Surround",,,,,,,Plugin,AU,16.7.33,,,,,,,,,
L4 Ultramaximizer,Waves,Dynamics,Dynamics,Mastering,Mastering,,,,,,,Plugin,AU,16.7.33,,,,,,,,,
Magma Stressbox,Waves,Dynamics,Dynamics,,,,,,,,,Plugin,AU,16.7.33,,,,,,,,,
MaxxVolume,Waves,Dynamics,Dynamics,,,,,,"Low level and high level compression, gate and leveler (AGC Auto Gain Control)",,,Plugin,AU,16.7.33,,,,,,,,,
MV2,Waves,Dynamics,Dynamics,,,,,,Low level and high level compression w/ automatic dither.,,,Plugin,AU,16.7.33,,,,,,,,,
MV360,Waves,Dynamics,Dynamics,"Surround, REMOVE","REMOVE, Surround",,,,,,,Plugin,AU,16.7.33,,,,,,,,,
NS1,Waves,Dynamics,Dynamics,,,,,,Noise Suppression / Reduction,,,Plugin,AU,16.7.33,,,,,,,,,
OneKnob Pumper,Waves,Dynamics,Dynamics,,,,,OneKnob,instant ducking effect (avoid sidechain compression),,,Plugin,AU,16.7.33,,,,,,,,,
PSE (Primary Source Expander) ,Waves,Dynamics,Dynamics,Live Sound,Live Sound,,,,reduces stage bleed and sensitivity to feedback when a mic is idle by automatically lowering mic levels between musrical phrases — designed for mixing shows and live recordings.,,,Plugin,AU,16.7.33,,,,,,,,,
RCompressor,Waves,Dynamics,Dynamics,,,,,,Warm compressor/expander,,,Plugin,AU,16.7.33,,,,,,,,,
Renaissance Axx,Waves,Dynamics,Dynamics,"Bass, Guitar","Bass, Guitar",,,,compressor intended for guitar and bass,,,Plugin,AU,16.7.33,,,,,,,,,
RVox,Waves,Dynamics,Dynamics,Voice,Voice,,,,compressor intended for vocals,,,Plugin,AU,16.7.33,,,,,,,,,
Spherix Compressor,Waves,Dynamics,Dynamics,"Surround, REMOVE","REMOVE, Surround",,,,,,,Plugin,AU,16.7.33,,,,,,,,,
Spherix Limiter,Waves,Dynamics,Dynamics,"Surround, REMOVE","REMOVE, Surround",,,,,,,Plugin,AU,16.7.33,,,,,,,,,
Vocal Rider,Waves,Dynamics,Dynamics,Voice,Voice,,,,"automated vocal level adustments, (not envelope compression)",,,Plugin,AU,16.7.33,,,,,,,,,
Vocal Rider Live,Waves,Dynamics,Dynamics,"Voice, Live Sound, REMOVE","Live Sound, REMOVE, Voice",,,,"automated vocal level adustments, (not envelope compression) for live performances",,,Plugin,AU,16.7.33,,,,,,,,,
TransX Wide,Waves,"Dynamics, EQ","Dynamics, EQ",,,,,,wideband transient shaper (single track/instrument),,LOW DSP,Plugin,AU,16.7.33,,,,,,,,,
L3-LL Ultra,Waves,"Dynamics, EQ","Dynamics, EQ",Mastering,Mastering,,,,5-band peak limiter for finalizing (i.e. after the master fader and not before other plugins). - level optimization is AUTOMATED,,LOW LATENCY Version of L3 (Real time / tracking),Plugin,AU,16.7.33,,,,,,,,,
L316,Waves,"Dynamics, EQ","Dynamics, EQ",Mastering,Mastering,,,,16-band auto-summing peak limiter for finalizing (i.e. after the master fader and not before other plugins). Provides full manual parametric control over per band Gain (corrective EQ),,Supercedes L3,Plugin,AU,16.7.33,,,,,,,,,
L3-LL Multi,Waves,"Dynamics, EQ","Dynamics, EQ",Mastering,Mastering,,,,16-band auto-summing peak limiter for finalizing (i.e. after the master fader and not before other plugins). Provides full manual parametric control over per band Gain (corrective EQ),,"Supercedes L3
LOW LATENCY Version of L3-16 (Real time / tracking)",Plugin,AU,16.7.33,,,,,,,,,
AudioTrack,Waves,"Dynamics, EQ","Dynamics, EQ",Channel Strip,Channel Strip,,,,"4-Band parameteric/paragraphic EQ, peak-reference compressor/gate/expander",,,Plugin,AU,16.7.33,,,,,,,,,
C4,Waves,"Dynamics, EQ","Dynamics, EQ",,,,,,4 band parametric processor,,,Plugin,AU,16.7.33,,,,,,,,,
C6,Waves,"Dynamics, EQ","Dynamics, EQ",,,,,,6-band paragraphic dynamics processor,,,Plugin,AU,16.7.33,,,,,,,,,
C6 SideChain,Waves,"Dynamics, EQ","Dynamics, EQ",,,,,,6-band paragraphic dynamics processor w/ independent SC per band,,,Plugin,AU,16.7.33,,,,,,,,,
Clarity Vx,Waves,"Dynamics, EQ","Dynamics, EQ","Restoration, Voice","Restoration, Voice",,,Clarity Vx,"AI Audio Repair (noise reduction, vocal repair)",,,Plugin,AU,16.7.33,,,,,,,,,
Clarity Vx Pro,Waves,"Dynamics, EQ","Dynamics, EQ","Restoration, Voice","Restoration, Voice",,,Clarity Vx,"AI Audio Repair (noise reduction, vocal repair) - pro version leads to greater control over parameters",,,Plugin,AU,16.7.33,,,,,,,,,
Eddie Kramer BA,Waves,"Dynamics, EQ","Dynamics, EQ",Bass,Bass,,,Eddie Kramer,"bass effects chain (2-band EQ, compression)",,,Plugin,AU,16.7.33,,,,,,,,,
Eddie Kramer DR,Waves,"Dynamics, EQ","Dynamics, EQ",Drums,Drums,,,Eddie Kramer,"drum effects chain (drum presets; 2-band EQ, compression / noise gate, FX send)",,,Plugin,AU,16.7.33,,,,,,,,,
IDX Intelligent Dynamics,Waves,"Dynamics, EQ","Dynamics, EQ",,,,,,frequency-dependent compressor,,,Plugin,AU,16.7.33,,,,,,,,,
IDX Live Intelligent Dynamics,Waves,"Dynamics, EQ","Dynamics, EQ","Live Sound, REMOVE","Live Sound, REMOVE",,,,frequency-dependent compressor,,,Plugin,AU,16.7.33,,,,,,,,,
L3 MultiMaximizer,Waves,"Dynamics, EQ","Dynamics, EQ","Mastering, Deprecated","Deprecated, Mastering",,,,5-band peak limiter for finalizing (i.e. after the master fader and not before other plugins). Provides full manual parametric control over per band Gain (corrective EQ),Deprecated by L3-LL,,Plugin,AU,16.7.33,,,,,,,,,
L3 UltraMaximizer,Waves,"Dynamics, EQ","Dynamics, EQ","Mastering, Deprecated","Deprecated, Mastering",,,,5-band peak limiter for finalizing (i.e. after the master fader and not before other plugins). - level optimization is AUTOMATED,Deprecated by L3-LL,,Plugin,AU,16.7.33,,,,,,,,,
LinMB,Waves,"Dynamics, EQ","Dynamics, EQ",,,,,,5-band Linear-Phase Compressor,,,Plugin,AU,16.7.33,,,,,,,,,
MannyM TripleD,Waves,"Dynamics, EQ","Dynamics, EQ",,,,,Manny Marroquin,"De-Esser, De-Harsher, De-Boxy",,,Plugin,AU,16.7.33,,,,,,,,,
Maserati DRM,Waves,"Dynamics, EQ","Dynamics, EQ",Drums,Drums,,,Tony Maserati,"drum chain. (presets, 2-band EQ, transient shaping)",,,Plugin,AU,16.7.33,,,,,,,,,
Maserati GRP,Waves,"Dynamics, EQ","Dynamics, EQ","Channel Strip, Guitar","Channel Strip, Guitar",,,Tony Maserati,"effects chain. (presets, 3-band EQ, compression)",,,Plugin,AU,16.7.33,,,,,,,,,
MaxxBass,Waves,"Dynamics, EQ","Dynamics, EQ",,,,,,psychoacoustic subharmonic enhancer,,,Plugin,AU,16.7.33,,,,,,,,,
OneKnob Louder,Waves,"Dynamics, EQ","Dynamics, EQ",,,,,OneKnob,peak limiting and low-level compression w/ automatic makeup,,,Plugin,AU,16.7.33,,,,,,,,,
OneKnob Phatter,Waves,"Dynamics, EQ","Dynamics, EQ",,,,,OneKnob,"bass booster, analog low shelf filter",,,Plugin,AU,16.7.33,,,,,,,,,
RDeEsser,Waves,"Dynamics, EQ","Dynamics, EQ",Voice,Voice,,,,De-esser,,,Plugin,AU,16.7.33,,,,,,,,,
Sibilance,Waves,"Dynamics, EQ","Dynamics, EQ",Voice,Voice,,,,De-esser,,,Plugin,AU,16.7.33,,,,,,,,,
Sibilance Live,Waves,"Dynamics, EQ","Dynamics, EQ","Live Sound, Voice, REMOVE","Live Sound, REMOVE, Voice",,,,De-esser for live performances,,,Plugin,AU,16.7.33,,,,,,,,,
Silk Vocal,Waves,"Dynamics, EQ","Dynamics, EQ",Voice,Voice,,,,"vocal processing (parametric and dynamic EQ, de-esser, compressor)",,,Plugin,AU,16.7.33,,,,,,,,,
Silk Vocal Live,Waves,"Dynamics, EQ","Dynamics, EQ","Live Sound, Voice","Live Sound, Voice",,,,"vocal processing (parametric and dynamic EQ, de-esser, compressor) for live performances",,,Plugin,AU,16.7.33,,,,,,,,,
Smack Attack,Waves,"Dynamics, EQ","Dynamics, EQ",,,,,,transient shaping,,,Plugin,AU,16.7.33,,,,,,,,,
TransX Multi,Waves,"Dynamics, EQ","Dynamics, EQ",,,,,,multi(4)band transient shaper w/ 3 phase-compensated crossovers. Can be used for entire groups/stems or single instruments.,,,Plugin,AU,16.7.33,,,,,,,,,
WNS,Waves,"Dynamics, EQ","Dynamics, EQ",,,,,,"reduce noise / clean dialog, narration, VO (Intended for Post Production)",,,Plugin,AU,16.7.33,,,,,,,,,
X-Click,Waves,"Dynamics, EQ","Dynamics, EQ",Restoration,Restoration,,,,"removes steady background noise (Static, hiss)",,,Plugin,AU,16.7.33,,,,,,,,,
X-Crackle,Waves,"Dynamics, EQ","Dynamics, EQ",Restoration,Restoration,,,,reduces vinyl crackle and static noise,,,Plugin,AU,16.7.33,,,,,,,,,
X-FDBK,Waves,"Dynamics, EQ","Dynamics, EQ",Restoration,Restoration,,,,,,,Plugin,AU,16.7.33,,,,,,,,,
X-Hum,Waves,"Dynamics, EQ","Dynamics, EQ",Restoration,Restoration,,,,"reduce ground loop hum, DC offset and low-frequency rumble",,,Plugin,AU,16.7.33,,,,,,,,,
X-Noise,Waves,"Dynamics, EQ","Dynamics, EQ",Restoration,Restoration,,,,"remove tape hiss, air conditioner, computer noise etc.",,,Plugin,AU,16.7.33,,,,,,,,,
Z-Noise,Waves,"Dynamics, EQ","Dynamics, EQ",,,,,,real-time noise profiling and correcton (multiband expansion),,,Plugin,AU,16.7.33,,,,,,,,,
Eddie Kramer GT,Waves,"Dynamics, EQ, Delay, Modulation, Reverb & Room","Delay, Dynamics, EQ, Modulation, Reverb & Room",Guitar,Guitar,,,Eddie Kramer,"guitar effects chain (3 channels; compression, 2-band EQ, delay, reverb, flanger, FX Send)",,,Plugin,AU,16.7.33,,,,,,,,,
Butch Vig Vocals,Waves,"Dynamics, EQ, Harmonic Coloration","Dynamics, EQ, Harmonic Coloration",Voice,Voice,,,Butch Vig," 3-band EQ, DeEsser, Compression (based on Summit TLA-100, UREI 1176) , Tube / Solid State distortion.",,,Plugin,AU,16.7.33,,,,,,,,,
Sync Vx,Waves,"Dynamics, EQ, Pitch, Time / Phase","Dynamics, EQ, Pitch, Time / Phase",REMOVE,REMOVE,,,,time / pitch correction w/ noise reduction,,[Redundant w/ Melodyne ],Plugin,AU,16.7.33,,,,,,,,,
GW MixCentric,Waves,"Dynamics, Harmonic Coloration","Dynamics, Harmonic Coloration",,,,,Greg Wells,2-bus compression + distortion; (NOTE: w/ a peak limiter this could be a mastering finalizer),,,Plugin,AU,16.7.33,,,,,,,,,
IM Pusher,Waves,"Dynamics, Harmonic Coloration","Dynamics, Harmonic Coloration",Mastering,Mastering,,,,limiter / loudness management w/ some harmonic excitement / enhancement,,,Plugin,AU,16.7.33,,,,,,,,,
GTR EQ,Waves,EQ,EQ,"Guitar, Stomp","Guitar, Stomp","GTR Solo / Solo Rack, GTR Stomp",,,,,,,,,,,,,,,,,
GTR Tone,Waves,EQ,EQ,"Guitar, Stomp","Guitar, Stomp",GTR Stomp,,,,,,,,,,,,,,,,,
Curves AQ,Waves,EQ,EQ,,,,,,,,,Plugin,AU,16.7.38,,,,,,,,,
Curves AQ Live,Waves,EQ,EQ,Live Sound,Live Sound,,,,,,,Plugin,AU,16.7.38,,,,,,,,,
Curves Resolve,Waves,EQ,EQ,,,,,,,,,Plugin,AU,16.7.76,,,,,,,,,
Curves Resolve Live,Waves,EQ,EQ,Live Sound,Live Sound,,,,,,,Plugin,AU,16.7.76,,,,,,,,,
EMO-F2,Waves,EQ,EQ,,,,,,HPF/LPF,,,Plugin,AU,16.7.33,,,,,,,,,
EMO-Q4,Waves,EQ,EQ,,,,,,4-band touch paragraphic EQ,,,Plugin,AU,16.7.33,,,,,,,,,
F6,Waves,EQ,EQ,,,,,,6 floating parametric filters with HPF/LPF; compression / gate / expansion per filter band,,,Plugin,AU,16.7.33,,,,,,,,,
GEQ Classic,Waves,EQ,EQ,,,,,,EQ w/ proportional Q filters (introduces harmonic artifacts),,,Plugin,AU,16.7.33,,,,,,,,,
GEQ Modern,Waves,EQ,EQ,,,,,,EQ w/ Flat-Top filtes (eliminates arfifacts associated w/ band interaction) clean/transparent,,,Plugin,AU,16.7.33,,,,,,,,,
H-EQ,Waves,EQ,EQ,,,,,,"Hybrid EQ w/ various filter types per band, Spectrum Analyzer",,,Plugin,AU,16.7.33,,,,,,,,,
H-EQ-Light,Waves,EQ,EQ,,,,,,"Hybrid EQ w/ various filter types per band, (no Analog or Spectrum Analyzer)",,,Plugin,AU,16.7.33,,,,,,,,,
LinEQ Broadband,Waves,EQ,EQ,,,,,,6-band Linear Phase EQ,,,Plugin,AU,16.7.33,,,,,,,,,
LinEQ Lowband,Waves,EQ,EQ,,,,,,3-Band Linear Phase EQ (Low frequencies),,,Plugin,AU,16.7.33,,,,,,,,,
LoAir,Waves,EQ,EQ,,,,,,subharmonic low-pass filter,,,Plugin,AU,16.7.33,,,,,,,,,
MannyM EQ,Waves,EQ,EQ,,,,,Manny Marroquin,4-Band EQ w/ cutoffs inspired by different hardware units,,,Plugin,AU,16.7.33,,,,,,,,,
OneKnob Brighter,Waves,EQ,EQ,,,,,OneKnob,adds brightness from mid-range and up.,,,Plugin,AU,16.7.33,,,,,,,,,
Q-Clone,Waves,EQ,EQ,,,,,,captures EQ curve of a single mono analog EQ and uses it to process 1or more tracks - CLONE (See Q-Capture),,,Plugin,AU,16.7.33,,,,,,,,,
Q1,Waves,EQ,EQ,,,,,,Single band paragraphic EQ,,,Plugin,AU,16.7.33,,,,,,,,,
Q10,Waves,EQ,EQ,,,,,Verve Analog Machines,10 band paragraphic EQ,,,Plugin,AU,16.7.33,,,,,,,,,
Q2,Waves,EQ,EQ,,,,,,Dual Band paragraphic EQ,,,Plugin,AU,16.7.33,,,,,,,,,
Q3,Waves,EQ,EQ,,,,,,3-band paragraphic EQ,,,Plugin,AU,16.7.33,,,,,,,,,
Q4,Waves,EQ,EQ,,,,,,4-band paragraphic EQ,,,Plugin,AU,16.7.33,,,,,,,,,
Q6,Waves,EQ,EQ,,,,,,6-band paragraphic EQ,,,Plugin,AU,16.7.33,,,,,,,,,
Q8,Waves,EQ,EQ,,,,,,8-band paragraphic EQ,,,Plugin,AU,16.7.33,,,,,,,,,
REQ 2,Waves,EQ,EQ,,,,,,2-band paragraphic EQ,,,Plugin,AU,16.7.33,,,,,,,,,
REQ 4,Waves,EQ,EQ,,,,,,4-band paragraphic EQ,,,Plugin,AU,16.7.33,,,,,,,,,
REQ 6,Waves,EQ,EQ,,,,,,6-band paragraphic EQ,,,Plugin,AU,16.7.33,,,,,,,,,
Curves Equator,Waves,"EQ, Dynamics","Dynamics, EQ",,,,,,Resonance suppression and frequency unmasking,,,Plugin,AU,16.7.38,,,,,,,,,
Curves Equator Live,Waves,"EQ, Dynamics","Dynamics, EQ",Live Sound,Live Sound,,,,Resonance suppression and frequency unmasking (for Live performances),,,Plugin,AU,16.7.38,,,,,,,,,
DeBreath,Waves,"EQ, Dynamics","Dynamics, EQ",Voice,Voice,,,,breath removal and replaced w/ room tone,,,Plugin,AU,16.7.33,,,,,,,,,
DeEsser,Waves,"EQ, Dynamics","Dynamics, EQ",Voice,Voice,,,,De-esser,,,Plugin,AU,16.7.33,,,,,,,,,
JJP Bass,Waves,"EQ, Dynamics","Dynamics, EQ",Bass,Bass,,,Jack Joseph Puig,"Bass presets, 2-band EQ, compression",,,Plugin,AU,16.7.33,,,,,,,,,
JJP Cymbals and Percussion,Waves,"EQ, Dynamics","Dynamics, EQ",Drums,Drums,,,Jack Joseph Puig,"Drum / Source presets, 2-band EQ, compression (Cymbals / Overhead)",,,Plugin,AU,16.7.33,,,,,,,,,
JJP Drums,Waves,"EQ, Dynamics","Dynamics, EQ",Drums,Drums,,,Jack Joseph Puig,"Drum / Source presets, 2-band EQ, compression (Kick, Snare, Toms)",,,Plugin,AU,16.7.33,,,,,,,,,
RBass,Waves,"EQ, Dynamics","Dynamics, EQ",,,,,,bass booster,,,Plugin,AU,16.7.33,,,,,,,,,
RChannel,Waves,"EQ, Dynamics","Dynamics, EQ",Channel Strip,Channel Strip,,,,"EQ, gate, compressor (based on RComp, REQ, RVox)",,,Plugin,AU,16.7.33,,,,,,,,,
Vitamin,Waves,"EQ, Dynamics","Dynamics, EQ",,,,,,multiband sonic enhancer and tone shaping,,,Plugin,AU,16.7.33,,,,,,,,,
Eddie Kramer VC,Waves,"EQ, Dynamics, Delay, Reverb & Room","Delay, Dynamics, EQ, Reverb & Room",Voice,Voice,,,Eddie Kramer,"vocal effects chain (vocal presets; 2-band EQ, compression, delay, reverb, FX send)",,,Plugin,AU,16.7.33,,,,,,,,,
Maserati VX1,Waves,"EQ, Dynamics, Delay, Reverb & Room","Delay, Dynamics, EQ, Reverb & Room",Voice,Voice,,,Tony Maserati,"vocal chain (presets, 2-Band EQ, compression, delay, reverb)",,,Plugin,AU,16.7.33,,,,,,,,,
MannyM ToneShaper,Waves,"EQ, Dynamics, Harmonic Coloration","Dynamics, EQ, Harmonic Coloration",,,,,Manny Marroquin,4-band compressor w/ additional EQ and harmonic distortion,,,Plugin,AU,16.7.33,,,,,,,,,
JJP Guitars,Waves,"EQ, Dynamics, Harmonic Coloration, Delay, Reverb & Room","Delay, Dynamics, EQ, Harmonic Coloration, Reverb & Room",Guitar,Guitar,,,Jack Joseph Puig,"4 guitar presets, 2-band EQ, compression, distortion, delay, reverb",,,Plugin,AU,16.7.33,,,,,,,,,
JJP Strings Keys,Waves,"EQ, Dynamics, Harmonic Coloration, Delay, Reverb & Room","Delay, Dynamics, EQ, Harmonic Coloration, Reverb & Room",,,,,Jack Joseph Puig,"Effects Chain for synth, low strings, high strings or piano; 2-band EQ, compression, distortion, delay, reverb",,,Plugin,AU,16.7.33,,,,,,,,,
CLA Bass,Waves,"EQ, Dynamics, Harmonic Coloration, Pitch","Dynamics, EQ, Harmonic Coloration, Pitch",Bass,Bass,,,Chris Lord-Alge,"bass instrument effects chain: (2-band EQ, compression, subharmonic enhancer, distortion, pitch modulation)",,,Plugin,AU,16.7.33,,,,,,,,,
Magma Channel Strip,Waves,"EQ, Dynamics, Harmonic Coloration, Preamps","Dynamics, EQ, Harmonic Coloration, Preamps",Channel Strip,Channel Strip,,,,"EQ, expander/gate, compressor, w/ tube saturation",,,Plugin,AU,16.7.33,,,,,,,,,
CLA Guitars,Waves,"EQ, Dynamics, Pitch, Modulation, Reverb & Room, Delay","Delay, Dynamics, EQ, Modulation, Pitch, Reverb & Room",Guitar,Guitar,,,Chris Lord-Alge,"guitar instrument effects chain: (guitar tone presets; 2-band EQ, compression, reverb, delay, pitch modulation)",,,Plugin,AU,16.7.33,,,,,,,,,
JJP Vocals,Waves,"EQ, Dynamics, Reverb & Room","Dynamics, EQ, Reverb & Room",Voice,Voice,,,Jack Joseph Puig,"3 vocals presets, 2-band EQ, de-esser, compressor, reverb",,,Plugin,AU,16.7.33,,,,,,,,,
CLA Drums,Waves,"EQ, Dynamics, Reverb & Room, Delay","Delay, Dynamics, EQ, Reverb & Room",Drums,Drums,,,Chris Lord-Alge,"drum instrument effects chain: (drum type presets; 2-band EQ, compression, reverb, noise gate, delay)",,,Plugin,AU,16.7.33,,,,,,,,,
CLA Vocals,Waves,"EQ, Dynamics, Reverb & Room, Modulation, Pitch, Delay","Delay, Dynamics, EQ, Modulation, Pitch, Reverb & Room",Voice,Voice,,,Chris Lord-Alge,"vocal effects chain: (2-band EQ, compression, reverb, delay, pitch modulation)",,,Plugin,AU,16.7.33,,,,,,,,,
Maserati B72,Waves,"EQ, Harmonic Coloration","EQ, Harmonic Coloration",Bass,Bass,,,Tony Maserati,"bass chain. (presets, 2-band EQ, harmonic distortion)",,,Plugin,AU,16.7.33,,,,,,,,,
Scheps 73,Waves,"EQ, Harmonic Coloration","EQ, Harmonic Coloration",Surround,Surround,,,Andrew Scheps,(1950s/1960s) 3-band EQ w/ harmonic distortion,,,Plugin,AU,16.7.33,,,,,,,,,
CLA MixDown,Waves,"EQ, Harmonic Coloration, Dynamics","Dynamics, EQ, Harmonic Coloration",Mastering,Mastering,,,Chris Lord-Alge,"2-band EQ; compression, distortion",,,Plugin,AU,16.7.33,,,,,,,,,
OneKnob Filter,Waves,"EQ, Modulation","EQ, Modulation",,,,,OneKnob,"creative effect for mixes, loops, analog synths. controls filter sweep",,,Plugin,AU,16.7.33,,,,,,,,,
MetaFilter,Waves,"EQ, Modulation, Delay","Delay, EQ, Modulation",,,,,,"Delay, LFO, Filter / Feedback",,,Plugin,AU,16.7.33,,,,,,,,,
Torque,Waves,"EQ, Pitch","EQ, Pitch",,,,,,Pitch shifting using ORS (Organic ReSynthesis),,,Plugin,AU,16.7.33,,,,,,,,,
Torque Live,Waves,"EQ, Pitch","EQ, Pitch","Live Sound, REMOVE","Live Sound, REMOVE",,,,Pitch shifting using ORS (Organic ReSynthesis),,,Plugin,AU,16.7.33,,,,,,,,,
CLA MixHub Lite,Waves,"EQ, Spatial Imaging, Dynamics","Dynamics, EQ, Spatial Imaging",,,,,Chris Lord-Alge," creates a mix group of up to 8 buckets of 8 tracks in a single plugin , w/ Gate/Expander, compression, pan/level, stereo linking",,LOW DSP,Plugin,AU,16.7.33,,,,,,,,,
CLA MixHub,Waves,"EQ, Spatial Imaging, Dynamics","Dynamics, EQ, Spatial Imaging",,,,,Chris Lord-Alge,"creates a mix group of up to 8 buckets of 8 tracks in a single plugin , w/ Gate/Expander, compression, pan/level, stereo linking",,,Plugin,AU,16.7.33,,,,,,,,,
MDMX OverDrive,Waves,Harmonic Coloration,Harmonic Coloration,"Guitar, Stomp","Guitar, Stomp",,,,Gain based overdrive / distortion; fixed ratio compression w/ gain riding; 4-band EQ,,[ Analogman King of Tone; Boss SD-1; Fulltone OCD; Klon Centaur; Marshall Bluesbreaker; MXR+ Distortion ],Plugin,AU,16.7.33,,,,,,,,,
Saphira,Waves,Harmonic Coloration,Harmonic Coloration,Mastering,Mastering,,,,,,"edge (even harmonics), warmth (odd harmonics); tape saturation.",Plugin,AU,16.7.33,,,,,,,,,
Abbey Road Vinyl Light,Waves,Harmonic Coloration,Harmonic Coloration,,,,,,vinyl saturation,,LOW DSP,Plugin,AU,16.7.33,,,,,,,,,
GTR Distortion,Waves,Harmonic Coloration,Harmonic Coloration,"Guitar, Stomp","Guitar, Stomp","GTR Solo / Solo Rack, GTR Stomp",,,,,,,,,,,,,,,,,
GTR Overdrive,Waves,Harmonic Coloration,Harmonic Coloration,"Guitar, Stomp","Guitar, Stomp","GTR Solo / Solo Rack, GTR Stomp",,,,,,,,,,,,,,,,,
GTR Buzz,Waves,Harmonic Coloration,Harmonic Coloration,"Guitar, Stomp","Guitar, Stomp",GTR Stomp,,,,,,,,,,,,,,,,,
GTR Fuzz,Waves,Harmonic Coloration,Harmonic Coloration,"Guitar, Stomp","Guitar, Stomp",GTR Stomp,,,,,,,,,,,,,,,,,
GTR Metal,Waves,Harmonic Coloration,Harmonic Coloration,"Guitar, Stomp","Guitar, Stomp",GTR Stomp,,,,,,,,,,,,,,,,,
Abbey Road Vinyl,Waves,Harmonic Coloration,Harmonic Coloration,,,,,,vinyl saturation,,,Plugin,AU,16.7.33,,,,,,,,,
Berzerk Distortion,Waves,Harmonic Coloration,Harmonic Coloration,,,,,,"Distortion w/ feedback, dynamics/rider, EQ",,,Plugin,AU,16.7.33,,,,,,,,,
GW ToneCentric,Waves,Harmonic Coloration,Harmonic Coloration,,,,,Greg Wells,analog tube warmth emulation,,,Plugin,AU,16.7.33,,,,,,,,,
Magma BB Tubes,Waves,Harmonic Coloration,Harmonic Coloration,,,,,,"Analog Tube Saturation, ""Beauty and the Beast""",,,Plugin,AU,16.7.33,,,,,,,,,
Magma Lil Tube,Waves,Harmonic Coloration,Harmonic Coloration,,,,,,"Analog Tube Saturation, (first preset on channel)",,,Plugin,AU,16.7.33,,,,,,,,,
MannyM Distortion,Waves,Harmonic Coloration,Harmonic Coloration,,,,,Manny Marroquin,layered distortion,,,Plugin,AU,16.7.33,,,,,,,,,
Maserati HMX,Waves,Harmonic Coloration,Harmonic Coloration,,,,,Tony Maserati,"keys and strings chain. (presets, harmonic generation )",,,Plugin,AU,16.7.33,,,,,,,,,
MDMX Fuzz,Waves,Harmonic Coloration,Harmonic Coloration,"Guitar, Stomp","Guitar, Stomp",,,,Analog octave distortion generation; fixed ratio compression w/ gain riding; 4-band EQ,,,Plugin,AU,16.7.33,,,,,,,,,
OneKnob Driver,Waves,Harmonic Coloration,Harmonic Coloration,,,,,OneKnob,analog overdrive / distortion,,,Plugin,AU,16.7.33,,,,,,,,,
Retro Fi,Waves,Harmonic Coloration,Harmonic Coloration,,,,,,"lofi, vinyl, cassette, warmth",,,Plugin,AU,16.7.33,,,,,,,,,
Submarine,Waves,Harmonic Coloration,Harmonic Coloration,,,,,,subharmonic enhancement using ORS (Organic ReSynthesis),,,Plugin,AU,16.7.33,,,,,,,,,
Maserati GTI,Waves,"Harmonic Coloration, Dynamics, Modulation, Delay","Delay, Dynamics, Harmonic Coloration, Modulation",Guitar,Guitar,,,Tony Maserati,"guitar chain. (presets, distortion, compression, chorus, delay, vibrato, flanger)",,,Plugin,AU,16.7.33,,,,,,,,,
Scheps Parallel Particles,Waves,"Harmonic Coloration, EQ, Dynamics","Dynamics, EQ, Harmonic Coloration",,,,,Andrew Scheps,"Unconventional, EQ, Dynamics and Distortion",,,Plugin,AU,16.7.33,,,,,,,,,
GTR Chorus,Waves,Modulation,Modulation,"Guitar, Stomp","Guitar, Stomp","GTR Solo / Solo Rack, GTR Stomp",,,,,,,,,,,,,,,,,
GTR Flanger,Waves,Modulation,Modulation,"Guitar, Stomp","Guitar, Stomp","GTR Solo / Solo Rack, GTR Stomp",,,,,,,,,,,,,,,,,
GTR Phaser,Waves,Modulation,Modulation,"Guitar, Stomp","Guitar, Stomp","GTR Solo / Solo Rack, GTR Stomp",,,,,,,,,,,,,,,,,
GTR Vibrolo,Waves,Modulation,Modulation,"Guitar, Stomp","Guitar, Stomp","GTR Solo / Solo Rack, GTR Stomp",,,,,,,,,,,,,,,,,
GTR WahWah,Waves,Modulation,Modulation,"Guitar, Stomp","Guitar, Stomp","GTR Solo / Solo Rack, GTR Stomp",,,,,,,,,,,,,,,,,
GTR Doubler,Waves,Modulation,Modulation,"Guitar, Stomp","Guitar, Stomp",GTR Stomp,,,,,,,,,,,,,,,,,
GTR Octaver,Waves,Modulation,Modulation,"Guitar, Stomp","Guitar, Stomp",GTR Stomp,,,,,,,,,,,,,,,,,
Doppler,Waves,Modulation,Modulation,,,,,,emulates Doppler effect,,,Plugin,AU,16.7.33,,,,,,,,,
PS22 XSplit,Waves,Modulation,Modulation,,,,,,,,,Plugin,AU,16.7.33,,,,,,,,,
S360 Imager,Waves,Modulation,Modulation,,,,,,,,,Plugin,AU,16.7.33,,,,,,,,,
S360 Panner,Waves,Modulation,Modulation,Surround,Surround,,,,,,,Plugin,AU,16.7.33,,,,,,,,,
MetaFlanger,Waves,"Modulation, Delay, EQ","Delay, EQ, Modulation",,,,,,"Flanger, Chorus, Delay, Filters w/ feedback",,,Plugin,AU,16.7.33,,,,,,,,,
Doubler 2,Waves,"Modulation, Delay, Harmonic Coloration, Pitch","Delay, Harmonic Coloration, Modulation, Pitch",,,,,,"2-voice harmony creation w/ spatial, delay, pitch and harmonic elements",,,Plugin,AU,16.7.33,,,,,,,,,
Doubler 4,Waves,"Modulation, Delay, Harmonic Coloration, Pitch","Delay, Harmonic Coloration, Modulation, Pitch",,,,,,"4-voice harmony creation w/ spatial, delay, pitch and harmonic elements",,,Plugin,AU,16.7.33,,,,,,,,,
Space Rider,Waves,"Modulation, Delay, Reverb & Room","Delay, Modulation, Reverb & Room",,,,,,,,,Plugin,AU,16.7.33,,,,,,,,,
Kaleidoscopes,Waves,"Modulation, EQ","EQ, Modulation",,,,,,"Dual modulation effects engines (parallel or sequence). Phase, amplitude modulations. HPF, LPF",,,Plugin,AU,16.7.33,,,,,,,,,
Enigma,Waves,"Modulation, EQ, Delay, Reverb & Room","Delay, EQ, Modulation, Reverb & Room",,,,,,"Notch ""enigma processor"" 2-12 notches/frequency sweeps; modulation; feedback w/ density (reverb) + delay",,,Plugin,AU,16.7.33,,,,,,,,,
Brauer Motion,Waves,"Modulation, Spatial Imaging","Modulation, Spatial Imaging",,,,,Michael Brauer,"auto-panner w modulation, dynamics, filters",Specialty Creative Tool; (Secondary Auto-Panner to SoundToys Pan Man),,Plugin,AU,16.7.33,,,,,,,,,
MondoMod,Waves,"Modulation, Spatial Imaging","Modulation, Spatial Imaging",,,,,,"AM (Amplitude Modulation / Tremolo), FM (Frequency Modulation / vibrato) and Rotation / Panning",,,Plugin,AU,16.7.33,,,,,,,,,
Tune LT,Waves,Pitch,Pitch,LOW DSP,LOW DSP,,,,Pitch shifting / correction,,LOW DSP,Plugin,AU,16.7.33,,,,,,,,,
Tune Real-Time,Waves,Pitch,Pitch,,,,,,Pitch shifting / correction (RealTime),,Not just for live performances,Plugin,AU,16.7.33,,,,,,,,,
GTR Pitcher,Waves,Pitch,Pitch,"Guitar, Stomp","Guitar, Stomp","GTR Solo / Solo Rack, GTR Stomp",,,,,,,,,,,,,,,,,
GTR Bass Pitcher,Waves,Pitch,Pitch,"Guitar, Stomp, ","Guitar, Stomp",GTR Stomp,,,,,,,,,,,,,,,,,
Harmony,Waves,Pitch,Pitch,Voice,Voice,,,,up to 8 channels of vocal harmonization,,,Plugin,AU,16.7.33,,,,,,,,,
Tune,Waves,Pitch,Pitch,Guitar,Guitar,,,,Pitch shifting / correction,,,Plugin,AU,16.7.33,,,,,,,,,
UltraPitch 3 Voices,Waves,Pitch,Pitch,,,,,,harmonization w/ 3 added voices,,,Plugin,AU,16.7.33,,,,,,,,,
UltraPitch 6 Voices,Waves,Pitch,Pitch,,,,,,harmonization w/ 6 added voices,,,Plugin,AU,16.7.33,,,,,,,,,
UltraPitch Shift,Waves,Pitch,Pitch,,,,,,Pitch shifting,,,Plugin,AU,16.7.33,,,,,,,,,
Vocal Bender,Waves,Pitch,Pitch,Voice,Voice,,,,Pitch shifting,,,Plugin,AU,16.7.33,,,,,,,,,
SoundShifter Pitch,Waves,"Pitch, Dynamics","Dynamics, Pitch",,,,,,compression/expansion and pitch shifting,,,Plugin,AU,16.7.33,,,,,,,,,
Morphoder,Waves,"Pitch, EQ","EQ, Pitch",,,,,,Vocoder designed to be used w/ any source. Uses EQ.,,,Plugin,AU,16.7.33,,,,,,,,,
OVox,Waves,"Pitch, Time / Phase, Spatial Imaging, EQ, Dynamics, Modulation","Dynamics, EQ, Modulation, Pitch, Spatial Imaging, Time / Phase",Voice,Voice,,,,"Vocoder w/ pitch correction, doubling,harmonization w/ EQ, Gate, Compression, Modulation",,,"Plugin, Standalone",AU,16.7.33,,,,,,,,,
Scheps Omni Channel 2,Waves,"Preamps, EQ, Dynamics","Dynamics, EQ, Preamps",Channel Strip,Channel Strip,,,Andrew Scheps,"EQ, compressor, gate, preamp distortion, de-esser, brickwall limiter",,,Plugin,AU,16.7.38,,,,,,,,,
IR-L,Waves,Reverb & Room,Reverb & Room,,,,,,Convolution Reverb Processor,,LOW DSP,Plugin,AU,16.7.33,,,,,,,,,
IR-L efficient,Waves,Reverb & Room,Reverb & Room,,,,,,"2 convolutions (left in to left out, right in to right out)",,LOW DSP,Plugin,AU,16.7.33,,,,,,,,,
IR-L full,Waves,Reverb & Room,Reverb & Room,,,,,,"4 convolutions (left input to stereo, right input to stereo)",,LOW DSP,Plugin,AU,16.7.33,,,,,,,,,
GTR Spring,Waves,Reverb & Room,Reverb & Room,"Guitar, Stomp","Guitar, Stomp","GTR Solo / Solo Rack, GTR Stomp",,,,,,,,,,,,,,,,,
GTR Reverb,Waves,Reverb & Room,Reverb & Room,"Guitar, Stomp","Guitar, Stomp",GTR Stomp,,,,,,,,,,,,,,,,,
Clarity Vx - DeReverb,Waves,Reverb & Room,Reverb & Room,"Restoration, Voice","Restoration, Voice",,,Clarity Vx,AI Audio Repair (reverb removal from voice),,,Plugin,AU,16.7.33,,,,,,,,,
Clarity Vx - DeReverb Pro,Waves,Reverb & Room,Reverb & Room,"Restoration, Voice","Restoration, Voice",,,Clarity Vx,AI Audio Repair (reverb removal from voice) - pro version leads to greater control over parameters,,,Plugin,AU,16.7.33,,,,,,,,,
IR1,Waves,Reverb & Room,Reverb & Room,,,,,,Convolution Reverb Processor,,,Plugin,AU,16.7.33,,,,,,,,,
IR1 efficient,Waves,Reverb & Room,Reverb & Room,,,,,,"2 convolutions (left in to left out, right in to right out)",,,Plugin,AU,16.7.33,,,,,,,,,
IR1 full,Waves,Reverb & Room,Reverb & Room,,,,,,"4 convolutions (left input to stereo, right input to stereo)",,,Plugin,AU,16.7.33,,,,,,,,,
IR360 discrete,Waves,Reverb & Room,Reverb & Room,Surround,Surround,,,,,,,Plugin,AU,16.7.33,,,,,,,,,
IR360 eff discrete,Waves,Reverb & Room,Reverb & Room,Surround,Surround,,,,,,,Plugin,AU,16.7.33,,,,,,,,,
IR360 eff s.field,Waves,Reverb & Room,Reverb & Room,Surround,Surround,,,,,,,Plugin,AU,16.7.33,,,,,,,,,
IR360 sound field,Waves,Reverb & Room,Reverb & Room,Surround,Surround,,,,,,,Plugin,AU,16.7.33,,,,,,,,,
IRLive,Waves,Reverb & Room,Reverb & Room,"Live Sound, REMOVE","Live Sound, REMOVE",,,,,,,Plugin,AU,16.7.33,,,,,,,,,
Magma Springs,Waves,Reverb & Room,Reverb & Room,,,,,,Spring reverb,,,Plugin,AU,16.7.33,,,,,,,,,
OneKnob Wetter,Waves,Reverb & Room,Reverb & Room,,,,,OneKnob,adds spatial ambience,,,Plugin,AU,16.7.33,,,,,,,,,
TrueVerb,Waves,Reverb & Room,Reverb & Room,,,,,,,,,Plugin,AU,16.7.33,,,,,,,,,
Lofi Space,Waves,"Reverb & Room, Delay","Delay, Reverb & Room",,,,,,LoFi reverb (Spring or plate) and delay,,,Plugin,AU,16.7.33,,,,,,,,,
RVerb,Waves,"Reverb & Room, Delay","Delay, Reverb & Room",,,,,,,,,Plugin,AU,16.7.33,,,,,,,,,
H-Reverb,Waves,"Reverb & Room, Dynamics, EQ, Modulation","Dynamics, EQ, Modulation, Reverb & Room",,,,,,"Hybrid FIR (Finite Infinite Response) Reverb - These are fixed response in comparison to IIR.(Infinite) Includes Compression, Ducking, DEEssing, Chorus and Flanging -- up to 6 seconds of reverb time",,,Plugin,AU,16.7.33,,,,,,,,,
H-Reverb long,Waves,"Reverb & Room, Dynamics, EQ, Modulation","Dynamics, EQ, Modulation, Reverb & Room",,,,,,"Hybrid FIR (Finite Infinite Response) Reverb - These are fixed response in comparison to IIR.(Infinite) Includes Compression, Ducking, DEEssing, Chorus and Flanging -- up to 12 seconds of reverb time",,,Plugin,AU,16.7.33,,,,,,,,,
MannyM Reverb,Waves,"Reverb & Room, EQ, Dynamics, Modulation, Harmonic Coloration","Dynamics, EQ, Harmonic Coloration, Modulation, Reverb & Room",,,,,Manny Marroquin,"18 of Manny's favorite reverbs w/ additional controls for EQ, compression, phasing and distortion",,,Plugin,AU,16.7.33,,,,,,,,,
PS22 Spread(10),Waves,Spatial Imaging,Spatial Imaging,LOW DSP,LOW DSP,,,,smoothes stereo imaging across stereo stage,,LOW DSP ,Plugin,AU,16.7.33,,,,,,,,,
PS22 Split,Waves,Spatial Imaging,Spatial Imaging,,,,,,splits sounds across stereo stage,,,Plugin,AU,16.7.33,,,,,,,,,
PS22 Spread,Waves,Spatial Imaging,Spatial Imaging,,,,,,smoothes stereo imaging across stereo stage,,,Plugin,AU,16.7.33,,,,,,,,,
S1 Imager,Waves,Spatial Imaging,Spatial Imaging,REMOVE,REMOVE,,,,"Stereo Imaging (width, rotation and asymmetry only)",Redundant from Steinberg Imager and Ozone Imager,,Plugin,AU,16.7.33,,,,,,,,,
S1 MS Matrix,Waves,Spatial Imaging,Spatial Imaging,,,,,,MS Converter. Converts L-R into MS or vice versa.,,,Plugin,AU,16.7.33,,,,,,,,,
S1 Shuffler,Waves,Spatial Imaging,Spatial Imaging,,,,,,"Full Stereo imaging plugin (Width, Rotation, Asymmetry, Shiffling, channel clips)",,,Plugin,AU,16.7.33,,,,,,,,,
InPhase LT,Waves,Time / Phase,Time / Phase,LOW DSP,LOW DSP,,,,phase correction,Backup Phase correction to iZotope Neutron Phase,,Plugin,AU,16.7.33,,,,,,,,,
InPhase LT Live,Waves,Time / Phase,Time / Phase,"Live Sound, LOW DSP, REMOVE","Live Sound, LOW DSP, REMOVE",,,,phase correction,,,Plugin,AU,16.7.33,,,,,,,,,