Model Name,Vendor,Type,Column 11,Link,Description,Founder,Year,Recording notes,Artists,Clone Notes
DG412,3rd Power,Amp & Cab,Amp & Cab,3rd Power DG412 Cab,Top 2 Drivers: Celestion G12-T75; Bottom 2 Drivers. Tone Speak Manchester 1290 ,,,,Joe Satriani,
Dragon,3rd Power,Amp & Cab,Amp & Cab,3rd Power Special Design Amps,,,,,Joe Satriani,
A/DA Flanger,A/DA (Analog Digital Associates) ,Modulation,Modulation,,"First A/DA product which became A/DA’s most successful pedal, shipping more than 50,000 units before it was discontinued in the early 80s.",Dave Tarnowski,,,Eddie Van Halen (Unchained) ,
A/DA STD-1 Stereo Tapped Delay,A/DA (Analog Digital Associates) ,Delay,Delay,,Analog Tapped Delay w/ LFO feedback modulation,,1980,,,
Abbey Road Studios 3,Abbey Road,Studio,Studio,,Studios for spatial reference (headphones) ,,,,,
Cats on Amps,AC Noises,"Harmonic Coloration, Stomp","Harmonic Coloration, Stomp",,"limited-edition, ""super gated and sputtering"" fuzz pedal designed for, and in collaboration with, the Cats on Amps Instagram account. Known for creating, ""noisy/destructive riffs and gnarly solos,"" this pedal features a large volume knob and very few controls, with only 15 units produced. It is designed for high-gain, harsh tone",,,,,
301,Acoustic (ACC - Acoustic Control Corporation) ,"Amp & Cab, Bass","Amp & Cab, Bass",,1x18 folded horn bass cabinet; 200/300W,,,"deep, powerful, resonant low end",,
360,Acoustic (ACC - Acoustic Control Corporation) ,Amp & Cab,Amp & Cab,"360 Bass Preamp
Acoustic Control Corporation","Legendary solid state bass amp to match volume of high-output guitar amps. 200W preamp/head w/ built-in fuzz. Often paired w/ the 361 cab w/ an 18"" speaker",Harvey Gerst; Russ Allee,late 1960s,,"Jaco Pastorius, John Paul Jones",
360 (1 x 18),Acoustic (ACC - Acoustic Control Corporation) ,Amp & Cab,Amp & Cab,,"(18"" speaker paired w/ Acoustic 360 Bass Amp) ",,,,,
R44C,AEA,Microphone,Microphone,,large ribbon; Replica of Classic RCA 44 Ribbon Mic,,,,,
R84,AEA,Microphone,Microphone,,ribbon,,,guitar,,
DB410,Aguilar,Amp & Cab,Amp & Cab,DB410,"410 Bass Cabinet. Default Driver: (Custom ""Ceramic Eminence Speakers"") ",,,,,
DB750,Aguilar,Amp & Cab,Amp & Cab,Model DB750 Tube Bass Head,"Hybrid amp nw/ discrete Mosfet output section and an all tube preamp (3 12AX7, 1 12AU7).  750W",,,,,
DB751,Aguilar,Amp & Cab,Amp & Cab,DB751 Bass Amp,975W evolution of DB750 w/ 3 band EQ. 3 x 12AX7 preamp,,,,,
Tone Hammer,Aguilar,Amp & Cab,Amp & Cab,"Tone Hammer 500 Bass Amp
Tone Hammer 700 Bass Amp","solid state preamp 3-band EQ, built in distortion. 500W + 700W versions",,,,,
62-9025A,Airline,Amp & Cab,Amp & Cab,,Vintage tube amps sold by Montgomery Ward. (Manufactured by Valco and Danelectro) Default Driver: Jensen C10R. ,,1960s,"rich, vintage tube tone. warm cleans + thick overdrive",,
460B (CK61-ULS capsule) ,AKG,Microphone,Microphone,,small condenser,,,"A precise, neutral recording mic",,
BX 20,AKG,Reverb,Reverb,,"Hybrid convolution reverb / advanced delay network w/ 2 mono reverb tanks (spring containers) (low freq / dark, high freq / bright) ",,,,,
C1000 S,AKG,Microphone,Microphone,C1000 S,small condenser,,,field recording,,
C12,AKG,Microphone,Microphone,,large diaphragm tube condenser; dual backplate design (great off-axis frequency response) has a classic 10kHz bump (what they are known for) The CK12 capsule is one of the most complex / intricate LD condensers made. ,,,"vocals, acoustic instruments (lush high-end, smooth mids); high end sheen  + sparkle. Lush / breathy vocals (w/o too much sibilance) [Vocals, piano, drum OH]
",,
C12A,AKG,Microphone,Microphone,,multi-pattern large tube condenser; Classic multipurpose studio mic; excellent close mic response and consistent low frequency response at further distances. Like C12 but w/ a 7586 nuvistor tube,,,"less sparkle, more warmth","Geddy Lee, David Bowie",
C12VR,AKG,Microphone,Microphone,C12VR,large tube; reboot of C12,,,,,
C3000,AKG,Microphone,Microphone,C3000,large condenser,,,,,
C4000B,AKG,Microphone,Microphone,,dual condenser; Solid state version of SolidTube,,,,,
C414 EB,AKG,Microphone,Microphone,,EB = Extended Bass; large condenser; Original brass-ringed capsule -- one of the greatest studio mics of all time. Uses sme CK12 capsule as C12. DEFAULT = Brass Capsule,,,"High-end sheen / sparkle of C12 w/ more low end . OH, snare, acoustic guitar",,
C414 EB (Nylon),AKG,Microphone,Microphone,,EB = Extended Bass; large condenser; Replaced brass CK12 w/ cheaper Nylon capsule,,,"less high end, more neutral",,
C414 XLS,AKG,Microphone,Microphone,C414 XLS,"large condenser; replaced CK12 w/ a cheaper nylon capsule. less high end, more neutral. modern variant that tries to recreate CK12 version w/ more modern nylon capsulte. First to use transformerless circuits (less distortion). Scooped midrange. ",,,"(vocals, strings, overheads, piano) ","Frank Sinatra, Bing Crosby, Elvis Presley, Chris Martin (Coldplay) ",
C414/ULS,AKG,Microphone,Microphone,,ULS = Ultra LInear Series; (aka B-ULS)  large condenser. US-based version of the Nylon capsuled version. ,,,"Sounds even more neutral [ ""great all-around when used as stereo pair for piano, drum OH, strings""]",,
C451B,AKG,Microphone,Microphone,C451B,"industry standard small diaphragm cardioid condenser mic with modular end  
- omni -> CK2 capsule
- cardioid -> CK1 capsule
- hyper-cardioid -> CK3
- figure-8 -> CK4",,,"Drum OH, piano, snare bottom. ] ""airy"" sound, high-end sparkle,. ndustry-standard choice for overheads, hi-hats, acoustic guitars, and percussion, providing a bright, clean, and detailed sound. ",,
C535 EB,AKG,Microphone,Microphone,C535 EB,studio quality cardioid reference electret condenser,,,,,
D112,AKG,Microphone,Microphone,D112,Cardioid Dynamic Microphone,,,"Classic kick drum and bass guitar mic. Austrian kick mic. Countless rock + metal records. Excellent low freq extension w/ good top end presence for the beater sibilance [kick, bass guitar amp]. Classic scooped out sound",,
D12,AKG,Microphone,Microphone,D12 Manual,dynamic cardioid,,1950s-70s,"Common kick drum mic (often combined w/ a 421) [ kick, bass guitar amp, vocals ]",,
D12E,AKG,Microphone,Microphone,D12E,dynamic cardioid,,1980s,Common kick drum mic. ,,
D790,AKG,Microphone,Microphone,,Affordable dynamic handheld vocal mic,,,vocals,,
P120,AKG,Microphone,Microphone,P120,P120 = Perception 120. large diaphragm true condenser microphone,,,,,
P220,AKG,Microphone,Microphone,P220,P220 = Perception 220. large diaphragm true condenser microphone,,,,,
Solidtube,AKG,Microphone,Microphone,AKG Solidtube,Valve Capacitor Microphone,,,,,
The Tube,AKG,Microphone,Microphone,The Tube,large diaphgram tube condensor mic,,,"Known for a dark, intimate sound. classic tube warmth w/ detailed, natural top end. (Vocals, instruments). Regarded for its smoooth, musical character",,
AM61,Alesis,Microphone,Microphone,AM61,Class-A cardioid fixed pattern tube condenser microphone with switchable pad and filter and Cinemag transformer output.,,,,,
Andromeda A6,Alesis,Synth / Samplers,Synth / Samplers,Andromeda A6,16 voice analog synth,,2000-01,,"Duran Duran, Depeche Mode, Nine Inch Nails, Yes, Pet Shop Boys",
M11 (21B Capsule) ,Altec,Microphone,Microphone,M11 w/ 21B Capsule,small omni tube condenser,,,,,
1566a preamplifier,Altec Lansing,Preamps & DI,Preamps & DI,1566A Preamplifier,Vintage tone / saturation of tube preamp (mic / line),,,"use (bass, drums) ",,
1567a preamplifier,Altec Lansing,"Preamps & DI, EQ","EQ, Preamps & DI",1567a preamplifier,Vintage tone / saturation of tube preamp (mic / line) w/ 2-Band tonal EQ,,,"use (bass, drums) ",,
B-15,Ampeg,Amp & Cab,Amp & Cab,"Ampeg - Discontinued
Ampeg Portaflex","25-30W, original prototype. Baxandall EQ, 3 x6SL7 octal preamp tubes, 1 x 5AR4 rectifier, 2 x 6L6GC power amp. Default Driver: Jensen P15N",Jess Oliver,1964-66,"Warm, round, compressed. Motown / early studio bass tone",,
B-15 (Heritage) ,Ampeg,Amp & Cab,Amp & Cab,"Ampeg - Discontinued
Ampeg Portaflex","25-30W, The Heritage version was a re-release in the 2000s w/ 12AX7. (Still a 1x15 combo) Default Driver: OEM Eminence Speaker (Tuned similar to P15N)",,,,,
B-15N,Ampeg,Amp & Cab,Amp & Cab,"Ampeg - Discontinued
Ampeg Portaflex","Definitive, famous B-15. 30W 6L6 power tubes. (Multiple, more sophisticated circuit revisions).  Default Driver: Jensen P15N",,mid-60s to early 70s,"Thick low mids. Smooth Compression. Bass doesn't fight guitars in the mix. Studio gold standard. James Jameson (Motown), Donald Dunn, Darryl Jones, Justin Meldal-Johnsen, Alex Al, Owen Biddle",,
B-15NF,Ampeg,Amp & Cab,Amp & Cab,"Ampeg - Discontinued
Ampeg Portaflex","(NF = No Flange). 25-30W, original prototype.  Baxandall EQ, 3 x6SL7 octal preamp tubes, 1 x 5AR4 rectifier, 2 x 6L6GC power amp. Default Driver: Jensen P15N",Jess Oliver,1966,"Warm, round, compressed. Motown / early studio bass tone. Slightly tighter, more controlled low end. ",,
B-15R,Ampeg,Amp & Cab,Amp & Cab,"Ampeg - Discontinued
Ampeg Portaflex",Modern reinterpretation of the Portaflex form factor. 100W Tube amp,,1990,"Cleaner, louder, less vintage sag. More usable ""live' and less of a ""motown pillow"" ",,
B-18N,Ampeg,Amp & Cab,Amp & Cab,"Ampeg - Discontinued
Ampeg Portaflex","Larger rarer sibling to the Portaflex. 50W tube (more headroom) 1x18 speaker, bigger cab. If B-15N was the studio version, the B18N was the live version ",,,"Deeper low end, less compression, more punch and projection. Slightly rougher, more aggressive. Louder ensembles, early rock, blues, small stages.  A ""B-15N that needs to be heard"" ",,
BA500,Ampeg,Amp & Cab,Amp & Cab,BA500,500W; 9-band GEQ; 2x10 Default Driver: Custom OEM,,2005-06,"rock, funk, jazz. Clear punchy bass tone. ",,
BT-15,Ampeg,Amp & Cab,Amp & Cab,BT-15,50W Solid State Bass Amp w/ a 1x15 speaker. (Flip top Portaflex) Default Driver: Jensen P15N,,1967-69,,,
BXT410HL,Ampeg,Amp & Cab,Amp & Cab,BXT410HL,4x10; 1200/600W Default Driver: Custom Eminence LF Speakers,,,,Victor Wooten; Steve Bailey,
G-12 Gemini I ,Ampeg,Amp & Cab,Amp & Cab,,22W 1x12,,1960s,,,
G-12 Gemini I (1x12),Ampeg,Amp & Cab,Amp & Cab,,,,1960s,,,
G-15 Gemini II,Ampeg,Amp & Cab,Amp & Cab,Ampeg Gemini II (G-15),"30W 2ch vintage tube combo amp. 1x 15 (Default: Jensen C15N). 3 x 12AX7, 1 x 7199 (phase inverter), 1 x 6CG7, and 2 x 7591",,1965-68,"primarily for jazz and accordion, but worked well w/ rock and blues. Gritty overdrive. ""hi-fi"" sounding w/ full bodied cleans that remained clean up to high volumes. Thick, complex distortion when driven. ",,
Liquifier Analog Chorus,Ampeg,"Modulation, Stomp","Modulation, Stomp",Liquifier Analog Chorus,,,,,,
Opto Comp,Ampeg,"Dynamics, Stomp","Dynamics, Stomp",Opto Comp,,,,,,
PB-212H,Ampeg,"Amp & Cab, Bass","Amp & Cab, Bass",,"2x12 ""Portabass"" ; 400W Default: 12"" Neodymium custom speakers (designed by Eminence)",,,,,
PR-410HLF,Ampeg,Amp & Cab,Amp & Cab,PR-410HLF,,,,,,
Scrambler,Ampeg,"Harmonic Coloration, Stomp","Harmonic Coloration, Stomp",Scrambler Bass Overdrive,,,,,,
SVT,Ampeg,Amp & Cab,Amp & Cab,"Ampeg - Discontinued
Ampeg - Classic Series","The first SVT models. ""Blue Line"" 300W. 2 x 12AX7A, 2 x 12BH7A, 3 12DW7, 1 x 6C4WA, 6 x 6550. ""Undisputed King of all-tube bass keads"" ",,1967-72,"Raw, more aggressive than later versions. More grind and punch (less EQ). Rough, mid-forward, snarls when pushed. Loud, rude, legendary",,
SVT-2 ,Ampeg,Amp & Cab,Amp & Cab,Ampeg - Discontinued,"(aka SVT II) 300W, 4 x 12AX7, 2 x 12AU7, 6 x 6550. Closer circuit to vintage SVTs",,late 80s / early 90s,"raw, open, old-school field. ",,
SVT-2Pro,Ampeg,Amp & Cab,Amp & Cab,Ampeg - Discontinued,"(aka SVT II Pro) 300W, 2 x 12AX7, 3 x 12AU7, 6 x 6550. (updated EQ, DI from non-pro version)",,mid-90's,"controlled, flexible. ",,
SVT-3Pro,Ampeg,Amp & Cab,Amp & Cab,Ampeg SVT-3Pro,"450W, 3 x 12AX7, 1 x 12AU7, MOSFET Power amp",,,,,
SVT-400T,Ampeg,Amp & Cab,Amp & Cab,Ampeg - Discontinued,400W Solid State. GEQ for cleaner preamp voicing. Much less compression / sag than tube SVTs. ,,1990s,"90s rock, metal, slap. Tight, fast, modern low end. Loud, punchy, controlled. Muscle > Tube Magic. ",,
SVT-4Pro,Ampeg,Amp & Cab,Amp & Cab,Ampeg SVT-4Pro,"1200W, 3 x 12AX7, tube driven MOSFET power amp, compression",,,,,
SVT-CL,Ampeg,Amp & Cab,Amp & Cab,Ampeg - Classic Series,"""SVT Classic"" 300W, 3 x 12AX7, 2 x 12AU7, 6 x 6550",,,"smoother, more controlled, more polished than early SVTs",,
SVT-VR,Ampeg,Amp & Cab,Amp & Cab,"Ampeg SVT-VR
Ampeg - Discontinued Products","VR= Vintage Reissue (of the original Blue Line SVT) 300W, 4 x 12AX7, 4 x 12AU7, 6 x 6550. ",,,"smoother, more controlled, more polished than early SVTs",,
SVT210AV,Ampeg,Amp & Cab,Amp & Cab,SVT210AV,2x10 bass cab. 600W; Default Driver: Custom Eminence LF Speakers,,,"Ideal match for Ampeg V-4B, Classic, SVT-Pro or Portaflex",,
SVT210E,Ampeg,Amp & Cab,Amp & Cab,SVT210E,2x10 bass cab. 200W; Default Driver: Custom Eminence LF Speakers,,,,,
SVT212AV,Ampeg,Amp & Cab,Amp & Cab,SVT212AV,2x12 bass cab. 600W; Default Driver: Custom Eminence LF Speakers,,,"Ideal match for Ampeg V-4B, Classic, SVT-Pro or Portaflex",,
SVT410HLF,Ampeg,Amp & Cab,Amp & Cab,SVT-410HLF,4x10 Closed back; 1000/500W; Default Driver: Custom OEM,,,,,
SVT610HLF,Ampeg,Amp & Cab,Amp & Cab,SVT-610HLF,,,,,,
SVT810AV,Ampeg,Amp & Cab,Amp & Cab,SVT-810AV,(Anniversary reissue of the E) 8x10 bass cab. 800/400W; Default Driver: Custom OEM Eminence Speakers,,,"vintage punch, faster response, classic SVT bark",,
SVT810E,Ampeg,Amp & Cab,Amp & Cab,SVT-810E Infinite Baffle,Goto cab for most bass players; 8x10 bass cab. 800/400W; Default Driver: Custom OEM Eminence Speakers,,1969,"punchy, round; modern, bigger bottom, cleaner headroom. (modern bass, drop tunings, cleaner lows) ",,
V-4B,Ampeg,Amp & Cab,Amp & Cab,Ampeg - Classic Series,"Lightweight ""sibling"" of SVT. 100W. 3 x 12AX7, 1 x 12AU7, 4 x 6L6GC",,,,,
350,Ampex,Tape Machine,Tape Machine,Ampex 350,"1/4"" reel to reel tape saturation with delay. ",,,Eddie Kramer used it in the 50's / 60's as a mastering finalizer to record the output of the Helios Type 69 console w/ PYE compressor,,
440B,Ampex,Tape Machine,Tape Machine,Ampex AG440B,"1/4"", 2 track mastering analog tape emulation. Transistor electronics, w/ transformer balanced circuitry",,1960s,"rock, jazz, blues. Warm, thicvk low-end, slow midrange. Soulful",,
ATR-102,Ampex,Tape Machine,Tape Machine,Ampex ATR-100,stereo tape recorder w/ isolation transformer emulation and tape delay,,1976,"polished, warm detailed; last insert on channel (possibly before a brickwall limiter) ",,
DFC,AMS (Neve) ,Console,Console,,DFC (Digital Film Console) Used for over 70% of Hollywood blockblusters / Major film. ,,,"This is going to be used in a lot of movies, so it might be a nice channel strip for orchestras and ""movie"" pads. ",,
DMX 15-80S,AMS (Neve) ,"Delay, Pitch Tools","Delay, Pitch Tools",AMS DMX 15-80 S,"microprocessor-controlled 15-bit digital delay and pitch shifter, 80s space and depth",,1978,,,
RMX16,AMS (Neve) ,Reverb,Reverb,AMS RMX 16,"first microprocessor controlled, full b/w digital reverb.",,1980s,,,
King of Tone,Analogman,"Harmonic Coloration, Stomp","Harmonic Coloration, Stomp",King of Tone,(highly modified dual-sided version of the original Marshall Bluesbreaker pedal designed for more versalitity and higher gain) ,,,"(Compared to Marshall Bluesbreaker -- more bottom end, warmer / less compressed tones) ",,
Prince of Tone,Analogman,"Harmonic Coloration, Stomp","Harmonic Coloration, Stomp",Prince of Tone,,,,,,
402 Aural Exciter,Aphex,Harmonic Coloration,Harmonic Coloration,402,,Curt Knoppel,1975,"increase, excite and enhance presence, brightness and detail on vocal tracks and masters",,
212L Mic Pre,API,Preamps & DI,Preamps & DI,212L Mic Pre,212L preamp w/ 2520 op-amp. (From API 2488 Vision Console) ,,,,,
2500 Stereo Bus Compressor,API,Dynamics,Dynamics,2500 Stereo Bus Compressor,"(Paul Wolff-era API design) 2-bus compressor w/ 2 modes (old/feedback smoother, colored compression API 525 style; new/feedfoward, transparent VCA like compression) , Thrust circuitry, 2510, 2520 op amps changes responsiveness of compressor",Paul Wolff,,,,
5500 Dual Equalizer,API,EQ,EQ,5500 Dual Equalizer,"based off the original 550 console equalizer with true hardwire bypass, extended range control, and balanced XLR input/output",,,,,
550A Discrete 3 Band EQ,API,EQ,EQ,550A Discrete 3 Band EQ,API Vision console EQ; 3-band overlapping parametric EQ w/ BPF. 5 fixed cutoff points ber band,,1960s,,,
550B 4 Band EQ,API,EQ,EQ,API 550b 4 Band EQ,API Vision console EQ; 4-band overlapping parametric EQ w/ BPF. 7 fixed cutoff points ber band,,1960s,,,
560 10-Band Graphic EQ,API,EQ,EQ,API 560,API Vision Consoloe; 10-band graphic EQ (1 octave increments) w/ onboard preamp. tames the sides for broad retro-tonal sculpting. subtract unnecessary freq' in instrument / subgroups ,,1967,,,
Vision Console,API,Console,Console,Vision Console Control Strip,"modern analog console [  API 212L preamp w/ 2520 op-amp; 215L sweepable high/low cut filters; 225L compressor/limiter --  2 modes (old/feedback smoother, colored compression API 525 style; new/feedfoward, transparent VCA like compression); 235L gate/expander; 550L 4-band EQ (Step up from 550A) (Pre/Post dynamics) w/ sidechain]",,2003,,,
SMM-1 Metal Master,Arion,"Harmonic Coloration, Stomp","Harmonic Coloration, Stomp",,"vintage 1980s Japanese-made distortion pedal designed for heavy metal, ",,,"known for its aggressive, high-gain, and ""chainsaw"" tone, often considered a cult alternative to the Boss HM-2. It features Level, High, Low, and Distortion controls, delivering a versatile, thick, and biting distortion",,
SCH-Z Stereo Chorus (modded) ,Arion ,"Modulation, Stomp","Modulation, Stomp",,"affordable, Japanese-made stereo chorus pedal. Highly skilled engineers at E.W.S (Engineering Work Store), of Prosound Communications Inc. Japan, have crafted special modifications to meet the pro musicians' most severe demands.
Here are the features and a few comments from endorsers regarding the modifications to the Arion Chorus:
ARION SCH-Z [CHORUS/VIBE] Mod by EWS features
* Installation of 3PDT Switch which makes the pedal True Bypass
* Modified tone adjustment for much smoother sound while retaining the original tone
* Vivid and readable blue LED
* Chorus and Vibe mode switchable : Note OUT2(STEREO) is no longer available due to this MOD.",,,"known for its lush, ""wet"" modulation and a unique ability to simulate a rotary speaker effect. It is the modern successor to the legendary Arion SCH-1, (Michael Landau's favorite chorus) ",,
2600,ARP Instruments,Synth / Samplers,Synth / Samplers,"ARP 2600
Arp Synth Products","Semi-modular analog monophonic subtractive synth. Most famous version of ARP (Pearlman was from Newton Highlands, MA) ",Alan R. Pearlman,1971-72,,"Joe Zawinul, Genesis, Herbie Hancock",
Axxe,ARP Instruments,Synth / Samplers,Synth / Samplers,ARP Axxe,1 one oscillator version of the Odyssey,,1975,,"Herbie Hancock, Howard Leese (Heart)",
Odyssey,ARP Instruments,Synth / Samplers,Synth / Samplers,"ARP Odyssey (Korg) 
ARP Odyssey",Analog subtractive synth w/ 2 oscillators,,1972 - 81,,,
MiniBrute,Arturia,Synth / Samplers,Synth / Samplers,MiniBrute,,,,,,
MiniFreak,Arturia,Synth / Samplers,Synth / Samplers,MiniFreak,,,,,,
CLX-52 Compressor/Limiter,Ashby,"Dynamics, Stomp","Dynamics, Stomp",CLX-52 Compressor/Limiter,,,,,Billy Sheehan,
AT2020,Audio Technica,Microphone,Microphone,AT2020,Medium Cardioid Condenser Microphone; entry level,,, neutral tone,,
AT3525,Audio Technica,Microphone,Microphone,AT3525,Large Cardioid Condenser Microphone,,,,,
AT4033a/Sm,Audio Technica,Microphone,Microphone,AT 4033a/Sm,Large Cardioid Condenser Microphone,,,,,
AT4047/SV,Audio Technica,Microphone,Microphone,AT4047/SV,Large Cardioid Condenser Microphone,,,Recreates sound of vintage F.E.T. Condenser Mics,,
AT4050,Audio Technica,Microphone,Microphone,AT4050,Large Multi-Pattern Condenser Microphone,,,,,
AT4051,Audio Technica,Microphone,Microphone,AT4051b,Small Cardioid Condenser Microphone,,,,,
AT4055,Audio Technica,Microphone,Microphone,AT4055,Large Handheld Cardioid Condenser Microphone,,,,,
AT4060,Audio Technica,Microphone,Microphone,AT4060,Large Cardioid Condenser Tube Mic,,,,,
AT813a,Audio Technica,Microphone,Microphone,AT813a,Cardioid Small Condenser Handheld Microphone,,,,,
AT853Rx,Audio Technica,Microphone,Microphone,AT853Rx,Miniature Cardioid Condenser Hanging Microphone with in-line power module (phantom only),,,,,
ATM11,Audio Technica,Microphone,Microphone,,Back-electret cardioid condenser instrument microphone,,80s/early 90s,,,
ATM25,Audio Technica,Microphone,Microphone,ATM25,High intensity Hypercardioid Dynamic Instrument Microphone,,,,,
ATM31,Audio Technica,Microphone,Microphone,ATM31,vocal small condenser microphone with a fixed-charge electret capsule,,,vocal,,
CX111,Audix,Microphone,Microphone,CX111,one of Audix’ first large-diaphragm condenser mics,,1998,,,
D1 ,Audix,Microphone,Microphone,D1 ,hypercardioid small dynamic microphone intended for instrument use,,,,,
D4,Audix,Microphone,Microphone,D4,professional dynamic instrument mic,,,,,
D6,Audix,Microphone,Microphone,D6,professional cardioid dynamic instrument mic,,,"American kick drum mic. Deep bass, contoured sound [ kick, bass amp]",,
OM2,Audix,Microphone,Microphone,OM2,all-purpose professional dynamic vocal mic,,,vocal,,
OM3xb,Audix,Microphone,Microphone,OM3xb,dynamic hypercardioid,,,,,
OM5,Audix,Microphone,Microphone,OM5,"concert level, professional dynamic vocal mic",,,"vocals; live sound, broadcast, studio",,
OM6,Audix,Microphone,Microphone,OM6,"concert level, professional dynamic vocal mic",,,"vocals; live sound, broadcast, studio",,
SCX1,Audix,Microphone,Microphone,SCX1,professional studio quality cardioid small condenser mic,,,,,
VT 737sp Channel Strip,Avalon Design,Channel Strip,Channel Strip,Avalon Design VT 737sp Channel Strip,"best-selling channel strip ever made [ transformer coupled, dual tube feedback styled mic preamp; tube opto-compressor; high-voltage class A 4-Band parametric EQ (Active and Passive)] ",,1985,"[pop, hip-hop, R&B]",,
Tube Driver,B.K. Butler,"Harmonic Coloration, Stomp","Harmonic Coloration, Stomp",B.K. Butler Tube Driver,"(Same as Chandler Tube Driver, but no longer marketed as Chandler) a legendary, high-voltage overdrive pedal featuring a 12AX7 vacuum tube ",Brent Butler,1978-,"warm, compressed, and rich tones","Eric Johnson, David GIlmour, Billy Gibbons, Joe Satriani",
Solid Body Harpsichord,Baldwin ,Keyboard,Keyboard,,"Developed by Cannon Guild, marketed by Baldwin",,1960s,60s/70s pop,"""Odd Couple"" theme, Beatles(Because), Monkees, Partridge Family",
G-Screamer OG-1,BBE,"Harmonic Coloration, Stomp","Harmonic Coloration, Stomp",,Gus G's signature overdrive. ,,,ideal for rock / metal,Gus G (Firewind) ,
Mind Bender,BBE,"Modulation, Stomp","Modulation, Stomp",,"dual-mode analog chorus/vibrato pedal using BBD (Bucket Brigade Delay) technology to produce lush, vintage-style modulation. Designed with guitarist Will Ray, it emulates the Boss VB-2 and Way Huge Blue Hippo",,,,,
Opto Stomp,BBE,"Dynamics, Stomp","Dynamics, Stomp",,"ruggedly built, ""soft-knee"" optical compressor pedal designed for guitar and bass,",,,"providing transparent, vintage-style compression with simple volume and threshold controls. It is valued for maintaining low/high-frequency integrity and offering a smooth, natural feel, though some versions are reported to have potential, minor audible artifact",,
Soul-Vibe SV-74,BBE,"Modulation, Stomp","Modulation, Stomp",,Uni-Vibe-style rotary speaker simulator pedal f,,,,,
Ultravoice XM8500,Behringer,Microphone,Microphone,Ultravoice XM8500,Small Dynamic Cardioid Vocal Microphone,,,vocal,,
Cartographer,Ben Adrian,Amp & Cab,Amp & Cab,Ben Adrian Cartographer,"A 1977 Traynor YBA-1 modded by Ben Adrian. (This is modeled by Ben Adrian, not his pedal company Benadrian Pedals) ",Ben Adrian,2013,,,
Cartographer Cabinet,Ben Adrian,Amp & Cab,Amp & Cab,Ben Adrian Cartographer,4x12 cabinet modified by Lee Jackson for Ben Adrian. Comes w/ Celestion C90 or Eminence Governor Speakers. ,Lee Jackson,,,,
KWB (Kowloon Walled Bunny) ,Benadrian,"Harmonic Coloration, Stomp","Harmonic Coloration, Stomp",KWB (Kowloon Walled Bunny) ,,Ben Adrian,2007,,,
NV412,Bergantino,Amp & Cab,Amp & Cab,,4x12 bass cabinet; preferred by many bass players over the industry standard Ampeg SVT810E ,,,"more focused sound , but a bit thinner than the Ampeg SVT810E; often easier to work with in a mix.",,
M160,Beyerdynamic,Microphone,Microphone,M 160,Dynamic double-ribbon microphone (hypercardioid),,,"(compact) drums, guitars, strings. hyper-cardioid provides excellent off-axis rejection [ guitar amp, drum OH, kick ] Commonly used in England for ""big silky tone"" fo rloud guitar amps. Captures less high end. ",Drums on Led Zeppelin (When the Levee Breaks) ,
M500,Beyerdynamic,Microphone,Microphone,,"ribbon; (Referred to as ""Dynamic Ribbon"", but all Ribbons are Dynamic) ",,,,,
M500 Limited Edition Classic (Silver),Beyerdynamic,Microphone,Microphone,,"ribbon; (Referred to as ""Dynamic Ribbon"", but all Ribbons are Dynamic) ",,,,,
M88,Beyerdynamic,Microphone,Microphone,M 88,Dynamic moving-coil microphone (hypercardioid),,,"""all-purpose"". Smooth, even sound. Low-mid richness + high freqeuncy clarity [vocals bass guitar amp, toms ]",Phil Collins,
M88TG,Beyerdynamic,Microphone,Microphone,M 88 TG,Dynamic Microphone (Hypercardioid),,,,,
MC834,Beyerdynamic,Microphone,Microphone,,large condenser,,,"Vocals, piano, strings, brass, voice-overs",,
Echorec 2 T7E,Binson,Delay,Delay,Binson Echorec,"legendary Italian magnetic drum delay unit. Unlike tape delays, it uses a rotating magnetic drum,",,1950s-70s,"renowned for its warm, rhythmic echoes.  Drum providing a unique, lo-fi, and swirling sound","Pink Floyd (David Gilmour), Beatles",
Artisan,Blackstar,Amp & Cab,Amp & Cab,Blackstar Artisan,4x12 Cab w/ Celestion Vintage 30s. [ 412A = Angled / 412B = Straight],,,,,
Blackbird 50,Blackstar,Amp & Cab,Amp & Cab,,"Custom designed 12""/50W speaker used in their HT series. NOTE: not an official designation. ",,,(Compared to Celestion G12-100AVT or Vintage 30s),,
Blackfire 200,Blackstar,Amp & Cab,Amp & Cab,"Blackfire 200
Blackfire 200 Manual","200W head. KT88 (4), ECC83 (4), ECC82 (1)",,,,Gus G,
Dept 10 Amped 3,Blackstar,"Amp & Cab, Harmonic Coloration, Reverb, Preamps & DI","Amp & Cab, Harmonic Coloration, Preamps & DI, Reverb",Dept 10. Amped 3,100W pedal-based multi-channel amp. ,,,,,
HT METAL 5,Blackstar,Amp & Cab,Amp & Cab,HT METAL 5,"5-watt, all-tube guitar amplifier designed for studio recording and home practice, featuring ECC83 and 12BH7 tubes, 2 channels (Clean/Overdrive), and the Infinite Shape Feature (ISF) control for British to American tones. NOTE: Combo version - Blackbird 50. Has a switch that enables a 4x12 emulation output. ",,,,,
Series One 412,Blackstar,Amp & Cab,Amp & Cab,Blackstar Series One Cabinets,4x12 Cab w/ Celestion Vintage 30s. [ 412A = Angled / 412B = Straight],,,,,
St. James,Blackstar,Amp & Cab,Amp & Cab,Blackstar St. James,100W Valve Amp. [Comes w/ EL34(2) and 6L6(2). It can be toggled into 50W mode w/ one or the other or combined for full 100W],,,,,
Blueberry,Blue,Microphone,Microphone,Blueberry,"large-diaphragm, side-address cardioid condenser microphone with a transformer-coupled output. It was Blue’s first solid-state microphone.",,,,,
Bluebird,Blue,Microphone,Microphone,Bluebird,Studio cardioid large Condenser Recording Microphone,,,,,
Mouse,Blue,Microphone,Microphone,Mouse,large cardioid condenser,,,,,
The Bottle (B6 Capsule) ,Blue,Microphone,Microphone,The Bottle (B6 Capsule) ,"interchangeable capsules. (Listed as ""Vacuum Tube"" Condenser). Detachable capsule large tube consdenser mic",,,,,
212C,Bogner,Amp & Cab,Amp & Cab,212C,120W 2x12 Default Drivers: Celestion Vintage 30,,,,,
Cube Cab (2x12) M75 Scumback,Bogner,Amp & Cab,Amp & Cab,Scumback M Series Speaker,Scumback M75 65 Watt Speakers,,,,,
Ecstasy 101B,Bogner,Amp & Cab,Amp & Cab,Bogner Amps,"flagship 100W head. EL34 tubes. 3 ch (Clean, Blue, Red) ",,,"The Blue channel is known for lower-to-mid gain, ""woody"" overdrive, while the Red channel offers thick, high-gain distortion suitable for modern rock and metal. staple for professional guitarists needing to cover a vast spectrum of gain with a single, reliable amplifier, particularly in studio environments; Joe Satriani",,
Ecstasy 3534,Bogner,Amp & Cab,Amp & Cab,Bogner Amps,"35W version of 101B. EL34 tubes. 3 ch (Clean, Blue, Red) ",,,"The Blue channel is known for lower-to-mid gain, ""woody"" overdrive, while the Red channel offers thick, high-gain distortion suitable for modern rock and metal. staple for professional guitarists needing to cover a vast spectrum of gain with a single, reliable amplifier, particularly in studio environments",,
Goldfinger 45,Bogner,Amp & Cab,Amp & Cab,,45W,,,,,
Shiva,Bogner,Amp & Cab,Amp & Cab,,80W 2 Ch. 4 x12AX7 (Preamp) 2 x EL34 (Power) w/ Celestion Classic Lead 80 1x12 speaker,,,,,
Uberkab,Bogner,Amp & Cab,Amp & Cab,,"4x12"" straight, closed-back speaker cabinet designed for high-gain,, notably the Uberschall and Twin Jet heads. It features a 210-watt RMS power handling, 16-ohm impedance, and a unique ""X-pattern"" load of two Celestion Vintage 30s and two Celestion G12T-75s (by default) NOTE: If Speakers aren't specified in the effect, then this is the default setup. ",,,,,
Uberschall,Bogner,Amp & Cab,Amp & Cab,Bogner Amps,"(100-150W) 2ch (clean/crunch and ultra hihg-gain)  high-gain amp w/ 6 x 12AX7 preamp tubes. 150W uses 4 x KT88 tubes, others use 4 x EL34s.  ",,,designed for heavy metal,,
214C Vienna Concert,Bosendorfer,Keyboard,Keyboard,,"7' concert grand piano. (Due to compact size, it's more its the choice of many recording studios, music chambers and smaller venues) ",,,"Balanced, rich sound. Similar to larger 280VC, but more refined and better balanced. Equally ""at home"" in classical and contemporary genres",,
280 Vienna Concert,Bosendorfer,Keyboard,Keyboard,,9' concert grand piano also known as the COncert Grand 280VC,,1828,"Can convey darker moods while conserving the warm musicality associated w/ Viennese music. ""Viennese sound"" . Broad toal spectrum, easier playability and wide dynamics w/o neglecting hte richness of partial notes. ","Vienna Philharmonic Orchestra, Vladimir Horowitz",
AC3 Acoustic Simulator,BOSS (Roland) ,"Amp & Cab, Stomp","Amp & Cab, Stomp",AC-3 Acoustic Simulator,,,,,,
AW2 Auto Wah,BOSS (Roland) ,"Modulation, Stomp","Modulation, Stomp",,,,,,,
BD2 Blues Driver,BOSS (Roland) ,Harmonic Coloration,Harmonic Coloration,BD-2 Blues Driver,,,,,,
CE-1 Chorus Ensemble,BOSS (Roland) ,"Modulation, Stomp","Modulation, Stomp",CE-1,"A model of a classic bucked-brigade analog Chorus/Vibrato unit. It provides both analog Chorus and analog Vibrato effects, ",,1976,"when in Chorus mode the modulation will be lush and slow, when in Vibrato effect the modulation will be faster and more noticeable. ",,
CE-2 Chorus Ensemble,BOSS (Roland) ,"Modulation, Stomp","Modulation, Stomp",CE-2W,"(CE-2 is the model, I'm just providing the docs for the CE-2W which is a modern reissue)",,,,,
CS-1 Compression Sustainer,BOSS (Roland) ,"Dynamics, Stomp","Dynamics, Stomp",,"vintage, Japanese-made optical compressor ",,1978-82,"musical / transparent. known for its heavy, ""squashy"" compression and bright, punchy tone. Warm, subtle compression with soft attack and minimal squash; feels more like gentle leveling than an effect",,
CS-3 Compression Sustainer,BOSS (Roland) ,"Dynamics, Stomp","Dynamics, Stomp",CS-3 Compression Sustainer,,,1986,"obvious/control-heavy.Cleaner, brighter, and more aggressive compression with noticeable squash and higher noise potential.",,
DD3 Digital Delay,BOSS (Roland) ,"Delay, Stomp","Delay, Stomp",DD3 Digital Delay,,,,,Slash,
DD7 Digital Delay,BOSS (Roland) ,"Delay, Stomp","Delay, Stomp",DD7 Digital Delay,,,,,,
DF-2 Super Feedbacker & Distortion,BOSS (Roland) ,"Harmonic Coloration, Stomp","Harmonic Coloration, Stomp",,"unique vintage pedal combining a Boss DS-1-style distortion with an active, footswitch-activated, artificial harmonic feedbacker",,1984-94,,,
DM-2,BOSS (Roland) ,"Delay, Stomp","Delay, Stomp",DM-2 Delay,BBD (Bucket Brigade Device) ,,1981-84,,,
DM-3,BOSS (Roland) ,"Delay, Stomp","Delay, Stomp",,BBD (Bucket Brigade Device) ,,1984-86,,,
DS-1 Distortion,BOSS (Roland) ,"Harmonic Coloration, Stomp","Harmonic Coloration, Stomp",DS-1 Distortion,,,,,Joe Satriani (played the early 1980's Japanese Version),
DS-2 Turbo Distortion,BOSS (Roland) ,"Harmonic Coloration, Stomp","Harmonic Coloration, Stomp",DS-2 Turbo Distortion,"Turbo I offers versatile saturation with enhanced low end and midrange
Turbo II delivers harmonically rich distortion with a pronounced mid boost",,,,,
FRV-1 Fender Reverb,BOSS (Roland) ,"Reverb, Stomp","Reverb, Stomp",FRV-1 Fender Reverb,Emulates sound of 1963 Fender Spring Reverb (Boss 6G15 Reverb Unit) ,,,,,
FZ-2 Hyper Fuzz,BOSS (Roland) ,"Harmonic Coloration, Stomp","Harmonic Coloration, Stomp",,,,1993-97,"thick, doom-metal tones and versatility. two distinct, heavy fuzz modes (mid-boosted and mid-scooped) based on the Univox Super Fuzz circuit",,
FZ-5 Fuzz,BOSS (Roland) ,"Harmonic Coloration, Stomp","Harmonic Coloration, Stomp",FZ-5 Fuzz,"Mode F (Fuzz Face): Models a Germanium-transistor Fuzz Face, known for a full, warm low end that cleans up well with the guitar's volume knob.
Mode M (Maestro Fuzz Tone): Models an early 1960s Maestro FZ-1A, known for a cutting midrange and raw, aggressive tone.
Mode O (Octavia): Models an Octavia-style circuit, which produces high-octave overtones, similar to vintage Hendrix-style tones. ",,,,,
GE-7 Equalizer,BOSS (Roland) ,"EQ, Stomp","EQ, Stomp",GE-7 Equalizer,,,,,,
HM-2 Heavy Metal,BOSS (Roland) ,"Harmonic Coloration, Stomp","Harmonic Coloration, Stomp",,,,1983-91,"famous for its extreme ""chainsaw"" tone, especially in Swedish death metal",,
HM-3 Hyper Metal,BOSS (Roland) ,"Harmonic Coloration, Stomp","Harmonic Coloration, Stomp",,,,1983-91,"famous for its extreme ""chainsaw"" tone, especially in Swedish death metal",,
MT-2 Metal Zone,BOSS (Roland) ,"Harmonic Coloration, Stomp","Harmonic Coloration, Stomp",MT-2 Metal Zone,,,,,,
NS-2 Noise Suppressor,BOSS (Roland) ,"Dynamics, Stomp","Dynamics, Stomp",NS-2 Noise Suppressor,,,,,,
OC-2 Octave,BOSS (Roland) ,"Pitch Tools, Stomp","Pitch Tools, Stomp",OC-2 Octave,,,,,,
OD-1 Overdrive,BOSS (Roland) ,"Harmonic Coloration, Stomp","Harmonic Coloration, Stomp",,"legendary, pioneering overdrive pedal released in 1977 as the first in Boss's compact series, featuring asymmetrical clipping for a distinct, gritty, mid-range focused tone",,1977-85,,Joe Satriani (played the early 1980's Japanese Version),
OD-3 OverDrive,BOSS (Roland) ,"Harmonic Coloration, Stomp","Harmonic Coloration, Stomp",OD-3 OverDrive,,,,,,
PH-2 Super Phaser,BOSS (Roland) ,"Modulation, Stomp","Modulation, Stomp",,"12-stage analog phaser pedal known for its intense, deep, and ""vintage-voiced"" modulation, often utilizing specialized, sought-after IC chips. It features Rate, Depth, and Resonance controls with two distinct modes (Mode I: 10-stage, Mode II: 12-stage) for versatile, swirling effects that can go from subtle to very deep",,1984-2001,,,
PN-2 Tremolo/Pan,BOSS (Roland) ,"Modulation, Spatial Processing, Stomp","Modulation, Spatial Processing, Stomp",,"rare, sought-after vintage guitar pedal from the early 1990s, known for its unique stereo tremolo and panning effects with triangle and square wave options, offering a desirable sound for '90s shoegaze and other styles",,1990-95,,,
PQ-4 Parametric Equalizer,BOSS (Roland) ,"EQ, Stomp","EQ, Stomp",,"4-band pedal designed for precise tone shaping, featuring Low, High, Middle, and Presence controls",,1991-96,,,
RV-3 Digital Reverb/Delay,BOSS (Roland) ,"Delay, Reverb, Stomp","Delay, Reverb, Stomp",RV-3 Digital Reverb/Delay,,,,,,
SD-1 Super OverDrive,BOSS (Roland) ,"Harmonic Coloration, Stomp","Harmonic Coloration, Stomp",SD-1 Super OverDrive,,,,,Gus G,
SL-20 Slicer,BOSS (Roland) ,"Modulation, Stomp","Modulation, Stomp",SL-20 Slicer,"Instantly transform a guitar, bass, keyboard, or vocal into a pulsating groove instrument. Choose from 50 onboard Slice patterns or experiment with the SL-20’s innovative Harmonic Slicer feature, which generates percussive melodies, Loop Record, and unique 3D Panning.",,,,,
TW-1 Touch Wah,BOSS (Roland) ,"Modulation, Stomp","Modulation, Stomp",,(also known as the T-Wah or T-Wah Tigua) is a vintage 1980s Japanese-made analog envelope filter/auto-wah pedal,,,,,
VB-2 Vibrato,BOSS (Roland) ,"Pitch Tools, Stomp","Pitch Tools, Stomp",,"Offers three modes: LATCH (on/off with a press), UNLATCH (effect only active while pressed), and BYPASS (signal completely removed from the effect circuitry).",,1982-86,,,
Valvet,Brauner,Microphone,Microphone,Brauner Valvet,tube condenser,,,Precise and natural sounding studio mic; guitar,,
VM1,Brauner,Microphone,Microphone,Brauner VM1,tube,,,,,
Red Special,Brian May,Harmonic Coloration,Harmonic Coloration,,Modeled after Brian May Red Special Guitar (built by him and his dad) ,Brian May,,,,
Type 4007,Bruel & Kjaer,Microphone,Microphone,"Type 4007
Type 4007 / DPA","(Referred to as Prepolarized rather than ""Electret"") omnidirectional small electret condenser. ",,,,,
DPR-402,BSS Audio,Dynamics,Dynamics,DPR-402,"2-channel compressor/limiter, HF and wide band de-esser w/ peak limiting, adjustable speed, dynamics program manipulation",,1980s,"punchy explosive signature sound for drum machines in 80s. [Dance pop, electronic, hip-hop]",,
Music Easel,Buchla,Synth / Samplers,Synth / Samplers,Music Easel,"First semi-modular synth. Wavefolding, ""West Coast synth"" ",Don Buchla,1972,,,
2x12 Open Back,Budda,Amp & Cab,Amp & Cab,2x12 Open Back,"2x12 150W cab Custom ""Budda Phat"" 1x12",,,,,
Superdrive 30 Series II,Budda,Amp & Cab,Amp & Cab,Superdrive 30 Series II,"Dual Class 2x12 Combao Amp. 12AX7 (3); 5u4 rectifier (1); EL84 (2) 3-band EQ; Default Driver: Custom ""Budda Phat"" 1x12",,,,,
C400S,CAD,Microphone,Microphone,C400S,large cardioid condenser mic w/ a transformer-based circuit,,,,,
D90,CAD,Microphone,Microphone,D90,supercardioid dynamic handheld mic,,,vocals; instruments,,
E100,CAD,Microphone,Microphone,Equitek E100,"multi-purpose studio condenser microphone, with an electret capsule. Equitek (op-amp transformerless amp circuit) ",,,neutral sound profile,,
E200,CAD,Microphone,Microphone,Equitek E200,"large dual diaphragm multi-pattern condenser microphone designed for broadcast and recording applications, Equitek (op-amp transformerless amp circuit) ",,,,,
E350,CAD,Microphone,Microphone,Equitek E350,"revised version of the E-300 multipattern condenser. Both mics offered three polar patterns, a large-diaphragm capsule. Equitek (op-amp transformerless amp circuit) ",,,,,
VSM1,CAD,Microphone,Microphone,VSM1,"""Single Valve Condenser"" ;  fixed-cardioid condenser microphone with a large-diameter capsule and a hybrid tube/solid-state amplifier circuit described at the time as “servo-valve technology.",,,,,
CM5511,Capitol Studios,Dynamics,Dynamics,,"""Capitol Mastering Compressor"" Legendary handbuilt tube mastering compressor. Inspired by Fairchild 670 and Gates Sta-Level tube limiters",,,,"Capitol, Motown, Geffen, Blue NOte. Black Sabbath, Demi Lovato",
Capitol Chambers,Capitol Tower (Los Angeles) ,Studio,Studio,Capitol Studios,,"Les Paul, Bill Putnam",1940s/50s,,,
Meteore Lo-Fi Reverb,Caroline,"Reverb, Stomp","Reverb, Stomp",Meteore Lo-Fi Reverb,,,,,,
G12-60,Carvin,Amp & Cab,Amp & Cab,,"12"", 100W 16 ohm. Comonly used in 412VT cab or 112V/E Cabs. ",,,"High power handling. Clean, tight tone",,
Legacy VL100,Carvin,Amp & Cab,Amp & Cab,Carvin Legacy VL,"Designed for Steve Vai; 100W, 2ch. 4 x EL34, 4 x 12AX7. ",Steve Vai,,"creamy overdrive, pristine cleans. ",Steve Vai,
Legacy VLD1,Carvin,"Preamps & DI, Stomp, Harmonic Coloration, EQ","EQ, Harmonic Coloration, Preamps & DI, Stomp",Legacy VLD1,"2 x 12AX7 preamp tubes. Legacy (Over)drive tube pedal. 3 modes: Clean Legacy (Green), Lead Legacy (Red), High Gain Legacy (Yellow) ",Steve Vai,,,Steve Vai,
BR12 British Series 12,Carvin,Amp & Cab,Amp & Cab,,"12"" Carvin speakers",,,,,
212V,Carvin,Amp & Cab,Amp & Cab,Carvin Manuals,2x12 extension cabinet; Carvin BR12 Speakers,,,,,
V3M,Carvin,Amp & Cab,Amp & Cab,Carvin Manuals,"50W 3 ch (clean, soak1, soak2),  4 x EL34, 4 x 12AX7. EQ",,,pristine cleans to heavy high-gain distortion w/ significant tonal shaping,,
CZ-1000,Casio,Synth / Samplers,Synth / Samplers,Casio CZ Synthesizers,Casio Phase Distortion synths. Bright digital tones.,,1980s,,,
CZ-101,Casio,Synth / Samplers,Synth / Samplers,Casio CZ Synthesizers,Casio Phase Distortion synths. Bright digital tones.,,1980s,,,
Tribute,Catalinbread,"Harmonic Coloration, Stomp, EQ","EQ, Harmonic Coloration, Stomp",Catalinbread Tribute,Overdrive w/ PEQ,,,,,
100,Celestion,Amp & Cab,Amp & Cab,100,"G12 T652 B025 ""World's first purpose built guitar speaker""",,,,,
A-Type,Celestion,Amp & Cab,Amp & Cab,A-Type,12-inch 50W guitar speaker (12-50),,,,,
Blue,Celestion,Amp & Cab,Amp & Cab,G12 Blue,"12-inch, Alnico 15W speaker. Modern Blue Bulldogs. ",,,"Brighter and with more chime, clarity, and jangle than vintage blue.",Brian May,
Blue Bulldog,Celestion,Amp & Cab,Amp & Cab,Blue Bulldog,"12""; 15W. CT3757, G12 Alnico Blue T530.  First dedicated guitar speaker used in Marshall and Vox amps. ",,1950s,Classic speaker with more high end and chime.,,
C90,Celestion,Amp & Cab,Amp & Cab,Celestion Custom 90,12-inch speakers made specifically for Mesa/Boogie amplifiers. ,,,,,
Classic Lead 80,Celestion,Amp & Cab,Amp & Cab,Classic Lead 80,"(G12-80) 12"" guitar speaker w/ fibreglass voice coil",,,,,
"G10 ""Red Back""",Celestion,Amp & Cab,Amp & Cab,,"T7442. Rare 10"" Pulsonic Speaker used in Marshall 1990 Lead",,1960s-70s,,,
G10 Vintage,Celestion,Amp & Cab,Amp & Cab,G10 Vintage,"10"", 60W, ceramic magnet",,,,,
G12 Century Vintage (Legacy) ,Celestion,Amp & Cab,Amp & Cab,G12 Century Vintage,"12"" 60W, pressed steel Neodymium magnet",,,,,
G12 EVH,Celestion,Amp & Cab,Amp & Cab,G12 EVH,"12""/20W Guitar speaker based on the Heritage Series G12M Greenback (Designed specifically for the Fender EVH series) ",,,,,
G12-50GL Lynchback,Celestion,Amp & Cab,Amp & Cab,G12-50GL Lynchback,"12"" legacy ceramic guitar speaker; 50W",,,,,
G12-65,Celestion,Amp & Cab,Amp & Cab,Heritage Series G12-65,12-inch guitar speaker designed for 4x12 cabs,,,,,
G12-65B,Celestion,Amp & Cab,Amp & Cab,Two Rock Cabs,TR Series 12-inch 100W speakers designed/tuned specifically for Two-Rock Cabinets. ,,,,,
G12H (55),Celestion,Amp & Cab,Amp & Cab,G12H-30 (55) Heritage,12-inch classic rock guitar speaker (30W) BASS cone,,,,Jimi Hendrix,
G12H (75),Celestion,Amp & Cab,Amp & Cab,G12H-30 (75) Heritage,12-inch classic rock guitar speaker (30W) LEAD cone,,,"more midrange honk and tamer highs, thicker when used with distortion.",,
G12H Anniversary,Celestion,Amp & Cab,Amp & Cab,G12H Anniversary,12-inch classic rock guitar speaker; 30W ,,,,,
G12H-100,Celestion,Amp & Cab,Amp & Cab,,"12"";100W",,1980s-90s,"famous for handling high-gain / high-power situations while maintaining clear, articulate tones. ""throaty"" strong mid-range, strong bass, detailed highs. [classic rock; modern rock]",,
G12H-150 Redback,Celestion,Amp & Cab,Amp & Cab,G12H-150 Redback,12-inch 150W guitar speaker with 2-inch voice coil,,1980s-90s,"famous for handling high-gain / high-power situations while maintaining clear, articulate tones. ""throaty"" strong mid-range, strong bass, detailed highs. [classic rock; modern rock]",,
G12H-75 Creamback,Celestion,Amp & Cab,Amp & Cab,G12H-75 Creamback,12-inch steel-chassis guitar speaker (75W),,,,,
G12K-100,Celestion,Amp & Cab,Amp & Cab,G12K-100,12-inch rock guitar speaker (100W),,,,,
G12M (55) Blackback,Celestion,Amp & Cab,Amp & Cab,G12M (55) Heritage Series Blackbacks,12-inch rock guitar speaker (25W) (T1511 is the most famous version) bass cone,,,"massive bottom-end, rock-hard mid-range and restrained top-end make this ideal for modern high-gain tones.",,
G12M (Legacy),Celestion,Amp & Cab,Amp & Cab,G12M-20 Legacy Pre-Greenback,12-inch 20W early greenbacks. ,,,,,
G12M Greenback,Celestion,Amp & Cab,Amp & Cab,"G12M Greenback
Vintage Celestion Greenback",12-inch classic rock guitar speaker (25W) LEAD Cone.,,,More forgiving (warmer and more saturated) than the modern G12T-75s,Angus Young,
G12M-65,Celestion,Amp & Cab,Amp & Cab,G12M-65 Creamback,"12"" vintage-toned guitar speaker. ",,,,"Jimi Hendrix, Eric Clapton, Jeff Beck, Jimmy Page",
G12T-75,Celestion,Amp & Cab,Amp & Cab,G12T-75,"12"" guitar speakers",,,,"Yngwie Malmsteen, Joe Satriani",
Gold ,Celestion,Amp & Cab,Amp & Cab,Gold,"12""inch alnico guitar speaker. ",,,,,
JB-85,Celestion,Amp & Cab,Amp & Cab,,"12"" / 85W. Designed specifically for Joe Bonasmassa for his signature Fender Tweed; and Fuchs JB-ODS Amps",,,Described as modified Celestion Classic Leads. ,Joe Bonamassa,
Neo Creamback,Celestion,Amp & Cab,Amp & Cab,Neo Creamback,12-inch 60W neodymium guitar speaker,,,,,
Powercel,Celestion,Amp & Cab,Amp & Cab,,"15""/125W Rola era Celestion. ",,,,,
Pulse XL 10.20,Celestion,Amp & Cab,Amp & Cab,Pulse XL 10.20,"10"";400W steel-chassis bass guitar speaker. ",,,,,
Ruby,Celestion,Amp & Cab,Amp & Cab,G12M-35 Celestion Ruby,"12"" 35W",,,,,
Sidewinder 12,Celestion,Amp & Cab,Amp & Cab,Sidewinder,S12-150,,,,,
Silver Bulldog,Celestion,Amp & Cab,Amp & Cab,Silver Alnicos,"12-inch, 15W Silver Alnico ""Silver Bulldog"" T1088. Also known as Graybacks. Predecessor/sibling to the Blue Bulldog. Marshall / Vox era Celestion.",,early-mid 60s,"High end warmth and sheen, with open midrange.",,
Ten 30,Celestion,Amp & Cab,Amp & Cab,Ten 30,10-inch 30W steel-chassis guitar speaker,,,,,
V-Type,Celestion,Amp & Cab,Amp & Cab,G12V-70 (V-Type),12-inch 70W guitar speaker. ,,,,,
V12-60,Celestion,Amp & Cab,Amp & Cab,V12-60,"(Silver Serie3s) 12-inch, 60W, 8ohm. ",,,,,
Vintage 30,Celestion,Amp & Cab,Amp & Cab,Vintage 30,12-inch guitar speaker with complex overtones,,,,,
Musicmaster,Chamberlin,"Keyboard, Synth / Samplers","Keyboard, Synth / Samplers",Chamberlin,precursor to Mellotron,Harry Chamberlin,1949-56,,"Marvin Gaye, Beach Boys, Three Dog Night, James Taylor, Stevie Wonder, Mike Pinder (Moody Blues) David Bowie, Edgar Winter, Iron Butterfly, Bob Seger, Todd Rundgren, Crowded House",
Tube Driver,Chandler (Tube Works) ,"Harmonic Coloration, Stomp","Harmonic Coloration, Stomp",,"a legendary, high-voltage overdrive pedal featuring a 12AX7 vacuum tube. 3-knob design. Lower quality. [NOTE: I've kept this entry for differentiation. All of the models I'm using are B.K.]",Brent Butler,1987-89,"warm, compressed, and rich tones. Considered more ""raw"" and vintage",,
Chandler/EMI TG Channel,Chandler Limited ,Channel Strip,Channel Strip,TG12411 Channel,"recreation of several classic circuits – combining Wade Goeke’s design of the TG2 pre amp section with an equalizer that was redesigned from a circuit used in the TG12410 Transfer Console, the mastering counterpart to the original “Beatles desks.”",,,use (drums) ,,
Chandler/EMI TG12345 Curve Bender,Chandler Limited ,EQ,EQ,Chandler Curve Bender,75th anniv. of Abbey Road. Mastering 3-band EQ w/ 51 points. HPF/LPF.  ,Wade Goeke,2006,"Beatles, Pink Floyd",,
Chandler/EMI TG12413 Zener Limiter,Chandler Limited ,Dynamics,Dynamics,Chandler Zener Limiter,75th anniv. of Abbey Road.Compressor / limiter w/ disotrtion,Wade Goeke,2006,"Beatles, Pink Floyd",,
GAV19T,Chandler Limited ,Amp & Cab,Amp & Cab,GAV19T Guitar Amplifier,"EL84-powered boutique tube amp inspired by Vox, Marshall, Watkins, Selmer; Tone Stack (Baxandall circuit w/ ECC803 tube)",Wade Goeke,,,,
Thermae,Chase Bliss,"Delay, Stomp","Delay, Stomp",Thermae,Analog Timeshifter,,,,,
4038,Coles,Microphone,Microphone,4038 Studio Ribbon Mic,boundary/ribbon. Originally developed by BBC (1950s) ,,,"classic warm sound, orchestral, room ambience; high freq roll-off and large proximity effect. Popular for drum OH",,
Overdriver,Colorsound,"Harmonic Coloration, Stomp","Harmonic Coloration, Stomp",Overdriver,vintage guitar overdrive pedal that gained popularity for its unique tone and has become a sought-after piece of gea,,1971,,"David Gilmour, Jeff Beck",
Wah-fuzz,Colorsound,"Harmonic Coloration, Modulation, Stomp","Harmonic Coloration, Modulation, Stomp",Wah Fuzz, two transistor silicon distortion stag,,1970s,,,
Generation Loss V2,Cooper FX,"Harmonic Coloration, Stomp","Harmonic Coloration, Stomp",Generation Loss V2,designed to recreate effects reminiscent of characterful sonic quality degradation which occurs when media is transferred and retransferred on magnetic tape.,,,,,
TB-83,Cornish,"EQ, Stomp","EQ, Stomp",TB-83,originally designed to be the interface between Burns Tri-Sonic pickups and the “Normal” input on vintage (pre Treble Boost) Vox AC30 amplifiers. It also performs remarkably well with other Low Gain Amps that have little or no built in Treble Boost.,Pete Cornish,,,,
Type 85 Direct Box,Countryman,Preamps & DI,Preamps & DI,Type 85 Direct Box,,,,DI Commonly used for direct recording. ,,
Wah/Anti-Wah,Craig Anderton,"Modulation, Stomp","Modulation, Stomp",,voltage-controlled filter circuit that uses two identical bandpass filters,,,"Unlike the classic Cry Baby or Vox wahs, which have a specific ""throaty"" growl caused by their inductor-based design, the Anderton circuit was cleaner and more transparent. It provided a wider frequency sweep and reached unity gain, avoiding the volume drop common in many vintage pedals.",,
Crossfire,Crazy Tube Circuits,"Amp & Cab, Harmonic Coloration, Stomp","Amp & Cab, Harmonic Coloration, Stomp",Crossfire,switchable 6L6(2) v 6L6(4) power amp + overdrive,,,"big bold lows, sparkly highs and slightly scooped mids, to the powerful sound of a solid state rectified 4x 6L6GC power amp",Gus G,
Speed Demon,Crazy Tube Circuits,"Harmonic Coloration, Stomp","Harmonic Coloration, Stomp",,"Signature Gus G (Ozzy, Firewind) metal distortion pedal",,,,Gus G,
Sublime AXM,Crush Drums,Drums,Drums,,,,,,,
10,CTS (Chicago Telephone Supply) ,Amp & Cab,Amp & Cab,,"Silverface (Fender) era 10"" ceramic-magnet driver",,,"clean, punchy, reliable",,
12,CTS (Chicago Telephone Supply) ,Amp & Cab,Amp & Cab,,"Silverface (Fender) era 12"" ceramic-magnet driver",,,"clean, punchy, reliable",,
CEM3320,Curtis,Modulation,Modulation,,Famous filter chip found in the Prophet-5 and Oberheim OB-Xa synths,,,,,
MC-402 Boost/Overdrive,Custom Audio Electronics / MXR,"Harmonic Coloration, Stomp","Harmonic Coloration, Stomp",,"(Dunlop MXR) first offerings in the series produced by MXR (CAE / Bob Bradshaw designs the pedals, but they are manufactured by Dunlop-owned MXR) ",Bob Bradshaw,,,Slash,
Cry Baby Wah,Dallas Arbiter,"Modulation, Stomp","Modulation, Stomp",,,,,,,
Fuzz Face,Dallas Arbiter,"Harmonic Coloration, Stomp","Harmonic Coloration, Stomp",Fuzz Face,"Germanium transistor. Known as the ""Blue Fuzzface"" ",,,Eric Johnson (Ah Via Musicom),Jimi Hendrix,
Rangemaster,Dallas Arbiter,"Harmonic Coloration, Stomp","Harmonic Coloration, Stomp",Rangemaster Treble Booster,"germanium-transistor effects pedal
",,1965,"designed to boost treble and upper-mid frequencies, helping dark-sounding British tube amps (like Vox AC30s) cut through the mix with a biting, overdriven tone","Eric Clapton, Brian May, Tony Iommi, and Rory Gallagher",
Longhorn Bass,Danelectro,Bass,Bass,Danelectro Baritone & Bass,,,,,,
BAX EQ,Dangerous Music,EQ,EQ,Dangerous Music BAX EQ,High / Low Cut; High / Low Shelving EQ,Peter Baxandall,1950s,,,
Microtubes B7K,Darkglass,"Harmonic Coloration, Stomp, EQ, Preamps & DI","EQ, Harmonic Coloration, Preamps & DI, Stomp",Microtubes B7K,preamp pedal for bass,,,,,
Microtubes B7K Ultra,Darkglass,"Harmonic Coloration, Stomp, EQ, Preamps & DI","EQ, Harmonic Coloration, Preamps & DI, Stomp",Microtubes B7K Ultra,preamp pedal for bass,,,,,
Microtubes X Ultra,Darkglass,"Harmonic Coloration, Stomp, EQ, Preamps & DI, Dynamics","Dynamics, EQ, Harmonic Coloration, Preamps & DI, Stomp",Microtubes X Ultra,preamp pedal for bass,,,,,
120X Subharmonic Synthesizer,dbx,Dynamics,Dynamics,dbx 120x,Designed to enhance + enrich LF content of audio signal w/o affecting mid-range,,1984,Alanis Morrisette (Jagged LIttle Pill) ,,
160 VCA Compressor/Limiter,dbx,Dynamics,Dynamics,dbx 160 Compressor / Limiter,First VCA based compressor w/ RMS level detection circuits and feed-forward gain reduction.,David Blackmer,1976,"Fast, precise, aggressive, punchy [kick, snares, bass, guitars]",,
TRM-1 Tremulator,Demeter,"Modulation, Stomp","Modulation, Stomp",TRM-1 Tremulator,,,,,,
412FK,Diezel,Amp & Cab,Amp & Cab,412FK,"The Diezel-412FK is a front loaded 4x12"" cabinet loaded with 4 x G12K-100 Celestion speakers.",,,,,
Hagen,Diezel,Amp & Cab,Amp & Cab,Diezel Hagen,"100W 4-ch (clean, crunch, metal, lead) 6 x 12AX7, 4 power tubes. ",Peter Diezel,,"More ""raw"" and open. Looser feel than Herbert, w/ an additional channel. ",,
Herbert,Diezel,Amp & Cab,Amp & Cab,Diezel Herbert,"180W 3-ch (clean, crunch, high-gain/lead) 3 individually voiced 12AX7. , 6 x KT77 power tubes. Built for 7/8 strings. ",Peter Diezel,,"Built for ultra-tight bottom end and percussive attack. Country, Djent. ",,
VH4,Diezel,Amp & Cab,Amp & Cab,Diezel VH 4,"First Diezel Amp; 100W 4 channels [
- CLEAN --> sparkle + chime; (w/ high gain -> Townshend/Hiwatt) 
- CRUNCH --> AC/DC style rhythm/lead
- MEGA --> Diezel's trademark metal rhyhm + lead
- LEAD --> more gain, compression, bottom, smooth top-end; creamy, authoritative, loud ] 4 individually voiced 12AX7, 4 KT77",Peter Diezel,1994,"wide tonal range. Thick, articulate ""meaty"" sound. ",,
Synergy ii+,Digital Keyboards,Synth / Samplers,Synth / Samplers,Synergy ii+,8-16 polyphonic digital additive synth,,1982-85,TRON Soundtrack,Wendy Carlos,
Supernatural Ambient Verb,DigiTech,"Reverb, Stomp","Reverb, Stomp",,,,,,,
Whammy,DigiTech,"Pitch Tools, Stomp","Pitch Tools, Stomp",Whammy,,,,,,
Combustion,Dingwall,Bass,Bass,Dingwall Combustion Bass,,,,,,
2x12F,Divided By 13,Amp & Cab,Amp & Cab,2x12F,,,,,,
FTR 37,Divided By 13,Amp & Cab,Amp & Cab,FTR 37,"37W, 2 ch, 4 x 6v6 (power), 12AX7, 12AT7, 5879. ",,,,,
JRT 9/15,Divided By 13,Amp & Cab,Amp & Cab,JRT 9/15,"9-15W, 2 parallel 5879 ch. 2 x 676 (power), 2 x EL84 (power). 12AX7, 5879 combo",,,,,
TSC-618,DMP (Dyno-My-Piano) ,Modulation,Modulation,Dyno-My-Piano TSC-618,"Analog rack chorus w/ 3 channel design, manual + preset LFOs. BBD. Originally designed as upgrade to Fender Rhodes piano",,1983,"airy, watery ""lush"" chorus",,
Boneshaker,DOD (Digitech) ,"Harmonic Coloration, Stomp, EQ","EQ, Harmonic Coloration, Stomp",DOD Boneshaker,"(Designed by Mark Wentz of Black Arts ToneWorks, manufactured by DigiTech) ",Mark Wentz,,,,
FX86 Death Metal,DOD (Digitech) ,"Harmonic Coloration, Stomp","Harmonic Coloration, Stomp",,"high-gain distortion stompboxes designed for extreme, ""buzz saw"" tones, lacking a traditional gain knob in favor of active 3-band EQ.",,,"Known for high output, massive low-end, and the ability to oscillate when the level is maxed",,
FX86B Death Metal,DOD (Digitech) ,"Harmonic Coloration, Stomp","Harmonic Coloration, Stomp",,"high-gain distortion stompboxes designed for extreme, ""buzz saw"" tones, lacking a traditional gain knob in favor of active 3-band EQ.black/red, updated hardware. ",,,"described as slightly louder and more refined in its tone compared to the FX86, featuring specialized, metal-themed knob labels: R.I.P (Level), Guts (Low), Pain (Mid), and Scream (High). ",,
Overdrive/Preamp 250,DOD (Digitech) ,"Preamps & DI, Harmonic Coloration, Stomp","Harmonic Coloration, Preamps & DI, Stomp",Overdrive/Preamp 250,,,,,,
"280-D
380-D
40-AES/EBU",Dorrough,Utility,Utility,,Stereo metering and analysis,Michael Dorrough,,,,
4006,DPA,Microphone,Microphone,4006,small diaphragm omni reference grade,,,razor flat.,,
Maz 18,Dr. Z,Amp & Cab,Amp & Cab,Dr. Z Maz 18 Mk II,18W · 1 channel · 6V6 power tubes · tube rectifier · Bass / Treble EQ · Master Volume · simpler signal path than Maz,Mike Zaite,early-mid 2000s,"American-voiced, warm mids, earlier breakup; more compression and thickness than Maz; Deluxe-style feel with more punch; favored for blues, roots rock, and vintage-leaning sessions",,
Maz 18 Jr.,Dr. Z,Amp & Cab,Amp & Cab,Dr. Z Maz 18 Mk II,18W · 1 channel · EL84 power tubes · tube rectifier · Bass / Mid / Treble EQ · Cut control · Master Volume (Mk II refines master) 1x12 combo Default Speaker G12H (75),Mike Zaite,late 1990s,"Vox-leaning chime with tighter low end; very articulate, fast response; excellent pedal platform; famous users include Brad Paisley, Joe Walsh, and The Black Keys (studio use)",,
Route 66,Dr. Z,Amp & Cab,Amp & Cab,Route 66,32W · 1 channel · KT66 power tubes · GZ34 tube rectifier · EF86 front end · Bass / Treble EQ · No master volume,Mike Zaite,early 2000s,"Thick, harmonically rich, mid-forward; huge note bloom and punch; very dynamic with guitar volume; sits between tweed Fender and early Marshall; famously used by Billy Gibbons (ZZ Top)",,
Z Best ,Dr. Z,Amp & Cab,Amp & Cab,Z Best 2x12 Cabinet,2x12 Vertical straight cab. Default Driver (TOP -  Celestion Vintage 30 / Bottom - Celestion G12H (55)),,,,,
Z Wreck,Dr. Z,Amp & Cab,Amp & Cab,Z Wreck,30W · 1 channel · EL84 power tubes · tube rectifier · Bass / Treble EQ · Cut control · No master volume; Head or 1x12 Combo Celestion Gold,Mike Zaite,Early 2010s,Explosive dynamics; Vox-meets-Trainwreck feel; huge clarity with aggressive punch; extremely touch-sensitive; associated closely with Brad Paisley and modern country / roots rock recordings,,
Z Wreck Cab,Dr. Z,Amp & Cab,Amp & Cab,Z Wreck,2x12 Cab w/ Celestion Blue or Celestion Gold,Mike Zaite,Early 2010s,Explosive dynamics; Vox-meets-Trainwreck feel; huge clarity with aggressive punch; extremely touch-sensitive; associated closely with Brad Paisley and modern country / roots rock recordings,,
Z-Lux,Dr. Z,Amp & Cab,Amp & Cab,Z-Lux,20W (switchable to 40W) · 1 channel · 6V6 power tubes · tube rectifier · Bass / Mid / Treble EQ · Reverb · Tremolo · Master Volume,Mike Zaite,mid-late 2010s,"Modern American clean-to-breakup amp; glassy cleans, bold low end, very flexible; excellent studio utility amp; covers blackface-style clarity with more authority and headroom",,
260C8CV,Dragoon,Amp & Cab,Amp & Cab,260C8CV,"200W/120W 2x12 openback/closedback convertible (per speaker)
Default Driver: Celestion G12 Century Vintage",,,,,
1x12 Cabinet,Dumble,Amp & Cab,Amp & Cab,,1x12 custom cabinet. No default speakers. ,,,,,
2x12 Cabinet,Dumble,Amp & Cab,Amp & Cab,,2x12 custom cabinet. No default speakers. ,,,,,
ODS 100,Dumble,Amp & Cab,Amp & Cab,Overdrive Special,100W · 2-channel (Clean + Overdrive) · 6L6 power tubes · tube rectifier · Bass / Mid / Treble EQ · Presence · non-HRM tone stack,Howard Alexander Dumble,Mid-late 1970s,"Smooth, vocal overdrive layered over big Fender-style cleans; touch-sensitive, blooming sustain; classic “Dumble tone”; famously associated with Robben Ford, Larry Carlton, John Mayer",,
ODS 50,Dumble,Amp & Cab,Amp & Cab,Overdrive Special,50W · 2-channel (Clean + Overdrive) · 6L6 power tubes · tube rectifier · Bass / Mid / Treble EQ · Presence · non-HRM tone stack. Can be a Head or 1x12 Combo. ,Howard Alexander Dumble,Mid-late 1970s,"Smooth, vocal overdrive layered over big Fender-style cleans; touch-sensitive, blooming sustain; classic “Dumble tone”; famously associated with Robben Ford, Larry Carlton, John Mayer",,
ODS 50 HRM,Dumble,Amp & Cab,Amp & Cab,Overdrive Special,50W · 2-channel · 6L6 power tubes · tube rectifier · Bass / Mid / Treble EQ · Presence · internal HRM tone stack (post-overdrive) [HRM = Hot Rubber Monkey / Hot Rodded Marshall],Howard Alexander Dumble,Early–mid 1980s,"Tighter, more controlled overdrive than non-HRM; more mid focus and compression; less raw, more polished; favored for refined fusion and session lead work",,
Overdrive Special (1967),Dumble,Amp & Cab,Amp & Cab,Overdrive Special,~50W · 2-channel (early topology) · 6L6 power tubes · tube rectifier · Fender-style EQ · early overdrive circuit (pre-ODS standardization). Early prototype ,Howard Alexander Dumble,1967,"Much closer to hot-rodded Fender lineage; looser, less compressed; more raw and experimental than later ODS amps; historically significant rather than a “classic Dumble sound”",,
105Q Cry Baby Bass Wah,Dunlop,"Modulation, Stomp","Modulation, Stomp",105Q Cry Baby Bass Wah,,,,,,
Cry Baby 535Q Multi-Wah,Dunlop,"Modulation, Stomp","Modulation, Stomp",Cry Baby 535Q Multi-Wah,,,,,,
Cry Baby Classic Wah,Dunlop,"Modulation, Stomp","Modulation, Stomp",Cry Baby Classic Wah,GCB95F Uses the Fasel Model 310 inductor (Italian made),,,"Smooth, wide, vocal sweep with a rounded resonance that feels vintage and sings rather than bites.",Darrell Abbott,
Cry Baby Standard Wah,Dunlop,"Modulation, Stomp","Modulation, Stomp",Cry Baby Standard Wah,GCB95 Uses the Fasel Model 310 inductor (Italian made),,2003 - ,"Brighter and more focused, with a sharper mid peak that cuts cleanly through dense or high-gain mixes.",,
Cry Baby Wah,Dunlop,"Modulation, Stomp","Modulation, Stomp",Cry Baby Wah,Uses Black Dunlop inductor (not Fasel) ,,1996-2003,"Raw and aggressive, with a narrow, nasal sweep that can sound edgy or harsh depending on the rig.",Brian May,
EW-85V Mister Cry Baby Super Volume Wah,Dunlop,"Modulation, Dynamics, Stomp","Dynamics, Modulation, Stomp",,hybrid guitar effect pedal that combines a classic wah-wah circuit with a smooth volume controller,,1998-09,,,
Germanium Fuzz Face,Dunlop,"Harmonic Coloration, Stomp","Harmonic Coloration, Stomp",Germanium Fuzz Face,Germanium PNP transistor based distortion,,,"rich, creamy fuzz",,
JHW2 Jimi Hendrix Octavio Fuzz,Dunlop,"Harmonic Coloration, Stomp","Harmonic Coloration, Stomp",69 Series Octavio Fuzz,,,,iconic octave up sound of Jimi Hendrix,Jimi Hendrix,
SW95 Slash Signature Wah,Dunlop,"Modulation, Stomp","Modulation, Stomp",Slash Cry Baby Wah,,,,,Slash,
TS-1 Stereo Tremolo,Dunlop,"Modulation, Spatial Processing, Stomp","Modulation, Spatial Processing, Stomp",,,,,,,
Collector's Series,DW,Drums,Drums,DW Collector's Series,,,,,,
CS-5 Tri-Stereo Chorus,Dyntronics,Modulation,Modulation,Dyntronics CS-5 Tri-Stereo Chorus,"Analog rack chorus w/ 3 channel design, manual + preset LFOs. BBD. Originally designed as upgrade to Fender Rhodes piano Newer variation of DMP TSC-618. ",,1987,"1980s guitar tones (Steve Lukather, Michael Landau, Dann Huff), airy, watery ""lush"" chorus",,
FS-1 Cyclosonic Panner,Dyntronics,Spatial Processing,Spatial Processing,DS-1 Cyclosonic Panner,"audio exciter, phase shift and panning",,1984,,,
Emulator II,E-mu Systems,Synth / Samplers,Synth / Samplers,Emulator II,4 or 8 voice lo-fi 8-bit sampler. CA envelope generator w/ sequencer ,,1982,"[new wave, electronic, pop]",,
Plumes,EarthQuaker Devices,"Harmonic Coloration, Stomp","Harmonic Coloration, Stomp",Plumes,"""Small Signal Shredder"" ",,,,,
Rainbow Machine,EarthQuaker Devices,"Delay, Modulation, Stomp, Pitch Tools","Delay, Modulation, Pitch Tools, Stomp",Rainbow Machines,Polyphonic Pitch Mesmerizer,,,,,
Life Pedal,EarthQuaker Devices / Sunn O))),"Harmonic Coloration, Stomp","Harmonic Coloration, Stomp",Life Pedal v2,a distortion with a blendable analog octave up and a booster combined in one compact package,,,,,
QTC1,Earthworks,Microphone,Microphone,"QTC1
QTC40 (Identical)",Accurate omni electret condenser,,,popular for location classical recording and whenever you want to capture the sound of the source without coloration. It has no bass proximity effect and no handling noise. The QTC40 is identical.,,
TC30K,Earthworks,Microphone,Microphone,"TC30
TC30K ",(TC30 and TC30K are the same mic) mnidirectional condenser microphone,,1996,,,
Z30x,Earthworks,Microphone,Microphone,Z30X,"first of Earthworks’ cardioid microphones; it was introduced in the 1990s, until it was replaced by the SR77. Cardioid pattern inconsistent across the frequency spectrum",,,,,
OctaBass,EBS,"Harmonic Coloration, Stomp","Harmonic Coloration, Stomp",OctaBass,Blue Label. Analog octave perfection,,,,,
D115XLT,Eden Electronics,Amp & Cab,Amp & Cab,D Series 1x15 Cabinet,1x15 Eden-made XLT speakers. 400W,,,"offers a classic rounded tone with great detail and response, coupled with a high temperature voice coil and our Eden cast bell tweeter. It's the option for players looking for a little more growl.",,
D410XLT,Eden Electronics,Amp & Cab,Amp & Cab,,4x10 Eden-made XLT speakers.,,,focused tone w/ exceptional low wend. ,,
EX410SC4,Eden Electronics,Amp & Cab,Amp & Cab,E Series 4x10 Cabinet,300W w/ 4x10 Eden Designed Speakers. ,,,,,
WT800,Eden Electronics,Amp & Cab,Amp & Cab,,"WT = ""World Tour"". Renowned powerful hybrid bass amp. 880W (stereo / bridged) 440W per side · solid-state power · tube preamp (12AX7) · dual power amps · Bass / Mid / Treble 5-band EQ + semi-parametric mids · Enhance control · compressor · DI",David Nordschow,Mid–1990s,"Clean, hi-fi, extremely articulate; fast transient response with tight low end; famous for slap and modern rock bass; widely associated with Marcus Miller, Victor Wooten, and 90s–2000s studio bass tone. Modern, dynamic, rock solid bass sound (R&B, hip hop, metal, jazz) ",,
WTP600,Eden Electronics,Amp & Cab,Amp & Cab,,"WTP = ""World Tour Power/Performance"". 600W · solid-state power · tube preamp (12AX7) · single-channel · Bass / Mid / Treble EQ + semi-parametric mids · Enhance control · DI",David Nordschow,Early–mid 2000s,"Same Eden hi-fi DNA as WT series but simpler and more compact; clean, punchy, controlled; less complex routing than WT800; well-suited for modern studio and live bass without stereo complexity",,
6RM/202,ELAC,Amp & Cab,Amp & Cab,,6.5inch 15ohm woffer/driver. Used in the  Deacy Amp,,1960s,,Brian May,
Filter Factory,Electrix,Modulation,Modulation,,"classic hardware audio processor, a 2U rack unit featuring an analog stereo/mono filter (Low, High, Band Pass, Notch) with real-time controls, built-in distortion (""Buzz""), LFO modulation, tap tempo, and MIDI, ",,,"used by electronic musicians and DJs for filtering synths, drums, vocals, or entire mixes. It offers deep sound shaping with analog character and digital control, allowing for dynamic sweeps, rhythmic effects via momentary buttons, and studio automation",,
Big Muff Pi,Electro-Harmonix,"Harmonic Coloration, Stomp, Dynamics","Dynamics, Harmonic Coloration, Stomp",Electro-Harmonix Big Muff Pi,Vintage Classic. Fuzz / Distortion / Sustainer (Sometimes called the NYC) ,,1970s,"Massive and compressed. high sustain, smooth thick fuzz. The modern reference Muff with the most compression, deepest mid-scoop, and highest sustain. Huge, saturated, and smooth, but less articulate, designed for wall-of-sound sustain.","Jimi Hendrix, Santana, Pink Floyd",
Big Muff PI (Russian) ,Electro-Harmonix,"Harmonic Coloration, Stomp, Dynamics","Dynamics, Harmonic Coloration, Stomp",Big Muff PI (Russian) ,Fuzz / Distortion / Sustainer,,,"Thick and brutal. A pinch smoother than its American-made comrade, the Russian Muff exhibits slightly less sustain, yet retains that unmistakable Big Muff sound. Prized by bass players for its edge, and sought after by guitarists seeking its unique flavor. A heavier, thicker Muff with more low end, rougher texture, and less top-end fizz. Grindy, aggressive, and weighty, with massive lows and a raw, woolly character.",,
Big Muff Pi w/ Tone Wicker,Electro-Harmonix,"Harmonic Coloration, Stomp, Dynamics","Dynamics, Harmonic Coloration, Stomp",Big Muff Pi w/ Tone Wicker,The Wicker switch opens up 3 high frequency filters providing a sustain that is raspy and defined,,,,,
Cathedral,Electro-Harmonix,"Reverb, Stomp","Reverb, Stomp",Cathedral,8 programmable reverb styles w/ Tap Tempo and Damping/Tone control available for each style,,,,,
Deluxe Electric Mistress,Electro-Harmonix,"Harmonic Coloration, Stomp, Dynamics","Dynamics, Harmonic Coloration, Stomp",Deluxe Electric Mistress,Flanger + filter matrix mode. Greater control. ,,,"deeper, thicker sweep. Bigger, more dramatic modulation. fatter, darker, more psychedelic. reaches lower, sounds wider, and can get extreme",,
Deluxe Memory Man,Electro-Harmonix,"Delay, Stomp, Modulation","Delay, Modulation, Stomp",Deluxe Memory Man,"An expanded analog delay with built-in chorus/vibrato, intended as a delay and modulation centerpiece.",,,"Warm, gooey repeats with gentle pitch wobble that smear, bloom, and feel alive as they decay. Syrupy repeats, thick modulation, and mind-bending sci-fi effects",,
Electric Mistress,Electro-Harmonix,"Modulation, Stomp","Modulation, Stomp",,"Core flanger with a fixed, classic voicing",,,"thinner, glassier sweep. More metallic / jet-like than Deluxe. Very late-’70s / new-wave / Andy Summers vibe. Bright, airy, shimmery, swirling. lives in the upper mids and stays subtle. While it has amazing warmth, it is also capable of very versatile chorus and ring modulation type sounds.",,
Graphic Fuzz,Electro-Harmonix,"Harmonic Coloration, EQ, Stomp","EQ, Harmonic Coloration, Stomp",Graphic Fuzz,,,,,,
Memory Man,Electro-Harmonix,"Delay, Stomp","Delay, Stomp",Electro Harmonix Memory Man,analog BBD (Bucket Brigade Device)  based echo/delay. Designed to deliver classic repeats w/o extra modulation features,,1970s,"Clear-for-analog repeats that darken naturally, sitting politely behind the dry signal with very little movement.","David Gilmour, The Edge",
Micro POG,Electro-Harmonix,"Pitch Tools, Stomp","Pitch Tools, Stomp",Micro POG,A simple (POG) polyphonic octave generator that adds clean octave up and down with minimal controls and zero memory.,,,"Tight, organ-like octaves that are stable, clean, and neutral, with almost no animation.",,
Micro Synth,Electro-Harmonix,"Harmonic Coloration, Pitch Tools, Stomp, Dynamics, Modulation","Dynamics, Harmonic Coloration, Modulation, Pitch Tools, Stomp",Micro Synth,,,,,,
Next Step Talking Pedal,Electro-Harmonix,"Modulation, Stomp","Modulation, Stomp",Next Step Talking Pedal,"Like a wah pedal, w/ a built in fuzz circuit",,,,,
Octavix,Electro-Harmonix,"Harmonic Coloration, Stomp","Harmonic Coloration, Stomp",Octavix,,,,"mics late 60's fuzzed out, octave up sound (Hendrix) ",,
POG 2,Electro-Harmonix,"Pitch Tools, Stomp","Pitch Tools, Stomp",POG 2,"An expanded (POG) polyphonic octave generator with multiple octave voices, detune, filtering, attack control, and preset storage",,,"Bigger, wider, and more synth-like, capable of lush organ stacks, slow pads, and animated octave textures.",,
Q-Tron,Electro-Harmonix,"Modulation, Stomp","Modulation, Stomp",Q-Tron,"Envelope Filter. In this filter effect, cutoff frequency can automatically sweep by the effect of the envelop of the audio passing through it",,,,,
Ram's Head Big Muff Pi,Electro-Harmonix,"Harmonic Coloration, Stomp, Dynamics","Dynamics, Harmonic Coloration, Stomp",Ram's Head Big Muff Pi,Faithful reproduction of the highly coveted 1973 Violet Ram’s Head Big Muff Pi heard on countless classic recordings and famous guitar solos!,,,"Smooth and lyrical. Smoother and darker than the Triangle, with singing sustain, slightly scooped mids, and a refined, liquid lead voice. Creamy, violin-like sustain that blooms and stays musical under long notes.",,
Ravish,Electro-Harmonix,"Stomp, Pitch Tools","Pitch Tools, Stomp",Ravish,"Fuzz / Distortion / Sustainer
A guitar effect that emulates a sitar by combining sympathetic string pitch generation with tuned resonant filtering.",,,,,
Small Clone,Electro-Harmonix,"Modulation, Stomp","Modulation, Stomp",Small Clone,First analog chours,,70s-80s,,"Kurt Cobain (Nevermind, In Utero)",
Small Stone,Electro-Harmonix,"Modulation, Stomp","Modulation, Stomp",Small Stone,Analog phase shifter,,1970,,,
Stereo Memory Man,Electro-Harmonix,"Modulation, Stomp, Delay","Delay, Modulation, Stomp",Stereo Memory Man,"analog delay and chorus/vibrato unit. (NOTE: This is the Vintage unit, not the new delay w/ looper) Looper = ""with Hazarai""",,,rich warm tone,,
Triangle Big Muff Pi,Electro-Harmonix,"Harmonic Coloration, Stomp, Dynamics","Dynamics, Harmonic Coloration, Stomp",Triangle Big Muff Pi,Fuzz / Distortion / Sustainer. ,,1969-71,"Smoother, clearer, and more articulate, with singing sustain that breathes instead of smothering. The Triangle is the ""reference Muff"" before the sound got heavier and darker. It's the version people point to when they say ""vintage, musical Big Muff"". Knmown as the most open, articulate and dynamic Big Muff",,
631,Electro-Voice,Microphone,Microphone,631,"omnidirectional handheld dynamic microphone designed for close pickup in public address and semi-professional recording applications. ""chrome cousin of famously rugged EV635""; controlled, band-limited frequency response and tight reach. ",,,,,
635A,Electro-Voice,Microphone,Microphone,635A & 635A/B,omni condenser,,,handheld used in broadcasting and field recording,,
EVM12L,Electro-Voice,Amp & Cab,Amp & Cab,EVM12L Classic,"200W (L = Lead) ""Black Shadow""; massive magnet",,,,,
EVM15B,Electro-Voice,Amp & Cab,Amp & Cab,EVM15B Pro Line,B = Bass,,,,,
N/D357,Electro-Voice,Microphone,Microphone,N/D Series - 357,"medium dynamic; Listed as ""mid-diaphragm"". ",,,Frequency expressly contoured for female vocals,,
N/D767A,Electro-Voice,Microphone,Microphone,N/D767A,Premium dynamic vocal microphone,,,live performance,,
N/D868,Electro-Voice,Microphone,Microphone,N/D868,small dynamic,,,Designed for Kick drum,,
ND46,Electro-Voice,Microphone,Microphone,ND46,Dynamic supercardioid instrument microphone. Compact,,," [snare, guitar cabs, toms ]",,
PL20,Electro-Voice,Microphone,Microphone,PL20,"medium dynamic cardioid instrument mic; Listed as ""mid-diaphragm"". Early predecessor to RE20",,,,,
RE15,Electro-Voice,Microphone,Microphone,RE15,small dynamic,,,,,
RE16,Electro-Voice,Microphone,Microphone,RE16,"Variable-D small dynamic supercardioid; Just like RE15, but w/ a blast filter",,,,,
RE20,Electro-Voice,Microphone,Microphone,RE20,industry standard dynamic cardioid mic. ,,,"wide range of applications  Go-to for spoken word. [voiceovers, vocals, kick drum] Bass, Guitar; focused, warm mid-range",,
RE55,Electro-Voice,Microphone,Microphone,,omni small dynamic,,,,,
Synthex,Elka,Synth / Samplers,Synth / Samplers,"Elka Synthex
Elka Synthex (Wiki)",,,1981-85,,Tangerine Dream; Nick Rhodes (Duran Duran); Geoff Downes (Asia) ,
Alpha Compressor,Elysia,Dynamics,Dynamics,Elysia Alpha Compressor,Analog compression w/ Niveau Filter and Sidechain-EQ,,,,,
mpressor,Elysia,Dynamics,Dynamics,Elysia mpressor,Creative compressor w/ elysia niveau filter,,,,,
REDD 51,EMI,Console,Console,REDD Recording Console,"created in '59, but installed at AR in 1963. ""Recording Engineering Development Department"")  REDD.47 amps replaced V72. Both are mono/stereo w/ 2-band EQ in ""Classic"" or ""Pop"" modes",Peter Berkowitz,1959; 1963,"Ken Scott, Geoff Emerick, Abbey Road",,
REDD.17,EMI,Console,Console,REDD Recording Console,"(""Recording Engineering Development Department"" at Abbey Road,) mono/stereo w/ 2-band -EQ, siemens V72 valve amps",Peter Berkowitz,1958,Abbey Road,,
"REDD.37
",EMI,Console,Console,REDD Recording Console,"(37) Siemens V72 valve amps mono/stereo w/ 2-band EQ in ""Classic"" or ""Pop"" modes",Peter Berkowitz,1959,Abbey Road,,
TG12321 Compander,EMI,Dynamics,Dynamics,TG12321 Compander,"Designed with the intention to reduce tape hiss in the quiet moments of classical recordings, the compander works by compressing on input (encoding) and expanding on output (decoding).",Edward Trendell; William Percival,1962-64,Abbey Road,,
TG12345 Console,EMI,Console,Console,"TG12345
EMI TG 12345","Replaced old REDD desks n 1967 (installed in 68 at Abbey Road)  3-band EQ, 7:1 limiter, 2:1 compressor ",,,,,
TG12410 Transfer Console,EMI,Utility,Utility,EMI TG12410,"PPM, VU and phase correlation meters",,1972,"Beatles, Pink Floyd (Dark Side of the Moon) , Paul McCartney, Rolling Stones",,
TG12411 Input Module,EMI,Channel Strip,Channel Strip,EMI TG12411,mastering mic pre / module input for TG12410 Transfer Console,,1972,"Beatles, Pink Floyd (Dark Side of the Moon) , Paul McCartney, Rolling Stones",,
TG12412 Tone Module,EMI,EQ,EQ,EMI TG12412 & TG12414,4 band mastering EQ w/ 5 shapes per band,,1972,"Beatles, Pink Floyd (Dark Side of the Moon) , Paul McCartney, Rolling Stones",,
TG12413 Limiter Module,EMI,Dynamics,Dynamics,"TG1 Limiter
TG Opto Compressor",Mastering all discrete limiter/compressor circuit w/ balanced input and output. ,,1972,"Beatles, Pink Floyd (Dark Side of the Moon) , Paul McCartney, Rolling Stones; smooth pleasing distortion. Warm open sound compared to a Fairchild 670. Maintains clarity and high frequency response",,
TG12414 Filter Module,EMI,EQ,EQ,EMI TG12412 & TG12414,"HPG, LPF, presence controls and MKIV TG Line Amplifier. ",,1972,"Beatles, Pink Floyd (Dark Side of the Moon) , Paul McCartney, Rolling Stones",,
TG12416 Output Module,EMI,Spatial Processing,Spatial Processing,,V.A.L (Spread) Module (stereo component only) incorporated into the Output Module.,,1972,"Beatles, Pink Floyd (Dark Side of the Moon) , Paul McCartney, Rolling Stones",,
ADT ,EMI/Abbey Road,Modulation,Modulation,ADT (Artificial Double Tracking) ,(Artificial Double Tracking)  double tracking effect created by a delay w/ LFO and tape saturation,Ken Townsend,1966,created for John Lennon (Beatles) ,,
King George V,EMI/Abbey Road,Microphone,Microphone,,(1925) Used to record the score  / dialog in The King's Speech; carbon,,,,,
King George VI,EMI/Abbey Road,Microphone,Microphone,,(1936) Used to record the score  / dialog in The King's Speech; dynamic moving coil,,,,,
Queen Elizabeth,EMI/Abbey Road,Microphone,Microphone,,(1936) Used to record the score  / dialog in The King's Speech; ; dynamic moving coil,,,,,
RS124 Compressor,EMI/Abbey Road,Dynamics,Dynamics,EMI RS124,Modeled after the Altec 436B,Bill Livy; Mike Batchelor; Len Page,1960,Abbey Road,,
"RS56 ""Curve Bender"" ",EMI/Abbey Road,EQ,EQ,RS56 Universal Tone Control Unit,3-band passive EQ,Mike Batchelor,1952,Beatles,,
STEED,EMI/Abbey Road,Delay,Delay,STEED,"(Send Tape Echo Echo Delay), aka Single Tape Echo and Echo Delay. Technique used in magnetic tape sound recording to apply a delay effect using tape loops and echo chambers. ",Gwynne Stock,late 1950s,Abbey Road / Beatles,,
Copperhead,Eminence,Amp & Cab,Amp & Cab,,10 inch,,,,,
Governor,Eminence,Amp & Cab,Amp & Cab,,12-inch; 75W British-voiced guitar speaker,,,"thick, raunchy tone w/ priminent mids, tight lows and top-end sparkle. Rock, Blues, Metal. Compared w/ Celestion Vintage 30s w/ smoother highs",,
Legend,Eminence,Amp & Cab,Amp & Cab,Legend,12-inch; 75W,,,,,
Fillmore FM-75,Eminence / Mesa/Boogie,Amp & Cab,Amp & Cab,Fillmore FM-75,Eminence manufactured (branded by Mesa/Boogie) 75W,,,,,
Fillmore KS-100,Eminence / Mesa/Boogie,Amp & Cab,Amp & Cab,,"Eminence manufactured (branded by Mesa/Boogie) 12"";100W",,,,,
Solina/ARP String Ensemble,Eminent,Synth / Samplers,Synth / Samplers,ARP String Ensemble,based on string synth from Eminent310 Unique electronic organ. ,,1974,"Warm, shimmering. [progressive rock, disco, electronic)]",,
EL7 FATSO,Empirical Labs,"Harmonic Coloration, Dynamics","Dynamics, Harmonic Coloration",EL7 Fatso,"(Full Analog Tape Simulator and Optimizer) 4 types of compression, class A transformer saturation control w/ 4 processing types and side chain filtering",Dave Derr,,,,
EL8 Distressor,Empirical Labs,Dynamics,Dynamics,Empirical Labs Distressor,"modern VCA compressor (based on UA 1176 + LA-2A), 8 modes of SC processing, 3 SC modes and 2 types of distortion",Dave Derr,1993,,,
Synthi AKS,EMS (Electronic Music Systems) ,Synth / Samplers,Synth / Samplers,EMS Synthi AKS,version of the EMS  Synthi A (1971) w/ a built in sequencer ,,1972,"[sound design, experimental, spacey]  ","Pink Floyd, The Who, Yes, King Crimson, Led Zeppelin, Jethro Tull, Moody Blues, Fleetwood Mac, Three Dog Night",
VCS3,EMS (Electronic Music Systems) ,Synth / Samplers,Synth / Samplers,VCS3,"Nicknamed ""Putney"". Analog monophonic synth from UK. ",,1969,,"Brian Eno, Tangerine Dream, Pink Floyd, Stereolab, Yes, Aphex Twin, Depeche Mode, The Who, Todd Rundgren",
140 ST Plate Reverb,EMT (Elektro-Mess-Technik) ,Reverb,Reverb,EMT 140 Plate Reverb,"First artificial (electromechanical) reverb unit. 3 types of classic plate reverb w/ EMT or Martech filters;  E81L,, E80CC, EF804ES valve amps",,1957,Abbey Road,,
240 Reverb Foil,EMT (Elektro-Mess-Technik) ,Reverb,Reverb,EMT 240 Reverb Foil,Successor to 140. Replaced steel plate w/ electrolytically produced gold foil. (More portable / smaller) ,,1971,,,
250 Digital Reverb,EMT (Elektro-Mess-Technik) ,Reverb,Reverb,EMT 250 Digital Reverb,Completely electronic. 6 types of lever driven digital reverb / delay / modulation effects,Dr. Barry Blesser,1976,,,
E412VGB,Engl,Amp & Cab,Amp & Cab,E412VGB Cabinet,4x12 cabinet that comes w/ 4 Celestion Vintage 30 speakers by default. 240W,,,"ultra fat bottom end, lots of headroom, tight midrange and shining treble.",,
E412VSB,Engl,Amp & Cab,Amp & Cab,E412VSB Cabinet,4x12 slanted cabinet that comes w/ 4 Celestion Vintage 30 speakers by default. 240W,,,warm harmonic midrange with tight bass and silken treble (for demanding performers) Very nice for lead sounds,,
E412XXL,Engl,Amp & Cab,Amp & Cab,E412XXL Cabinet,4x12 slanted speakers in straight cabinet that comes w/ 4 Celestion Vintage 30 speakers by default. 240W,,,,,
E610 Savage 120,Engl,Amp & Cab,Amp & Cab,,"120W · 2 channels (Clean / Lead) with multiple gain modes · 41 ECC 83, 2 x 6550 tubes. · solid-state rectifier · shared 3-band EQ (Bass / Mid / Treble) · Presence · Master Volume · serial/parallel effects loop · no MIDI (simpler signal path than Invader/Powerball)",Horst Langer,Late 1990s,"Aggressive, raw, and less compressed than other ENGL high-gain amps; strong midrange bite with fast attack; feels more “Marshall-on-steroids” than polished modern metal; favored for thrash, hard rock, and players wanting ENGL tightness without heavy saturation",,
E635 Fireball 100,Engl,Amp & Cab,Amp & Cab,Fireball 100 E635,100W · 2 channels (Clean / Lead) · 4× EL34 power tubes (some regions shipped 6L6 variants) · solid-state rectifier · shared 3-band EQ (Bass / Mid / Treble) · Presence · Master Volume · Depth Boost · built-in Noise Gate (lead channel) · serial effects loop · MIDI optional via external switcher,Horst Langer,Early-mid 2000s,"Extremely tight, aggressive modern high-gain; fast attack with strong low-end control; less saturated than Powerball but more focused; excels at palm-muted metal, drop tunings, and rhythm tracking; commonly associated with modern metal and metalcore production (used by bands in the In Flames / Killswitch Engage / early 2000s European metal orbit). Focused, brutal rhythm machine. Not a vintage or lead centric ENGL",,
E642 Invader 100,Engl,Amp & Cab,Amp & Cab,,"100W · 4 channels (Clean / Crunch / Lead I / Lead II) · 4× EL34 power tubes (factory; 6L6 compatible) · solid-state rectifier · 2 independent 3-band EQs (one for Clean/Crunch, one for Lead I/II) · Presence · Depth Punch · dual Master Volumes · built-in Noise Gate · serial/parallel effects loop · full MIDI control",Horst Langer,Early 2000s (≈2003),"Extremely tight, modern high-gain with surgical low end; aggressive but controlled saturation; excels at layered rhythm tracking and precise leads; widely used in modern metal and hard rock production (associated with bands in the European metal / metalcore scene)",,
E643 Invader 150,Engl,Amp & Cab,Amp & Cab,,150W · 4 channels (Clean / Crunch / Lead I / Lead II) · 6× EL34 power tubes · solid-state rectifier · 2 independent 3-band EQs · Presence · Depth Punch · dual Master Volumes · built-in Noise Gate · serial/parallel effects loop · full MIDI control · higher plate voltage and larger transformers than the 100,Horst Langer,Early–mid 2000s,"Same voicing as the Invader 100 but with more headroom, punch, and authority; stays tighter at extreme volumes; favored for large stages and ultra-tight modern metal tones; less compression than the 100W version",,
E645 Powerball,Engl,Amp & Cab,Amp & Cab,,100W · 4 channels (Clean / Crunch / Lead I / Lead II) · 4× EL34 power tubes (6L6 compatible) · solid-state rectifier · shared 3-band EQ (Bass / Mid / Treble) · Presence · Depth Boost · dual Master Volumes · built-in Noise Gate · serial/parallel effects loop · full MIDI control,Horst Langer,Early 2000s (≈2001–2002),"Extremely saturated, compressed modern high-gain with massive low end; smooth top end and strong noise suppression; excels at heavy rhythm tracking, drop tunings, and dense mixes; became a defining amp of early-2000s European metal and metalcore production",,
E645II Powerball II,Engl,Amp & Cab,Amp & Cab,E645II Powerball II,100W · 4 channels (Clean / Crunch / Lead I / Lead II) · 4× EL34 power tubes (6L6 compatible) · solid-state rectifier · 2 independent 3-band EQs (Clean/Crunch and Lead I/II) · Presence · Depth Punch · dual Master Volumes · enhanced built-in Noise Gate · serial/parallel effects loop · full MIDI control · revised power supply and tighter low-end response vs original,Horst Langer,Early 2010s (≈2011),"Retains the Powerball’s signature saturation but with tighter bass, clearer mids, and better note separation; less blanket compression than the original; more flexible for studio work and layered guitars while still firmly modern-metal focused; preferred in later-era metal and precision rhythm tracking",,
E646 Victor Smolski Ltd.,Engl,Amp & Cab,Amp & Cab,E646 Victor Smolski Ltd,100W · 4 channels (Clean / Crunch / Lead I / Lead II) · 4× EL34 power tubes · solid-state rectifier · 2 independent 3-band EQs (Clean/Crunch and Lead I/II) · Presence · Depth Boost · dual Master Volumes · built-in Noise Gate · serial/parallel effects loop · full MIDI control,Horst Langer; Victor Smolski,,"fast attack, punchy rhythm, furious leads, sparking clean sounds. Very tight, articulate modern high-gain with strong mid focus and controlled low end; less compressed than Powerball, more aggressive upper mids; excels at fast, precise metal riffing and technical leads; closely associated with Victor Smolski (Rage) and European power/prog metal",,
E650 (Ritchie Blackmore Signature) ,Engl,Amp & Cab,Amp & Cab,E650 (Ritchie Blackmore Signature) ,100W · 2 channels (Clean / Lead) · 4× 6L6GC power tubes · solid-state rectifier · shared 3-band EQ (Bass / Mid / Treble) · Presence · Master Volume · serial effects loop · no built-in reverb,Horst Langer; Ritchie Blackmore,Mid–late 1990s,"Very tight, articulate, mid-forward distortion; fast attack with minimal sag; cleaner and more controlled than typical ENGL high-gain amps; excels at classical rock, neo-classical, and precise lead work; associated with Ritchie Blackmore (Deep Purple / Rainbow–era tones in later years",,
E765 Retro Tube,Engl,Amp & Cab,Amp & Cab,,"100 watts EL34 tube, 2 channels (clean, overdrive) ",,,,,
SQ-80,Ensoniq,Synth / Samplers,Synth / Samplers,Ensoniq SQ-80,"(digital, analog hybrid) (digital waveforms, analog filters) ",,1987-89,"(lush pads, gritty leads) ",,
UL3 112,Epifani,Amp & Cab,Amp & Cab,Ultralight UL3 Series,,,,,,
Mono Volume Pedal 250K,Ernie Ball,"Dynamics, Stomp","Dynamics, Stomp",Mono Volume Pedal 250K,super smooth foot sweep for precise volume control and is perfectly voiced for passive audio signals.,,,,,
Music Man StingRay 5,Ernie Ball,Bass,Bass,Stingray,,,,,,
Music Man StingRay 5 Retro '70s ,Ernie Ball,Bass,Bass,Retro '70s StingRay,,,,,,
Music Man StingRay Pino Palladino Fretless,Ernie Ball,Bass,Bass,Pino Palladino,,,,,,
MVP ,Ernie Ball,"Dynamics, Stomp","Dynamics, Stomp",MVP ,"(MVP = Most Valuable Pedal) super smooth foot sweep, ideal for precise volume control with no high-frequency loss at any volume. Designed to maximize versatility, this pedal works with both active and passive electronics and is equipped with a minimum volume knob as well as a powerful gain boost, allowing players to increase the audio signal up to +20 decibels. ",,,,,
ICBM Fuzz,Euthymia,"Stomp, Harmonic Coloration","Harmonic Coloration, Stomp",Euthymia,Versatile op-amp/silicon based fuzz inspired by EHX Big Muff Pi,,,,,
DSP4000 Ultra-Harmonizer,Eventide,Pitch Tools,Pitch Tools,DSP4000,multipurpose programmable digital audio signal processor with pitch change capability,,1992,,,
Eclipse,Eventide,Multi Effects,Multi Effects,Eclipse,"SIngle rackspace, lighterweight alternitive to Orville or 7000",,,,,
H3000 Ultra-Harmonizer,Eventide,Multi Effects,Multi Effects,H3000 Ultra-Harmonizer,"11 effects algorithms, 100 presets. Intelligent pitch changer and programmable effects (stereo delays, reverbs, pitch shift, stutter effects, vocoder, string modeler, phaser effects and sampler) ",,,,,
H8000,Eventide,Multi Effects,Multi Effects,H8000FW,1800 post-production and music effects preset algorithms.,,,,,
H910,Eventide,Multi Effects,Multi Effects,H910 Harmonizer,"First harmonizer (first digital audio effects device) w/ optional HK941 keyboard controller. DDL (Digital Delay Line) w/ analog filtering, feedback and pitch modulation",,1974,"AC/DC, David Bowie, Frank Zappa",,
H949,Eventide,Multi Effects,Multi Effects,H949 Harmonizer," 3 octaves of pitch change, Delay, Flanger and Time Reversal. First de-glitched pitch shifter. Introduced MicroPitch which used a proprietary single sideband modulation technique for precise control ofr small pitch shifts. ",,1977,Jimmy Page,,
Instant Flanger,Eventide,Modulation,Modulation,FL201 Instant Flanger,BBD based tape flanger w/ time delay circuit ,,1976,,,
Instant Phaser,Eventide,Modulation,Modulation,PS101 Instant Phaser,"Phaser created by a series of 8, FET-based, carefully tuned analog all-pass filters",,1971,,,
MicroPitch Delay,Eventide,"Delay, Modulation, Pitch Tools, Stomp, Spatial Processing","Delay, Modulation, Pitch Tools, Spatial Processing, Stomp",MicroPitch Delay,(Effect comes from H910/H949/H3000 Harmonizers) Dual pitch-shifted delay w/ fine resolution de-tuning and modulation. ,,,,,
Omnipressor,Eventide,Dynamics,Dynamics,Omnipressor,"dynamic reversal, gate, expansion, limiting",,1972,,,
Orville,Eventide,Multi Effects,Multi Effects,Orville,"programmable, multichannel, multipurpose, dual DSP, 24-bit digital audio signal processor w/ UltraShifter",,,,,
PitchFactor,Eventide,"Delay, Pitch Tools, Modulation, Spatial Processing","Delay, Modulation, Pitch Tools, Spatial Processing",PitchFactor,,,,,,
SP2016,Eventide,Multi Effects,Multi Effects,SP2016 Signal Processor,,,,,,
Space,Eventide,"Delay, Reverb, Stomp","Delay, Reverb, Stomp",Space,Pedal with 12 Reverb and Delay combination effects,,,,,
660 Compressor,Fairchild,Dynamics,Dynamics,Fairchild 660,single channel tube compressor w/ SC LPF,Rein Narma,1959,,,
670 Limiting Amplifier,Fairchild,Dynamics,Dynamics,Fairchild 670,mastering dual channel stereo tube  compressor/limiter w/ SC LPF. 2 compressors / 4 modes of operations,Rein Narma,1960,“Holy Grail of compressors” because it imparts a sound that adds something special to any kind of track,,
CMI IIx,Fairlight,Synth / Samplers,Synth / Samplers,Fairlight CMI,CMI = Computer Musical Instrument. 8-bit digital sampler w/ Page R music sequencer,,1982," launched hip hop, techno, house] Most common presets were ""ORCH 5"" (orchestra hit) and ""ARR 1"" (breathy vox) ",Peter Gabriel's 4,
Fame Studios,"Fame Studios (Muscle Shoals, AL)",Studio,Studio,FAME Studios,,,,,,
Crescendo A,Fane,Amp & Cab,Amp & Cab,,"12"" high power (100-200W). Known for use in 70's WEM Cabinets (David Gilmour) and Hiwatt cabs (122326/122315)",,1970s,"massive headroom, high-mid punch",David Gilmour,
Purple Back,Fane,Amp & Cab,Amp & Cab,,50-100W early-mid 70's Heavy Duty ceramic speaker. Commonly used in Hiwatt cabs / combos,,1970s,"warmer, balanced midrange. ""broken-in"" ",,
Combo Deluxe Compact,Farfiso,Keyboard,Keyboard,Farfiso Combo Deluxe Compact, Italian electric organ. ,,"(60s, 70s)","Bright, reedy [rock,pop, psychedelic]",,
F228,Fazioli,Keyboard,Keyboard,F228,Semi-concert grand piano,,,,,
F278,Fazioli,Keyboard,Keyboard,,9.5' concert grand piano. Made from same wood (red spruce forest) where Antonio Stradivari sourced the wood for his rare violins. Considered by many jazz and classical players to be finest piano in the world. ,Fazilo Pianoforti,,"Rich, powerful sound well suited for solo + orchestral performance. Known for responsive action and wide dynamic range. Very popular choice for concert halls and recording studios.","Herbie Hancock, Lang Lang, Yuja Wang, Daniil Trifonov. ",
Superbass 250W 1x15,FBT,Amp & Cab,Amp & Cab,,"Vintage solid-state bass amplifier. 250W, 1x15 inch speaker. ",,,chunky tonky sound. ,,
50 Super Amp,Fender,Amp & Cab,Amp & Cab,,,,,,,
53 Bassman,Fender,Amp & Cab,Amp & Cab,,"(Tweed Era [Vintage]: lacquered tweed look; raw, mid-forward, earlier breakup, simpler tone stacks.) 1x15 Default Driver: Jensen P15N",,,,,
53 Tweed Deluxe,Fender,Amp & Cab,Amp & Cab,,"(Tweed Era [Vintage]: lacquered tweed look; raw, mid-forward, earlier breakup, simpler tone stacks.)1x12 Default Driver: Jensen P12R",,,,,
55 Tweed Deluxe,Fender,Amp & Cab,Amp & Cab,,"(Tweed Era [Vintage]: lacquered tweed look; raw, mid-forward, earlier breakup, simpler tone stacks.)

5E3 deluxe circuit(transistorless, 5 tubes --> 12AX7 + 12AY7 preamp, 2 x 6V6GT power tubes, 5Y3GT rectifier) known for warmth, touch sensitivity, fuzzy distorton
- 3 speaker options 
-- [ JP12 - Jensen 25W P12R (sparkly top, thick bottom, less mids -- country, blues, rock'n'roll)]
-- [ JB120 - JBL 120W D-120F (upper peak. glassy, airy, snappy]
-- [ GB 25 - classic Celestion 25W Greenback (warm, thick bottom, buttery midrange, velvety treble useful for pushing distortion) -- rock ]
Stayed popular into 60s, 70s, 80s. ",Leo Fender,1955,,,
57 Bandmaster,Fender,Amp & Cab,Amp & Cab,,"(Tweed Era [Vintage]: 5E3 Circuit; lacquered tweed look; raw, mid-forward, earlier breakup, simpler tone stacks.) 3x10 Default Driver: Jensen P10R",,,,,
57 Champ,Fender,Amp & Cab,Amp & Cab,,"(Tweed Era [Vintage]: 5E3 Circuit; llacquered tweed look; raw, mid-forward, earlier breakup, simpler tone stacks.) 5F1",,,,,
57 Custom Champ,Fender,Amp & Cab,Amp & Cab,57 Custom Champ,"(Tweed Era [Custom = reissue / tweed-inspired w/ modern reliability choices]: 5E3 Circuit; lacquered tweed look; raw, mid-forward, earlier breakup, simpler tone stacks.) 1x8 Jensen C8R",,,,,
57 Custom Deluxe,Fender,Amp & Cab,Amp & Cab,57 Custom Deluxe,"(Tweed Era [Custom = reissue / tweed-inspired w/ modern reliability choices]: 5E3 Circuit; lacquered tweed look; raw, mid-forward, earlier breakup, simpler tone stacks.)1x12 Default Driver: Jensen P12Q",,,,,
57 Custom Pro-Amp,Fender,Amp & Cab,Amp & Cab,,"(Tweed Era [Custom = reissue / tweed-inspired w/ modern reliability choices]: 5E5A Circuit; lacquered tweed look; raw, mid-forward, earlier breakup, simpler tone stacks.)1x15 Default Driver: Jensen P15N",,,,,
57 Custom Twin-Amp,Fender,Amp & Cab,Amp & Cab,57 Custom Twin-Amp,"(Tweed Era [Custom = reissue / tweed-inspired w/ modern reliability choices]: 5E3 Circuit; lacquered tweed look; raw, mid-forward, earlier breakup, simpler tone stacks.) 2x12 Default Driver: Jensen P12Q",,,,,
57 Deluxe,Fender,Amp & Cab,Amp & Cab,,"(Tweed Era [Vintage]: 5E3 Circuit; llacquered tweed look; raw, mid-forward, earlier breakup, simpler tone stacks.) 1x12 Default Driver: Jensen P12R",,,,,
59 Bassman ,Fender,Amp & Cab,Amp & Cab,,"(Tweed Era [Vintage]: (5F6-A) Circuit; plain tweed look; raw, mid-forward, earlier breakup, simpler tone stacks.)  iconic Fender Bassman 4x10. Default Driver: Jensen P10R",,,,,
59 Bassman LTD,Fender,Amp & Cab,Amp & Cab,59 Bassman LTD,"(Tweed Era [Vintage]: (5F6-A) Circuit; llacquered tweed look; raw, mid-forward, earlier breakup, simpler tone stacks.) 4x10 Default Driver: Celestion G10 Vintage",,,,,
5C3 Tweed Deluxe,Fender,Amp & Cab,Amp & Cab,5C3 Tweed Deluxe,1x12 Default Driver: Jensen P12R,,,,,
62 Bassman ,Fender,Amp & Cab,Amp & Cab,,"(Brownface / Blonde: Brown tolex, tighter, punchier, less raw than tweed).  6G6-A / 6G6-B circuit.",,,,,
63 Tube Reverb,Fender,Reverb,Reverb,,"(Blackface: Black control panel; cleaner headroom, scooped mids; AB763-family voicing)",,,,,
64 Custom Deluxe Reverb,Fender,Amp & Cab,Amp & Cab,64 Custom Deluxe Reverb,"(Blackface [Custom = reissue / Blackface base w/ modern tweaks - often speakers / feel]: Black control panel; cleaner headroom, scooped mids; AB763-family voicing). (Has highly sought after optical tremolo circuit) Hand Wired. 1x12 Default Driver: Celestion G12V-70 (V-Type)",,,,Jimi Hendrix is known for using the optical tremolo circuit,
64 Custom Princeton Reverb,Fender,Amp & Cab,Amp & Cab,64 Custom Princeton Reverb,"(Blackface [Custom = reissue / Blackface base w/ modern tweaks - often speakers / feel]: Black control panel; cleaner headroom, scooped mids; AB763-family voicing) 1x10 Default Driver: Jensen C10R",,,,,
64 Custom Vibroverb,Fender,Amp & Cab,Amp & Cab,,"(Blackface [Custom = reissue / Blackface base w/ modern tweaks - often speakers / feel]: Black control panel; cleaner headroom, scooped mids; AB763-family voicing)",,,,,
65 Deluxe Reverb,Fender,Amp & Cab,Amp & Cab,Fender '65 Deluxe Reverb,"(Blackface: Black control panel; cleaner headroom, scooped mids; AB763-family voicing) 1x12 Default Driver: Oxford 12K5-6 (Vintage) ",,1965,,D-TEX Stevie Ray Vaughan,
65 Princeton,Fender,Amp & Cab,Amp & Cab,,"(Blackface: Black control panel; cleaner headroom, scooped mids; AB763-family voicing) 1x10 Default Driver: Jensen C10R",,,,,
65 Princeton Reverb,Fender,Amp & Cab,Amp & Cab,65 Princeton Reverb,"(Blackface: Black control panel; cleaner headroom, scooped mids; AB763-family voicing) 1x10 Default Driver: Jensen C10R",,,,,
65 Super Reverb,Fender,Amp & Cab,Amp & Cab,65 Super Reverb,"(Blackface: Black control panel; cleaner headroom, scooped mids; AB763-family voicing) 4x10 Default Driver: Jensen C10R",,,,,
65 Twin Reverb,Fender,Amp & Cab,Amp & Cab,65 TwinReverb,"(Blackface: Black control panel; cleaner headroom, scooped mids; AB763-family voicing)  2x12 Default Driver: Jensen C12N",,,"Clean, crisp, clear & warm, thick, puchy. Country. Dirty / Bluesy. Funky Rhythms, Mellow Electric Piano chords. Notoriously warm sound w/ massive bass + shimmery treble. ",,
65 Vibrolux Reverb,Fender,Amp & Cab,Amp & Cab,,"(Blackface: Black control panel; cleaner headroom, scooped mids; AB763-family voicing)  2x10 Combo 35W. Default Driver: Jensen C10Q.  sits in between Deluxe Reverb and Super Reverb",,,,,
65 Vibrolux Reverb,Fender,Amp & Cab,Amp & Cab,,,,,,,
66 Bassman,Fender,Amp & Cab,Amp & Cab,,"(Blackface: Black control panel; cleaner headroom, scooped mids; AB763-family voicing)  AB165 circuit",,,,,
68 Custom Deluxe Reverb,Fender,Amp & Cab,Amp & Cab,68 Custom Deluxe Reverb,"(Silverface inspired [custom] / player-mod inspired; silverface cosmetics; warmer, looser feel; often reduced negative feedback/ Bassman-style tone stacks] 1x12 Default Driver: Celestion G12V-70 (V-Type)",,,,,
68 Custom Princeton Reverb,Fender,Amp & Cab,Amp & Cab,,"(Silverface inspired [custom] / player-mod inspired; silverface cosmetics; warmer, looser feel; often reduced negative feedback/ Bassman-style tone stacks] 1x10 Default Driver: Celestion Ten 30",,,,,
68 Custom Pro Reverb,Fender,Amp & Cab,Amp & Cab,68 Custom Pro Reverb,"(Silverface inspired [custom] / player-mod inspired; silverface cosmetics; warmer, looser feel; often reduced negative feedback/ Bassman-style tone stacks] 1x12 Default Driver: Celestion G12V-70 (V-Type)",,,,,
68 Custom Vibro Champ Reverb,Fender,Amp & Cab,Amp & Cab,68 Custom Vibro Champ Reverb,"(Silverface inspired [custom] / player-mod inspired; silverface cosmetics; warmer, looser feel; often reduced negative feedback/ Bassman-style tone stacks] 1x10 Default Driver: Celestion Ten 30",,,,,
68 Twin Reverb,Fender,Amp & Cab,Amp & Cab,68 Twin Reverb,"(Early Silverface: silverface cosmetics; warmer, looser feel; often reduced negative feedback/ Bassman-style tone stacks]2x12 Default Driver: CTS 12",,,,,
68 Vibrolux Reverb,Fender,Amp & Cab,Amp & Cab,,"(Early Silverface: silverface cosmetics; warmer, looser feel; often reduced negative feedback/ Bassman-style tone stacks]2x12 Default Driver: CTS 12",,,,,
6G15 Reverb Unit,Fender,Reverb,Reverb,6G15 Reverb Unit,Fender's first spring reverb (later brought to Vibraverb amps in 1963),,1961,,,
810 PRO,Fender,Amp & Cab,Amp & Cab,,8x10 ceramic bass enclosure. Default Driver: Eminence Special Design (OEM Fender),,,Ampeg-like punch,,
Bassman 100 ,Fender,Amp & Cab,Amp & Cab,,"""Silverface""",,,,,
Bassman 115,Fender,Amp & Cab,Amp & Cab,,"1x15"" Bass Speaker Cab. ",,,,,
Bassman 215,Fender,Amp & Cab,Amp & Cab,,"2x15"" SIlverface Bassman cabinet",,,,,
Blender,Fender,"Harmonic Coloration, Stomp","Harmonic Coloration, Stomp",,"legendary, high-gain silicon fuzz pedal, known for its unique octave-up, ""wall of noise"" sound, favored by artists like . Featuring Volume, Sustain, Tone, and Blend controls",,1969-77,"produces intense distortion and sustained, harmonic-rich tones suitable for shoegaze and alternative rock. ","Kevin Shields (My Bloody Valentine),  Billy Corgan",
Blues Deluxe,Fender,Amp & Cab,Amp & Cab,Blues Deluxe Reissue,1x 12 Default Driver: Eminence Special Design (OEM Fender),,,,,
Brownface Vibrolux,Fender,Amp & Cab,Amp & Cab,,1x12 6G11 30W (6L6) amp,,1961-63,,,
Champion 600,Fender,Amp & Cab,Amp & Cab,,1x6 Default Driver: Specially designed speaker for Fender,,,,,
CTS,Fender,Amp & Cab,Amp & Cab,,"10"" custom alnico speaker from Chicago Telephone Supply",,,"tighter bass, slightly darker, smoother breakup when compared to Jensen C10Q",,
Cyber-Twin SE,Fender,Amp & Cab,Amp & Cab,,"2x12 130W tube-preamp combo amp. featuring extensive, programmable digital effects, including a specialized, warm, and wobbling tape echo simulation. This second-edition model offers 250 presets, motorized knobs, and unique effect combinations like Octaver + Tape Echo",,,,,
Dual Showman,Fender,Amp & Cab,Amp & Cab,,"2x15 JBL D130F ""Dripman""",,,,"Dick Dale, Stevie Ray Vaughan, Dick Dale",
E Model Rhodes,Fender,Keyboard,Keyboard,E Model Rhodes,Specific 1971 Fender Suitcase Rhodes piano owned by Leeds Instrumental Rentals in North Hollywood during the 70's - 80s. It was modded / tuned by Eddy Reynolds,Eddy Reynolds,1971,,"Al Jarreau, Donald Fagen (Steely Dan) ",
EVH 5150 III 100W (6L6),Fender,Amp & Cab,Amp & Cab,5150 III 100W (6L6),,,,,,
EVH 5150 III 4x12,Fender,Amp & Cab,Amp & Cab,EVH 5150 III 4x12,Closed back straight 4x12 Default Driver: Celestion G12 EVH,,,,,
EVH 5150 III 50W (6L6),Fender,Amp & Cab,Amp & Cab,EVH 5150III 50W (6L6),,,,,,
EVH 5150 IIIs 100W (EL34),Fender,Amp & Cab,Amp & Cab,5150 IIIs 100W EL34,,,,,,
Fuzz Wah,Fender,"Modulation, Stomp, Harmonic Coloration","Harmonic Coloration, Modulation, Stomp",,Vintage 70s-inspired ,,,gritty overdrive fuzz (rather than heavy distortion) w/ vocal sounding wah,,
FVP-1 Volume Pedal,Fender,"Dynamics, Stomp","Dynamics, Stomp",,,,,,,
FWP-1 Wah Pedal,Fender,"Modulation, Stomp","Modulation, Stomp",FWP-1 Wah Pedal,,,,,,
FX-1 / FX-2,Fender,Pitch Tools,Pitch Tools,,Digit,,,,,
Hammertone Chorus,Fender,"Modulation, Stomp","Modulation, Stomp",Hammertone Chorus,Analog-style chorus w/ Triangle-wave LFO,,,"Bright, defined swirl. Little more ""movement"" than a smooth CE-style chorus. Classic 80s clean tone shimmer. ",,
Hammertone Flanger,Fender,"Modulation, Stomp","Modulation, Stomp",Hammertone Flanger,,,,,,
Harvard,Fender,Amp & Cab,Amp & Cab,Harvard,5F10 (1955-61) ,,,,,
Hot Rod Deluxe,Fender,Amp & Cab,Amp & Cab,Hot Rod Deluxe IV,1x12 Default Driver: Eminence Special Design (OEM Fender),,,,,
Hot Rod Deville 212,Fender,Amp & Cab,Amp & Cab,Hot Rod Deville 212 IV,2x12 Default Driver: Eminence Special Design (OEM Fender),,,,,
Hot Rod Deville 410,Fender,Amp & Cab,Amp & Cab,,4x10 Default Driver: Eminence Special Design (OEM Fender),,,,,
Jaco Pastorius Jazz Bass,Fender,Bass,Bass,Jaco Pastorius Jazz Bass," (Derived from 1962 Fender Jazz Bass, Bass of Doom). ",,,,,
Jaco Pastorius Relic Fretless Jazz Bass,Fender,Bass,Bass,,,,,,,
Jazz Bass,Fender,Bass,Bass,Jazz Bass,4 Strings,,,,,
Johnny English Masterbuild Jazz Bass,Fender,Bass,Bass,,,,,,,
Marcus Miller Jazz Bass,Fender,Bass,Bass,,,,,,,
Mark Hoppus Jazz Bass,Fender,Bass,Bass,,,,,,,
MH-412SL Metalhead,Fender,Amp & Cab,Amp & Cab,MH-412SL Metalhead,4x12 slanted cab designed for  Fender MH-500 Metalhead Amp; G12K-100,,,,,
MH-500 Metalhead,Fender,Amp & Cab,Amp & Cab,,,,,,,
Mini '65 Twin-Amp,Fender,Amp & Cab,Amp & Cab,Mini '65 Twin-Amp,,,,,,
Phaser,Fender,"Modulation, Stomp","Modulation, Stomp",,4-stage phaser circuit; entirely analog modeled Phaser recreates the sound of one of the best known classics of the past. ,,1970s,,,
Precision Bass,Fender,Bass,Bass,Precision Bass,4 Strings,,,,,
Pro Junior,Fender,Amp & Cab,Amp & Cab, Pro Junior IV,1x10 Default Driver: Eminence Special Design (OEM Fender),,,,,
Rhodes Mark I Stage 73,Fender,Keyboard,Keyboard,Fender Rhodes Mark I,73-key electric piano,,1969-74,"(warm, classic tones) ",,
Rhodes Mark I Suitcase 88,Fender,Keyboard,Keyboard,Fender Rhodes Mark I,88-key electric piano,,1972-75,,,
Rhodes Piano Bass,Fender,Keyboard,Keyboard,,"Built after Pre-Piano, but before Electric Piano. Last device built before CBS purchased Fender and Rhodes in 1962",Harold Rhodes,pre-1962,,"Doors (Light My Fire, Riders on the Storm)",
Rhodes Pre-Piano,Fender,Keyboard,Keyboard,,"Rare, predecessor to the Rhodes. Originally sold to the LA school distrrict's music progtram. Only Rhodes ever equipped w/ self-amplification. ",Harold Rhodes,1946,,,
Showman,Fender,Amp & Cab,Amp & Cab,,"1x15 Cabinet, includes 1 JBL D130F speaker",,,,"Dick Dale, Nels Cline, Keith Richards, Jack White",
Special Design,Fender,Amp & Cab,Amp & Cab,,"12"", 50W Custom Eminence 8ohm special designed Fender. (Common Custom Fender Speaker) ",,,,,
Sub-Lime Bass Fuzz,Fender,Harmonic Coloration,Harmonic Coloration,,"dedicated bass fuzz effect featuring a, distinctive lime-green, backlit, large knob for controlling, fuzz gain. It is designed for, bass-specific, frequency-controlled, fuzz ",,2010,,,
Super Bassman 300,Fender,Amp & Cab,Amp & Cab,Super Bassman 300,,,,,,
Super Six Reverb,Fender,Amp & Cab,Amp & Cab,,6x10; Default Driver: CTS 10,,,,,
Super-Sonic 22,Fender,Amp & Cab,Amp & Cab,Super-Sonic 22,,,,,,
TBP-1 Bass Preamp,Fender,Amp & Cab,Amp & Cab,,,,,,,
The Bends Compressor,Fender,"Dynamics, Stomp","Dynamics, Stomp",The Bends Compressor,,,,,,
The Twin,Fender,Amp & Cab,Amp & Cab,The Twin,"""Red Knob""",,,,,
ToneMaster FR212,Fender,Amp & Cab,Amp & Cab,ToneMaster FR212,1000W Class-D Power Amp closed back combo 2x12 Fender Special Design,,,,,
ToneMaster Pro,Fender,"Pitch Tools, Stomp","Pitch Tools, Stomp",,,,,,,
Tweed Champ 1x8,Fender,Amp & Cab,Amp & Cab,,Narrow Panel Tweed Champ Style Cabinet,,,,,
Vibratone,Fender,Amp & Cab,Amp & Cab,,"Fender branded version of the Leslie Vibratone, designed as a portable, powered-by-amp rotary speaker for guitarists rather than organs. Uses a 10"" speaker w/ a ortating styrofoam baffle. (Traditional Leslies rotate the speaker itself) ",,1969-72,,,
Vibro-King,Fender,Amp & Cab,Amp & Cab,,,,,,,
Vibroverb,Fender,Amp & Cab,Amp & Cab,,"1964, Blackface, AB763",,,,Stevie Ray Vaughan,
12-4L,Fisher,Amp & Cab,Amp & Cab,,Vintage 12-inch Alnico magnet speaker. OEM Component in SIlvertone 148x/147x tube amps. 4 ohms,,1960s,"warm, wintage tone. low-to-mid wattage. ",,
Farm Stone Room,Fisher Lane Farm Studio (Surrey),Studio,Studio,Fisher Lane Farm,"Genesis' recording studio in Chiddingfold, Surrey",,1981-97,,,
Imperial,Fodera,Bass,Bass,,,,,,,
Yin Yang,Fodera,Bass,Bass,Yin Yang Standard Models,,,,,,
Foot Phaser,Foxx,"Modulation, Stomp","Modulation, Stomp",,"analog phaser built into a wah-style treadle enclosure. It is known for using 10 matched JFET transistors, offering both auto-modulation and manual expression control, with speed, depth, and intensity controls. ",,1970s,"lush, deep phaser effect",Brian May,
Tone Machine,Foxx,"Harmonic Coloration, Stomp","Harmonic Coloration, Stomp",Tone Machine,"octave fuzz pedal.  Famous for its distinctive furry, velvet-covered enclosure, the pedal uses four transistors to deliver a high-gain, ""brittle"" sound favored by rock artists. It is often emulated today, notably by the Warm Audio Foxy Tone Box. ",Steve Ridinger,1972,"known for its thick, sustaining fuzz and switchable, searing octave-up effect.",,
Cobra,Framus,Amp & Cab,Amp & Cab,,100W,,,,,
Peachfuzz,Frantone,"Harmonic Coloration, Stomp","Harmonic Coloration, Stomp",Peachfuzz,,,,,,
412,Friedman,Amp & Cab,Amp & Cab,412 Vintage Cabinet,"Closed Back. 110W. bass, mid response. top slots -->  2 x Celestion G12M-25 Greenback 16 Ohm speakers (broad mid-range attack / restrained top-end. Forward, punchy attitude to chords and a searing lead tone w/o fizz. Ideal for Friedman rock heads. bottom slots --> 2 x 12 Celestion Vintage 30s. (thousands of recordings w/ notable players. detailed / complex overtones, warm low-end, famously rich vocal mid-range and beautifully detailed top-end. Vintage 30 crunch)  ",,mid 1960s,,"Jimi Hendrix, Eric Clapton, Jeff Beck, Jimmmy Page",
BE100,Friedman,Amp & Cab,Amp & Cab,Friedman BE100 Deluxe,"BE = ""Brown Eye"""", (signature high-gain circuit to emulate modded British Plexi) 60s / 70s rock guitar amp [ Marshall Plexi cleans to intense / harmonically rich British distortion; punk / grunge and British cleans ]   12AX7 preamps. 3 channels [ clean, BE distortion, HBE heavy distortion ]  ",Dave Friedman,,,,
Buxom Betty,Friedman,Amp & Cab,Amp & Cab,,EL34 w/ Blackface and Plexi style circuitry,Dave Friedman,,,,
Buxom Betty 112 Cab,Friedman,Amp & Cab,Amp & Cab,Buxom Betty 112 Cab,"Celestion G12M-65 Creamback; 65W, Open Back. ",,,"(mid 60s) bass, mid response.  Celestion G12M-65 Creamback 16 Ohm speaker. [ definitive vintage Celestion ceramic magnet guitar speaker. When the G12M was developed in the mid-sixties, players like Hendrix, Clapton, Beck and Page, who typified the louder and more aggressive blues rock-playing styles that came to characterize that era, quickly adopted it ]","Jimi Hendrix, Eric Clapton, Jeff Beck, Jimmmy Page",
Dirty Shirley 112 Cab,Friedman,Amp & Cab,Amp & Cab,Dirty Shirley 112 Cab,"Celestion G12M-65 Creamback; 65W, Open back. ",,,"(mid 60s) bass, mid response.  Celestion G12M-65 Creamback 16 Ohm speaker. [ definitive vintage Celestion ceramic magnet guitar speaker. When the G12M was developed in the mid-sixties, players like Hendrix, Clapton, Beck and Page, who typified the louder and more aggressive blues rock-playing styles that came to characterize that era, quickly adopted it ] - Dirty Shirley has woody G12M tone w/ greater power. ","Jimi Hendrix, Eric Clapton, Jeff Beck, Jimmmy Page",
DS40 (Dirty Shirley) ,Friedman,Amp & Cab,Amp & Cab,Dirty Shirley,single channel  guitar 40W head [ inspired by Marshall JTM-45 used by Jimmy Page / Led Zeppelin ] designed for guitarists that want a Vintage Classic Rock tone inspired by British tube amps from the 60’s and 70’s.,Dave Friedman,,,,
PT20 (Pink Taco) ,Friedman,Amp & Cab,Amp & Cab,Pink Taco V2 Head,,Dave Friedman,,,,
Small Box Combo,Friedman,Amp & Cab,Amp & Cab,Small Box Combo,50W. EL34(2) 12AX7(3) 1x12 Default Driver: Celestion G12H-150 Redback,Dave Friedman,,,,
Treble Booster,Fryer,"Harmonic Coloration, Stomp","Harmonic Coloration, Stomp",Treble Booster,,,,,,
Feiten Ultralight 212,Fuchs,Amp & Cab,Amp & Cab,Buzz Feiten Vintage Cabinet,"(Renamed as Fuchs Ultralight 212). One Speaker is front mounted, and one speaker is rear mounted) ",Buzz Feiten,,,"Larry Carlton, Dean Parks",
Overdrive Supreme (Dumble) ,Fuchs,Amp & Cab,Amp & Cab,Fuchs Legacy Amps,,Andy Fuchs,,,,
"Train I
Train II",Fuchs,Amp & Cab,Amp & Cab,Fuchs Legacy Amps,Based on classic Trainwreck amp designs. ,Andy Fuchs,,,,
70 BC-108C,Fulltone,"Harmonic Coloration, Stomp","Harmonic Coloration, Stomp",70 BC-108C,"Fuzz. ideal for older 4 input Marshall amps, it has much more FUZZ than the '69 Pedal and includes a Mid control for extra clarity and cut. (Reportedly based on the Dallas Arbiter Blue Fuzzface used by Eric Johnson for Ah Via Musicom)",,,,,
Full-Drive 2,Fulltone,"Harmonic Coloration, Stomp","Harmonic Coloration, Stomp",Full-Drive 2,"Overdrive pedal Based around the desirable JRC4558 chip and 1990’s Full-Drive circuit, with 2 toggle switches for many more sonic options.",,,,,
OCD,Fulltone,"Harmonic Coloration, Stomp","Harmonic Coloration, Stomp",OCDv2,"OCD (Obsessive Compulsive Drive) highly popular, touch-sensitive guitar overdrive pedal , featuring simple Volume, Drive, Tone controls, and an HP/LP (High Peak/Low Peak) switch for voicing versatility. It uses MOSFETs for clipping, offers great clarity, and comes in various versions (V1, V2, GE) with enhancements like buffered bypass. DEFAULT is to model V1 unless specified by the plugin / model. ",,,"known for its dynamic, amp-like sound, reacting to picking dynamics and guitar volume for expressive tones from light grit to heavier distortion. blues, rock, ",,
Octafuzz,Fulltone,"Harmonic Coloration, Stomp","Harmonic Coloration, Stomp",Octafuzz 2,Exacty copy of Tycobrahe Octavia,,,,"Jimi Hendrix, Stevie Ray Vaughan",
Plimsoul,Fulltone,"Harmonic Coloration, Stomp","Harmonic Coloration, Stomp",,"versatile, hand-wired, two-stage overdrive/distortion pedal featuring both soft-clipping and hard-diode clipping, designed to emulate British tube amp distortion. Key specs include a 4-knob layout (Level, Hi-Cut, Sustain, Stage 2), ~500K Ohm input impedance, 300 Ohm output impedance, and operation between 9-18V DC, allowing for increased headroom",,,"known for its ability to go from soft, bluesy overdrive to harder, more aggressive distortion, offering high touch sensitivity",,
SSTE (Solid State Tape Echo),Fulltone,Delay,Delay,,SSTE (Solid State Tape Echo) High-fidelity analog tape delay unit. ,,,"designed as a modern, reliable and quieter alternative to vintage Maestro Echoplex EP-3",,
Ultimate Octave,Fulltone,"Harmonic Coloration, Stomp","Harmonic Coloration, Stomp",Ultimate Octave,"a smooth BC108 transistor fuzz with an active tone circuit, plus a second footswitch to kick in a searing Octave Up on command. The Fat/Bright switch changes the entire contour, affecting both the fuzz and the octave, so you can choose either the thicker, mid forward Fat setting or the more open Bright setting with defined highs and a slightly scooped mid-range. It isn’t fussy about guitar choice either—tracking is solid on any pickup most anywhere on the neck, though the neck pickup will give you the most pronounced octave clarity. If you need more octave, turn Tone up, back Distortion down a touch, and raise Volume. Simple",,,,Joe Satriani,
PQ-3,Furman,EQ,EQ,,3-band PEQ. ,,1980s,notoriously noisy,Darrell Abbott,
115 RBH,Gallien-Krueger,Amp & Cab,Amp & Cab,115 RBH,1x15 400W closed back straight cabinet Default Driver Custom Eminence Ceramic,,,,,
2001RB,Gallien-Krueger,Amp & Cab,Amp & Cab,2001RB,,,,,,
410RBH,Gallien-Krueger,Amp & Cab,Amp & Cab,410RBH,4x10;800W. Default Driver Custom Eminence Ceramic,,,,,
700RB,Gallien-Krueger,Amp & Cab,Amp & Cab,700RB,,,,,,
700RB-II,Gallien-Krueger,Amp & Cab,Amp & Cab,700RB,,,,,,
800RB,Gallien-Krueger,Amp & Cab,Amp & Cab,,"Solid state bass amp; go-to bass amp for deep, punchy bass. Clean / transparent body. 100W and 300W amps. ",Bob Gallien,1980,,,
Backline 600,Gallien-Krueger,Amp & Cab,Amp & Cab,,"300W, 4-Band EQ",,,,,
CX210,Gallien-Krueger,Amp & Cab,Amp & Cab,CX210,400W 2x10;  Default Driver Custom Eminence Ceramic,,,,,
MB150S,Gallien-Krueger,Amp & Cab,Amp & Cab,MB150S,"(MB = MicroBass)150W Head [NOTE: There is a 112 combo version, but many players opted for the head w/ a 1x15 extension cabinet]",,,,,
NEO 212,Gallien-Krueger,Amp & Cab,Amp & Cab,NEO 212,2x12 800W Straight Closed Back Bass Cab. Default Driver: Custom Designed GK Neo Neodymium Speakers,,,,,
NEO 410,Gallien-Krueger,Amp & Cab,Amp & Cab,NEO 410,4x10 1000W Straight Closed Back Bass Cab. Default Driver: Custom Designed GK Neo Neodymium Speakers,,,,,
Brutalist Jr. ,GCI (God City Instruments) ,"Harmonic Coloration, Stomp","Harmonic Coloration, Stomp",Brutalist Jr. ,loosely based on the Providence Stampede,Kurt Ballou,2016,,,
G204V,Geloso,Amp & Cab,Amp & Cab,,,,,,,
G215,Geloso,Amp & Cab,Amp & Cab,,,,,,,
EB-0,Gibson ,Bass,Bass,Gibson EB-0,,,,,,
EH185,Gibson ,Amp & Cab,Amp & Cab,,"1x12"" Jensen Field Coil",,1930s,,,
GA-18,Gibson ,Amp & Cab,Amp & Cab,,,,,,,
GA-5 Skylark,Gibson ,Amp & Cab,Amp & Cab,,Jensen C8R,,1968,,,
Thunderbird,Gibson ,Bass,Bass,Thunderbird,,,,,,
Model 8200,GML (George Massenburg Labs) ,EQ,EQ,"Model 8200
MDW EQ5",The Model 8200 has 2 channels of 5 overlapping bands of parametric EQ with 15db of boost/cut and adjustable Q/bandwidth. ,George Massenburg,,,,
GSG100,Grammatico,Amp & Cab,Amp & Cab,GSG100,1 x Celestion G12-65,,,,,
LaGrange,Grammatico,Amp & Cab,Amp & Cab,LaGrange,1x12 Jensen P12Q,,,,,
6156 Playboy,Gretsch,Amp & Cab,Amp & Cab,,,,,,,
USA Custom,Gretsch,Drums,Drums,USA Custom Drums,,,,,,
MD1a,Groove Tubes,Microphone,Microphone,MD1a,large diaphragm electret cardioid tube condenser microphone,,,,,
MD1b-FET,Groove Tubes,Microphone,Microphone,MD1b-FET,cardioid condenser,,,,,
Velo 8,Groove Tubes,Microphone,Microphone,Velo 8,omni ribbon,,,,,
B-54 Acoustic Bass,Guild,Bass,Bass,Guild B-54 Acoustic Bass,,,,,,
GA-930,Guyatone,Amp & Cab,Amp & Cab,,,,,,,
B-3 Organ,Hammond,Keyboard,Keyboard,Hammond Organ,tonewheel organ that became central role of rock in 70s ,,1930s,"[jazz, blues, gospel, pop]",,
Meistersaal,Hansa Tonstudios,Studio,Studio,Hansa Studios - Meistersaal,Virtual room based on Berlin's Hansa Tonstudios,,,,,
32C EQ,Harrison,EQ,EQ,Harrison 4032 Console,4 fully sweeable overlapping parametric peaking bands of EQ w/ HPF/LPF. warm + rich,,,,,
4032 Console,Harrison,Console,Console,Harrison 4032 Console,,,,,,
A35 ,Hartke,Amp & Cab,Amp & Cab,A35 ,,,,,,
HA3500,Hartke,Amp & Cab,Amp & Cab,HA3500,,,,,,
HA5000,Hartke,Amp & Cab,Amp & Cab,HA5000,,,,,,
HA5001,Hartke,Amp & Cab,Amp & Cab,HA5000,,,,,,
PR 30,Heil Sound,Microphone,Microphone,PR 30,Professional quality dynamic mic,,,"vocal; podcast, voiceover, studio quality",,
PR 40,Heil Sound,Microphone,Microphone,PR 40,dynamic mic,,,"podcast, broadcast, home and studio recording. ",,
Type 69,Helios,Console,Console,Helios Consoles,"The original Helios console commissioned by Keith Grant in Studio Two of London Olympic Studios; 3-band passive EQ w/ fat midrange, assertive growl. Preamps w/ harmonic distortion",Dick Swettenham,1969,"Jimi Hendrix, Procul Harum, Led Zeppelin, Traffic, Roling Stones, Eric Clapton",,
Zendrive,Hermida (Lovepedal),,,Zendrive,"renowned, low-to-medium gain overdrive pedal ",Alfonso Hermida,,"designed to emulate Dumble-style tube amp tones. regarded for its ability to produce ""glass-smooth"" overdrive with high string-to-string clarity, making it popular for blues, jazz, and rock player",,
Demon,Hesu,Amp & Cab,Amp & Cab,Hesu Demon 12,"12"" spoeaker.. ",,,,,
M412BK-B,Hesu,Amp & Cab,Amp & Cab,M412,4x12 240W. Defaut Driver HESU Demon,,,,Jeff Loomis (Nevermore); Misha Mansoor,
Invader Vintage 35,HH Audio,Amp & Cab,Amp & Cab,,"Classic 12"" speaker common in Laney Amps",,,,,
The Hit Factory,"Hit Factory, The (NY) ",Studio,Studio,The Hit Factory,"Reference spatial processing for mixes. (Place on master buss, and bypass it when bouncing the mix) REFERENCE ONLY",Troy Germano,1975,,,
EQ,Hitsville USA,EQ,EQ,,"Custom-built inductor based graphic EQ used in the Motown Detroit studio. 7 bands of fixed-frequency (50, 130, 320, 800, 2k 12.5k), w/ proportional Q (narrower at higher boost/cut levels). UTC (United Tech. Corp.) and Freed transformers for warmth and harmanoic saturation. Specialized mastering version has a 1/2-speed option and mid-side functionality for stereo image control. ",,1960s,secret sauce of Motown sound. ,,
Motown Studios,Hitsville USA,Studio,Studio,Hitsville USA,,,1960s,,,
DR103 Custom 100,Hiwatt,Amp & Cab,Amp & Cab,DR103 ,"100W, 2 ch (normal, bright), 4 x 12AX7 (ECC83) , 4 x EL 34, 3 band EQ",Dave Reeve,,"Hi-Headroom, crystal-clean tonal character, instantaneous response, sonic depth and detail. ""iconic British sound"". Joe Satriani",,
DR201 Custom 200,Hiwatt,Amp & Cab,Amp & Cab,DR201,,,,,,
DR504 Custom 50,Hiwatt,Amp & Cab,Amp & Cab,DR504,,,,,,
SE212F,Hiwatt,Amp & Cab,Amp & Cab,SE212F,2x12 Cab Fane Purple Back (or Crescendo A),,1960s-70s,,,
SE4123F,Hiwatt,Amp & Cab,Amp & Cab,SE4123F,4x12 Cab Fane Purple Back (or Crescendo A),,1960s-70s,,,
500/1 Violin Bass,Hofner,Bass,Bass,500/1 Violin Bass,,,,,,
Clavinet C,Hohner,Keyboard,Keyboard,,"Designed as an electric clavichord for early European classic music and 1960s folk music. ""an electric guitar w/ keys"" ",Ernst Zacharias,,"Unlike more common D6, the C has fewer electronics and a punchier sound. ","Stevie Wonder (Superstition). Mainstay in 70's funk, soul, R&B and rock, David Bowie",
Clavinet D6,Hohner,Keyboard,Keyboard,Clavinet,,,1970s,"70s staples Funk, Soul, Rock, Disco ","Superstition and Higher Ground by Stevie Wonder ...and the list could stop there!  But there is so much more:• Outa-Space by Billy Preston • NutRocker and Still, You Turn Me On by Emerson, Lake and Palmer • You Make Loving Fun by Fleetwood Mac • Life In The Fast Lane by the Eagles • Trampled Under Foot by Led Zeppelin",
Clavinet E7,Hohner,Keyboard,Keyboard,,,Ernst Zacharias,1970s-80s,,,
Clavinet-Pianet DUO,Hohner,Keyboard,Keyboard,,"Rare, Hybrid version of Clavinet E7 and Pianet T, that included both instruments in the same enclosure. ",Ernst Zacharias,1982,,,
Pianet M,Hohner,Keyboard,Keyboard,,"Intended for home use. Later model Pianet that came w/ built-in effects unit called the ""Modulator""",Ernst Zacharias,1977-80s,,,
Pianet N,Hohner,Keyboard,Keyboard,,Intended for home use. ,Ernst Zacharias,,,"Beatles (I am the Walrus), Lovin Spoonful (Summer in the City) ",
Pianet T,Hohner,Keyboard,Keyboard,,"Intended for home use. Simpliest of all electro-magnetic keyboards of the era. No tremolo, no controls. Not even a volume knob",Ernst Zacharias,1977 - early 80s,,,
Precision Drive,Horizon Devices,"Harmonic Coloration, Stomp","Harmonic Coloration, Stomp",Precision Drive,,,,,,
Switchblade 100,Hughes & Kettner,Amp & Cab,Amp & Cab,,,,,,,
TC 412 A60,Hughes & Kettner,Amp & Cab,Amp & Cab,TC 412 A60,"240; 4x12 Default Driver: RockDriver Claswsic 60 (Custom-made for H&K, various manufacturers. Celestion and Eminence)",,,,,
Triamp MkII,Hughes & Kettner,Amp & Cab,Amp & Cab,Triamp MkII,100W; 6 channels (2ch per preamp); 3-band EQ;EL34 & 6L6,,,,Alex Lifeson,
SR (Soundgear) ,Ibanez,Bass,Bass,SR (Soundgear) ,,,,,,
TN120 Thermion,Ibanez,Amp & Cab,Amp & Cab,,,,,,,
TS808 (Tube Screamer) ,Ibanez,"Harmonic Coloration, Stomp","Harmonic Coloration, Stomp",Ibanez Tube Screamer,"The original Tube Screamer circuit with slightly lower output and smoother clipping, designed to gently push an amp rather than dominate it",,1979,"Smooth and polite. Warm, soft, mid-forward drive with rounded highs that blends into the amp and feels forgiving under the fingers.",,
TS808DX,Ibanez,"Harmonic Coloration, Stomp","Harmonic Coloration, Stomp",,"""Tube Screamer Overdrive Pro Deluxe"" combined the classic TS808 overdrive circuit w/ an independent high gain (+20dB or more) in a single unit. ",,,,,
TS9 (Tube Screamer) ,Ibanez,"Harmonic Coloration, Stomp","Harmonic Coloration, Stomp",TS9 Tube Screamer,"A hotter, more aggressive revision of the Tube Screamer with increased output and a slightly harder clipping character.",,,"Louder and sharper. Brighter and punchier with more bite in the upper mids, cutting through mixes more assertively.",,
WH10,Ibanez,"Modulation, Stomp","Modulation, Stomp",Ibanez WH10v3 (Reissue) ,"highly popular wah pedal . The guitar/bass range switch enables switching between two preset frequency ranges best suited for each instrument. This is also the first wah pedal to utilize a multiple feedback opamp circuit, creating a much different tonal quality versus more common inductor based wahs",,,,,
IVP,Intersound,Preamps & DI,Preamps & DI,,"IVP (Instrument Voicing Preamp) rare solid-state rackmount preamp known for its unique transformer-based ""Tube Voice"" overdrive, extensive 6-band EQ, and high-headroom clean tones. ",,late-70s,"offers a distinct, aggressive, and sometimes metallic distortion, making it a cult favorite for guitar and bass","Steve Albini, Bob Weir",
Decimator,ISP Technologies,"Dynamics, Stomp","Dynamics, Stomp",,"premier, highly responsive noise reduction system designed for electric guitars to eliminate hum and hiss, especially in high-gain rigs. ""clamps noise based solely on signal passing through it"" ",,,"widely used for its transparent, ""no-stutter"" performance, utilizing a single threshold knob for quick, accurate tracking of playing dynamics. Fast, transparent noise reduction that can feel abrupt if gain staging changes upstream.",,
Decimator G-String,ISP Technologies,"Dynamics, Stomp","Dynamics, Stomp",,Intelligent version of decimator. Keyed noise gate that tracks clean guitar signal while gating noisy gain stages separately,,,"more natural and musical gating (than Decimator) that stays tight w/o choking sustain even w/ high-gain rigs. ""Smarter gating that follows your playing, not your noise"" ",,
Archer,J-Rockett,"Harmonic Coloration, Stomp","Harmonic Coloration, Stomp",J-Rockett Archer,exact tribute to the legendary Klon Ceentaur featuring germanium diodes and captures every nuance of the original unit ,,,,Gus G.,
Upright Toy Piano,Jaymar,Keyboard,Keyboard,,,,,,,
D120F,JBL ,Amp & Cab,Amp & Cab,,"12""; 50-100W Driver designed specifically for Fender amplifiers. ",,,"loud, clean, bright tones and high-mid punch","Duane Allman, Dickey Betts",
D130,JBL ,Amp & Cab,Amp & Cab,D130,"15"" Driver",,,,,
D130F,JBL ,Amp & Cab,Amp & Cab,,"15""; 60W Driver designed specifically for Fender amplifiers. ",,,,,
D140F,JBL ,Amp & Cab,Amp & Cab,,"18"" Driver designed specifically for Fender amplifiers. (Mostly for bass)",,,,,
Blackbird 40,Jensen,Amp & Cab,Amp & Cab,12 Blackbird 40,"JP12-40BB; 12"" 40W Alnico speaker",,,,,
Blackbird 100,Jensen,Amp & Cab,Amp & Cab,,"JP12-100BB; 12"" 100W Alnico speaker",,,"Highly refined tone. Powerful, warm bass range, balanced mids, sparkling highs, with both chime and smoothness. Excellent for the most high-end applications, where the details and the harmonic spread make a difference for the discerning users.",,
"12"" Field Coil Speaker",Jensen,Amp & Cab,Amp & Cab,,"12"" Field Coil Speaker. These are pre-WWII speakers. (Probably in early Gibsons) ",,,,,
C10Q,Jensen,Amp & Cab,Amp & Cab,C10Q,"10""; 35W. Primarily used in Vibrolux (Blackface) and VibroVerb (Brownface). ",,,,,
C10R,Jensen,Amp & Cab,Amp & Cab,C10R,Ceramic version of the P10R. (speaker of Blackface Princeton and Princeton Reverb) 25W,,,,,
C12K,Jensen,Amp & Cab,Amp & Cab,C12K,"12"", 100W, Ceramic, inspired by vintage ceramics. Fender amps in early 90s",,,"Substantially stronger voice, fullbass and smooth top end. ""Vintage tone w/ modern power"" ",,
C12N,Jensen,Amp & Cab,Amp & Cab,C12N,"12"", 50W. Used in Twin Reverb, Bassman, and Bandmaster. AKA ""Blue Back""",,,,,
C12Q,Jensen,Amp & Cab,Amp & Cab,C12Q,"12""; 35W. Common in Fender, Ampeg, Silvertone and Supro",,,"brighter, looser low end, earlier breakup (When compared to Fender CTS)",,
C15N,Jensen,Amp & Cab,Amp & Cab,C15N,"15""; 50W; Common in Fender Pro and Vibrolux as well as Leslie 122 and 147",,,first choice speaker for many pedal steel and blues players. ,,
C8R,Jensen,Amp & Cab,Amp & Cab,C8R,1x8;25W,,,,,
P10R,Jensen,Amp & Cab,Amp & Cab,P10R,,,,,,
P12Q,Jensen,Amp & Cab,Amp & Cab,P12Q,"12""/40W. Lower power alternative to P12N. Replaces P12R in many Fender Custom Series reissues.",,,,,
P12R,Jensen,Amp & Cab,Amp & Cab,P12R,,,,,,
P15N,Jensen,Amp & Cab,Amp & Cab,P15N,"15""; 50W. (One of the first speakers ever used in guitar amps.) Fender Bassman, Bandmaster",,,"warm, full bodied tone w/ deep basses and a nice, extended top end. ",,
JCA 100HDM,Jet City,Amp & Cab,Amp & Cab,JCA 100 HDM,Mike Soldano Mod,Mike Soldano,,,,
JCA 20H,Jet City,Amp & Cab,Amp & Cab,JCA 20H,Mike Soldano Mod,Mike Soldano,,,,
JCA48S,Jet City,Amp & Cab,Amp & Cab,,"4x12 cab. Part of the ""design by Soldano"" series. 280/140W. S = Straight. Default: Uses 12-5875 OEM based Eminence Legend Speakers. ",Mike Soldano,,,,
Morning Glory,JHS,"Harmonic Coloration, Stomp","Harmonic Coloration, Stomp",Morning Glory,,,,,,
JMI Vox Continental,JMI Vox,Keyboard,Keyboard,Vox Continental,"JMI (Jennings Musical Instrument, Vox parent company) Transistor based organ.",,1962-," Bright, cutting [rock, pop, psychedelic]",,
"""Deacy""",John Deacon,Amp & Cab,Amp & Cab,Deacy Amp,Guitar amp created by John Deacon for Brian May. Uses 1x6.5 inch ELAC 6RM/202,,1972,,Brian May,
J412V,Johnson,Amp & Cab,Amp & Cab,Johnson / DigiTech / Harman Amps,4x12 straight back cabinet. Default Driver: Celestion Vintage 30 (commonly modded),,,,,
Boss Tone,Jordan,"Harmonic Coloration, Stomp","Harmonic Coloration, Stomp",,"legendary, compact plug-in fuzz/distortion unit, designed for maximum fuzz",,1967,"known for its aggressive, snarling and high sustain tones. ","Russell DaSheill (famous riff for ""Spirit in the Sky""/Norman Greenbaum) ",
10SC,Jupiter,Amp & Cab,Amp & Cab,10SC,"10"" 25W Vintage American ceramic guitar speaker. It's considered an upgrade replacement for a Jensen C10R",,,,,
BMG Treble Booster Classic,KAT (Knight Audio Technologies) ,"Harmonic Coloration, Stomp","Harmonic Coloration, Stomp",BMG Treble Booster Classic,,,,,Brian May,
4 Knob Compressor,Keeley,"Dynamics, Stomp","Dynamics, Stomp",4 Knob Compressor,,,,,,
Centaur,Klon,"Harmonic Coloration, Stomp","Harmonic Coloration, Stomp",Klon Centaur,emulated the distortion of a guitar amp being played at high volume,"Bill Finnegan (Boston, MA) ",1994-2008,,"Jeff Beck, Joe Perry, John Mayer, Ed O'Brien (Radiohead) ",
Twintone,Koch,Amp & Cab,Amp & Cab,Twintone III Combo,"It features 100 editable program RAM locations, 20 distinct effect chains (using up to 6 simultaneous effects), and 41 effect types, including modulation, delay, reverb, and unique, high-quality, ""glassy"" modulation effects. Includes distortion, overdrive, compression, exciter, chorus, phaser, flanger, pitch shifters, and various delays/reverbs.",,80s-90s,"Known for its distinct 80s/90s, high-quality, and ""glassy"" digital effects, often used in studio recordings and live performances.",,
Upright,Koch & Korselt,Keyboard,Keyboard,,Upright grand piano from Bohemia (modern Czech Republic) ,,1915,"known for warm rich, resonant / powerful sound. ",,
Harmochord,Koestler,Keyboard,Keyboard,,"electric ""harmonium"" made in West Germany. ",,1960s,"popular w/ indie bands, (revival due to interest in unusual vintage instruments) ",,
A3,Korg,Multi Effects,Multi Effects,,,,,,U2 (Mysterious Ways) ,
DW-8000,Korg,Synth / Samplers,Synth / Samplers,DW-8000,updates version of Korg DW-6000 (Korg's first digitally controlled analoc synth) 8 voice polyphonic,,1985-87,,"Depeche Mode, Dream Theater, Joe Zawinul, Keith Emerson",
ElecTribe R (ER-1) ,Korg,Synth / Samplers,Synth / Samplers,ElecTribe R,synth + sequencer,,1990s,,"Orbital, Cirrus, Dan Hekate, Saulaterre, The Prodigy, YB70, 69db, MDFMK, Crystal Distortion, the Crystal Method, Massive Attack, and the Chemical Brothers.",
Kronos,Korg,Synth / Samplers,Synth / Samplers,Kronos,Music workstation with multiple synth engines,,,,,
M1,Korg,Synth / Samplers,Synth / Samplers,Korg M1,PCM Synthesizer,,1988-95,,Madonna (Vogue) ,
microKORG,Korg,Synth / Samplers,Synth / Samplers,"Korg microKORG
microKORG (Wiki) ","analog modeling sound generator, vocoder, synth",,2002,,,
MiniKorg 700,Korg,"Keyboard, Synth / Samplers","Keyboard, Synth / Samplers",MiniKorg 700,"Monophonic analog keyboard / synth. 2 VCOs (sawtooth, triangle, square), LFO",,1974,74,"The Cure, Human Leage, Vangelis, Stevie Wonder, The Cars",
Mono/Poly (MP-4),Korg,Synth / Samplers,Synth / Samplers,Mono/Poly (MP-4),paraphonic analog synthesizer,,1981,,,
MS-20,Korg,Synth / Samplers,Synth / Samplers,Korg MS-20,"semi-modular, dual filter analog monosynth",,1978,"raw, aggressive, experimental, gritty",,
MS-20,Korg,Synth / Samplers,Synth / Samplers,"Korg MS-20 (Korg)
Korg MS-20",Patchable semi-modular monophonic analog subtractive synth. 2 HP/LF filters. 2 VCA,,1978-83,,,
Nautilus,Korg,Synth / Samplers,Synth / Samplers,Nautilus,Music workstation with multiple synth engines,,,,,
PolySix,Korg,Synth / Samplers,Synth / Samplers,PolySix,6 voice polyphonic analog synth,,1981,,,
Prophecy,Korg,Synth / Samplers,Synth / Samplers,Prophecy,hybrid synthesizer,,1995,,,
PS-3300,Korg,Synth / Samplers,Synth / Samplers,"PS-3300
PS3300 (Vintage Synths) ",Super rare polyphonic synth (< 50 made) (Very early poly synth) ,,1974-81,,"Vangelis, Emerson, Lake and Palmer",
SDD-3000 Digital Delay,Korg,"Delay, Stomp","Delay, Stomp",SDD-3000,12-bit digital delay w/ 4 waveform types of feedback modulation. 5 I/O routing modes. ,,1982,"[ new wave, 80s synth, very common for guitar ]",,
Trident,Korg,Synth / Samplers,Synth / Samplers,Trident,polyphonic programmable instrument,,"1980, 1982 (mkII)",,"Rick Wakeman, Joe Zawinul",
Trinity  ,Korg,Synth / Samplers,Synth / Samplers,Trinity  ,"32 voice ""breakthrough"" synth",,1995-98,,"Dream Theater, Duran Duran, Rick Wakeman, Yes, Vangelis",
Triton,Korg,Synth / Samplers,Synth / Samplers,Korg Triton,workstation synth,,1999,,,
Triton Extreme,Korg,Synth / Samplers,Synth / Samplers,Korg Triton,workstation synth - expanded from original Triton,,2004,,,
Wavestation,Korg,Synth / Samplers,Synth / Samplers,Korg Wavestation,wavetable sequencer and vector synthesis,,1990,,,
X911,Korg,"Synth / Samplers, Modulation, Pitch Tools, Harmonic Coloration","Harmonic Coloration, Modulation, Pitch Tools, Synth / Samplers",X-911,"Intended to be a stand-alone guitar synth, but is now considered an all analog unique signal processor/effects unit. ",,,,,
Dynamic Overdrive,Landgraff,"Harmonic Coloration, Stomp","Harmonic Coloration, Stomp",,"""Holy grail"" Tube Screamer variant. known for distinct ""vomit"" paint job. ",John Landgraff,,"3-way toggle switch for Tube Screamer, Dumble and Marshall style tones. ",,
GH50L,Laney,Amp & Cab,Amp & Cab,,,,,,,
GH50R,Laney,Amp & Cab,Amp & Cab,,,,,,,
VC30-212,Laney,Amp & Cab,Amp & Cab,VC30,"30W  Class A(Came in 112, 210, 212 combos) 2x12 EL84(4) ECC83(23) or 7025(3) Default Driver: HH Invader Vintage 35",,,,,
L47MP,Lawson,Microphone,Microphone,L47MP,large tube condenser. features the Lawson reproduction of the M7 capsule used in the legendary U47 and M49 microphones. ,,,,,
The Plate II,Lawson,Reverb,Reverb,,,Gene Lawson,1970s,"Used in Nashville, TN. Specific, desirable sound for vocal and instrumental recording. ",,
Omega,Lerxst,Amp & Cab,Amp & Cab,Omega,Alex Lifeson signature guitar head & flagship Omega head. Hand-built/Hand-wired. 50/25W (switchable)  clean/lead channels. 3-Band EQ. JJ EL34 (2) JJ 12AX7 (3),,,,Alex Lifeson,
Omega 4x12,Lerxst,Amp & Cab,Amp & Cab,Omega 4x12 Cabinet,"Modeled after producer Nick Raskulinecz's 1972 Marshall 2069 4x12 cabinet used by Alex Lifeson while recording ""Clockwork Angels"". Closed back / Straight.  Default Driver: Mojotone BV-25M",,,,,
122,Leslie,Amp & Cab,Amp & Cab,Leslie Speaker,"Tube amp, balanced input (Hammond console pairing). Dual rotor (horn + drum) Sonically interchangeable w/ 122A, so I'll put all 122A clones here. ",Donald Leslie,,"smoother, darker, most recorded leslie sound. (This is the one)",,
147,Leslie,Amp & Cab,Amp & Cab,Leslie Speaker,"Tube amp, unbalanced input (combo organs). ",,,"slightly hotter, more aggressive than 122",,
3300W,Leslie,Amp & Cab,Amp & Cab,Leslie Speaker,"(Modern) solid state, very high power. Extremely loud, clean headroom. Designed for ""modern""  Hammonds",,,"Not vintage-voiced. Less ""syrupy"", more high-fi sounding. ",,
G37,Leslie,Amp & Cab,Amp & Cab,Leslie Speaker,"Solid-state, smaller cabinet (""guitar-adjacent""). ",,,"less depth, quicker response than full cabs",,
Studio 12,Leslie,Amp & Cab,Amp & Cab,Leslie Speaker,"Solid-state, compact. (studio/guitar friendly) ",,,"less low-end bloom. Faster, tighter swirl. ",,
Vibratone,Leslie,Amp & Cab,Amp & Cab,Leslie Speaker,"Leslie 122, 122A, 147, 3300w, G37, Studio 12",Donald Leslie,1947,,,
224 Digital Reverb,Lexicon,Reverb,Reverb,Lexicon 224 Digital Reverb,Defined sound of 80s; Classic digital reverb w/ 8 reverb algorithms and chorus,,1978,,,
480L,Lexicon,Reverb,Reverb,Lexicon 480L,"Classic Cinematic / Studio Reverb w/ 5 reverb algorithms, a 4-voice delay line, modulation, doubling, tremolo and chorus",,1986,,,
PCM 70,Lexicon,"Delay, Reverb","Delay, Reverb",,"""poor man's 224"". Known for llush reverbs and iconic, complex delays",,1980s,,,
Prime Time 93 Digital Delay,Lexicon,Delay,Delay,Lexicon Model 93 Super Prime Time Digital Delay,Mono delay w/ 2 independent taps. ,,1978,Daniel Lanois,,
Goatkeeper 2,Lightfoot,"Modulation, Stomp","Modulation, Stomp",Lightfoot Labs Goatkeeper 3,"analog, tap-tempo tremolo/sequencer pedal featuring a 2-stage LFO, 6 standard waveforms, and 5 user-definable waveforms. It utilizes a THAT Corp VCA",,,"offers advanced rhythm capabilities, allowing for unique, complex polyrhythmic sounds beyond standard, smooth, or percussive tremolo",,
IBP,Little Labs,Spatial Processing,Spatial Processing,Little Labs IBP,Phase Alignment Tool (eliminates hollow comb-filtering) w/ digital delay. Used for audio restoration and creative / tonal shaping. ,,,,,
"VOG "" Voice of God"" ",Little Labs,"Dynamics, EQ","Dynamics, EQ",Little Labs VOG,"Bass Resonance Tool. target and accentuate low-frequency material (vocals, bass, drums). ""Ultimate bass resonance tool for mixing"" ",,2009,,,
Camel Cigar Box Amp,Little Smokey Amplifiers,Amp & Cab,Amp & Cab,Camel Cigar Box Amp,9V 1W mini amp. Total novelty,Bruce Zinky,,,,
Black Oyster Pearl,Ludwig,Drums,Drums,,4-piece kit,,,"This is a great choice for classic vintage sound. Used by legendary rock bands and star drummers symbols of the 60s, this kit carries on a proud drumming legacy. ",Ringo Starr,
Vistalite,Ludwig,Drums,Drums,Ludwig Vistalite,"5-piece set (""Zep"")",,,"(70s) Once upon a time, there was a hard-hitting rock ‘n’ roll drummer from the 70s with a larger-than-life stage presence. He was the one and only. This solid plexiglass drum kit delivers a pure, round tone through a fully-stabilized shell and dual-reinforced seams.",John Bonham,
Stereo Tube EQ,Lurssen Mastering,EQ,EQ,,"Custom designed tube-based EQ with fixed tuned frequencies and a proportional Q design [ Gavin Lurssen, Rueben Cohen ]",Gavin Lurssen,,"Smooth, musical tonal shaping.",,
Cab 112,M-Tech Audio,Amp & Cab,Amp & Cab,Cab 112,1x12 Closed-back cabinet. Options are Jensen / Celestion. Default Driver: Celestion Vintage 30s,,,,,
Cab 212,M-Tech Audio,Amp & Cab,Amp & Cab,CAB 212,2x12 Closed-back cabinet. Options are Jensen / Celestion. Default Driver: Celestion Vintage 30s,,,,,
EQ4M,Maag Audio,EQ,EQ,Maag EQ4M," 6-band EQ w/ ""Air Band"", silky highy end presence w/o harshness",,,,,
BB-1 Bass Brassmaster,Maestro,"Harmonic Coloration, Stomp","Harmonic Coloration, Stomp",,"legendary, rare, and highly sought-after bass fuzz pedal,  It features a, built-in harmonic generator/ring modulator, a robust, large, and distinctive metal housing, and simple controls to balance clean and fuzz. ",,1970s,"famous for its aggressive, synth-like tones and its unique blend of clean and distorted signals.",Chris Squire (Yes) ,
BG-2 Boomerang,Maestro,"Modulation, Stomp, Dynamics","Dynamics, Modulation, Stomp",,dual wah / volume pedal,,late 60s - 70s,known for throaty expressive tone. ,Frank Zapppa,
Echoplex EP-1,Maestro,Delay,Delay,Echoplex,"Mike Battles pioneering tube-driven tape delay unit. ""O.G"" Tape Delay. First delay unit to feature a sliding record head for adjustable delay times. ",Mike Battle ,early 1960s,"warm, organic and satured echo sounds. Famous for the (first?) slapback echo and along, trailing, ambient delays. Soft, dark, compressed repeats with pitch wander and bloom.",,
"Echoplex EP-3
Echoplex EP-4",Maestro,Delay,Delay,Echoplex,"classic 1/4"" tape echo/delay. ","Mike Battle, Don Dixon",1970,"EP-3 was heavily used by guitarists. EP-4 not so much due to the noise reduction circuit. Clearer, brighter repeats (from the EP-1) with a focused mid push and tighter modulation.",,
FZ-1 Fuzz Tone,Maestro,"Harmonic Coloration, Stomp","Harmonic Coloration, Stomp",Maestro Fuzz Tone,First widely marketed fuzz distortion guitar / bass effect. ,,1962,"Thin, raspy, gated fuzz with sharp attack and rapid decay.","Keith Richards (Satisfaction), Jimi Hendrix",
FZ-1B Fuzz Tone,Maestro,"Harmonic Coloration, Stomp","Harmonic Coloration, Stomp",Maestro Fuzz Tone,Revised FZ-1 w/ a new sound and a Robert Moog designed circuit. ,,1968,Slightly fuller and smoother fuzz with more sustain and less gating,Keith Richards (Satisfaction) ,
260,Magnatone,Amp & Cab,Amp & Cab,,"35-watt, 2x12 tube combo amplifier famous for its true pitch-shifting varistor-based vibrato (stereo-capable). It features two channels with separate volume, treble, and bass controls, powered by 5881 or 6L6 tubes. Key features include Oxford 12"" speakers",,1957-62,,,
Digital Echo & Ping Pong Delay,Manea,"Delay, Stomp","Delay, Stomp",,,,,,,
Langevin CR-3A,Manley,Microphone,Microphone,Langevin CR-3A, large cardioid capacitor microphone suitable,,,,,
Massive Passive ,Manley,EQ,EQ,Manley Massive Passive,"4-band passive tube EQ w/ 5 controls per band. LPF / HPF (passive -> resistors, inductors + capacitors) [Inspired by Pultec] ",,,,,
Massive Passive Mastering,Manley,EQ,EQ,Manley Massive Passive,"dual-channel (STEREO / MASTERING), 4-band passive tube EQ w/ 5 controls per band. LPF / HPF (passive -> resistors, inductors + capacitors) [Inspired by Pultec] ",,,,,
Reference Gold,Manley,Microphone,Microphone,Reference Gold,large-diaphragm tube condenser,,,bass,,
Variable-Mu,Manley,Dynamics,Dynamics,Manley Variable Mu,"(""King of the 2 Bus"") tube / transformer driven compressor / limiter w/ 5 operating modes. Based on ""6BA6 T-BAR Tube Mod"". uses ""remote cutoff"" style gain reduction (Fairchild and other limiters). Classic dual-triode gain reduction is constantly re-biased by SC control voltages. ",,1994,"Warm, creamy sound. Colored tone. Velvety smooth gain reduction w/ warm harmonic content free of artifacts.",,
VOXBOX,Manley,Channel Strip,Channel Strip,Manley VOXBOX,"boutique ""vocal channel"" ""alive"" Class A tube mic preamp; 3-band passive EQ (based on MEQ-5), opto-isolater compressor (LA-2A) + opto-isolator de-esser / limiter.",,1997,"  [ De-esser can be used on overheads, strings and guitar]",,
Orion,Mapex,Drums,Drums,,Mapex Orion,,,,,
LIttle Mark II,Markbass,Amp & Cab,Amp & Cab,LIttle Mark II,,,,,,
Mini CMD 121P,Markbass,Amp & Cab,Amp & Cab,Mini CMD 121P,,,,,,
TTE 500,Markbass,Amp & Cab,Amp & Cab,TTE 500,,,,,,
100JH,Marshall,Amp & Cab,Amp & Cab,,LImited Edition Jimi Hendrix,,2006,,,
1922 2x12,Marshall,Amp & Cab,Amp & Cab,1922 2x12,"Straight, Closed back. 75W Stereo/150 Mono. Default: 2 x G12T-75",,,,,
1935A,Marshall,Amp & Cab,Amp & Cab,,"Angled, closed back 100W bass cab. 4x12 Default Driver: G12M (55) Blackback",,1960s-80s,,,
1936,Marshall,Amp & Cab,Amp & Cab,1936 2x12 Closed Back,"Straight, Closed back. 75W Stereo/150 Mono. Default: 4 x G12T-75, late 80s to current.",,,,,
1959 Super Lead Plexi,Marshall,Amp & Cab,Amp & Cab,Marshall Super Lead,"SLP = Super Lead Plexi; JMP (Jim Marshall Products) 100W. aka Marshall JMP 100W ""Legendary"".  2 channels (Ch I - bright, present; Ch II - dark; full-bodied) References to Super Lead MkII land here as well.",,1968,"Similar in design to the Super Bass, but with a big reduction in bottom end and an increase in available gain, the Super Lead is where rock rhythm guitar tones live. Lots of crunch, no flabbiness, even some saturation when pushed hard. Brash, rude, instantly recognizable sound of rock'n' roll rebellion.","Pete Townshend, Jimi Hendrix, Eric Clapton, Jeff Beck, Jimmy Page, Eddie Van Halen, Angus Young (Highway to Hell, Back in Black), Yngwie Malmsteen",
1959 Super Lead Plexi HW,Marshall,Amp & Cab,Amp & Cab,Marshall Super Lead,Handwired reissue,,,,,
1960A,Marshall,Amp & Cab,Amp & Cab,1960A 4x12 Angled Cabinet,"Angled, Closed back. 150W Stereo/300W Mono.  Default: 4 x G12T-75, late 80s to current. [NOTE JCM800 and JCM900 were sometimes added to the description.]",,,,,
"1960A ""Stain""",Marshall,Amp & Cab,Amp & Cab,1960A 4x12 Angled Cabinet,"Angled, Closed back. 150W Stereo/300W Mono.  Default: 4 x G12T-65 [NOTE: This is an IK Multimedia model that is prevalent in TONEX, it MAY have been a common customization in the real world]",,,,Joe Satriani,
1960A Basketweave,Marshall,Amp & Cab,Amp & Cab,Marshall Basketweave,"Slanted, Open back amp from the 60s. 4x12; 80W. Default: G12M  Greenbacks",,1968,,,
1960AV,Marshall,Amp & Cab,Amp & Cab,1960AV 4x12 Angled Cabinet,"Angled, Closed back. 140W Stereo280W Mono.  Default: 4 x Vintage 30s",,,,,
1960AX,Marshall,Amp & Cab,Amp & Cab,1960AX 4x12 Angled Cabinet,"Angled, Closed back. 100W.  Default: 4 x G12M-25 (Aka G12M Greenbacks) ",,,,,
1960B,Marshall,Amp & Cab,Amp & Cab,Marshall 1960B 4x12,"Straight, Closed back. 150W Stereo/300W Mono.  Default: 4 x G12T-75, late 80s to current.",,,,,
1960BV,Marshall,Amp & Cab,Amp & Cab,1960BV Straight Cab,"Straight, Closed back. 140W Stereo280W Mono.  Default: 4 x Vintage 30s",,,,,
1960TV,Marshall,Amp & Cab,Amp & Cab,1960TV 4x12 Tall Angled Cabinet,"Angled, Closed back. 100W.  Default: 4 x G12M-25 (Aka G12M Greenbacks) ",,,,,
1965A,Marshall,Amp & Cab,Amp & Cab,,,,,,,
1974X,Marshall,Amp & Cab,Amp & Cab,1974X Handwired Combo,,,,,,
1982A,Marshall,Amp & Cab,Amp & Cab,1982A,(Commonly paired w/ JCM800) Slanted 400W closed back 4x12 Default Driver Celestion G12H-100,,1980s,,,
1987 Super Lead Plexi,Marshall,Amp & Cab,Amp & Cab,Marshall Super Lead,SLP = Super Lead Plexi; JMP (Jim Marshall Products) 50W,,,,,
1990 Lead 8x10,Marshall,Amp & Cab,Amp & Cab,,"rare vintage ""basketweave"" slanted, closed back cab designed for ""small box"" marshall heads. (originally 80W, increased to 100W in 1973) [commonly paired w/ Plexi heads. ] 8x10 Default Driver: Celestion G10 ""Red Back""",,1960s-70s,"punchy, tight sound",J Mascis,
1992 Super Bass Plexi,Marshall,,Amp & Cab,,"SBP = Super Bass Plexi; JMP (Jim Marshall Products) 100W (1968 is the ""default"" model)",,1968 - 71,"Great for cleaner tones, fat rhythm tones, and bass. The Super Bass is often chosen by guitarists for its smoothness, richness, and ability to take pedals. All of your Hendrix dream tones are in here. ","Eddie Van Halen, Jimi Hendrix, Led Zeppelin, AC/DC",
"2054
2056",Marshall,Amp & Cab,Amp & Cab,Marshall 2054 Cabinet,"125W closed back vintage cab. Celestion Powercel 15/125  [2054 = 1x15, 2056=2x15]",,1974,,,
2061X,Marshall,Amp & Cab,Amp & Cab,,,,,,,
2065,Marshall,Amp & Cab,Amp & Cab,,125W closed back vintage cab. Celestion Powercel 15/125,,,,,
2551A,Marshall,Amp & Cab,Amp & Cab,,"(Paired w/ 1987 Silver Jubilee) Angled, Closed back. 280W.  4x12 Default: Celestion G12T-75",,1987,,Slash,
4140 Club & Country,Marshall,Amp & Cab,Amp & Cab,4140 Club & Country,2x12 100W Combo; EL34 Default: G12-65 ,,1978-81,,,
6100 30th Anniversary ,Marshall,Amp & Cab,Amp & Cab,,,,,,,
6100LM 30th Anniversary ,Marshall,Amp & Cab,Amp & Cab,,LM = Lead Mod (Hotter variant of 6100),,,,,
AFD100,Marshall,Amp & Cab,Amp & Cab,,"AFD = ""Appetite for Destruction""; Slash Signature",,,,,
Bluesbreaker  ,Marshall,"Harmonic Coloration, Stomp","Harmonic Coloration, Stomp",Bluesbreaker (Reissue) ,"classic, low-gain overdrive pedal",,1991,"designed to emulate the warm, smooth, and natural breakup of the 1962 Marshall Bluesbreaker combo amp. Renowned for its transparent boost and dynamic responsiveness, it is a favorite for adding grit to solos without losing the guitar's original tone",,
Bluesbreaker 1962,Marshall,Amp & Cab,Amp & Cab,Marshall Bluesbreaker,Marshall's first combo. 30W 2x12 named for Eric Clapton /w John Mayall and the Blues Breakers; ,,1964 - 72,warm + crunchy,"Eric Clapton, John Mayall and The Bluesbreakers",
Drivemaster,Marshall,"Harmonic Coloration, Stomp","Harmonic Coloration, Stomp",Drivemaster (Reissue) ,"analog distortion/overdrive pedal featuring a durable steel chassis and 3-band EQ (Bass, Middle, Treble), ",,,"designed to emulate a JCM800 amplifier. More open (than Guv'nor) , less compressed drive with softer highs and greater dynamic response",,
JCM 25/50 2555 Silver Jubilee,Marshall,Amp & Cab,Amp & Cab,,3 channels. Switchable Power Amp (pentode/triode) ,,1987,,"Slash, John Frusciante, Alex Lifeson",
JCM2000 DSL100,Marshall,Amp & Cab,Amp & Cab,,DSL = Dual Super Lead,,,"More open, less compressed drive with softer highs and greater dynamic response",Joe Satriani,
JCM2000 TSL100,Marshall,Amp & Cab,Amp & Cab,,TSL = Triple Super Lead,,,,Joe Satriani,
JCM800 2203,Marshall,Amp & Cab,Amp & Cab,JCM800 2203 Reissue,100W,,1981-82,,,
JCM800 2203KK,Marshall,Amp & Cab,Amp & Cab,,Kerry King Signature Head,,,,,
JCM800 2203ZW,Marshall,Amp & Cab,Amp & Cab,,ZW = Zakk Wylde Signature Series,,,,,
JCM800 2204,Marshall,Amp & Cab,Amp & Cab,,50W,,1981,,,
JCM900 2100 ,Marshall,Amp & Cab,Amp & Cab,,(MkIII - first edition pre-SL-X which was a higher gain version) 100W; EL34(4) or 5881(4); 12AX7,,1990-92,"bright, aggressive, and sometimes ""saggy"" feel with tight, fast-attack distortion. often considered a ""transitional"" Marshall that bridges the gap between classic crunch and modern high-gain, often preferred by 90s rock and metal players for its raw sound. ",,
JCM900 4100,Marshall,Amp & Cab,Amp & Cab,JCM900 4100 Reissue,100W,,1990,"great rock tone, leads, heavy crunch. righter, gain-heavy, sometimes ""fizzy"" tone, less ""ballsy"" ",,
JH-1 Jackhammer,Marshall,"Harmonic Coloration, Stomp","Harmonic Coloration, Stomp",,"versatile, high-gain distortion and overdrive pedal designed to replicate Marshall amplifier tones. Known for being ruggedly built. Overdrive and distortion modes",,,"allows for extensive EQ shaping, specifically for heavy metal to classic rock",,
JMP 2203,Marshall,Amp & Cab,Amp & Cab,,Master Model Mk2 Lead,,1975-81,"AC / DC (Let There Be Rock), Iron Maiden, Jusas Priest, Motley Crue, Slayer, Anthrax, Jeff Beck. rock + metal. Common sound of late 70s early 80s",,
JMP 2204 MK2,Marshall,Amp & Cab,Amp & Cab,,"""",,,,,
JMP-1,Marshall,Amp & Cab,Amp & Cab,,Tube preamp only,,,,,
JTM 45/50 Mk II,Marshall,Amp & Cab,Amp & Cab,,"""Black Flag""; 50W. ""Plexi 65""",,1965,,,
JTM45 2245,Marshall,Amp & Cab,Amp & Cab,JTM45 2245 Reissue,Original Marshall amp (based on Fender Bassman) 30W,,1963,,"Eric Clapton, Jimi Hendrix, Rolling Stone",
JTM45/100 Super 100,Marshall,Amp & Cab,Amp & Cab,,"S100, ""Black Flag"" style. Plexi Crunch",,1966,,,
JVM 410H JS,Marshall,Amp & Cab,Amp & Cab,JVM 410H,(Joe Satriani Signature Series) ,,,,,
Lead 412,Marshall,Amp & Cab,Amp & Cab,,Legacy 4x12 cabinet (basis for the 1960 series) Default Driver Celestion G12M Greenback,,,,,
Major (Model 1967),Marshall,Amp & Cab,Amp & Cab,,"200W; KT88, ECC82, ECC83. ""The Pig"" ",,1967-68,"Richie Blackmore, John Frusciante, Jimi Hendrix, Mick Ronson, Joe Perry, Mick Ronson, Stevie Ray Vaughan, Frank Zappa",,
Shredmaster,Marshall,"Stomp, Harmonic Coloration","Harmonic Coloration, Stomp",Shredmaster (Reissue) ,high-gain distortion pedal,,early 90s,"dark, thick, and compressed tone (metal / indie rock) ",,
Studio Vintage 2x12 ,Marshall,Amp & Cab,Amp & Cab,Studio Vintage 2x12 ,"Vertical, Angled closed back 140W 2x12 Default Driver: V-Type",,,,,
SV20H (Studio Vintage Head),Marshall,Amp & Cab,Amp & Cab,SV20H (Studio Vintage Head),20W reissue of 1959SLP; ECC83(2) EL34(2),,,"brightness of the high treble channel, the roundness of the normal channel, from warm blues to aggressive, biting leads.",,
Valvestate VS100,Marshall,Amp & Cab,Amp & Cab,,"100W Combo w/ 12"" speaker (Marshall VS100, 8240 and 8100)",,,,,
The Guv'nor,Marshall,"Harmonic Coloration, Stomp","Harmonic Coloration, Stomp",Guv'nor (Reissue) ,"analog distortion/overdrive pedal , featuring a 3-band EQ (Bass, Middle, Treble), Gain, and Volume controls.. ",,1988,"designed to emulate the Marshall JCM800 amp sound. It is designed for high-gain, British-style distortion. Aggressive, compressed Marshall grind with a tight low end and biting upper mids.",,
YJM100,Marshall,Amp & Cab,Amp & Cab,,Yngwie Malmsteen Signature Head,,,lots of ’90s rock/metal players,,
DC-30,Matchless,Amp & Cab,Amp & Cab,C-30,Customized Celestion G12-H75 8 Ohm Cream Back and Celestion G12M-65 8 Ohm Cream Back wired in parallel for a 4 Ohm Load.,,,,,
ESD212,Matchless,Amp & Cab,Amp & Cab,ESD212,Customized Celestion G12-H75 8 Ohm Cream Back and Celestion G12M-65 8 Ohm Cream Back wired in parallel for a 4 Ohm Load.,,,,,
Lightning,Matchless,Amp & Cab,Amp & Cab,Lightning,,,,,,
OD808,Maxon,"Stomp, Harmonic Coloration","Harmonic Coloration, Stomp",OD808 Overdrive,"Featuring the classic JRC4558 IC chip, it is widely considered the most copied overdrive circuit",,1979,"renowned for delivering smooth, creamy tube-amp saturation and natural, touch-sensitive, midrange-forward tones. warm, organic, and slightly compressed sound that excels as a clean boost, primary drive, or to tighten high-gain amps.",,
SD9,Maxon,"Stomp, Harmonic Coloration","Harmonic Coloration, Stomp",SD9 Sonic Distortion,"Japanese-made analog distortion pedal from the Nine Series, featuring a JRC4558 IC chip and true bypass switching. Known for high gain (+42 dB), significant sustain, and a wide tone control range, ",,,"thick, saturated, and articulate sound, often favored for blues-rock to heavy fusion. ",Scott Henderson,
JH-24,MCI,Tape Machine,Tape Machine,MCI JH-24,"2"", 24 track tape emulation. Transformerless, op-amp driven.",,1982,"warmth, clarity, harmonic saturation",,
M300,Mellotron,Keyboard,Keyboard,Mellotron,,,1968,,,
M400,Mellotron,Keyboard,Keyboard,Mellotron,electro-mechanical tape-sampler keyboard,,1970s,70's progressive rock staple,"Genesis, King Crimson, Beatles, Led Zeppelin, Radiohead, Oasis, Trent Reznor, AIR",
MK I,Mellotron,Keyboard,Keyboard,Mellotron, tape-based keyboard. ,,1963,"Haunting, organic [ progressive, pop, cinematic ]",,
MK II,Mellotron,Keyboard,Keyboard,Mellotron, tape-based keyboard. ,,1964,"Haunting, organic [ progressive, pop, cinematic ]",,
Type R,Melodium,Microphone,Microphone,,Old French ribbon mic from early '40s.,,,"""secret weapon for bass"".  Huge low bump in frequency response. ",,
1516,Mesa/Boogie,Amp & Cab,Amp & Cab,,"400-450W bass cabinet. 15"" EVM speaker, a 10"" speaker, two 6"" drivers, and a tweeter",,1980s-90s,"heavy, ""tank-like"" cabinet capable of deep lows and bright, detailed mids/highs. ",,
1x12 Boogie 23,Mesa/Boogie,Amp & Cab,Amp & Cab,1x12 Boogie 23,"1x12, 23"" Straight, Open Back extension cabinet.  Default: Mesa Celestion C90 (Usually modded) ",,,,,
1x12 Boogie Thiele 19,Mesa/Boogie,Amp & Cab,Amp & Cab,"1x12 Boogie Thiele 19"" Cabinet","1x12 Straight, Closed Back. Default: Mesa Celestion C90 (Usually modded) ",,,,,
1x12 WideBody,Mesa/Boogie,Amp & Cab,Amp & Cab,1x12 WideBody Compact Cabinet,"1x12 Straight, Compact Open Back. 90W Default Driver: Celection C90",,,,,
20/20,Mesa/Boogie,Amp & Cab,Amp & Cab,Mesa Boogie 20/20 ,,,,,,
1x12 California Tweed 23,Mesa/Boogie,Amp & Cab,Amp & Cab,1x12 California Tweed 23,1x12 open-back; 80W Jensen Blackbird 40 Alnico,,,,,
2x12 California Tweed,Mesa/Boogie,Amp & Cab,Amp & Cab,2x12 California Tweed,2x12 open-back; 80W Jensen Blackbird 40 Alnico,,,,,
2x12 Horizontal Rectifier Cabinet,Mesa/Boogie,Amp & Cab,Amp & Cab,2x12 Horizontal Rectifier Cabinet,2x12 horizontal straight back cab;Default Driver: Celestion Vintage 30,,,,,
4x12 Front-Loaded (4FB),Mesa/Boogie,Amp & Cab,Amp & Cab,4x12 Front-Loaded (4FB),"Closed-back, front-loaded 240W 4x12: Default Driver: Celestion Vintage 30",,,"""in-your-face"" attack and tight, punchy, low-end performance. Known for a thick, controlled low end and a prominent upper midrange (2k-4k) that enhances attack. Frequently used fo rmodern rock and metal because it prevents ""flubbing"" at high volumes and offers superior, detailed and clear articulation for fast, technical playing. ",,
4x12 Rectifier Standard Slant Cabinet,Mesa/Boogie,Amp & Cab,Amp & Cab,4x12 Rectifier Standard Slant Cabinet,The slopedf/slanterd 4x12 closed back. 280W. Default Driver:  4 x Celestion Vintage 30,,,,,
4x12 Rectifier Standard Straight Cabinet,Mesa/Boogie,Amp & Cab,Amp & Cab,4x12 Rectifier Standard Straight Cabinet,"The ""oversized""/straight (OS) 4x12 closed back. 280W. Default Driver:  4 x Celestion Vintage 30",,,"thundering low-end punch and resonance which is perfectly tuned with the smooth, tailored midrange and articulate, clear high-end. This is the most popular 4x12 cabinet and an icon in heavy music.",,
4x12 Rectifier Traditional Slant Cabinet,Mesa/Boogie,Amp & Cab,Amp & Cab,4x12 Rectifier Traditional Slant Cabinet,The Traditional 4x12 closed back. 280W. Default Driver:  4 x Celestion Vintage 30,,,"Compared to Standard Recto® 4x12s, the Traditional 4x12 provides more balance between lows, mids and highs and a greater emphasis on attack. The mid-range is more pronounced and this cabinet is often preferred for styles that require tight tracking and articulate response. Straight cabinet designs also provide for a small increase of interior cabinet space, which yields slightly more bass and low-end resonance compared to Slants.",,
4x12 Rectifier Traditional Straight Cabinet,Mesa/Boogie,Amp & Cab,Amp & Cab,4x12 Rectifier Traditional Straight Cabinet,The Traditional 4x12 closed back. 280W. Default Driver:  4 x Celestion Vintage 30,,,"Compared to Standard Recto® 4x12s, the Traditional 4x12 provides more balance between lows, mids and highs and a greater emphasis on attack. The mid-range is more pronounced and this cabinet is often preferred for styles that require tight tracking and articulate response. Straight cabinet designs also provide for a small increase of interior cabinet space, which yields slightly more bass and low-end resonance compared to Slants.",,
Bass 400+,Mesa/Boogie,Amp & Cab,Amp & Cab,Bass 400+,,,,,,
California Tweed 6v6 2:20,Mesa/Boogie,Amp & Cab,Amp & Cab,California Tweed 6v6 4:40,,,,,,
Dual Rectifier,Mesa/Boogie,Amp & Cab,Amp & Cab,Dual Rectifier,"100W, 2-channel. (This is the original), 6L6GC tubes standard",,,"searing leads, heavy crunch",,
Dual Rectifier EL34,Mesa/Boogie,Amp & Cab,Amp & Cab,Dual Rectifier,"100W, 2-channel. (This is the original). rare EL34 mod (British sound) ",,,,,
Fillmore 50,Mesa/Boogie,Amp & Cab,Amp & Cab,Fillmore 50 Combo,50W; Head/Combo 1x12 Default Driver: Celestion C90,,,,,
JP-2C,Mesa/Boogie,Amp & Cab,Amp & Cab,JP-2C,,,,,,
King Snake ,Mesa/Boogie,Amp & Cab,Amp & Cab,King Snake,100W 1x12 Combo; Default Driver: Eminence Fillmore KS-100,,,,Carlos Santana,
Lone Star,Mesa/Boogie,Amp & Cab,Amp & Cab,Lone Star,100W 1x12 Combo Default Driver: Celestion C90,,,,,
M9 Carbine,Mesa/Boogie,Amp & Cab,Amp & Cab,M9 Carbine,,,,,,
Mark IIC+,Mesa/Boogie,Amp & Cab,Amp & Cab,Mark IIC+,,,,,Metallica (Master of Puppets) ,
Mark III,Mesa/Boogie,Amp & Cab,Amp & Cab,Mesa/Boogie Mark Series,"6L6, 12AX7. 100W/60W/75W Head or Combo. 1x12. Default Driver: Electro-Voice EVM12L",,,,,
Mark IV A,Mesa/Boogie,Amp & Cab,Amp & Cab,Mesa/Boogie Mark Series,Head or 1x12 Combo Celestion 90,,,,,
Mark V,Mesa/Boogie,Amp & Cab,Amp & Cab,"Mesa/Boogie Mark Series
Mark V",,,,,,
Maverick,Mesa/Boogie,Amp & Cab,Amp & Cab,Maverick,"35W Class A; EL84(4), 12AX7(6), 5AR4(1); 2 channel (Rhythm / Lead), Came as a Head; 2x12 Combo (Celestion Vintage 30); 4x10 Combo (Jensen Vintage Alnico)",,,,,
Road King,Mesa/Boogie,Amp & Cab,Amp & Cab,"Road King
Road King 2x12","Head or 2x12 Combo; 4x6L6, 2xEL34; Celestion C90",,,,,
Road Ready 2x15,Mesa/Boogie,Amp & Cab,Amp & Cab,Mesa/Boogie Road Ready Cabs,Horizontal 2x15 Cab Default 2x15 Custom Mesa PowerHouse Speakers. (usually modded) ,,,,,
Road King 4x12 Slant Cabinet,Mesa/Boogie,Amp & Cab,Amp & Cab,Road King 4x12 Slant Cabinet,300W Slanted Cab; Left Side 2 x rear mounted Celestion C90s; Right side 2 rear mounted Celestion Vintage 30s,,,,,
Standard Powerhouse 6x10,Mesa/Boogie,Amp & Cab,Amp & Cab,Standard Powerhouse 6x10,Uses custom Eminence speakers. ,,,,,
Subway D-800+,Mesa/Boogie,Amp & Cab,Amp & Cab,Subway D-800+,,,,,,
TransAtlantic TA-30,Mesa/Boogie,Amp & Cab,Amp & Cab,TransAtlantic TA-30,"Head, 1x12; 2x12; Multi-Watt (15, 30, 40); EL84 Celestion C90 ",,,,,
Triple Crown TC-100,Mesa/Boogie,Amp & Cab,Amp & Cab,Triple Crown TC-100,,,,,,
Triple Rectifier,Mesa/Boogie,Amp & Cab,Amp & Cab,Triple Rectifier,,,,,,
R-55,Metasonix,"Harmonic Coloration, Stomp","Harmonic Coloration, Stomp",R-55 Thyrotron VCO,VCO (Voltage-Controlled Oscillator) based distortion / overdrive. ,Eric Barbour,,,,
M Zero Overdrive,Mezzabarba,Amp & Cab,Amp & Cab,M Zero Overdrive,,,,,,
Trinity 100W,Mezzabarba,Amp & Cab,Amp & Cab,Trinity 100W,,,,,,
CMV 563,MicroTech Gefell,Microphone,Microphone,"Microtech Gefell CMV 563
Microtech Gefell CMV 563 (Reissue) ","large diaphragm tube condenser-
 cardioid pattern is based on M7 capsule <-- favorite for vocals, room mic for drums
- omni pattern based on M55k capsule
- figure-8 capsule based on M8 capsule",,,"vocals, room mics for drums",,
UMT800,MicroTech Gefell,Microphone,Microphone,UMT800,Multi-pattern large diaphragm FET condenser. ,,,,,
Super Creamer,Milkman,Amp & Cab,Amp & Cab,"Milkman Creamer
Milkman Creamer 2x10","""Princeton Reverb"" type amp. 2x10 20w custom combo w/ adjustable cathode bias circuit. Default Jupiter 10SC",,,,,
NSEQ-2,Millenia,EQ,EQ,Nillenia NSEQ-2 Twin Topology 2 Channel PEQ,2-channel sonically neutral analog EQ (50V solid-state amps + 400V tube amps) ,,,,,
MIX LA Control Room,"Mix LA Studios (Los Angeles, CA)",Studio,Studio,MIX LA Studios,"MIX LA Studios. Los Angeles, CA",,,,,
BV-25M,Mojotone,Amp & Cab,Amp & Cab,BV-25M,"12"" 25W British vintage voiced speaker. Highly rated, cost-effective alternative to vintage Celestion Greenbacks. ",,,"smooth, warm midrange with a tight low end and, notably, less harsh high-end frequencies compared to similar speakers. It is widely recommended for classic rock, blues, and high-gain tones, particularly when paired with Marshall-style amps. ",,
ShimVerb,Mooer,"Reverb, Stomp","Reverb, Stomp",ShimVerb,Recreates vintage 60's surf spring reverb,,,,,
Memorymoog,Moog,Synth / Samplers,Synth / Samplers,Memorymoog,last (official) synth to be made by Moog (in 1982) before they went bankrupt. (Autotune feature was in the Memorymoog Plus). The device  and MIDI implementation was never quite finished. ,,1982-85,,"The Crystal Method, Jan Hammer, Bon Jovi, INXS, Rick Wakeman, Duran Duran (Nick Rhodes), George Duke",
MF-101 Moogerfooger,Moog,"EQ, Modulation, Stomp","EQ, Modulation, Stomp",Moogerfooger,Independent analog LPF,Cyril Lance,1998,The Cutoff frequency can automatically sweep by the effect of a built-in LFO. The LFO can sync with the song’s BPM. ,,
MF-102 Moogerfooger,Moog,"EQ, Modulation, Stomp","EQ, Modulation, Stomp",Moogerfooger,analog ring modulator,,1998,,,
MF-103 Moogerfooger,Moog,"EQ, Modulation, Stomp","EQ, Modulation, Stomp",Moogerfooger,analog 12 stage phaser,,,,,
MF-105M Moogerfooger MuRF,Moog,"EQ, Modulation, Stomp","EQ, Modulation, Stomp",Moogerfooger MF-105M MuRF,"MuRF = (Multiple Resonance Filter Array) filter sequencer, capable of creating animated filter effects across eight frequency bands. The 105M is the version w/ MIDI capabilities",,,"warm and resonant filters can be applied to any sound source: guitars, synthesizers, vocals",,
Micromoog,Moog,Synth / Samplers,Synth / Samplers,Micromoog,single oscillator monophonic synth (inexpensive alternative to minimoog),,1975,,"Kraftwerk, Chick Corea, Herbie Hancock",
Minimoog Model D,Moog,Synth / Samplers,Synth / Samplers,"Moog Minimog D
Minimog","More portable, affordable version of moog's classic analog monophonic synth. ",Robert Moog,1970-81,"Progressive rock, jazz, disco, pop;, rock, electronic music. [bass, lead, effects]",,
Minimoog Voyager,Moog,Synth / Samplers,Synth / Samplers,Minimoog Voyager,Analog monophonic synth based on Model D,Robert Moog,2002,,,
Multimoog,Moog,Synth / Samplers,Synth / Samplers,Multimoog,"""big brother to Micromoog"" ",,1978-81,,Underworld,
Opus 3,Moog,Synth / Samplers,Synth / Samplers,Opus 3,"polyphonic synth (Strings Brass, Organ)",Herbert Deutsch,1980,,"Stereolab, Kraftwerk",
Polymoog 203a,Moog,Synth / Samplers,Synth / Samplers,Polymoog 203a,"polyphonic preset-based synth (Strings, Piano, Organ, Harpsichord, Funk, Clavi, VIbes, Brass) ",,1975-80,,"Chick Corea, Blondie, Keith Emerson, Devo, Gary Numan, Prince, Herbie Hancock, Richard Tandy (ELO), Rush, Kraftwerk, Geoff Downes, Rick Wakeman (Yes) ",
Prodigy,Moog,"Synth / Samplers, Bass","Bass, Synth / Samplers",Prodigy,Monophonic analog bass synth (entry-level) not designed by Moog. ,,1979-84,,"Depeche Mode, Prodigy, Blur",
Rogue,Moog,"Synth / Samplers, Bass","Bass, Synth / Samplers",Rogue,"""very definition of cheap Moog bass"". monophonic analog synth. scaled down version of Prodigy",,1981,,"Peter Gabriel, Stereolab, KMFDM",
Sonic Six,Moog,Synth / Samplers,Synth / Samplers,Sonic Six,Duophonic analog synth,,1971 - 79,,,
Source,Moog,Synth / Samplers,Synth / Samplers,Source,Monophonic analog synth; first to offer patched memory storage,Robert Moog,1981,,"Tangerine Dream, Jan Hammer, Depeche Mode, Devo, New ORdfer, Front Line Assembly, The Cars, Phish, King Crimson, Blur, Gary Numan",
Sub 37,Moog,Synth / Samplers,Synth / Samplers,"Subsequent 37
Sub 37",Limited Edition monophonic analog subtractive synth (analog signal path w/ digital modulators) ,,2014,,,
System 55,Moog,Synth / Samplers,Synth / Samplers,Moog Synthesizer,"modular synth used for sound design (""The Modular Moog"")",Robert Moog,1973-81,,"W. Carlos (Switched on Bach), Keith Emerson",
Taurus II,Moog,"Bass, Synth / Samplers","Bass, Synth / Samplers",Taurus II,monophonic analog bass w/ only sawtooth and square waves. (Based on Moog Rogue),Robert Moog,1981-83,,,
Taurus III,Moog,"Bass, Synth / Samplers","Bass, Synth / Samplers",Taurus (Wiki) ,Redesigned version of original Taurus. ,Cyril Lance,2010,,,
Taurus Pedal Synthesizer (I),Moog,"Bass, Synth / Samplers","Bass, Synth / Samplers",Taurus I,monophonic analog bass synth played w/ your feet. ,Robert Moog,1975-81,,"Rush, Yes, Genesis, U2, Police",
The Ladder,Moog,"EQ, Modulation","EQ, Modulation",Mood The Ladder,"iconic, patented transistor-based voltage-controlled filter (VCF) renowned for its 24dB/octave slope and warm, ""creamy"" sound. It was the first voltage-controlled filter in synthesizers, famously used in the Minimoog to create rich, saturated, and ""fat"" analog bass and lead tones. ",Robert Moog,1966,,,
AC20 Head,Morgan,Amp & Cab,Amp & Cab,AC20 Head,"hand wired in the USA, all-tube amplifier that is capable of producing a myriad of early 60s British AC tones – but that is just the beginning. The included power level control allows you to dial in just the right amount of volume without sacrificing your tone the way some master volumes do.",,,,,
PR12,Morgan,Amp & Cab,Amp & Cab,PR12,12W Head ased around the small American 12W combo from the 60’s. It has been updated with a bigger power supply and tightened low end and utilizes a 12” Greenback celestion. This amp incorporates all of the mods I have been asked to do on those old 60s american amps to make them more usable for live performances.,,,,,
SW50R,Morgan,Amp & Cab,Amp & Cab,,"50-watt, hand-wired tube guitar amplifier designed for high-headroom, clean tones inspired by classic California amplifiers. It features 6L6 power tubes, 3-spring tube-driven reverb, and active controls (Volume, Treble, Mid, Bass, Level) with a Bass Emphasis switch. Available as a head or 1x12 combo, it features Mercury Magnetics transformers, excellent pedal compatibility, and a 35 lb weight. ",,,,,
Bad Horsie 2,Morley,"Modulation, Stomp","Modulation, Stomp",Bad Horsie,"famous for its ""switchless"" activation (stepped on to engage, off to bypass) and two modes: the original focused Bad Horsie sound and an adjustable Contour mode for tonal variation, . It uses optical circuitry for reliability and offers a unique, powerful sweep, becoming a classic for guitarists seeking Vai's dynamic tones. ",,1996,,Steve Vai,
EVO-1,Morley,"Delay, Stomp","Delay, Stomp",,"""Echo Volume"" analog pedal that combines oil can delay w/ a volume/expression controller. ",,1970s,,,
Power Wah Fuzz,Morley,"Harmonic Coloration, Modulation, Stomp","Harmonic Coloration, Modulation, Stomp",PWF (Power Wah Fuzz),electro-optical pedal. ,,1970s,"known for its aggressive, high-voltage, and ""ripped speaker"" fuzz tones. it features a wide, smooth wah sweep and a distinct, non-potentiometer design using a light bulb and LDR to prevent scratchy noise",Cliff Burton,
Fuzzrite,Mosrite,Stomp,Stomp,,American-made two transistor fuzz pedal. Usually silicon (rarer/earlier versions made of Germanium) ,,1960s,"known for its distinctively raspy, aggressive and ""bitten"" tone, often characterized by a pronounced midrange. Unique depth knob acts as a blend for a signature octave-like, snarling and sometimes ""torn speaker"" sound. ","Iron Butterfly, Jimi Hendrix",
Toy Piano Grand,Muse,Keyboard,Keyboard,,,,1930s,,,
Mu-Tron Bi-Phase,Musitronics,"Modulation, Stomp","Modulation, Stomp",Mu-Tron Bi-Phase,"First Dual Phaser. Two independent 6-stage phasor circuits, two sweep generators (oscillators), and a number of unique additional controls to allow maximum flexibility in generating a variety of phasing effects",,1970s,,,
Mu-Tron III,Musitronics,"Modulation, Stomp","Modulation, Stomp",Mu-Tron III,Envelope Filter / Auto-Wah,,1970s,,,
Mu-Tron Phasor II,Musitronics,"Modulation, Stomp","Modulation, Stomp",Mu-Tron Phasor II,,,1970s,,,
2001,MXL,Microphone,Microphone,2001,(Marshall Electronics - not Marshall Amps) The MXL 2001 was one of the first inexpensive condenser microphones on the market. K67-style capsule. ,,,,,
2003A,MXL,Microphone,Microphone,2003A,(Marshall Electronics - not Marshall Amps) large-diaphragm condenser w/ transformerless FET preamp,,,"vocals, acoustic instruments, electric guitar",,
Blue Box Octave Fuzz,MXR,"Harmonic Coloration, Stomp","Harmonic Coloration, Stomp",M103 Blue Box Fuzz,,,,"drops signal down tow octaves and combines it w/ ""gnarly fuzz"" for huge subterranean tones",Slash,
Custom Badass Modified O.D. ,MXR,"Harmonic Coloration, Stomp","Harmonic Coloration, Stomp",Custom Badass Modified O.D.,classic 1978 overdrive upgraded w/ a 100HZ control and Bump Switch for improved performance and versatility,,,,,
Dime Distortion,MXR,"Harmonic Coloration, Stomp","Harmonic Coloration, Stomp",DD11 Dime Distortion,,,,"heavy, aggressive, razor-sharp tone. ",,
Distortion+,MXR,"Harmonic Coloration, Stomp","Harmonic Coloration, Stomp",M104 Distortion+,,,,overdriven blues to 80's hard rock distortion,,
Dyna Comp,MXR,"Dynamics, Stomp","Dynamics, Stomp",M102 Dyna Comp Compressor,,,,,,
Flanger,MXR,"Modulation, Stomp","Modulation, Stomp",MXR Flanger (Modern Reissue) ,"classic, 4-knob analog BBD pedal  to. It features manual, width, speed, and regeneration controls, ",,,"deliver thick modulation, ranging from subtle chorus and vibrato to intense ""jet plane"" sweeps and metallic, sci-fi sounds. warm, deep, and dramatic tone",Eddie Van Halen,
Micro Amp,MXR,"Dynamics, Stomp","Dynamics, Stomp",M133 Micro Amp,Gain / Boost,,,,,
Micro Amp+,MXR,"Dynamics, EQ, Stomp","Dynamics, EQ, Stomp",M233 Micro Amp+,Micro Amp + EQ,,,,,
Model 126 Flanger/Doubler,MXR,Modulation,Modulation,MXR Model 126 Flanger/Doubler,BBD Flanger / Doubling / Delay . BBD results in signal degradation in each pass from one cap to the next --> leads to colored signal.,,1976,"(Guitar, Bass, Keys, Drums) ",Darrell Abbott,
Phase 100,MXR,"Modulation, Stomp","Modulation, Stomp",M107 Phase 100,Phase 90 + a 4-waveform intensity control,,,,,
Phase 90,MXR,"Modulation, Stomp","Modulation, Stomp",M101 Phase 90,Single knob phase pedal (Speed) Includes a feedback resistor not in the original 70s design,,,"subtle spatial shimmer, high velocity swooshing. Brighter, more aggressive. Woosh is more pronounced. Effect cuts through mixes and is edgier. ","Eddie Van Halen, modern Rock",
Phase 90 (Script) ,MXR,"Modulation, Stomp","Modulation, Stomp",Phase 90 w/ Script logo,original version of Phase 90. ,,1970s,"Warmer, smoother, subtler than non-script reissue. No feedback resistor, more musical and less ""swooshy""","Eddie Van Halen (early), David Gilmour",
Six Band EQ,MXR,"EQ, Stomp","EQ, Stomp",M109S Six Band EQ,,,,,Darrell Abbott,
Smart Gate,MXR,"Dynamics, Stomp","Dynamics, Stomp",M135 Smart Gate Noise Gate,,,,,,
Stereo Chorus,MXR,"Modulation, Stomp","Modulation, Stomp",M134 Stereo Chorus,lush analog chorus,,,,,
Ten Band EQ,MXR,"EQ, Stomp","EQ, Stomp",M108S Ten Band EQ,,,,,,
CMV 563,Neumann,Microphone,Microphone,CMV 563,"The original ""bottle"" mic. tube condenser",,,,,
KM184,Neumann,Microphone,Microphone,KM  184,small cardioid condenser,,,"acoustic instruments, overheads, close-miking",,
KM54,Neumann,Microphone,Microphone,KM54,"rare; featuring thin nickel (medium) diaphgram w/ excellent transient response. pressure gradient cardioid condenser counterpart to the omnidirectional small diaphragm microphone KM 53. uses Telefunken AC701 subminiature triode. Same nickel capsule as M50, but different sound due to body configuration. Extremely thin nickel diaphragm. Excellent transient repsonse, but fragile.  max on-axis sensitivty",,1953," [acoustic guitar, strings, drum OH]","Larry Carlton, Ry Cooder, Yo You Ma, Joe Pass, Kenny Burrell, Eric Clapton",
KM56,Neumann,Microphone,Microphone,KM56,dual nickel diaphragm and AC701 tube. Neumann’s first small diaphragm microphone with selectable directional patterns,,,"[acoustic guitar, strings, snare bottom]",,
KM84,Neumann,Microphone,Microphone,KM84,small diaphragm cardioid condenser,,,"detailed; controlled top end. Very popular for piano, acoustic guitar, drum OH, strings, snare top / bottom",,
KM86,Neumann,Microphone,Microphone,KM86,back-to-back KM84 capsules. transistorized successor to the KM 66 small diaphragm multi-pattern tube condenser,,,"Crisp realism / versatility. Prime Motown mic at one point. [snare top / bottom, acoustic guitar, guitar amp]",,
M149,Neumann,Microphone,Microphone,M 149,high-end large tube condenser,,,,,
M269C,Neumann,Microphone,Microphone,M269C,variation of the U67 designed for German broadcast market. Uses C701k tube (instead of EF86). - Some believe it sounds BETTER than a U67,,,,"Kenny Loggins, Little Richard, Alanis Morrisette (""Uninvited""), Goo Goo Dolls, Johnny Rivers, Louis Miguel",
M49b,Neumann,Microphone,Microphone,M49,"first studio microphone with a continuously variable directional pattern. It used the same large diaphragm capsule as the U 47. Uses K47 capsule, but is smoother / less coloered than U47 due to transparent headbasket. Uses Telefunken AC701 Tube",,1960s,"Smoother, less coloered. ","Neil Diamond, Barbara Streisand, Phil Collins, Winona Judd, Bobby McFerrin, Joni Mitchell",
M50a,Neumann,Microphone,Microphone,M50,"capsule mounted on a plexiglass sphere (high freq rise and ooff-axis response that becomes more directional at higher freq). Same body  / headbasket and tube of M49 - but sounds completely different. Noted for its far distance placement consistency, the response of becomes more cardioid above 800 Hz. medium diaphragm omni",,,,"ET, Superman, 1941, Jaws II, Star Trek, Taxi Driver etc. ",
TLM103,Neumann,Microphone,Microphone,TLM103,large cardioid condenser; Capsule design derived from the legendary U 87 A,,,"clean sound, overheads, Vocals, acoustic guitar, strings","Billie Eilish, Justin Timberlake",
TLM170,Neumann,Microphone,Microphone,TLM 170 R,large diaphragm condenser,,,,,
TLM193,Neumann,Microphone,Microphone,TLM193,large cardioid condenser; affordable reference class mic,,,,,
U47,Neumann,Microphone,Microphone,U47,"The first microphone with electrical pattern switching (cardioid/omni); multi-pattern large tube condenser circuit w/ output transformer.  K47 capsule, VF14 tube",,,"legendary tube mic, warmth, richness in vocals and orchestral. full range, sparkling highs. One of the most recognizable mics in recording,  prized for its amazing realism and clarity.","Andrea Bocelli, Radiohead (""Hail to the Thief"") , Frank Zappa, Ray Charles, Ella Fitzgerald, Beck (""Sea Change""), Paul McCartney, Anita Baker",
U47 FET,Neumann,Microphone,Microphone,"U47 FET i
U47 FET",large diaphragm FET condenser,,,,,
U67,Neumann,Microphone,Microphone,U 67,"transformer balanced, multi-pattern dual diaphragm tube circuit condenser. EF86",,1960s,"vocals, room ambience. warm w/o sounding dull. Shines on distorted guitar amps. King of 60s and 70s recording. sweet midrange, not too much bottom. Crispy (not harsh) top end. Full range and even. Great for guitar",,
U87,Neumann,Microphone,Microphone,U87,large diaphragm multi-pattern FET condenser microphone,,1967-86,"studio standard for vocals, acoustic instruments",,
U87 AI,Neumann,Microphone,Microphone,U87 AI,"(modern version) large diaphragm multi-pattern FET condenser microphone. defacto standard for broadcast, voice-over. ",,1986,Brighter/more-modern than vintage,,
U89i,Neumann,Microphone,Microphone,U89i,large condenser,,,,,
1057,Neve,"Preamps & DI, EQ","EQ, Preamps & DI",,"vintage preamp/EQ module, renowned for superior transient response and warm Germanium sound.",,,"rich, classic tones (drum, guitar, vox) ",,
1066,Neve,EQ,EQ,Neve 1066 Mic Pre/3-Band EQ,Discrete 3-band EQ/Pre w/ HPF. (Top end is 10k instead of 12k from 1073). Lows/mids are just different enough from 1073 to make them a complement to each other,,,"Fat ""Neve"" low wnd w/ the sensible mid range and sweet hi end. ",,
1073,Neve,EQ,EQ,Neve 1073," clarity + grit from 8014 console; Harmonically rich class A Marinar input transformer; Neve dual-transistor (""Red Knob"") preamp (non-clipped / clipped - nonlinear); 3-band class-A EQ (clipping points) from one of the most universarlly used preamps in the world. (includes preamp saturation). (Neve 8014 Console) ",,1970,tonal shaping,,
1081,Neve,EQ,EQ,Neve 1081,analog preamp warmth. 4-band EQ w/ HPF/LPF. Problem solving EQ. Evolution of 1073 (Neve 8048 console)  ,,1972,problem-solving,,
1084,Neve,EQ,EQ,Neve 1084," class A dual-stage ""red knob"" mic preamp; w 3-band (switchable) EQ + low/high cut filter [ upsell from 1073]",,1970s,,,
1290,Neve,Preamps & DI,Preamps & DI,,"Harmonically rich class A Marinar input transformer mic pre; Neve dual-transistor (""Red Knob"") preamp (non-clipped / clipped - nonlinear);  Functionally identical to the mic pre of the 1073",,1970,,,
2254 Compressor/Limiter,Neve,Dynamics,Dynamics,2254/R,Compressor / Limiter (independent operation). First Diode-Bridge compression (Popular from 70s-90s),,1969,"Less-aggressive than other units of the same era. Gentle. Warm sound w/ mid-range detail (tracking, mixing, mastering, post production and broadcast). ",,
31102,Neve,EQ,EQ,"Neve 33102 Mic Pre/3-Band EQ
Neve 80 Series Console",3-band active EQ w/ low/high cut filter from 8068 console ,,1976,,,
33609 C,Neve,Dynamics,Dynamics,"33609/N
New 33609","2 independent bridged-diode gain reduction circuit / transformer - driven compressor & limiter circuits w/ 3 categories of presets 
The C version had a more robust power supply and the amplifiers used the BA640 IC based cards, as opposed to the earlier discrete BA440 cards. The new 640 had more headroom and a faster recovery time after clipping, which was important for broadcast use. Another difference was based on the transformers, the C used Belclere transformers, as opposed to the Maranair/St.Ives of the original version.",,1970s,"Mastering, Mix, Tracking",,
5116,Neve,Preamps & DI,Preamps & DI,,,,,,,
88RS,Neve,Console,Console,Neve 88RS,"Neve console known for depth, airiness. clarity (transformer based preamp; 4-band Formant Spectrum EQ + low/high cut flters; VCA limiter / compressor, gate / expander)  - Nonlinear EQ / Dynamics",,2001,,,
Synclavier II,New England Digital,Synth / Samplers,Synth / Samplers,Synclavier,"FM synthesis, additive synthesis.",Jon Appleton,70s-80s,,,
Paraffina,Noah,Bass,Bass,Paraffina,,,,,,
ODR-1(bc) ,Nobels,"Stomp, Harmonic Coloration","Harmonic Coloration, Stomp",ODR-1(bc) Overdrive,overdrive w/ bass cut. ,,,,,
Preamp / DI,Noble,Preamps & DI,Preamps & DI,Noble Preamp,Preamp / DI for bass instruments,,,,,
DMX,Oberheim,"Drums, Synth / Samplers","Drums, Synth / Samplers",Oberheim DMX,drum machine,`,1980s,"8-bit, punch sampled sounds (kick, snare, clap) that defined 80's pop, new wave and hip hop. ","New Order (""Blue Monday""), Run DMC",
Eight Voice,Oberheim,Synth / Samplers,Synth / Samplers,Eight Voice,Polyphonic. 8 classic Oberheim SEM modules stacked together alongside a Polyphonic Synth Programmer. 16 VCOs. ,Tom Oberheim,1977-80,"fat, thick, organic majestic","Herbie Hancock, Styx, Rush",
Matrix 12,Oberheim,Synth / Samplers,Synth / Samplers,Matrix 12,Oberheim's flagship analog synth w/ modulation matrix,Tom Oberheim,1985,,"Styx - The Grand Illusion, Rush - Moving Pictures, Police - Synchronicity, Prince - 1999, Queen, - The Game, Van Halen - 1984, Tangerine Dream - Exit, Madonna - Madonna, Bruce Hornsby - The Way It Is, Jean Michael Jarre - Magnetic Fields",
OB-1,Oberheim,Synth / Samplers,Synth / Samplers,"OB-1 
OB-1 (WIki) ","Monophonic, 2VCO synth based on SEM architecture. First ""programmable"" analog synth of its time",Tom Oberheim,1978,classic and fat sounding bass and lead synth sounds. Similar sound to Roland SH-101; MicroMoog,"Tangerine Dream, Rush",
OB-X,Oberheim,Synth / Samplers,Synth / Samplers,OB-X,"4,6,8 voice polyphonic analog synth w/ 2 VCO per voice. First of the OB series of synths. ",Tom Oberheim,1979,lush analog synth (like Prophet 5),"Herbie Hancock, Chick Corea, Depeche Mode, Queen, Supertramp, Tangerine Dream, Rush, Simple Minds, Styx, Chicago",
OB-Xa,Oberheim,Synth / Samplers,Synth / Samplers,OB-Xa,massive detuned synths,Tom Oberheim,1980s,,,
SEM,Oberheim,Synth / Samplers,Synth / Samplers,Oberheim SEM,SEM = Synthesizer Expander Module. Tom Oberheim collaborated w/ Scott Wedge and and Dave Rossum (Founders of E-Mu)   ,Tom Oberheim,1974,"Creamy filters, rich analog leads, pads ",,
VCF-200,Oberheim,"Modulation, Stomp","Modulation, Stomp",,"VCF (Voltage Controlled Filter) Guitar pedal. consists of three basic synthesizer circuits: a voltage controlled filter, and envelope follower, and a sample/hold circuit.",,,,,
Ocean Way Studios Hollywood,Ocean Way Studios,Studio,Studio,Ocean Way Recording,"result of merger between Bill Putnam""s United Studios and Allen Sides neighboring Western Studio. ",Allen Sides,1972 - 2013,,,
Ocean Way Studios Nashville,Ocean Way Studios,Studio,Studio,Ocean Way Recording,,Allen Sides; Gary Belz,1995 - 2001,,,
The Cat,Octave,Synth / Samplers,Synth / Samplers,The Cat,Analog mono/duophonic synth very similar to ARP Odyssey (ARP sued them),,1976-81,,"THe Dust Brothers, Chemical Brothers, Devo, OMD",
MC012,Oktava,Microphone,Microphone,MC-012,Detachable-Capsule pencil transformerless FET condenser mic,,,,,
MK219,Oktava,Microphone,Microphone,MK-219,"fixed-pattern, cardioid, large diaphragm condenser;",,,Precise and sensitive mic good for vocals and acoustic instruments,,
MK319,Oktava,Microphone,Microphone,MK-319,"fixed-pattern, cardioid, large diaphragm condenser; successor to MK219",,,,,
AD200,Orange,Amp & Cab,Amp & Cab,AD200,,,,,,
AD200 MKIII,Orange,Amp & Cab,Amp & Cab,AD200 MKIII,,,,,,
AD30,Orange,Amp & Cab,Amp & Cab,AD30,2x12 open-back combo Celestion Vintage 30,,,,,
Custom Shop 50,Orange,Amp & Cab,Amp & Cab,Custom Shop 50,,,,,,
Dual Terror,Orange,Amp & Cab,Amp & Cab,Dual Terror,,,,,,
OBC115,Orange,Amp & Cab,Amp & Cab,OBC115C,"(OBC = Orange Bass Cabinet) C is a revision. Searching shows no major sonic difference, so we'll ""normalize"" C. 1x15 Default Driver Celestion Pulse XL 10.20",,,,,
OBC410,Orange,Amp & Cab,Amp & Cab,OBC410HC,"(OBC = Orange Bass Cabinet) HC is a revision. Searching shows no major sonic difference, so we'll ""normalize"" HC.  Default Driver: Celestion Pulse XL 10.20",,,,,
OBC810,Orange,Amp & Cab,Amp & Cab,Orange OBC810C,"(OBC = Orange Bass Cabinet) C is a revision. Searching shows no major sonic difference, so we'll ""normalize"" C.  Default Driver: Celestion Pulse XL 10.20",,,,,
OR120,Orange,Amp & Cab,Amp & Cab,,,,,,,
OR50,Orange,Amp & Cab,Amp & Cab,OR50,,,,,,
PPC112,Orange,Amp & Cab,Amp & Cab,PPC112,(PPC = Power Projection Cabinet) 1x12; Closed back 120W cab. Default Driver Celestion Vintage 30,,,,,
PPC212,Orange,Amp & Cab,Amp & Cab,PPC212,(PPC = Power Projection Cabinet) 2x12; Closed back 120W cab. Default Driver: Celestion Vintage 30,,,,,
PPC412,Orange,Amp & Cab,Amp & Cab,PPC412,(PPC = Power Projection Cabinet) 4x12; Straight. Closed back. Default Driver.  Celestion Vintage 30,,,,,
PPC412AD,Orange,Amp & Cab,Amp & Cab,PPC412AD,(PPC = Power Projection Cabinet) 4x12; Angled. Closed back. Default Driver.  Celestion Vintage 30,,,,,
PPC412HP8,Orange,Amp & Cab,Amp & Cab,PPC412HP8,"(PPC = Power Projection Cabinet) 4x12; High-Powered, Straight, Closed back. Originally built ot accompany the Thunderverb 200. Celestion G12K-100",,,,,
Rockerverb 100,Orange,Amp & Cab,Amp & Cab,,,,,,,
Rockerverb 100 MKIII,Orange,Amp & Cab,Amp & Cab,Rockerverb 100 MKIII,,,,,,
Rockerverb 50,Orange,Amp & Cab,Amp & Cab,,,,,,,
Rockerverb 50 MKII,Orange,Amp & Cab,Amp & Cab,Rockerverb 50 MKIII,,,,,,
Thunderverb 200,Orange,Amp & Cab,Amp & Cab,Thunderverb 200,,,,,,
Tiny Terror,Orange,Amp & Cab,Amp & Cab,Tiny Terror,1x12 Combo,,,,,
OSCar,OSC (Oxford Syntheisiser Company),Synth / Samplers,Synth / Samplers,OSCar,"Monophonic (Duophonic w/ built-in sequencer) 2 DCO (Digitally Controlled Oscillators), 1 LFO",,1983 - 86,,"Jean-Michel Jarre, Asia, Stevie Wonder, Keith Emerson",
Biscuit,OTO,Multi Effects,Multi Effects,OTO Biscuit,"8-bit effects and analog filter. Bitcrusher distortion w/ filters, waveshaper, pitch shifter, delay",,,,,
12K5-6,Oxford,Amp & Cab,Amp & Cab,,"12"" speaker",,1960s,classic fender blackface deluxe reverb sound,,
Roctave Divider,PAiA,"Harmonic Coloration, Stomp","Harmonic Coloration, Stomp",Roctave Divider,"The Roctave is a sub octave effect, that has controls for Fuzz, Tone, 1 Octave Down and 2 Octaves Down.",,,,,
Signature Series,Paiste,Drums,Drums,Paiste Signature Series,Cymbals; Paiste proprietary signature bronze,,,"Crisp, refined, high-end",,
75 ,Park ,Amp & Cab,Amp & Cab,75 Classic,,,,,,
Timmy,Paul Cochrane,"Harmonic Coloration, Stomp","Harmonic Coloration, Stomp",,"highly regarded, transparent overdrive pedal designed to boost your amp's natural tone without coloring it. Featuring a simple four-knob layout (Gain, Volume, Bass, Treble) and a three-way clipping switch for varying gain structures",,,"transparent. renowned for its touch-sensitivity and ability to provide a clean boost to smooth, medium-gain grit",,
BC-1,Pearce,Amp & Cab,Amp & Cab,,MOSFET preamp,,,,,
Reference,Pearl,Drums,Drums,Pearl Reference Series,"Marked as a new philosophical shift in drum-set construction, this classic, timeless kit represents a major advance in design with interior plies of mahogany and outer plies of maple. A heavyweight masterpiece.",,,,,
10 Band Stereo Graphic Equalizer,Peavey,EQ,EQ,,,,,,,
5150,Peavey,Amp & Cab,Amp & Cab,Peavey 5150,,,,,"Eddie Van Halen (Designed for EVH, used heavily by Joe Satriani) ",
5150 412MS,Peavey,Amp & Cab,Amp & Cab,,300W closed backs slanted cab designed for 5150 Head.  Peavey Sheffield 1200 ,,,"Designed for high-gain, it provides a ""brutal"" sound often associated with 1990s metal, featuring punchy low-end and pronounced, sometimes bright, mids.Ideal for rock and metal, often paired with the matching 5150 head for maximum, often described as ""extremely loud,"" output.",Eddie Van Halen,
5150 III,Peavey,Amp & Cab,Amp & Cab,Peavey 5150,,,,,,
6505,Peavey,Amp & Cab,Amp & Cab,6505,,,1992,,,
6505+,Peavey,Amp & Cab,Amp & Cab,Peavey 5150,,,,,,
invective 120,Peavey,Amp & Cab,Amp & Cab,Peavey invective.120,,,,,,
JSX,Peavey,Amp & Cab,Amp & Cab,JSX,Joe Satriani Signature Series,,,,Joe Satriani,
JSX Mini Colossal,Peavey,Amp & Cab,Amp & Cab,JSX,Joe Satriani Signature Series Combo Jensen C8R,,,,,
Sheffield 1200,Peavey,Amp & Cab,Amp & Cab,,"12"" 120W designed for 5150 / 6506 cabs. ",,1990s,"Tight aggressive low end, upper-mid bite, slightly grainy top end. Designed for high-gain American metal. Think “5150 rhythm wall.” It’s closer to a hot-rodded Vintage 30 vibe, but more raw and less refined.",,
RCM-2R,Pete's Place Audio,Reverb,Reverb,,Spring Reverb,,,,,
RangeMaster,PisoTones,"Harmonic Coloration, Stomp","Harmonic Coloration, Stomp",RangeMaster,Faithful clone of Dallas Arbiter version. ,,,,,
Wave 2.2,PPG (Palm Products GmbH),Synth / Samplers,Synth / Samplers,Wave 2,8 voice / 8 part hybrid analog/digital wavetable synth (Tangerine Dream helped develop the device) ,,1982 - 84,,"Tangerine Dream, David Bowie, Trevor Horn, Rush, Depeche Mode, Gary Numan, Robert Palmer, Psychedelic Furs, The Cars, Steve Winwood, Stevie Nicks, Mike and the Mechanics, Stevie Wonder",
Wave 2.3,PPG (Palm Products GmbH),Synth / Samplers,Synth / Samplers,Wave 2,"(enhanced sample placback capabilities). Included 12-bit waveforms, fourier analysis and linear playback",,1984 - 87,,"Tangerine Dream, David Bowie, Trevor Horn, Rush, Depeche Mode, Gary Numan, Robert Palmer, Psychedelic Furs, The Cars, Steve Winwood, Stevie Nicks, Mike and the Mechanics, Stevie Wonder",
Manticore V2,ProAnalog Devices,"Harmonic Coloration, Stomp","Harmonic Coloration, Stomp",,V2 is a non-handwired improved version of V1. Designed as an evolution of the Klon-style circuit,,,,,
RAT,ProCo,"Harmonic Coloration, Stomp","Harmonic Coloration, Stomp","ProCo Rat 2 Distortion Pedal
ProCo Rat",used LM308 op amp,,1978-mid 80s,"LM308 (known for slow slew rate and non-linear response) is key to signature warm, thick distortion that avoids high-frequency harshness. ""classic"" sound. Unique, slightly compressed (less fizzy) tone compared to modern / faster chips. Softer edges, smoother distortion",,
RAT 2,ProCo,"Harmonic Coloration, Stomp","Harmonic Coloration, Stomp",,uses TL071 or OP07 chips. ,,late 80s,,,
Archon 100,PRS (Paul Reed Smith) ,Amp & Cab,Amp & Cab,PRS Archon,100W,,,,,
Archon 4x12,PRS (Paul Reed Smith) ,Amp & Cab,Amp & Cab,Archon 4x12,4x12 280W Celestion V-Type,,,,,
Archon 50,PRS (Paul Reed Smith) ,Amp & Cab,Amp & Cab,Archon 50,,,,,,
Blue Sierra / V9,PRS (Paul Reed Smith) ,Amp & Cab,Amp & Cab,,Rare Prototype,,,,,
Dallas,PRS (Paul Reed Smith) ,Amp & Cab,Amp & Cab,PRS Dallas,,,,,,
MT15,PRS (Paul Reed Smith) ,Amp & Cab,Amp & Cab,MT15,Mark Tremonti signature,,,,,
EQP-1A,Pultec,EQ,EQ,Pultec EQP-1,Distinctive blue unit w/ big black knobs. 3-band analog tube amp parametric passive EQ w/ preamp stage. Appears to  boost / cut same freq. simultaneously (tightening),,1961,"(bass, kick), famous for high-boost",,
HLF-3C,Pultec,EQ,EQ,Pultec HLF-3C Passive High/Low Filter,10-band graphic EQ.  tames the sides for broad retro-tonal sculpting. subtract unnecessary freq' in instrument / subgroups ,,,,,
MEQ-5 Mid-Range EQ,Pultec,EQ,EQ,Pultec MEQ-5,"Famous American 3-band tube amp passive PEQ circuit design. (2 bands of boost w/ 1 cut). band overlap / filter injection. Mid Range.  ""fat and punchy"" preamp stage",,,"Guitars, vocals, horns, strings, keyboards, snares, toms, anything with significant midrange that requires complex contouring; richly colorful companion of EQP-1A . maximizes ""power region'"" where guitars/vocals can make or break a mix",,
5060 Compressor,Pye,Dynamics,Dynamics,Pye Compressor,,,,Eddie Kramer (London's Olympic Studios) ,,
Jaguar 12-inch 50W,Randall,Amp & Cab,Amp & Cab,,"12"" 50W high-efficiency guitar speaker (Believed to be manufactured by Eminence)",,,"associated w/ 1980s solid state Randall sound. Solid-state, tight, punchy tone suitable for heavy metal and high-gain rock. Known for a ""gutsy,"" wide-ranging, and very loud sound, with tight, firm cone construction. They offer a relatively flat or neutral response compared to some vintage British speakers, making them great for high-gain applications.",Darrell Abbott,
RD45,Randall,Amp & Cab,Amp & Cab,RD45,RD = Randall Diavlo,,,,,
RG100ES,Randall,Amp & Cab,Amp & Cab,RG 100 ES Manual,,,,,Darrell Abbott,
RX412 ,Randall,Amp & Cab,Amp & Cab,RX412 ,200W closed back straight 4x12. RX tone circuit  Randall Jaguar 12-inch 50W,,,ideal for metal enthusiast,Darrell Abbott,
412JB,Randall,Amp & Cab,Amp & Cab,,G12H-100W Celestions,,,,Darrell Abbott,
Satan,Randall,Amp & Cab,Amp & Cab,Satan Manual,,Ola Englund,,,,
Thrasher,Randall,Amp & Cab,Amp & Cab,Thrasher,,,,,,
V2,Randall,Amp & Cab,Amp & Cab,,,,,,,
Warhead WH300,Randall,Amp & Cab,Amp & Cab,Warhead WH300 Manual,,,,,Darrell Abbott,
44,RCA,Microphone,Microphone,"RCA 44
RCA 44 (Wiki) ","""the"" classic ribbon mic. figure 8 velocity ribbon mic.  iconic mic used for broadcats, studio and live sound. Stong off-axis rejection and smooth tone. ",,1933,"(vintage, smooth, warm) vocals, horns",,
44BX,RCA,Microphone,Microphone,"44BX
RCA 44 (Wiki) ",classic ribbon mic,,,"popular in early days at EMI/Abbey Road. (Not used by Beatles); staple for broadcasting BX has higher output than previous versions. Warmer. low-mid range complexity, subdued high frequencies. ",,
77-DX (Satin),RCA,Microphone,Microphone,77DX,unique multipattern ribbon mic. ,,,"One of most iconic mics of all time. Voiceovers, Vocals and brass instruments","David Letterman, Larry King, Bing Crosby, Ray Charles, Frank Sinatra, Elvis Presley, B.B. King, Johnny Cash",
77-DX (Umber),RCA,Microphone,Microphone,77DX,unique multipattern ribbon mic. ,,,One of most iconic mics of all time. Vocals and brass instruments. Substantially darker / smoother than satin model.,"David Letterman, Larry King, Bing Crosby, Ray Charles, Frank Sinatra, Elvis Presley, B.B. King, Johnny Cash",
BK5A,RCA,Microphone,Microphone,BK5A,cardioid ribbon mic; uniaxial,,,,,
KU-3A,RCA,Microphone,Microphone,KU-3A,"Cardioid ribbon mic. Designed/built in Hollywood, CA for the movie industry. ""10001"". one of the rarest ribbon mics. Supposedly hand-built in Hollywood, CA by RCA  tech Charles Gant specifically for movies. Only about a hundred  were ever made, providing an “impressionistic” sound useful within a multi-pair setup.",,,,,
Concertmate MG-1,Realistic,"Synth / Samplers, Bass","Bass, Synth / Samplers",Concertmate MG-1,"Radio Shack branded clone of the Moog Rogue (More features, and cheaper!) ",,1981,,"Peter Gabriel, Stereolab, KMFDM",
4x12 Pro Cab,RedSeven,Amp & Cab,Amp & Cab,4x12 Pro Cab,premium closed-back 4x12 cab 2x Celestion Vintage 30s and 2 x Celestion G12H-75 Creambacks in an X pattern. ,,,"punchy, articulate, precise tones",,
Hybrid 100,RedSeven,Amp & Cab,Amp & Cab,Hybrid 100,"3ch head blending the RedSeven ""Duality 100"" and ""Leviathan"" amplifiers. KT88",,,"Clean Channel: inspired by early ‘60s single channel amplifiers. Volume, gain, high, middle and bass and a bright switch.
Vintage Channel: is a completely reworked channel (now something between original Duality100 Vintage channel and Leviathan CH1), act to start from a moderate to a very tight and percussive gain content. Sounds palette are easily manageable from a semi-clean tone to a very powerful crunch with just your right hand. Volume, treble, middle, bass, gain, bright switch, and lead boost;
Modern Channel: is derived from Leviathan CH2, and it’s tight, three-dimensional, rich and full of harmonic content. Volume, treble, middle, bass, gain, bright switch, and lead boost;",,
Y7,Requisite,Preamps & DI,Preamps & DI,,Rare tube mic preamp DI; predecessor to PAL,,,,,
Generator 120,Revv,Amp & Cab,Amp & Cab,Generator 120,,,,,,
4003,Rickenbacker,Bass,Bass,Model 4003,,,,,,
RMC1,RMC (Real McCoy Custom),"Modulation, Stomp","Modulation, Stomp",RMC1 ,Wah pedal,,1998,,,
Hush IIB,Rocktron,"Dynamics, Stomp","Dynamics, Stomp",Rockotron Hush 2X,Stereo Noise Reduction. ,,,,Darrell Abbott,
NT1,Rode,Microphone,Microphone,NT1,Large-diaphragm condenser mic,,,,,
NT1-A,Rode,Microphone,Microphone,NT1-A,Industry standard large diaphragm condenser,,,"warmth and clarity. low noise, popular for vocals, acoustic instruments",,
NT2,Rode,Microphone,Microphone,NT2,large-diaphragm multi-pattern FET condenser mic. ,,,,,
NTV,Rode,Microphone,Microphone,NTV,fixed cardioid tube condenser mic. ,,,vocal,,
Axis Fuzz,Roger Mayer,"Harmonic Coloration, Stomp","Harmonic Coloration, Stomp",Axis Fuzz,,,1967,rich fill range quality fuzz tones with plenty of bottom end but that can also be used on chords and riffs. It cleans up very well from the guitar volume control and retains its large range of tone colours. ,Jimi Hendrix (Axis Bold as Love) ,
Classic Fuzz,Roger Mayer,"Harmonic Coloration, Stomp","Harmonic Coloration, Stomp",Classic Fuzz,,,,,Jimi Hendrix  (early recordings) ,
Octavia,Roger Mayer,"Harmonic Coloration, Stomp","Harmonic Coloration, Stomp",Octavia,,,,Doubling effect that produces a sound an octave higher,"Jimi Hendrix (Purple Haze, Fire, One Rainy Wish, Little Miss Lover, Little Wing, Machine Gun)",
AP-7 Jet Phaser,Roland,"Modulation, Stomp, Harmonic Coloration","Harmonic Coloration, Modulation, Stomp",,,,,,,
Cube 60,Roland,Amp & Cab,Amp & Cab,CUBE 60,60W 1x12; 9 COSM models Roland OEM Speaker,,,,,
GR700,Roland,"Stomp, Synth / Samplers, Pitch Tools","Pitch Tools, Stomp, Synth / Samplers",,"6-voice, programmable analog guitar synthesizer floor unit featuring a dual-oscillator engine",,1984,,Judas Priest,
IR3109,Roland,Modulation,Modulation,,Famous filter chip found in the Juno-60 and Jupiter-8,,,,,
JC-120 ,Roland,Amp & Cab,Amp & Cab,JC-120,(JC = Jazz Chorus) 2 channel; 120W 2x12 Roland OEM Speaker,,,,,
JD-200,Roland,Synth / Samplers,Synth / Samplers,"JD-200
JD-200 (Wiki)",24 voice polyphonic ROM-based synth (6 part multitimbral),,1991-96,"Famous for it's ""Crystal Rhodes"" patch (made by Eric Persing, President of Spectrasonics). ","Emerson, Lake and Palmer, Depeche Mode, Tangerine Dream, Vangelis, Pet Shop Boys, MC Hammer, Genesis",
JP-8000,Roland,Synth / Samplers,Synth / Samplers,JP-8000,,,,,Frankie Goes To Hollywood (Relax) ,
Juno-6,Roland,Synth / Samplers,Synth / Samplers,Juno-6,"analog, 6-voice polyphony. Much simpler / affordable version of Jupiter 8 ",,1980s,"warm; [pop, electronic, dance]",,
Juno-60,Roland,Synth / Samplers,Synth / Samplers,Juno-60,,,,,,
Jupiter-8,Roland,Synth / Samplers,Synth / Samplers,Roland Jupiter-8,polyphonic synth. ,,1981,"Fat, crystal. [pads, brass ]",Frankie Goes To Hollywood (Relax) ,
JX-10,Roland,Synth / Samplers,Synth / Samplers,JX-10 (Super JX) ,"12 voice ""dual JX-8Ps"" ",,1985,"rich, warm analog sound (Still in use / Popular)","Pink Floyd, Duran Duran, Angelo Badalamenti, The Cure",
JX-3P,Roland,Synth / Samplers,Synth / Samplers,"JX-3P
JX-3P (Wiki)",(3P = Programmable Preset Polyphonic) 6 voice polyphonic analog subtractive synth. Less popular than JUNO,,1983-85,,Stevie Nicks,
JX-8P,Roland,Synth / Samplers,Synth / Samplers,JX-8P,More advanced version of JX-3P. Nice sound (it had mechanical / playability challenges which shortened its life) ,,1985,,"Tangerine Dream, Depeche Mode, The Cure, Europe",
MK80 Rhodes,Roland,Keyboard,Keyboard,,Rhodes product line released by Roland after it was sold by Fender. Follow-up of MKS-20,,1987,Sounds nothing like a classic Rhodes. Wonderful brighter variation of MKS-20 sound. ,,
MKS20,Roland,Keyboard,Keyboard,,"Rhodes product line released by Roland after it was sold by Fender. Rackmountable digital piano module. Combined digital side of instrument w/ high-quality analog components and effects. ""Essential tool"" in the rack of every pro keyboardist. ",,1986,warmer sound than most other 80's keyboards (that were mostly digital). Features on hundreds of hit records throughout the 80s and 90s. ,,
RE-201 Space Echo,Roland,"Delay, Reverb","Delay, Reverb",Roland Space Echo,"3 head tape delay,  spring reverb (12 modes of operation) ",,1973,,,
RE-501 Chorus Echo,Roland,"Delay, Reverb, Modulation","Delay, Modulation, Reverb",Roland Space Echo,rackmountable version of RE-301 (which was the 201 w/ an added chorus effect) ,,1980,,,
RS-202 Strings,Roland,Keyboard,Keyboard,RS-202 Strings,String synth w/ highly regarded ensemble/chorus effect,,,,Jehtro Tull,
SDD-320 Dimension D,Roland,Modulation,Modulation,,"BBD Chorus (Rackmount) w/ 4 dimension modes and 1024 capacitor delay stages per channel; injects spatialization, sweet subtle modulation",,1979,,,
SDE-3000,Roland,Delay,Delay,SDE-3000,,,1980s,"unique, musical warmth, rich tone, and wide dynamic range",Eddie Van Halen; The Edge,
SH-2,Roland,Synth / Samplers,Synth / Samplers,SH-2,monophonic analog synth,,1978-89,,"Duran Duran, Groove Corporation, OMD, Men Without Hats, Eurythmics",
SH-5,Roland,Synth / Samplers,Synth / Samplers,SH-5,monophonic analog synth,,1976-81,,,
SH-7,Roland,Synth / Samplers,Synth / Samplers,SH-7,duophonic analog synth,,1978-81,,INXS,
TB-303,Roland,"Bass, Synth / Samplers","Bass, Synth / Samplers",Roland TB-303,self-seqencing bass synthesizer. Monophonic analog oscillator (sawtooth/square). LPF,,1981,,"Tame Impala (Breathe Deeper) , Daft Punk (Da Funk) Orange Juice (Rip It Up), Phuture (Acid Tracks), The KLF (What Time is Love?), Aayilah/Timbaland (Try Again), Fatboy Slim (Everybody Needs a 303)",
R121,Royer ,Microphone,Microphone,R121,Flagship Royer ribbon mic. Fixed figure 8 pattern. Set standard for ribbon mics. ,,,"electric guitar, brass. smooth top. Can sound aggressive and smooth at the same time. (rear is brighter than front) modern classic. ""guitar mic"". lots of bass, low midrange, smooth but lacking top end. Big and silky (like M160) but w/ more headroom for louder sources. 
TIP --> Paired w/ SM57 to add highs back into mix. Use HPF to eliminate rumble because it captures so much bass",,
R122,Royer ,Microphone,Microphone,R122,,,,bass,,
Oaklawn Kit,Camco,Drums,Drums,Oaklawn Kit,,,1967,,,
Stanton Moore Signature Cymbals,Bosphorous,Drums,Drums,,,,,,,
AAX,Sabian,Drums,Drums,AAX Cymbals,,,,,,
HHX,Sabian,Drums,Drums,HHX Cymbals,,,,,,
Onboard Bass Preamp,Sadowsky,Amp & Cab,Amp & Cab,Sadowsky Preamp,,,,,,
Glockenspiel Toy Piano,Schoenhut,Keyboard,Keyboard,,,,1900s,,"John Cage, George Crumb",
Rockman Sustainor,Scholz R&D,"Preamps & DI, Amp & Cab, Dynamics, Harmonic Coloration","Amp & Cab, Dynamics, Harmonic Coloration, Preamps & DI",Rockman Sustainor,,Tom Scholz,1982,,,
X100,Scholz R&D,Amp & Cab,Amp & Cab,X100,,Tom Scholz,,,,
Chimeatron,Schulmerich Bells,Keyboard,Keyboard,,"rare, modern take on the Carillon. ",,1930s,Popular in churches and theaters. ,,
e604,Sennheiser,Microphone,Microphone,e604,"Modern german mic; Compact dynamic cardioid instrument microphone that is compatible with toms, snares, and percussion",,,[ snare top / toms ],,
e609,Sennheiser,Microphone,Microphone,e609,Dynamic super-cardioid microphone,,,,,
e835s,Sennheiser,Microphone,Microphone,e835,large diaphragm dynamic Cardioid Microphone,,,lead/backup vocals,,
e906,Sennheiser,Microphone,Microphone,e906,premium dynamic microphone designed for guitarists who demand authentic tone with the flexibility to fit any style,,,guitar; transparent,,
MD409N (Echolette ES-14),Sennheiser,Microphone,Microphone,MD409N (Echolette ES-14),dynamic microphone; rebranded by Echolette. ,,,"guitar, vocals, toms. More color than modern versions",Pink Floyd (Live at Pompeii) ,
MD409U3,Sennheiser,Microphone,Microphone,MD409U3,dynamic microphone,,1980s,"shines on electric guitar. smooth top end [ vocals, toms, guitar amp ]",,
MD421,Sennheiser,Microphone,Microphone,MD421,large cardioid dynamic mic,,1960s,"drums, guitars, vocals, bass amps, kick/toms, brass instruments.  More colored sound. Warmer than modern.  (common favorite for recording bass amps) Top choice for '70s guitars. Warm for ""huge"" sounding guitars. Great at capturing transients. Extra bottom / softer top compared to SM57",Tool (Undertow) - Toms. ,
MD421 II,Sennheiser,Microphone,Microphone,MD421 II,large cardioid dynamic mic; black,,," brighter / modern [ toms, guitar / bass amps ]",,
MD441,Sennheiser,Microphone,Microphone,MD441,Dynamic super-cardioid microphone; Designed to simulate the sound of a condenser mic,,,"Classic, used on countless records. Well-balanced natural sound. [ Vocals, snare top and bottom, guitar amps ]","Fleetwood Mac, Tom Petty, Tame Impala",
ME64,Sennheiser,Microphone,Microphone,ME64,Back-electret microphone capsule suitable for K6 and K6P powering modules. shotgun cardioid condenser,,,,,
MKH20,Sennheiser,Microphone,Microphone,MKH20,Omni-directional RF condenser microphone,,,Ideal as a main microphone for orchestras and solo instruments. Picks up the natural acoustics of the room. provides rise in directionality at high frequencies.,,
MKH405,Sennheiser,Microphone,Microphone,MKH405,early RF capacitor microphone design.,,,,Beach Boys (Drum OH on Good Vibrations)  (Countless Hit Records) ,
MKH416,Sennheiser,Microphone,Microphone,MKH416,Short shotgun interference tube mic,,,"industry standard shotgun mic. (Voiceover, ADR) go-to mic for big voice-over Hollywood sound, broadcast, TV, film. ",Steven Tyler,
Prophet VS,Sequential CIrcuits,Synth / Samplers,Synth / Samplers,Prophet VS,pioneered vector synthesis (similar to wavetable synthesis) - 8 voice.,Dave Smith,1985,,,
Prophet-5,Sequential CIrcuits,Synth / Samplers,Synth / Samplers,"Sequential Prophet-5
Prophet-5 (Wiki) ",first programmable polyphonic synth. (5 voices)  ,Dave Smith,1978-84,,,
805,Seymour Duncan,"Harmonic Coloration, Stomp","Harmonic Coloration, Stomp",805,classic overdrive w/ 3 band-EQ,,,,,
Convertible,Seymour Duncan,Amp & Cab,Amp & Cab,Convertible,"100W (or 60W) tube amp w/ modular preamp design. 12AX7, EL34 (4). Celestion Sidewinder 12",,1984-92,,,
SFX-02 Tweak Fuzz,Seymour Duncan,"Harmonic Coloration, Stomp","Harmonic Coloration, Stomp",,analog boutique-style fuzz pedal. ,,,,,
SFX-08 Power Grid,Seymour Duncan,"Harmonic Coloration, Stomp","Harmonic Coloration, Stomp",,"high-gain, solid-state distortion pedal designed for versatile, amp-like tones",,,,,
Shape Shifter,Seymour Duncan,"Modulation, Stomp","Modulation, Stomp",Shape Shifter,stereo tremolo pedal,,,,,
Mastering Compressor,Shadow Hills,Dynamics,Dynamics,Shadow Hills Mastering Compressor,2-channel op-amp mastering compressor,Peter Reardon,2008,,,
Filterbank,Sherman,"Harmonic Coloration, Stomp","Harmonic Coloration, Stomp",Filterbank,powerful analog filtering + distortion unit w/ a huge frequence range and a TUBE overdrive behavior,,,,,
Companion FY-2,Shin-ei,"Harmonic Coloration, Stomp","Harmonic Coloration, Stomp",Companion FY-2,Extremely rare fuzz pedal [NOTE: Wattson Classic Electronics makes a great clone ],,1960s-70s,raw distinctive gated fuzz. ,"Dan Auerbach (Black Keys), Colin Greenwood (Radiohead), Stephen Morris (Joy Division, New Order) ",
Uni-Vibe,Shin-ei,"Modulation, Stomp","Modulation, Stomp","Uni-Vibe
Uni-Vibe","""Honey Vintage Speed Control Foot Pedal"". Analog / Optical, LFO-driven phase / Chorus 

NOTE: The effect was originally called ""Vibra-Chorus"". It was re-released in the US by Univox in 1968",,1960s-70s,,Jimi Hendrix,
545SD,Shure,Microphone,Microphone,545SD,"(mid/late 60s) First mic to use Unidyne III capsule; predecessor to SM57. dual-impedance, unidirectional, small diaphragm dynamic microphone.",,,Beach Boys (Pet Sounds - Brain Wilson's lead vocal); 1969 Woodstock Festival. ,,
"Beta 52
Beta 52A",Shure,Microphone,Microphone,Beta 52A,Supercardioid dynamic mic designed for kick drum. (Beta 52A differences were cosmetic) ,,,"American kick drum mic. Deep low freq. extension w/ a nice balanced sound [ kick, bass amp ]",,
Beta 57A,Shure,Microphone,Microphone,Beta 57A,Uniform supercardioid dynamic instrument mic,,,,,
Beta 58,Shure,Microphone,Microphone,Beta 58A,Uniform supercardioid large dynamic vocal mic,,,vocals,,
Beta 87A,Shure,Microphone,Microphone,Beta 87A,supercardioid hand-held electret condenser vocal microphone,,,vocals,,
Beta 98D/S,Shure,Microphone,Microphone,Beta 98D/S,Mini drum condenser,,,Snare / Tom Mic,,
KSM141,Shure,Microphone,Microphone,KSM141,"dual-pattern end-addressed condenser microphone with a rotating collar, allowing easy switching between a consistent cardioid or true omnidirectional polar pattern for smooth and extremely focused sound reproduction.",,,"(acoutic instruments, overheads) ",,
KSM32,Shure,Microphone,Microphone,KSM32,"embossed single-diaphragm, side-address, cardioid condenser microphone",,,,,
Level-Loc,Shure,Dynamics,Dynamics,Shure Level-Loc,"M62 and M62V (added input knob). Audio level destroyer. Aggressive dynamic (compressor / limiter)  for ""massive drums"" . Consumer-grade brickwall limiting amp designed to keep audio in PA system level. ",,1960s,,,
Model 55,Shure,Microphone,Microphone,Shure 55SH,"""The Elvis Mic""",,,,,
SM57,Shure,Microphone,Microphone,SM57,Uniform cardioid instrument mic.  best selling studio mic of all time. Studio workhorse,,1965,"snare, guitars, vocals, bass.  Great when blended w/ other mics (ribbons and LD condensers to achieve balanced sound) [Snare top/bottom, guitar amp ] Standard for guitar amps due to upper midrange bump that makes guitars stand out. Internal transformer rolls off bottom end, so no matter how much a guitarist dials in, it never  overloads the mix.  familiar bass roll-off + mid range presence",,
SM58,Shure,Microphone,Microphone,SM58,unidirectional (cardioid) dynamic designed for voice. ,,,legendary vocals (live),,
"SM7A
SM7B",Shure,Microphone,Microphone,"SM7A Manual
SM7B ",professional cardioid dynamic microphone. Improvement over SM7 w/ humbucking coil  (Very little difference between SM7A and SM7B) ,,,"widely used for broadcasting and vocals.  [ Voiceovers, vocals, snare bottom, guitar amp ]",Michael Jackson (Thriller) ,
SM80,Shure,Microphone,Microphone,SM80,small omnidirectional condenser; broad reach and a uniform frequency range,,1982-89,,,
SM81,Shure,Microphone,Microphone,SM81,Cardioid condenser instrument microphone,,,,,
SM98A,Shure,Microphone,Microphone,SM98A,miniature cardioid electret condenser microphone designed for high-SPL instrument miking,,,"drums, percussion",,
VP88,Shure,Microphone,Microphone,VP88,"single-point, stereo condenser microphone",,,"studio recording, field production, electronic news gathering (ENG), and studio broadcasting",,
W295,Siemens,EQ,EQ,Siemens W295,"Bridge impedance, fully discrete class-A push-pull output EQ (West Germany) Boutique, vintage German 3 Band EQ (Discrete silicon transistor) w/ satruation control",,1970s,"Colorful, sweet, round. ""Neve / Pultec of Germany"" . Designed for radio station use. ",,
1457,Silvertone ,Amp & Cab,Amp & Cab,,Jensen C8R,,1963-68,,,
1471,Silvertone ,Amp & Cab,Amp & Cab,,"5W 1x8 6V6 tube amp w/ built-in trem. Danelectro built for Sears Danelectro OEM 8"" alnico",,1970s,"very raw, very garage",,
Twin Twelve 1484,Silvertone ,Amp & Cab,Amp & Cab,,"60-watt, 2x12 tube guitar amplifier produced by Danelectro for Sears between 1963 and 1967. Known for its gray ""wallpaper"" finish, this iconic, affordable 1960s amp features 6L6 power tubes, a 2x12 cabinet built-in tremolo/reverb, and a unique, mid-forward tone favored by artists like Jack White Default Driver: Jensen C12Q (or Fisher 12-4L)",,,,,
Celeste,Simone Brothers,Keyboard,Keyboard,,NY-manufactured. Celestes were descended from the Dulcitone. Tuning forks were replaced w/ metal bars like a Glockenspiel. ,,1940s,"Mellower sound than European celestes. Named for ""celestial, heavenly sound"". Mellower than the ""Glockenspiel""","Tchaikovsky's ""The Nutcracker"", Mr Roger's Neighborhood. Beatles",
Colorsound Wah Wah,Sola Sound,"Modulation, Stomp","Modulation, Stomp",,Wah,,,"known for its wide, vocal-like sweep, pronounced midrange, and inductorless circuit design. These vintage-style pedals, often featuring a steel, hammertone-finished enclosure, offer a raw, throaty growl popular in rock and funk",,
4x12 Slant Classic,Soldano,Amp & Cab,Amp & Cab,4x12 Slant Classic,4x12 Angled closed back cab Celestion Vintage 30,,,,,
Hot Rod 50,Soldano,Amp & Cab,Amp & Cab,,"50W 2-ch (normal / overdrive) more accessible, less compressed version of SLO-100. 2 x 5881/6L6 power",,,"Signature high-gain, Marshall-style tones w/ exceptional clarity",,
SLO-100,Soldano,Amp & Cab,Amp & Cab,SLO-100,,,,,,
SLO-30,Soldano,Amp & Cab,Amp & Cab,SLO-30,,,,,,
SP77,Soldano,Amp & Cab,Amp & Cab,,,,,,,
Designer,Sonor,Drums,Drums,Sonor Drums,,,,,,
MES-432C,Sontec,EQ,EQ,Sontec MES-432C,"""golden reference standard"" of mastering EQ. 3 bands of totally independent fully parametric op-amp EQ. (transformerless design). Highly transparent.  ",,,,,
C37A,Sony,Microphone,Microphone,C37A,6AU6 tube. Multi-pattern tube condenser mic,,1955,"Darker sound (good for taming sibilance and harsh high-end) [ toms, snare]. Warmer, smoother sound compared to other condensers. (favorite for OH, toms, excels at vocals and guitars) elevated, refined sound w/ moderate proximity characteristics","Frank Sinatra, Nat King Cole, Jimi Hendrix",
C37P,Sony,Microphone,Microphone,C37P,variable directivity FET tube condenser. FET version of C-37A. ,,,Brighter (freshen up boring/dull source material),,
C48,Sony,Microphone,Microphone,C48,mulit-pattern dual large diaphragm FET condenser mic,,,,,
C55P,Sony,Microphone,Microphone,C-55FET and C-55P,unidirectional cardioid small diaphragm condenser,,,"""most underrated mic o fall time""  [Allen' Sides go to for acoustic guitar] ",,
C800G,Sony,Microphone,Microphone,C800G,large tube studio condenser,,,"clarity, presence (pop, hip-hop vocals) modern pop, hip hop sound [vocals, acoustic guitar, strings]",Mariah Carey,
C800G (Prototype) ,Sony,Microphone,Microphone,C800G,large tube studio condenser; prototype version of Sony C800G (Allen Sides was involved in the development of the microphone.) Slightly warmer than production versions. ,,,"clarity, presence (pop, hip-hop vocals) modern pop, hip hop sound [vocals, acoustic guitar, strings]","Faith Hill, Ron Isley, Mary J. Blige, Stevie Wonder, Burt Bacharach, Brian Setzer",
Oxford OXF-R3,Sony,Console,Console,"Sony OXF-R3 Console
OXF-R3
Sonnox Oxford Range Plugins","high-end digital mixing console released in the mid-1990s, used primarily for professional studio tracking, mixing, and mastering, particularly for projects requiring high track counts and 5.1 surround sound",,1990s,"Peter Gabriel. Pristine, transparent sound. ",,
Custom Build Mk III,Sound City ,Amp & Cab,Amp & Cab,,,,,,,
"Sound City Studios, Los Angeles",Sound City Studios,Studio,Studio,"Sound City
Sound City Studios","Sound City Studios Studio A (world's most famous rock studio) 2 modes (Re-Mic, Reverb) ",,1969,,,
U95S,Soundelux,Microphone,Microphone,U95S,Mulit-pattern medium tube condenser mic. (Upgrade of U95),,,,,
017 Tube,Soyuz,Microphone,Microphone,017 Tube,"Large diaphragm condenser tube mic.K67 style capsule, ",,,U47 like-sound w/ higher-freq. Becoming a very popular mic,"Tool, System of a Down, Coldplay",
Stereo Vitalizer MK2-T,SPL (Sound Performance Lab) ,Spatial Processing,Spatial Processing,SPL Stereo Vitalizer Mk2-T SPL Stereo Vitalizer Mk2-T,"enhancer + psychoacoustic EQ (saturation, compression, EQ, Stereo Expander",,,,,
Transient Designer,SPL (Sound Performance Lab) ,"Dynamics, EQ","Dynamics, EQ","Transient Designer 2
Transient Designer",level-independent shaping of envelopes (track / transient specific dynamics processor),,1998,Michael Jackson,,
Transpressor Transient Designer (Model1080),SPL (Sound Performance Lab) ,"Dynamics, EQ","Dynamics, EQ","SPL Transpressor
SPL Transpressor ",Combines the Transient Designer w/ a Compressor,,,,,
TwinTube,SPL (Sound Performance Lab) ,Harmonic Coloration,Harmonic Coloration,SPL TwinTube Processor,independent tube saturation and tube harmonic processing,,,"vocals, acoustic guitars",,
Vitalizer MK3-T,SPL (Sound Performance Lab) ,Spatial Processing,Spatial Processing,"SPL Vitalizer Mk3-T Sound Designer
SPL  Vitalizer Mk3-T","enhancer + psychoacoustic EQ (saturation, compression, EQ, Stereo Expander",,2024,,,
4000E Channel Strip,SSL (Solid State Logic) ,Channel Strip,Channel Strip,SSL 4000 Series Console,"(1979) 4 band-EQ (op-amp) ; 2 types (""brown knob"" 02 EQ [ classic SSL EQ / filter sound -- for rock and pop - good on drums / bass]; 1983 ""black knob"" 242 EQ [ cleaner / open EQ suited for vocals acoustic instruments] ); SSL VCA Compressor / Limiter, Expander / Gate ",,1979,,,
4000G Bus Compressor,SSL (Solid State Logic) ,Dynamics,Dynamics,SSL 4000 Series Console,"VCA circuit stereo / mastering / 2-bus compressor ""the glue"" . ",,1980s/90s,"Pop and Rock; common on mix bus or drums sub-master. Punchy + bold It was used on practically every hit record and major production from the ’80s to present days, so much that its sound has almost become a trademark. This compressor was so widely used that it later became a stand-alone rackmount unit so that it could be used separately from the large format console.",,
4000G Channel Strip,SSL (Solid State Logic) ,Channel Strip,Channel Strip,SSL 4000 Series Console,"4-band 383 EQ w/ LPF/HPF and compressor, gate / expander sections based on SSL G. Evolution of SSL E. ",,,"Very popular w/ Hip Hop, R&B",,
9000,SSL (Solid State Logic) ,Console,Console,,,,,Cleaner and more transparent than 4000G,,
EQ292,SSL (Solid State Logic) ,EQ,EQ,SSL 4000 Series Console,Rackmountable version of SSL 4000G  4-band EQ,,,,,
Model B,Steinway,Keyboard,Keyboard,Steinway Model B,classic grand piano,,,,,
Hamburg D-274,Steinway & Sons,Keyboard,Keyboard,,9' concert grand piano. ,,1958,"Unlike NY D-274, these were designed more as a substitute for an orchestra. More commonly used in smallher halls w/ more ideal acoustics. (i.e. no orchestra, piano only) ","Lang Lang, Emanuel Ax, Hélène Grimaud, Leif Ove Andsnes, and Sergei Rachmaninoff",
New York D-274,Steinway & Sons,Keyboard,Keyboard,,"9' concert grand piano. ""Overwhelming choice of the world's greatest pianists"". Largest and most popular model from Steinway",,1884,Oriented towards a bell-like tone w/ huge projection to cut through a 100-piece orchestra and fill larger halls. ,Vladimir Horowitz,
RX4000,Stocktronics,Reverb,Reverb,,Swedish stainless steel plate reverb. 250 unites ever made. ,Lars Lijeryd,,"Bright w/ tons of cahracter. Brings a ""dark sounding vibe"" to an arrangement by rolling off its brightness. ",,
Big Sky Multi Reverb,Strymon,"Reverb, Stomp","Reverb, Stomp",Big Sky Multi Reverb,,,,,,
Deco,Strymon,"Harmonic Coloration, Stomp, Delay","Delay, Harmonic Coloration, Stomp",,Tape Saturation and Doubletracker Delay. Emulates classic reel-to-reel tape saturation and effects,,,,,
Sunset,Strymon,"Harmonic Coloration, Stomp","Harmonic Coloration, Stomp",Sunset Dual Overdrive,,,,,,
A80 Mk II,Studer,Tape Machine,Tape Machine,"Studer A80 MkII
Studer Analog Recording Archive","2"", 24 track servo-controlled tape emulation. (Switzerland). Standard for professional high-end multitracking",,1970,Flat frequency response,,
A800,Studer,Tape Machine,Tape Machine,Studer A800 Archive,"Most popular multichannel tape machine. 2"" analog tape saturation. ",,1978,"Warm sound, solid / punchy low end. ",,
A810,Studer,Tape Machine,Tape Machine,"Studer A810
Studer A810 Archive","1/4"" classic, digitally controlled reel-to-reel tape machine known for its precision, modular design and reliability. Microprocessor controlled tape, transport. ",,1980s,"Broadcast/TV, Film, Recording. ""Ok"" sound",,
J37,Studer,Tape Machine,Tape Machine,Studer J37,4-track tape delay and saturation,,,Abbey Road (65-69),,
Revox PR99 Mk II,Studer,Tape Machine,Tape Machine,"Revox PR99 Mk II
Revox PR99 Archive","Stereo professional 1/4"" 2 track tape emulation. Hybrid, op-amp driven ",,1980s,"Smooth frequency response in bass, w/ no ""head bump"" . Broadcasts and classical quality. Audiophiles.  Less saturation than 440B and A80",,
Ecoplate III,Studio Technologies,Reverb,Reverb,Studio Technologies Echoplate III,Stainless steel plate reverb w/ adjustable delay times. ,Jim Cunningham,1980s,"Michael Jackson, Quincy Jones. Wide, bright and consistent sound [vocals, drums] Brighter, cleaner, more compact alternative to EMT",,
Harmonic Antagonizer,Subdecay,,,Harmonic Antagonizer,"fuzz, oscillator, and noise making machine",,,"""Cold heartless sonic butcher"" ",,
PT100,Suhr,Amp & Cab,Amp & Cab,Suhr PT100,Peter Thorn signature edition,,,,,
SE100,Suhr,Amp & Cab,Amp & Cab,,,,,,,
TLA-100A ,Summit Audio,Dynamics,Dynamics,TLA-100A,Tube Leveling Amplifier (compressor). Mono/Stereo,,,,,
1200S,Sunn,Amp & Cab,Amp & Cab,,,,,,,
1x12 Cabinet,Sunn,Amp & Cab,Amp & Cab,,"1x12 closed back, Default: JBL D120F (Altec Lansing 417, CTS and Eminence were also common)",,,"tight, loud, very clean headroom.",,
1x18 Cabinet,Sunn,Amp & Cab,Amp & Cab,,"1x18 closed back, Default JBL D140F (Altec 418 also common)",,,"Massive low end, slow transient response. Bass, organ, doom/sludge guitar",,
300T,Sunn,Amp & Cab,Amp & Cab,,,,,,,
Coliseum 300,Sunn,Amp & Cab,Amp & Cab,,1x12 Cab,,,,,
Model T,Sunn,Amp & Cab,Amp & Cab,,,,,,,
Sunset Sound,"Sunset Sound  Studios (Hollywood, CA) ",Studio,Studio,Sunset Sound,,,,,,
1624T Dual-Tone,Supro,Amp & Cab,Amp & Cab,1624T Dual-Tone Manual,,,,,,
S6616,Supro,Amp & Cab,Amp & Cab,,Manufactured by Valco; Default Rola 6x9 Oval Shaped Speaker,,,,,
Valco '50s ,Supro,Amp & Cab,Amp & Cab,,Generic label for early Chicago based Supro / Valco circuits,,,,,
Goliath III,SWR,Amp & Cab,Amp & Cab,,"4x10 ""industry standard cab"" for many decades. 700-W 10"" PAS Speakers, Foster horn tweeter",,,"xcellent clarity, punch, and ""crystal highs"". Ideal for producing a full, clear tone that cuts through the mix, making it great for 5-string basses.",,
Moller,T-Rex,"Harmonic Coloration, Stomp","Harmonic Coloration, Stomp",T-Rex Moller 2,overdrive + boost pedal that produces dynamic tube-like tones,,,,,
Mudhoney,T-Rex,"Harmonic Coloration, Stomp","Harmonic Coloration, Stomp",Mudhoney,First T-rex distortion. ,,,,,
Replica,T-Rex,"Delay, Stomp","Delay, Stomp",Replica,,,,,,
Starclassic Bubinga,Tama,Drums,Drums,Tama Starclassic Bubinga,"This kit exudes craftsmanship with its striking finish. The top-quality construction immediately catches your eye. Made of exotic, heavy bubinga wood, all the shells are made with smooth interiors of beautiful wood grain",,,,,
Large Vintage Ribbon,Tannoy,Microphone,Microphone,,Generic model due to lack of published versions ,,,,,
Small Vintage Ribbon,Tannoy,Microphone,Microphone,,Generic model due to lack of published versions ,,,,,
388 Studio 8,TASCAM,Tape Machine,Tape Machine,TASCAM 388 Studio 8,"1/4"" 8 track analog reel-to-reel tape recording and mixing console combo. Home studios, indie musicians. Direct drive capstan motor. ",,1980s,"Warm , vintage, lo-fi tone. (lo-fi, indie rock, vintage sound). ",,
Ministudio Porta One,TASCAM,Tape Machine,Tape Machine,Tascam Porta One ,4-track cassette recorder tape emulation. ,,1980s,"home recordings, DIY, songwriters. Lo-fi analog warmth. Gritty, vintage (indie, alternative, experimental) ",,
2290,TC Electronic,Delay,Delay,2290,Industry standard Digital Delay,,,,,
D-Two,TC Electronic,Delay,Delay,D-Two,Multi-Tab Rhythm Delay Unit w/ flexible control. ,,,,"Tony Iommi, Jon Burton (The Prodigy), Richard Kruspe (Rammstein), ",
Mimiq Doubler,TC Electronic,"Modulation, Spatial Processing, Stomp","Modulation, Spatial Processing, Stomp",Mimiq Doubler,,,,,,
Spark Booster,TC Electronic,"Harmonic Coloration, Stomp","Harmonic Coloration, Stomp",Spark Booster,Booster Pedal w/ Gain Control and Active EQ. Can add subtle overdrive,,,,"Tony Iommy, Scott Ian (Anthrax), Steve Stevens, Steve Morse",
A-3340S,TEAC,Tape Machine,Tape Machine,TEAC A-3340S,"1/4"" 4-track reel-to-reel tape emulation. Direct drive capstan motor",,1970s,"Home multitrack. DIY, independent musicians. Warm rich analog tone w/ slight tape saturation. Smooths out transients and adds harmonic depth",,
A-6100 MKII,TEAC,Tape Machine,Tape Machine,TEAC A-6100 MKII ,2-track reel-to-reel tape recorder. Direct drive capstan motor. ,,Late 1970s,"High-end consumer / semi-professional.. ""High-end home studio for warming up digital mixes"" . Clear and warm. (Not as colored as Ampex or MCI). Smooth, transparent highs. Warmer than Revox PR99, cleaner than Ampex 440B. ",,
DP-3X,Tech 21,"Harmonic Coloration, Stomp","Harmonic Coloration, Stomp",DP-3X,,,,,Doug Pinnick,
SansAmp Bass Driver DI,Tech 21,Preamps & DI,Preamps & DI,Bass Driver DI,,,1994,,,
SansAmp G2,Tech 21,"Harmonic Coloration, Preamps & DI, Amp & Cab, Stomp","Amp & Cab, Harmonic Coloration, Preamps & DI, Stomp",SansAmp G2,"100% analog SansAmp Tube Amplifier Emulation technology encompasses the entire signal chain, from pre-amp to power amp to speaker simulation",,1993,,,
SH1,Tech 21,"Harmonic Coloration, Stomp","Harmonic Coloration, Stomp",SH1,(Discontinued and replaced by YYZ ShapeShifter),,,,Steve Harris,
YYZ,Tech 21,"Harmonic Coloration, Stomp","Harmonic Coloration, Stomp",YYZ,,,,,Geddy Lee,
Checkmate 20,Teisco,Amp & Cab,Amp & Cab,,,,,,,
Ad-N-Echo,Tel-ray,Delay,Delay,Tel-Ray Ad-N-Echo,oilcan delay,,,,,
ELA M 251,Telefunken,Microphone,Microphone,ELA M 251,Multi-Pattern Large Tube Condenser Microphone. Designed + Made by AKG w/ hard-wared Telefunken AC701k tube. ,,,"(airy, open) vocals, acoustic instruments. Slightly warmer and more low end-extension than 251E. ","Beyonce, Bruce Springsteen, Tom Petty",
ELA M 251E,Telefunken,Microphone,Microphone,ELA M 251E,"Multi-Pattern Large Tube Condenser Microphone. Designed + Made by AKG. E = ""Export"" version, uses a socketed 6072 tube w/ fully brass capsule that was more readily available outside of Europe . One of the rarest and most highly regarded mics of all time. Similar to C12 (AKG)  ",,1959 - 62,"A-List artist vocal mic.  [Vocals, piano, drum OH]","Beyonce, Joni Mitchell, Celine Dion",
U47,Telefunken,Microphone,Microphone,U47,Two pattern large tube condenser mic. (Developed by Neumann.  Rare vintage U-47 from when Telefunken distributed mics for Neumann),,,,,
V72 Mic Pre,Telefunken,Preamps & DI,Preamps & DI,Telefunken V76,broadcast and recording preamp,,1950s,,,
V76 Mic Pre,Telefunken,Preamps & DI,Preamps & DI,Telefunken V76,broadcast and recording preamp,,1950s,,,
LA-2,Teletronix,Dynamics,Dynamics,LA-2A Leveling Amplifier,rare early 60's predecessor to LA2A,Jim Lawrence,1965-69,"slowest response, unique mellowed sound. Use the LA-2 with legato tempos and vocal sources for a transparency and sublime mood unlike any other compressor.",,
LA-2A Classic Leveler,Teletronix,Dynamics,Dynamics,LA-2A Leveling Amplifier,opto / tube amp compressor / limiter w/ R37 emphasis shelf filter. Most famous vacuum tube-driven electro-optical gain reduction circuit.  ,Jim Lawrence,1965-69,"Smooth / natural compression. Good for tracking  / mixing anything that needs gentle, warm, consistent compression. [vocals, bass, pads, guitars ] gentle - slowest response, good for legato tempos",,
LA-2A Classic Leveler (Gray) ,Teletronix,Dynamics,Dynamics,LA-2A Leveling Amplifier,opto / tube amp compressor / limiter w/ R37 emphasis shelf filter. Most famous vacuum tube-driven electro-optical gain reduction circuit.  Earlier Revision,Jim Lawrence,1965-69,"Smooth / natural compression. Good for tracking  / mixing anything that needs gentle, warm, consistent compression. [vocals, bass, pads, guitars ] gentle - slowest response, good for legato tempos slightly smoother",,
LA-2A Classic Leveler (Silver) ,Teletronix,Dynamics,Dynamics,LA-2A Leveling Amplifier,opto / tube amp compressor / limiter w/ R37 emphasis shelf filter. Most famous vacuum tube-driven electro-optical gain reduction circuit. Later Revision ,Jim Lawrence,1965-69,"Smooth / natural compression. Good for tracking  / mixing anything that needs gentle, warm, consistent compression. [vocals, bass, pads, guitars ] gentle - slowest response, good for legato tempos Slightly brighter / more aggressive",,
LA-3A,Teletronix,Dynamics,Dynamics,LA-3A,"(AES NY) opto compressor / limiter inspired by concepts of Bill Putnam's 1176LN limiting amp, and moved away from tubes of LA-2A. ",Brad Plunkett,1969,"solid mid-range (vocals, guitar, drums) ",,
Bi-Valve 30,THD,Amp & Cab,Amp & Cab,THD Bi-Valve 30,,,,,,
Culture Vulture,Thermionic,Harmonic Coloration,Harmonic Coloration,Thermionic Culture Vulture,"dual stage valve rackmount distortion / enhancer (EF86 input stage, 6AS6 distortion valve)  w/ 3 operating modes for 6AS6  valve (triode, Pentode 1, pentode 2) ",,1998,,,
Rockman X100,Tom Scholz,Amp & Cab,Amp & Cab,,,,,,,
Imperial Mk II,Tone King,Amp & Cab,Amp & Cab,Imperial Mk II Head,"20W all tube amp head voiced for superb vintage, American tones. 6V6(2), 12AX7 (4), 12AT7 (1) 5AR4 (1), tube-driven reverb",,,Blackface-style rhythm channel; tweed-like lead channel,,
Manchester 1290,Tone Speak,Amp & Cab,Amp & Cab,Tone Speak Manchester 1290,"12"";90W",,,"Even, balanced response from lows to highs, with a tight, controlled feel. It handles high power and higher-gain amps without getting harsh, keeping notes clear and defined. Great with pedals and stays clean longer before easing into smooth breakup. (Compares to Eminence Tonker or Celestion Classic Lead 80)",Joe Satriani,
MP1a Tilt Control,Tonelux,EQ,EQ,"Tonelux Tilt EQ
Tonelux MP1a",(The Tilt control was the EQ used on A/DA MP1 and A/DA MP1a guitar preamps) ,Paul Wulff,1970s/80s,,,
1048H,Trace Elliot,Amp & Cab,Amp & Cab,1048H 4x10 Bass Cabinet,4x10;1000w Closed Back. Default Driver: (Custom Ceramic Celestion) ,,,,,
AH250,Trace Elliott,Amp & Cab,Amp & Cab,,250W bass amp; 7-band GEQ,,,,,
V-Type 5001,Trace Elliott,Amp & Cab,Amp & Cab,,,,,,,
Express,Trainwreck Circuits,Amp & Cab,Amp & Cab,,,,,,,
A Range,Trident,EQ,EQ,Trident A-Range,4-bands of induction based EQ from Trident A-Range Console(s) ,,,,,
CL 1B Opto Compressor,Tube-Tech,Dynamics,Dynamics,CL 1B Opto Compressor,All-tube optical mono compressor w/ non-semiconductor gain reduction and parallel compression. ,,,"musical, smooth compression. Preserves source clarity even at extreme settings",,
ME 1B Midrange EQ,Tube-Tech,EQ,EQ,ME 1B Midrange EQ,"passive, all-tube midrange EQ based on Pultec MEQ5",,,,,
PE 1C Program EQ,Tube-Tech,EQ,EQ,PE 1C Program EQ,"passive, all-tube EQ based on Pultec EQP 1A. Passive EQ and high quality op amp",,,,,
SMC 2B,Tube-Tech,Dynamics,Dynamics,SMC 2B,Stereo Multiband Opto Compressor,,,,,
1x12 Small Closed Back,Two Rock,Amp & Cab,Amp & Cab,Two Rock Cabs,100W 1x12 Closed back cabinet. Default are TR12 12-65BV Speakers. ,,,"Narrower sound, midrange forward, thicker with less high end.",,
2x12 Vertical,Two Rock,Amp & Cab,Amp & Cab,Two Rock Cabs,100W 2x12 (Vertical) Closed back cabinet. Default are TR12 12-65BV Speakers. ,,,Classic California combo cab sound. Great for mildly overdriven sounds. ,,
Bi-Onyx,Two Rock,Amp & Cab,Amp & Cab,Two Rock Legacy Amps,,,,,,
Studio Pro 50,Two Rock,Amp & Cab,Amp & Cab,Two Rock Legacy Amps,,,,,,
Octavia,Tycobrahe,"Harmonic Coloration, Stomp","Harmonic Coloration, Stomp",,"legendary, transformer-based octave fuzz pedal",,mid-1970s,"distinctive, high-pitched octave. Known for its raw, synth-like, and ""steel-drum"" sonic quality, this vintage pedal is highly sought after and often replicated in modern designs like the Fulltone Octafuzz",Jimi Hendrix,
"1176 Rev A ""Bluestripe"" ",Universal Audio,Dynamics,Dynamics,,"all-transistor FET limiter w/ ultra-fast gain reduction inear response, transistor gain amplication. (Transistors provide ""true"" peak limiting / fast attack) (most popular limiter ever made); higher distortion",Bill Putnam,1967,,,
1176AE,Universal Audio,Dynamics,Dynamics,,"(40th Anniversary model) all-transistor FET limiter w/ ultra-fast gain reduction. (lower 2:1 compression ratio, fixed super slow attach mode) ",,,,,
175B,Universal Audio,Dynamics,Dynamics,UA 175B,tube compressor (Compared to Fairchild). fixed 12:1 ratio (ideal for hard limiting) ,Bill Putnam,1960s,warmth + character. ,,
176,Universal Audio,Dynamics,Dynamics,,"tube compressor (Compared to Fairchild). selectable ratios providing more versatile, gentle compression options",Bill Putnam,1960s,,,
610-A,Universal Audio,"Preamps & DI, EQ","EQ, Preamps & DI",UA 610 Console,"modeled after ""Green Board"" console. Intense tube saturation. ",,,"More colorful, ""vibe heavy"" and ""dirtier"" at high gain. Used for adding vintage, harmonic warmth to vocals or lookingfor that specific vintage, colored ""magical"" sound",,
610-B,Universal Audio,"Preamps & DI, EQ","EQ, Preamps & DI",UA 610 Console,"modeled after modern 2-610, w/ more versatile EQ points and gain stages. ",Steve Firlotte,,"Black Keys, Red Hot Chili Peppers, Dixie Chicks, Brian Wilson; fuller, cleaner, more versatile. Best for adding ""glue"" and warmth to acoustic guitars, bass or as a versatile channel strip on any source (including modern vocal recordings) ",,
6176 Channel Strip,Universal Audio,Channel Strip,Channel Strip,6176 Vintage Channel Strip ,"vintage 610 tube preamp w/ 2-band EQ (smooth harmonics, rich overdrive); UA 1176 compressor / limiting amp (punchy); UA LA-2A tube compressor - leveling amp (smooth warmth)  ",,,,,
Cooper Time Cube,Universal Audio,Delay,Delay,Cooper Time Cube,garden hose-based mechanical delay device,"Duane H. Cooper, Bill Putnam",1971,"""Low Rider"" (War), ""Tell Me Something Good"" (Rufus) ",,
Golden Reverberator,Universal Audio,"Reverb, Stomp","Reverb, Stomp",Golden Reverberator,Based on Lexicon 224 (digital hall); EMT 140 Plate; Fender 65 Spring Reverb,,,,,
MicroPitch Shifter,Universal Audio,"Modulation, Pitch Tools, Stomp","Modulation, Pitch Tools, Stomp",,Based on Eventide H910/H949 MicroPitch Detune algorithm,,,,,
Super-Fuzz,Univox,"Harmonic Coloration, Stomp","Harmonic Coloration, Stomp",Super-Fuzz,,,,,,
"
1176LN Rev E ""Blackface"" ",UREI,Dynamics,Dynamics,1176LN Peak Limiter,"all-transistor FET limiter w/ ultra-fast gain reduction. linear response, transistor gain amplication. (Transistors provide ""true"" peak limiting / fast attack). LN = Low Noise",Brad Plunkett,early 70s,"Fast aggressive compression w/ punchy, snappy sounds. [drums, vocals] [ works on bass, guitars, piano, brass, strings as well]",,
545 Parametric Equalizer,UREI,EQ,EQ,UREI 545 Parametric Equalizer,3-band (overlapping) parametric EQ w/ low/high cut filters,,,,,
546 Dual Parametric Equalizer,UREI,EQ,EQ,UREI 546 Dual Parametric EQ,2-band notch/band pass filter set w/ low/high cut filters,,,,,
Dyna-Mite Compressor Limiter,Valley People,Dynamics,Dynamics,Valley People Dyna-Mite Compressor Limiter,limiter/expander,,1975,,,
Twinkleland 2x12,Van Weelden,Amp & Cab,Amp & Cab,Van Weelden Twinkleland,2x12 cabinet designed for use w/ Van Weelden Twinkleland heads (custom and hand built in Netherlands) Default Drivers: Electro-Voice EVM12L,Peter Van Weelden,,,,
SSS SRV,Vertex,Harmonic Coloration,Harmonic Coloration,SSS SRV,"Steel String Supreme (Slight Return Version). ""amp in a box"". EQ / Tone Shaping, Harmonic Coloration",,,,"Eric Johnson, John Mayer, Carlos Santana",
VSC-2,Vertigo Sound,Dynamics,Dynamics,"Vertigo VSC-2
VSC-3",Quad discrete VCA mastering compressor,,,,,
"VSM-2 MS ""Mix Satellite"" ",Vertigo Sound,Harmonic Coloration,Harmonic Coloration,Vertigo VSM-2 MS Mix Extension,mastering saturator,,,,,
G-100-E Pittbull,VHT,Amp & Cab,Amp & Cab,,"12"" 16 ohm",,,,,
Pittbull 5012,VHT,Amp & Cab,Amp & Cab,PIttbull 5012,"2 Muller EL34; 2 12"" 75W VHT Speakers. 4x12AX&; The Rectifer Tube is a 5AR4/GZ34, and the Reverb is driven by an EF86/6267. Model C-5034-L",,,,,
Electro King,Victoria,Amp & Cab,Amp & Cab,Electro King,,,,,,
V40 Duchess,Victory,Amp & Cab,Amp & Cab,Victory V40 Duchess MKII Deluxe,,,,,,
Marquis 73,Vintage Vibe,Keyboard,Keyboard,Marquis 73,Modern re-issue of classic Fender Rhodes Mark I Stage 73,,2011,,,
Tine Bass,Vintage Vibe,Keyboard,Keyboard,,"44-key, three and a half octave (C1 to A4), electro-mechanical tine piano that weighs 37 pounds (much less than its inspiration). The pickups are routed through Vintage Vibe’s own tube preamp. There is a small push-button switch on the left underside which toggles between the tube preamp and a passive output. (Clone of classic Fender Rhodes Piano Bass)",,2011,Warm sound.,,
Vibanet,Vintage Vibe,Keyboard,Keyboard,Vibanet,2014 Clavinet replacement,,,,,
Analog Chorus,Voodoo Labs,"Modulation, Stomp","Modulation, Stomp",Analog Chorus,Replica of Roland CE-1,,,,,
846 Wah,Vox,"Modulation, Stomp","Modulation, Stomp",846 Wah,"Original ""Clyde McCoy"" style wah",,,"Classic vintage-voiced Vox wah; smoother sweep, less aggressive top end.","Jimi Hendrix, Eric Clapton",
847 Wah,Vox,"Modulation, Stomp","Modulation, Stomp",Vox 847 Wah,Classic '60s Wah,,1960,"slightly brighter, wider sweep, more output and consistency.",,
848 Clyde McCoy Wah,Vox,"Modulation, Stomp","Modulation, Stomp",Vox Real McCoy Wah,"""Holy Grail"" Wah. ",,1967,,,
AC15,Vox,Amp & Cab,Amp & Cab,AC15 Hand-Wired,"1x12, Default: Celestion Blue Bulldog",,,,,
AC30 ,Vox,Amp & Cab,Amp & Cab,"Vox AC30 Custom
Vox AC30","British valve amp tone; 3 channels [ Brilliant, Normal, Vibrato / Tremolo ]. Default AC30 is the ""Top Boost"" model. TB2 = ""Top Boost 2 speakers"". 2x12, Default: Celestion Blue Bulldog",,1961 - 67,,"George Harrison, John Lennon, Bill Wyman (Rolling Stones), Brian May, Dave Davies, Hank Marvin, Tom Petty, The Edge, Radiohead",
AC30 Hand-Wired 2x12,Vox,Amp & Cab,Amp & Cab,AC30 Hand-Wired  ,"""Heritage"" reissue",,,,,
AC30 Hand-Wired Head,Vox,Amp & Cab,Amp & Cab,AC30 Hand-Wired Head,"""Heritage"" reissue",,,,,
AC30 TBR,Vox,Amp & Cab,Amp & Cab,,TBR = Top Boost Reverb (Rose Morris-era) ,,,,,
AC30/6,Vox,Amp & Cab,Amp & Cab,,"2x12 (Celestion) 3-channel 30W. (Usually ""Fawn"")",,1961-65,,,
AC30S1,Vox,Amp & Cab,Amp & Cab,AC30S1,,,,,,
Big Bad Wah,Vox,"Modulation, Stomp","Modulation, Stomp",JSWH Big Bad Wah,Joe Satriani signature dual wah pedal,,2009-12,,Joe Satriani,
Cooltron CT03 Brit Boost,Vox,"Harmonic Coloration, Stomp","Harmonic Coloration, Stomp",,"""Duel"" Overdrive. oth a treble boost and a full-range boost. The treble boost pumps treble and upper mid frequencies like a vintage Treble Boost pedal. In full-range mode it enhances all frequencies and is a great way to kick a slightly overdriven amp into heavy drive",,,,,
V828 Tone Bender,Vox,"Harmonic Coloration, Stomp","Harmonic Coloration, Stomp",V828 Tone Bender,2-transistor germanium fuzz pedal,,late 1960s,"bright, aggressive, and touch-sensitive tone, it is a staple for vintage 60s fuzz, heavily utilized for British blues-rock sounds. ",Jimmy Page,
VBM-1,Vox,Amp & Cab,Amp & Cab,"VBM-1
VBM-1 Manual",Brian May Special Amp (Mini Combo) 1x 6.5 Custom Voiced Speaker,,,,,
Microwave,Waldorf,Synth / Samplers,Synth / Samplers,Microwave,"8 voice/8 part multitimbreal digital/analog wavetable synth. (Based on PPG Wave, in fact many of the designers were ex PPG employees leaving the fading company) Lack of hardware UX led to poor adoption, but it sounded nice. ",,1989,,"Nine Inch Nails, Vangelis",
Ego 76 Compressor,Wampler,"Dynamics, Stomp","Dynamics, Stomp",Ego 76 Compressor,Clone of 1176LN,,,,,
Leviathan,Wampler,"Harmonic Coloration, Stomp","Harmonic Coloration, Stomp",,High-gain fuzz pedal w/ a Roar/Rumble switch to toggle between Germanium (warmer/mids) and Silicon (modern/scooped) diodes,,,"thick, dynamic fuzz tones suitable for stoner rock and doom. ",,
Nirvana Chorus/Vibrato,Wampler,"Modulation, Stomp","Modulation, Stomp",Nirvana Chorus/Vibrato manual,,,,,,
Pinnacle Deluxe (V1),Wampler,"Harmonic Coloration, Stomp","Harmonic Coloration, Stomp",Wampler Pinnacle Deluxe (V2) ,Overdrive/distortion,,,,,
SLOstortion,Wampler,"Harmonic Coloration, Stomp","Harmonic Coloration, Stomp",SLOstortion manual,,,,,,
Triple Wreck,Wampler,"Harmonic Coloration, Stomp","Harmonic Coloration, Stomp",Triple Wreck manual,distortion,,,,,
ET65,Warehouse,Amp & Cab,Amp & Cab,ET65,"12""",,,"classic rock, country, blues",,
Streamer,Warwick,Bass,Bass,Warwick Streamer,,,,,,
Companion FY-2,Wattson Electronics,"Harmonic Coloration, Stomp","Harmonic Coloration, Stomp",Companion FY-2,Clone of Shin-ei Companion FY-2,,,,,
WM23 Red Llama,Way Huge,"Harmonic Coloration, Stomp","Harmonic Coloration, Stomp",Way Huge Smalls,overdrive pedal. ,,1992,,,
Wells Amp,Wells,Amp & Cab,Amp & Cab,,Rare '90s Joe Satriani,,,,,
Basset I,Weltmeister,Keyboard,Keyboard,,"Rare East German instrument. ""first keytar""",,1963-69,,,
Basset II,Weltmeister,Keyboard,Keyboard,,"Rare East German instrument. ""first keytar"", tabletop version",,1963-69,,,
Claviset,Weltmeister,Keyboard,Keyboard,,"Rare, Eastern European electric piano. (East German) made by accordion manufacturer",,1960s,Similar sound to Hohner Pianet,"Joe Meek, OMD",
1689 V2,Westminster Effects,"Harmonic Coloration, Stomp","Harmonic Coloration, Stomp",1689 V2,Modern overdrive inspired by TS808. ,,,,,
Tack Piano,Wing & Son,Keyboard,Keyboard,,Thumbtacks / small nails were inserted in the felt surface of the hammers (uprights),,late 1800s - early 1900s,"sound of hammers hitting strings is transformed to a brighter, brittle sound. Slightly out-of-tune, ""honky tonk"" sound. Vaudeville, or Old West saloon. ","Queen (Killer Queen), Rolling Stones (Wild Horses), Beach Boys (Good Vibrations), Emerson, Lake and Palmer, Fleetwood Mac, Elvis Costello, Neil Young, Coldplay, Ray Manzarek (Doors), Beatles (Rocky Racoon) ",
Upright Piano,Wing & Son,Keyboard,Keyboard,,,,1900,"Strong,. warm sound w/ gorgeous sustain. Classic ""turn of the 20th century"" sound. ",,
Battering Ram,Wounded Paw,"Harmonic Coloration, Stomp","Harmonic Coloration, Stomp",Battering Ram V2.1,Overdrive + Fuzz pedal that can work in parallel,,,,,
140B,Wurlitzer,Keyboard,Keyboard,,"Metal reed based electric piano, first solid state wurlitzer (had pickups that routed sound to self-contained amp and spaker). ",,1962,,"Sun Ra, Ray Charles",
200A,Wurlitzer,Keyboard,Keyboard,Wurlitzer Electronic Piano,reed based electric piano. Updated electronics from 140B,,1974-83,"soulful, reed based sound. ","Supertramp, Joni Mitchell, Paul McCartney, John Lennon, George Harrison, Pink Floyd, Steely Dan",
Butterfly,Wurlitzer,Keyboard,Keyboard,,"(Known as Rudolph Wurlitzer Piano and Organ Company) rare, Baby grand piano designed for small homes and apartments. 44-key ""Student"" miniature grand. (Often marketed for children as a child's ""first"" piano). ",,1930s,"Clear, lovely hi-range tone that could be compared to a Grand Piano in a similar way that the mandolin would compare tonally to a traditional acoustic guitar. ",,
EP Booster,Xotic,"Harmonic Coloration, Stomp","Harmonic Coloration, Stomp",EP-Booster,Attempts to recreate the sound of the Maestro Echoplex EP-3,,,,,
RC Booster (V1) ,Xotic,"Harmonic Coloration, Stomp","Harmonic Coloration, Stomp",RC Booster V2,,,,,Scott Henderson,
SP Compressor,Xotic,"Dynamics, Stomp","Dynamics, Stomp",SP Compressor,,,,,,
Birch Custom Absolute,Yamaha,Drums,Drums,Birch Custom Absolute,,,,,,
C7,Yamaha,Keyboard,Keyboard,C7,most-favored piano for studio recording. ,,,,,
CFIII,Yamaha,Keyboard,Keyboard,,"9' concert grand piano. Built from the best spruce, rock maple and mahogany woods along with hand-molded, sand-casted iron this universally loved worldwide premium instrument is known for its magnificent responsiveness.",,1983,,Chick Corea,
CP-70,Yamaha,Keyboard,Keyboard,CP-70 (Yamaha) ,"""Gold standard"" hybrid electric-acoustic piano. PIezo-electric pickup system fed to internal pre-amp. (Mic not necessary) ",,70s/80s,Powerful character that cuts through a mix. ,"Peter Gabriel, Genesis, Billy Joel, Stevie Wonder, Kansas, Toto, Led Zeppelin",
CP-80,Yamaha,Keyboard,Keyboard,CP-80,,,,"Bright, punchy attack, distinctive bell-like tone [rock pop jazz fusion]","Peter Gabriel, Phil Collins, Toto, U2, Simple Minds",
CS-01,Yamaha,"Synth / Samplers, Bass","Bass, Synth / Samplers",CS-01,classic analog monopohonic synth. Originally intended for novice/first time buyers. bass sounds became popular amongst professional musicians. ,,"1982
1984 (mkii)",,"Chick Corea, Underworld, OMD",
CS-80,Yamaha,Synth / Samplers,Synth / Samplers,Yamaha CS-80,analog synth based on Yamaha GX-1 (1974) ,,1977-80,,,
DX7,Yamaha,Synth / Samplers,Synth / Samplers,Yamaha DX7,FM Synth,,1983,"Bell-like, digital tones","Berlin - ""Take My Breath Away"", Celine Dion & Peabo Bryson: ""Beauty and the Beast""; Chicago: ""Hard Habit to Break""; Phil Collins: ""One More Night""; Commodores: ""Night Shift""; Hall & Oates: ""Out Of Touch""; Kenny Loggins: ""Danger Zone""; Bette Midler: ""Wind Beneath My Wings""; Tears For Fears: ""Shout""; Tina Turner: ""What's Love Got to Do With It""; Whitney Houston: ""I Get So Emotional""; Wilson Phillips: ""Hold On"" ",
GS1,Yamaha,,,GS1,16 voice FM based synth (one of the first). Extremely rare. ,,early 1980s,,,
GX-1,Yamaha,"Synth / Samplers, Bass","Bass, Synth / Samplers",GX-1,Yamaha's first big polyphonic analog synth (predecessor to CS80). Less than 10 made. ,,1973-77,,"Keith Emerson, John Paul Jones, Steview Wonder, Rick Wright, Richard James (Aphex Twin), ABBA, Hans ZImmer",
Recording Custom,Yamaha,Drums,Drums,Yamaha Recording Custom,,,,"(80s) Product of extreme craftmanship used in the 80s and passed into history with the advent of video age. A cult symbol of the grunge movement used by the most inglorious artists. Time to get on stage now, you bloody legend!",Dave Grohl,
Rock Tour Custom,Yamaha,Drums,Drums,Yamaha Rock Tour Custom,,,1990,"Hand built in USA by truly gifted craftsmen, this set features lacquer and satin finishes that give it a heart and soul all its own. The maple shells provide a low-mid frequency range with plenty of punch and articulation.",,
SKRM-100 Subkick,Yamaha,Microphone,Microphone,SKRM-100 Subkick,low-frequency dynamic capture device,,,"Popular mic. Uses full-range speaker driver for low-frequency pick up [ kick, bass amp ]",,
Maple Custom Absolute,Yamaha,Drums,Drums,Maple Custom Absolute,,,,,,
SY99,Yamaha,Synth / Samplers,Synth / Samplers,SY99,32 voice polyphonic synth,,1991,,"Vangelis, Chick Corea",
TRB 5P,Yamaha,Bass,Bass,,,,,,,
TRBJP2 (John Pattituci Signature Model) ,Yamaha,Bass,Bass,,,,,,,
U5,Yamaha,Keyboard,Keyboard,,Upright piano w/ sostenuto pedal. ,,1967,"Ideal for jazz or pop singer-singwriter material, coal accompaniment. (musical settings where the sound of concert grand might be too overpowering)",,
RA-200,Yamaha ,"Amp & Cab, Modulation","Amp & Cab, Modulation",,"200-watt solid-state rotary speaker cabinet . It features three rotating speakers on top and four stationary 12-inch speakers, ",,mid-1970s,"delivering a distinct ""swirly"" chorus/tremolo effect. Known for being extremely loud, it was a popular alternative to Leslie cabinets. ",David Gilmour,
Distortron,Z Vex,"Harmonic Coloration, Stomp","Harmonic Coloration, Stomp",Distortron,,,,,,
Fuzz Factory,Z Vex,"Harmonic Coloration, Stomp","Harmonic Coloration, Stomp",Fuzz Factory,,,,"This model alters the sound of the input signal by changing the sample-rate, cutoff frequency and by distorting it. This effect can produce very aggressive distorted sounds, more pronounced than overdrive stompboxes. The Low pass filter is very creative when combined to high distortion levels. ",,
Seek Trem,Z Vex,"Modulation, Stomp","Modulation, Stomp",,,,,,,
Seek Wah,Z Vex,"Modulation, Stomp","Modulation, Stomp",,,,,,,